Time,RR_Interval,Subject,Group,State
959.16,0.328,Y4_med_rr,Yoga,Meditation
959.476,0.316,Y4_med_rr,Yoga,Meditation
959.792,0.316,Y4_med_rr,Yoga,Meditation
960.108,0.316,Y4_med_rr,Yoga,Meditation
960.432,0.324,Y4_med_rr,Yoga,Meditation
960.768,0.336,Y4_med_rr,Yoga,Meditation
961.232,0.464,Y4_med_rr,Yoga,Meditation
961.7,0.468,Y4_med_rr,Yoga,Meditation
962.132,0.432,Y4_med_rr,Yoga,Meditation
962.524,0.392,Y4_med_rr,Yoga,Meditation
962.896,0.372,Y4_med_rr,Yoga,Meditation
963.24,0.344,Y4_med_rr,Yoga,Meditation
963.58,0.34,Y4_med_rr,Yoga,Meditation
963.904,0.324,Y4_med_rr,Yoga,Meditation
964.224,0.32,Y4_med_rr,Yoga,Meditation
964.544,0.32,Y4_med_rr,Yoga,Meditation
964.864,0.32,Y4_med_rr,Yoga,Meditation
965.184,0.32,Y4_med_rr,Yoga,Meditation
965.508,0.324,Y4_med_rr,Yoga,Meditation
965.848,0.34,Y4_med_rr,Yoga,Meditation
966.196,0.348,Y4_med_rr,Yoga,Meditation
966.568,0.372,Y4_med_rr,Yoga,Meditation
966.936,0.368,Y4_med_rr,Yoga,Meditation
967.296,0.36,Y4_med_rr,Yoga,Meditation
967.656,0.36,Y4_med_rr,Yoga,Meditation
968.0,0.344,Y4_med_rr,Yoga,Meditation
968.336,0.336,Y4_med_rr,Yoga,Meditation
968.66,0.324,Y4_med_rr,Yoga,Meditation
968.976,0.316,Y4_med_rr,Yoga,Meditation
969.284,0.308,Y4_med_rr,Yoga,Meditation
969.592,0.308,Y4_med_rr,Yoga,Meditation
969.888,0.296,Y4_med_rr,Yoga,Meditation
970.192,0.304,Y4_med_rr,Yoga,Meditation
970.488,0.296,Y4_med_rr,Yoga,Meditation
970.804,0.316,Y4_med_rr,Yoga,Meditation
971.12,0.316,Y4_med_rr,Yoga,Meditation
971.572,0.452,Y4_med_rr,Yoga,Meditation
971.988,0.416,Y4_med_rr,Yoga,Meditation
972.368,0.38,Y4_med_rr,Yoga,Meditation
972.72,0.352,Y4_med_rr,Yoga,Meditation
973.056,0.336,Y4_med_rr,Yoga,Meditation
973.372,0.316,Y4_med_rr,Yoga,Meditation
973.684,0.312,Y4_med_rr,Yoga,Meditation
973.988,0.304,Y4_med_rr,Yoga,Meditation
974.296,0.308,Y4_med_rr,Yoga,Meditation
974.608,0.312,Y4_med_rr,Yoga,Meditation
974.932,0.324,Y4_med_rr,Yoga,Meditation
975.276,0.344,Y4_med_rr,Yoga,Meditation
975.656,0.38,Y4_med_rr,Yoga,Meditation
976.048,0.392,Y4_med_rr,Yoga,Meditation
976.424,0.376,Y4_med_rr,Yoga,Meditation
976.788,0.364,Y4_med_rr,Yoga,Meditation
977.136,0.348,Y4_med_rr,Yoga,Meditation
977.464,0.328,Y4_med_rr,Yoga,Meditation
977.784,0.32,Y4_med_rr,Yoga,Meditation
978.092,0.308,Y4_med_rr,Yoga,Meditation
978.396,0.304,Y4_med_rr,Yoga,Meditation
978.7,0.304,Y4_med_rr,Yoga,Meditation
978.996,0.296,Y4_med_rr,Yoga,Meditation
979.3,0.304,Y4_med_rr,Yoga,Meditation
979.612,0.312,Y4_med_rr,Yoga,Meditation
979.936,0.324,Y4_med_rr,Yoga,Meditation
980.3,0.364,Y4_med_rr,Yoga,Meditation
980.672,0.372,Y4_med_rr,Yoga,Meditation
981.016,0.344,Y4_med_rr,Yoga,Meditation
981.348,0.332,Y4_med_rr,Yoga,Meditation
981.672,0.324,Y4_med_rr,Yoga,Meditation
981.988,0.316,Y4_med_rr,Yoga,Meditation
982.304,0.316,Y4_med_rr,Yoga,Meditation
982.616,0.312,Y4_med_rr,Yoga,Meditation
982.932,0.316,Y4_med_rr,Yoga,Meditation
983.248,0.316,Y4_med_rr,Yoga,Meditation
983.568,0.32,Y4_med_rr,Yoga,Meditation
983.916,0.348,Y4_med_rr,Yoga,Meditation
984.284,0.368,Y4_med_rr,Yoga,Meditation
984.68,0.396,Y4_med_rr,Yoga,Meditation
985.048,0.368,Y4_med_rr,Yoga,Meditation
985.392,0.344,Y4_med_rr,Yoga,Meditation
985.724,0.332,Y4_med_rr,Yoga,Meditation
986.044,0.32,Y4_med_rr,Yoga,Meditation
986.356,0.312,Y4_med_rr,Yoga,Meditation
986.664,0.308,Y4_med_rr,Yoga,Meditation
986.976,0.312,Y4_med_rr,Yoga,Meditation
987.288,0.312,Y4_med_rr,Yoga,Meditation
987.62,0.332,Y4_med_rr,Yoga,Meditation
988.232,0.612,Y4_med_rr,Yoga,Meditation
988.76,0.528,Y4_med_rr,Yoga,Meditation
989.244,0.484,Y4_med_rr,Yoga,Meditation
989.712,0.468,Y4_med_rr,Yoga,Meditation
990.112,0.4,Y4_med_rr,Yoga,Meditation
990.456,0.344,Y4_med_rr,Yoga,Meditation
990.788,0.332,Y4_med_rr,Yoga,Meditation
991.108,0.32,Y4_med_rr,Yoga,Meditation
991.436,0.328,Y4_med_rr,Yoga,Meditation
991.908,0.472,Y4_med_rr,Yoga,Meditation
992.44,0.532,Y4_med_rr,Yoga,Meditation
992.976,0.536,Y4_med_rr,Yoga,Meditation
993.5,0.524,Y4_med_rr,Yoga,Meditation
993.972,0.472,Y4_med_rr,Yoga,Meditation
994.36,0.388,Y4_med_rr,Yoga,Meditation
994.712,0.352,Y4_med_rr,Yoga,Meditation
995.028,0.316,Y4_med_rr,Yoga,Meditation
995.34,0.312,Y4_med_rr,Yoga,Meditation
995.644,0.304,Y4_med_rr,Yoga,Meditation
995.956,0.312,Y4_med_rr,Yoga,Meditation
996.268,0.312,Y4_med_rr,Yoga,Meditation
996.592,0.324,Y4_med_rr,Yoga,Meditation
996.952,0.36,Y4_med_rr,Yoga,Meditation
997.444,0.492,Y4_med_rr,Yoga,Meditation
997.912,0.468,Y4_med_rr,Yoga,Meditation
998.364,0.452,Y4_med_rr,Yoga,Meditation
998.748,0.384,Y4_med_rr,Yoga,Meditation
999.12,0.372,Y4_med_rr,Yoga,Meditation
999.46,0.34,Y4_med_rr,Yoga,Meditation
999.792,0.332,Y4_med_rr,Yoga,Meditation
1000.112,0.32,Y4_med_rr,Yoga,Meditation
1000.42,0.308,Y4_med_rr,Yoga,Meditation
1000.724,0.304,Y4_med_rr,Yoga,Meditation
1001.028,0.304,Y4_med_rr,Yoga,Meditation
1001.328,0.3,Y4_med_rr,Yoga,Meditation
1001.64,0.312,Y4_med_rr,Yoga,Meditation
1001.952,0.312,Y4_med_rr,Yoga,Meditation
1002.272,0.32,Y4_med_rr,Yoga,Meditation
1002.72,0.448,Y4_med_rr,Yoga,Meditation
1003.192,0.472,Y4_med_rr,Yoga,Meditation
1003.632,0.44,Y4_med_rr,Yoga,Meditation
1004.04,0.408,Y4_med_rr,Yoga,Meditation
1004.404,0.364,Y4_med_rr,Yoga,Meditation
1004.744,0.34,Y4_med_rr,Yoga,Meditation
1005.06,0.316,Y4_med_rr,Yoga,Meditation
1005.376,0.316,Y4_med_rr,Yoga,Meditation
1005.68,0.304,Y4_med_rr,Yoga,Meditation
1005.992,0.312,Y4_med_rr,Yoga,Meditation
1006.3,0.308,Y4_med_rr,Yoga,Meditation
1006.628,0.328,Y4_med_rr,Yoga,Meditation
1007.08,0.452,Y4_med_rr,Yoga,Meditation
1007.556,0.476,Y4_med_rr,Yoga,Meditation
1008.016,0.46,Y4_med_rr,Yoga,Meditation
1008.428,0.412,Y4_med_rr,Yoga,Meditation
1008.796,0.368,Y4_med_rr,Yoga,Meditation
1009.136,0.34,Y4_med_rr,Yoga,Meditation
1009.464,0.328,Y4_med_rr,Yoga,Meditation
1009.78,0.316,Y4_med_rr,Yoga,Meditation
1010.092,0.312,Y4_med_rr,Yoga,Meditation
1010.408,0.316,Y4_med_rr,Yoga,Meditation
1010.724,0.316,Y4_med_rr,Yoga,Meditation
1011.052,0.328,Y4_med_rr,Yoga,Meditation
1011.392,0.34,Y4_med_rr,Yoga,Meditation
1011.86,0.468,Y4_med_rr,Yoga,Meditation
1012.32,0.46,Y4_med_rr,Yoga,Meditation
1012.744,0.424,Y4_med_rr,Yoga,Meditation
1013.152,0.408,Y4_med_rr,Yoga,Meditation
1013.556,0.404,Y4_med_rr,Yoga,Meditation
1013.904,0.348,Y4_med_rr,Yoga,Meditation
1014.252,0.348,Y4_med_rr,Yoga,Meditation
1014.56,0.308,Y4_med_rr,Yoga,Meditation
1014.876,0.316,Y4_med_rr,Yoga,Meditation
1015.4,0.524,Y4_med_rr,Yoga,Meditation
1015.764,0.364,Y4_med_rr,Yoga,Meditation
1016.072,0.308,Y4_med_rr,Yoga,Meditation
1016.364,0.292,Y4_med_rr,Yoga,Meditation
1016.656,0.292,Y4_med_rr,Yoga,Meditation
1016.952,0.296,Y4_med_rr,Yoga,Meditation
1017.26,0.308,Y4_med_rr,Yoga,Meditation
1017.592,0.332,Y4_med_rr,Yoga,Meditation
1017.932,0.34,Y4_med_rr,Yoga,Meditation
1018.26,0.328,Y4_med_rr,Yoga,Meditation
1018.572,0.312,Y4_med_rr,Yoga,Meditation
1018.872,0.3,Y4_med_rr,Yoga,Meditation
1019.18,0.308,Y4_med_rr,Yoga,Meditation
1019.472,0.292,Y4_med_rr,Yoga,Meditation
1019.764,0.292,Y4_med_rr,Yoga,Meditation
1020.056,0.292,Y4_med_rr,Yoga,Meditation
1020.348,0.292,Y4_med_rr,Yoga,Meditation
1020.632,0.284,Y4_med_rr,Yoga,Meditation
1020.924,0.292,Y4_med_rr,Yoga,Meditation
1021.212,0.288,Y4_med_rr,Yoga,Meditation
1021.5,0.288,Y4_med_rr,Yoga,Meditation
1021.788,0.288,Y4_med_rr,Yoga,Meditation
1022.08,0.292,Y4_med_rr,Yoga,Meditation
1022.384,0.304,Y4_med_rr,Yoga,Meditation
1022.7,0.316,Y4_med_rr,Yoga,Meditation
1023.028,0.328,Y4_med_rr,Yoga,Meditation
1023.368,0.34,Y4_med_rr,Yoga,Meditation
1023.704,0.336,Y4_med_rr,Yoga,Meditation
1024.036,0.332,Y4_med_rr,Yoga,Meditation
1024.356,0.32,Y4_med_rr,Yoga,Meditation
1024.664,0.308,Y4_med_rr,Yoga,Meditation
1024.968,0.304,Y4_med_rr,Yoga,Meditation
1025.264,0.296,Y4_med_rr,Yoga,Meditation
1025.56,0.296,Y4_med_rr,Yoga,Meditation
1025.848,0.288,Y4_med_rr,Yoga,Meditation
1026.132,0.284,Y4_med_rr,Yoga,Meditation
1026.416,0.284,Y4_med_rr,Yoga,Meditation
1026.704,0.288,Y4_med_rr,Yoga,Meditation
1026.996,0.292,Y4_med_rr,Yoga,Meditation
1027.292,0.296,Y4_med_rr,Yoga,Meditation
1027.6,0.308,Y4_med_rr,Yoga,Meditation
1028.056,0.456,Y4_med_rr,Yoga,Meditation
1028.508,0.452,Y4_med_rr,Yoga,Meditation
1028.928,0.42,Y4_med_rr,Yoga,Meditation
1029.34,0.412,Y4_med_rr,Yoga,Meditation
1029.72,0.38,Y4_med_rr,Yoga,Meditation
1030.068,0.348,Y4_med_rr,Yoga,Meditation
1030.396,0.328,Y4_med_rr,Yoga,Meditation
1030.7,0.304,Y4_med_rr,Yoga,Meditation
1031.0,0.3,Y4_med_rr,Yoga,Meditation
1031.3,0.3,Y4_med_rr,Yoga,Meditation
1031.596,0.296,Y4_med_rr,Yoga,Meditation
1031.892,0.296,Y4_med_rr,Yoga,Meditation
1032.196,0.304,Y4_med_rr,Yoga,Meditation
1032.512,0.316,Y4_med_rr,Yoga,Meditation
1032.848,0.336,Y4_med_rr,Yoga,Meditation
1033.344,0.496,Y4_med_rr,Yoga,Meditation
1033.856,0.512,Y4_med_rr,Yoga,Meditation
1034.352,0.496,Y4_med_rr,Yoga,Meditation
1034.824,0.472,Y4_med_rr,Yoga,Meditation
1035.276,0.452,Y4_med_rr,Yoga,Meditation
1035.656,0.38,Y4_med_rr,Yoga,Meditation
1036.004,0.348,Y4_med_rr,Yoga,Meditation
1036.364,0.36,Y4_med_rr,Yoga,Meditation
1036.64,0.276,Y4_med_rr,Yoga,Meditation
1036.948,0.308,Y4_med_rr,Yoga,Meditation
1037.26,0.312,Y4_med_rr,Yoga,Meditation
1037.58,0.32,Y4_med_rr,Yoga,Meditation
1037.904,0.324,Y4_med_rr,Yoga,Meditation
1038.26,0.356,Y4_med_rr,Yoga,Meditation
1038.732,0.472,Y4_med_rr,Yoga,Meditation
1039.18,0.448,Y4_med_rr,Yoga,Meditation
1039.604,0.424,Y4_med_rr,Yoga,Meditation
1040.02,0.416,Y4_med_rr,Yoga,Meditation
1040.396,0.376,Y4_med_rr,Yoga,Meditation
1040.74,0.344,Y4_med_rr,Yoga,Meditation
1041.064,0.324,Y4_med_rr,Yoga,Meditation
1041.376,0.312,Y4_med_rr,Yoga,Meditation
1041.684,0.308,Y4_med_rr,Yoga,Meditation
1041.984,0.3,Y4_med_rr,Yoga,Meditation
1042.284,0.3,Y4_med_rr,Yoga,Meditation
1042.584,0.3,Y4_med_rr,Yoga,Meditation
1042.896,0.312,Y4_med_rr,Yoga,Meditation
1043.208,0.312,Y4_med_rr,Yoga,Meditation
1043.54,0.332,Y4_med_rr,Yoga,Meditation
1044.084,0.544,Y4_med_rr,Yoga,Meditation
1044.568,0.484,Y4_med_rr,Yoga,Meditation
1045.032,0.464,Y4_med_rr,Yoga,Meditation
1045.444,0.412,Y4_med_rr,Yoga,Meditation
1045.8,0.356,Y4_med_rr,Yoga,Meditation
1046.124,0.324,Y4_med_rr,Yoga,Meditation
1046.432,0.308,Y4_med_rr,Yoga,Meditation
1046.736,0.304,Y4_med_rr,Yoga,Meditation
1047.04,0.304,Y4_med_rr,Yoga,Meditation
1047.352,0.312,Y4_med_rr,Yoga,Meditation
1047.696,0.344,Y4_med_rr,Yoga,Meditation
1048.148,0.452,Y4_med_rr,Yoga,Meditation
1048.596,0.448,Y4_med_rr,Yoga,Meditation
1049.056,0.46,Y4_med_rr,Yoga,Meditation
1049.52,0.464,Y4_med_rr,Yoga,Meditation
1049.956,0.436,Y4_med_rr,Yoga,Meditation
1050.344,0.388,Y4_med_rr,Yoga,Meditation
1050.708,0.364,Y4_med_rr,Yoga,Meditation
1051.048,0.34,Y4_med_rr,Yoga,Meditation
1051.392,0.344,Y4_med_rr,Yoga,Meditation
1051.724,0.332,Y4_med_rr,Yoga,Meditation
1052.036,0.312,Y4_med_rr,Yoga,Meditation
1052.364,0.328,Y4_med_rr,Yoga,Meditation
1052.68,0.316,Y4_med_rr,Yoga,Meditation
1053.132,0.452,Y4_med_rr,Yoga,Meditation
1053.616,0.484,Y4_med_rr,Yoga,Meditation
1054.068,0.452,Y4_med_rr,Yoga,Meditation
1054.544,0.476,Y4_med_rr,Yoga,Meditation
1055.024,0.48,Y4_med_rr,Yoga,Meditation
1055.476,0.452,Y4_med_rr,Yoga,Meditation
1055.856,0.38,Y4_med_rr,Yoga,Meditation
1056.3,0.444,Y4_med_rr,Yoga,Meditation
1056.716,0.416,Y4_med_rr,Yoga,Meditation
1057.068,0.352,Y4_med_rr,Yoga,Meditation
1057.412,0.344,Y4_med_rr,Yoga,Meditation
1057.748,0.336,Y4_med_rr,Yoga,Meditation
1058.096,0.348,Y4_med_rr,Yoga,Meditation
1058.476,0.38,Y4_med_rr,Yoga,Meditation
1058.956,0.48,Y4_med_rr,Yoga,Meditation
1059.424,0.468,Y4_med_rr,Yoga,Meditation
1059.872,0.448,Y4_med_rr,Yoga,Meditation
1060.236,0.364,Y4_med_rr,Yoga,Meditation
1060.604,0.368,Y4_med_rr,Yoga,Meditation
1060.968,0.364,Y4_med_rr,Yoga,Meditation
1061.26,0.292,Y4_med_rr,Yoga,Meditation
1061.552,0.292,Y4_med_rr,Yoga,Meditation
1061.86,0.308,Y4_med_rr,Yoga,Meditation
1062.148,0.288,Y4_med_rr,Yoga,Meditation
1062.448,0.3,Y4_med_rr,Yoga,Meditation
1062.732,0.284,Y4_med_rr,Yoga,Meditation
1063.04,0.308,Y4_med_rr,Yoga,Meditation
1063.328,0.288,Y4_med_rr,Yoga,Meditation
1063.656,0.328,Y4_med_rr,Yoga,Meditation
1063.992,0.336,Y4_med_rr,Yoga,Meditation
1064.34,0.348,Y4_med_rr,Yoga,Meditation
1064.68,0.34,Y4_med_rr,Yoga,Meditation
1065.02,0.34,Y4_med_rr,Yoga,Meditation
1065.34,0.32,Y4_med_rr,Yoga,Meditation
1065.676,0.336,Y4_med_rr,Yoga,Meditation
1065.968,0.292,Y4_med_rr,Yoga,Meditation
1066.272,0.304,Y4_med_rr,Yoga,Meditation
1066.576,0.304,Y4_med_rr,Yoga,Meditation
1066.872,0.296,Y4_med_rr,Yoga,Meditation
1067.164,0.292,Y4_med_rr,Yoga,Meditation
1067.46,0.296,Y4_med_rr,Yoga,Meditation
1067.756,0.296,Y4_med_rr,Yoga,Meditation
1068.048,0.292,Y4_med_rr,Yoga,Meditation
1068.344,0.296,Y4_med_rr,Yoga,Meditation
1068.648,0.304,Y4_med_rr,Yoga,Meditation
1068.952,0.304,Y4_med_rr,Yoga,Meditation
1069.28,0.328,Y4_med_rr,Yoga,Meditation
1069.736,0.456,Y4_med_rr,Yoga,Meditation
1070.18,0.444,Y4_med_rr,Yoga,Meditation
1070.588,0.408,Y4_med_rr,Yoga,Meditation
1070.972,0.384,Y4_med_rr,Yoga,Meditation
1071.332,0.36,Y4_med_rr,Yoga,Meditation
1071.66,0.328,Y4_med_rr,Yoga,Meditation
1071.984,0.324,Y4_med_rr,Yoga,Meditation
1072.284,0.3,Y4_med_rr,Yoga,Meditation
1072.58,0.296,Y4_med_rr,Yoga,Meditation
1072.896,0.316,Y4_med_rr,Yoga,Meditation
1073.168,0.272,Y4_med_rr,Yoga,Meditation
1073.456,0.288,Y4_med_rr,Yoga,Meditation
1073.748,0.292,Y4_med_rr,Yoga,Meditation
1074.04,0.292,Y4_med_rr,Yoga,Meditation
1074.332,0.292,Y4_med_rr,Yoga,Meditation
1074.632,0.3,Y4_med_rr,Yoga,Meditation
1074.936,0.304,Y4_med_rr,Yoga,Meditation
1075.24,0.304,Y4_med_rr,Yoga,Meditation
1075.684,0.444,Y4_med_rr,Yoga,Meditation
1076.124,0.44,Y4_med_rr,Yoga,Meditation
1076.56,0.436,Y4_med_rr,Yoga,Meditation
1076.952,0.392,Y4_med_rr,Yoga,Meditation
1077.316,0.364,Y4_med_rr,Yoga,Meditation
1077.66,0.344,Y4_med_rr,Yoga,Meditation
1077.972,0.312,Y4_med_rr,Yoga,Meditation
1078.268,0.296,Y4_med_rr,Yoga,Meditation
1078.556,0.288,Y4_med_rr,Yoga,Meditation
1078.836,0.28,Y4_med_rr,Yoga,Meditation
1079.06,0.224,Y4_med_rr,Yoga,Meditation
1079.396,0.336,Y4_med_rr,Yoga,Meditation
1079.672,0.276,Y4_med_rr,Yoga,Meditation
1079.952,0.28,Y4_med_rr,Yoga,Meditation
1080.228,0.276,Y4_med_rr,Yoga,Meditation
1080.508,0.28,Y4_med_rr,Yoga,Meditation
1080.8,0.292,Y4_med_rr,Yoga,Meditation
1081.1,0.3,Y4_med_rr,Yoga,Meditation
1081.42,0.32,Y4_med_rr,Yoga,Meditation
1081.74,0.32,Y4_med_rr,Yoga,Meditation
1082.052,0.312,Y4_med_rr,Yoga,Meditation
1082.348,0.296,Y4_med_rr,Yoga,Meditation
1082.64,0.292,Y4_med_rr,Yoga,Meditation
1082.936,0.296,Y4_med_rr,Yoga,Meditation
1083.228,0.292,Y4_med_rr,Yoga,Meditation
1083.512,0.284,Y4_med_rr,Yoga,Meditation
1083.796,0.284,Y4_med_rr,Yoga,Meditation
1084.08,0.284,Y4_med_rr,Yoga,Meditation
1084.364,0.284,Y4_med_rr,Yoga,Meditation
1084.652,0.288,Y4_med_rr,Yoga,Meditation
1084.94,0.288,Y4_med_rr,Yoga,Meditation
1085.236,0.296,Y4_med_rr,Yoga,Meditation
1085.54,0.304,Y4_med_rr,Yoga,Meditation
1085.96,0.42,Y4_med_rr,Yoga,Meditation
1086.396,0.436,Y4_med_rr,Yoga,Meditation
1086.792,0.396,Y4_med_rr,Yoga,Meditation
1087.176,0.384,Y4_med_rr,Yoga,Meditation
1087.528,0.352,Y4_med_rr,Yoga,Meditation
1087.864,0.336,Y4_med_rr,Yoga,Meditation
1088.168,0.304,Y4_med_rr,Yoga,Meditation
1088.476,0.308,Y4_med_rr,Yoga,Meditation
1088.748,0.272,Y4_med_rr,Yoga,Meditation
1089.044,0.296,Y4_med_rr,Yoga,Meditation
1089.304,0.26,Y4_med_rr,Yoga,Meditation
1089.576,0.272,Y4_med_rr,Yoga,Meditation
1089.852,0.276,Y4_med_rr,Yoga,Meditation
1090.132,0.28,Y4_med_rr,Yoga,Meditation
1090.4,0.268,Y4_med_rr,Yoga,Meditation
1090.672,0.272,Y4_med_rr,Yoga,Meditation
1090.956,0.284,Y4_med_rr,Yoga,Meditation
1091.22,0.264,Y4_med_rr,Yoga,Meditation
1091.54,0.32,Y4_med_rr,Yoga,Meditation
1091.94,0.4,Y4_med_rr,Yoga,Meditation
1092.336,0.396,Y4_med_rr,Yoga,Meditation
1092.72,0.384,Y4_med_rr,Yoga,Meditation
1093.072,0.352,Y4_med_rr,Yoga,Meditation
1093.404,0.332,Y4_med_rr,Yoga,Meditation
1093.712,0.308,Y4_med_rr,Yoga,Meditation
1094.012,0.3,Y4_med_rr,Yoga,Meditation
1094.308,0.296,Y4_med_rr,Yoga,Meditation
1094.584,0.276,Y4_med_rr,Yoga,Meditation
1094.868,0.284,Y4_med_rr,Yoga,Meditation
1095.144,0.276,Y4_med_rr,Yoga,Meditation
1095.424,0.28,Y4_med_rr,Yoga,Meditation
1095.696,0.272,Y4_med_rr,Yoga,Meditation
1095.96,0.264,Y4_med_rr,Yoga,Meditation
1096.236,0.276,Y4_med_rr,Yoga,Meditation
1096.512,0.276,Y4_med_rr,Yoga,Meditation
1096.796,0.284,Y4_med_rr,Yoga,Meditation
1097.08,0.284,Y4_med_rr,Yoga,Meditation
1097.408,0.328,Y4_med_rr,Yoga,Meditation
1097.896,0.488,Y4_med_rr,Yoga,Meditation
1098.332,0.436,Y4_med_rr,Yoga,Meditation
1098.744,0.412,Y4_med_rr,Yoga,Meditation
1099.12,0.376,Y4_med_rr,Yoga,Meditation
1099.472,0.352,Y4_med_rr,Yoga,Meditation
1099.8,0.328,Y4_med_rr,Yoga,Meditation
1100.104,0.304,Y4_med_rr,Yoga,Meditation
1100.396,0.292,Y4_med_rr,Yoga,Meditation
1100.68,0.284,Y4_med_rr,Yoga,Meditation
1100.96,0.28,Y4_med_rr,Yoga,Meditation
1101.24,0.28,Y4_med_rr,Yoga,Meditation
1101.512,0.272,Y4_med_rr,Yoga,Meditation
1101.788,0.276,Y4_med_rr,Yoga,Meditation
1102.064,0.276,Y4_med_rr,Yoga,Meditation
1102.344,0.28,Y4_med_rr,Yoga,Meditation
1102.632,0.288,Y4_med_rr,Yoga,Meditation
1102.924,0.292,Y4_med_rr,Yoga,Meditation
1103.232,0.308,Y4_med_rr,Yoga,Meditation
1103.712,0.48,Y4_med_rr,Yoga,Meditation
1104.18,0.468,Y4_med_rr,Yoga,Meditation
1104.62,0.44,Y4_med_rr,Yoga,Meditation
1105.044,0.424,Y4_med_rr,Yoga,Meditation
1105.44,0.396,Y4_med_rr,Yoga,Meditation
1105.816,0.376,Y4_med_rr,Yoga,Meditation
1106.168,0.352,Y4_med_rr,Yoga,Meditation
1106.496,0.328,Y4_med_rr,Yoga,Meditation
1106.8,0.304,Y4_med_rr,Yoga,Meditation
1107.096,0.296,Y4_med_rr,Yoga,Meditation
1107.404,0.308,Y4_med_rr,Yoga,Meditation
1107.676,0.272,Y4_med_rr,Yoga,Meditation
1107.96,0.284,Y4_med_rr,Yoga,Meditation
1108.248,0.288,Y4_med_rr,Yoga,Meditation
1108.544,0.296,Y4_med_rr,Yoga,Meditation
1108.832,0.288,Y4_med_rr,Yoga,Meditation
1109.14,0.308,Y4_med_rr,Yoga,Meditation
1109.452,0.312,Y4_med_rr,Yoga,Meditation
1109.772,0.32,Y4_med_rr,Yoga,Meditation
1110.312,0.54,Y4_med_rr,Yoga,Meditation
1110.812,0.5,Y4_med_rr,Yoga,Meditation
1111.268,0.456,Y4_med_rr,Yoga,Meditation
1111.692,0.424,Y4_med_rr,Yoga,Meditation
1112.092,0.4,Y4_med_rr,Yoga,Meditation
1112.428,0.336,Y4_med_rr,Yoga,Meditation
1112.752,0.324,Y4_med_rr,Yoga,Meditation
1113.08,0.328,Y4_med_rr,Yoga,Meditation
1113.364,0.284,Y4_med_rr,Yoga,Meditation
1113.64,0.276,Y4_med_rr,Yoga,Meditation
1113.92,0.28,Y4_med_rr,Yoga,Meditation
1114.224,0.304,Y4_med_rr,Yoga,Meditation
1114.508,0.284,Y4_med_rr,Yoga,Meditation
1114.78,0.272,Y4_med_rr,Yoga,Meditation
1115.068,0.288,Y4_med_rr,Yoga,Meditation
1115.356,0.288,Y4_med_rr,Yoga,Meditation
1115.656,0.3,Y4_med_rr,Yoga,Meditation
1115.948,0.292,Y4_med_rr,Yoga,Meditation
1116.284,0.336,Y4_med_rr,Yoga,Meditation
1116.696,0.412,Y4_med_rr,Yoga,Meditation
1117.088,0.392,Y4_med_rr,Yoga,Meditation
1117.316,0.228,Y4_med_rr,Yoga,Meditation
1117.836,0.52,Y4_med_rr,Yoga,Meditation
1118.196,0.36,Y4_med_rr,Yoga,Meditation
1118.536,0.34,Y4_med_rr,Yoga,Meditation
1118.856,0.32,Y4_med_rr,Yoga,Meditation
1119.164,0.308,Y4_med_rr,Yoga,Meditation
1119.456,0.292,Y4_med_rr,Yoga,Meditation
1119.74,0.284,Y4_med_rr,Yoga,Meditation
1120.02,0.28,Y4_med_rr,Yoga,Meditation
1120.244,0.224,Y4_med_rr,Yoga,Meditation
1120.592,0.348,Y4_med_rr,Yoga,Meditation
1120.876,0.284,Y4_med_rr,Yoga,Meditation
1121.16,0.284,Y4_med_rr,Yoga,Meditation
1121.448,0.288,Y4_med_rr,Yoga,Meditation
1121.744,0.296,Y4_med_rr,Yoga,Meditation
1122.156,0.412,Y4_med_rr,Yoga,Meditation
1122.568,0.412,Y4_med_rr,Yoga,Meditation
1122.944,0.376,Y4_med_rr,Yoga,Meditation
1123.3,0.356,Y4_med_rr,Yoga,Meditation
1123.64,0.34,Y4_med_rr,Yoga,Meditation
1123.96,0.32,Y4_med_rr,Yoga,Meditation
1124.264,0.304,Y4_med_rr,Yoga,Meditation
1124.556,0.292,Y4_med_rr,Yoga,Meditation
1124.784,0.228,Y4_med_rr,Yoga,Meditation
1125.06,0.276,Y4_med_rr,Yoga,Meditation
1125.472,0.412,Y4_med_rr,Yoga,Meditation
1125.768,0.296,Y4_med_rr,Yoga,Meditation
1126.06,0.292,Y4_med_rr,Yoga,Meditation
1126.36,0.3,Y4_med_rr,Yoga,Meditation
1126.672,0.312,Y4_med_rr,Yoga,Meditation
1127.004,0.332,Y4_med_rr,Yoga,Meditation
1127.344,0.34,Y4_med_rr,Yoga,Meditation
1127.68,0.336,Y4_med_rr,Yoga,Meditation
1128.0,0.32,Y4_med_rr,Yoga,Meditation
1128.304,0.304,Y4_med_rr,Yoga,Meditation
1128.612,0.308,Y4_med_rr,Yoga,Meditation
1128.908,0.296,Y4_med_rr,Yoga,Meditation
1129.196,0.288,Y4_med_rr,Yoga,Meditation
1129.488,0.292,Y4_med_rr,Yoga,Meditation
1129.784,0.296,Y4_med_rr,Yoga,Meditation
1130.08,0.296,Y4_med_rr,Yoga,Meditation
1130.388,0.308,Y4_med_rr,Yoga,Meditation
1130.704,0.316,Y4_med_rr,Yoga,Meditation
1131.056,0.352,Y4_med_rr,Yoga,Meditation
1131.508,0.452,Y4_med_rr,Yoga,Meditation
1131.964,0.456,Y4_med_rr,Yoga,Meditation
1132.384,0.42,Y4_med_rr,Yoga,Meditation
1132.752,0.368,Y4_med_rr,Yoga,Meditation
1133.096,0.344,Y4_med_rr,Yoga,Meditation
1133.404,0.308,Y4_med_rr,Yoga,Meditation
1133.708,0.304,Y4_med_rr,Yoga,Meditation
1134.0,0.292,Y4_med_rr,Yoga,Meditation
1134.28,0.28,Y4_med_rr,Yoga,Meditation
1134.568,0.288,Y4_med_rr,Yoga,Meditation
1134.856,0.288,Y4_med_rr,Yoga,Meditation
1135.148,0.292,Y4_med_rr,Yoga,Meditation
1135.608,0.46,Y4_med_rr,Yoga,Meditation
1136.076,0.468,Y4_med_rr,Yoga,Meditation
1136.504,0.428,Y4_med_rr,Yoga,Meditation
1136.912,0.408,Y4_med_rr,Yoga,Meditation
1137.284,0.372,Y4_med_rr,Yoga,Meditation
1137.624,0.34,Y4_med_rr,Yoga,Meditation
1137.944,0.32,Y4_med_rr,Yoga,Meditation
1138.248,0.304,Y4_med_rr,Yoga,Meditation
1138.548,0.3,Y4_med_rr,Yoga,Meditation
1138.84,0.292,Y4_med_rr,Yoga,Meditation
1139.136,0.296,Y4_med_rr,Yoga,Meditation
1139.432,0.296,Y4_med_rr,Yoga,Meditation
1139.74,0.308,Y4_med_rr,Yoga,Meditation
1140.064,0.324,Y4_med_rr,Yoga,Meditation
1140.392,0.328,Y4_med_rr,Yoga,Meditation
1140.744,0.352,Y4_med_rr,Yoga,Meditation
1141.112,0.368,Y4_med_rr,Yoga,Meditation
1141.556,0.444,Y4_med_rr,Yoga,Meditation
1142.016,0.46,Y4_med_rr,Yoga,Meditation
1142.44,0.424,Y4_med_rr,Yoga,Meditation
1142.844,0.404,Y4_med_rr,Yoga,Meditation
1143.228,0.384,Y4_med_rr,Yoga,Meditation
1143.6,0.372,Y4_med_rr,Yoga,Meditation
1143.94,0.34,Y4_med_rr,Yoga,Meditation
1144.26,0.32,Y4_med_rr,Yoga,Meditation
1144.564,0.304,Y4_med_rr,Yoga,Meditation
1144.86,0.296,Y4_med_rr,Yoga,Meditation
1145.152,0.292,Y4_med_rr,Yoga,Meditation
1145.452,0.3,Y4_med_rr,Yoga,Meditation
1145.76,0.308,Y4_med_rr,Yoga,Meditation
1146.04,0.28,Y4_med_rr,Yoga,Meditation
1146.332,0.292,Y4_med_rr,Yoga,Meditation
1146.636,0.304,Y4_med_rr,Yoga,Meditation
1146.952,0.316,Y4_med_rr,Yoga,Meditation
1147.288,0.336,Y4_med_rr,Yoga,Meditation
1147.716,0.428,Y4_med_rr,Yoga,Meditation
1148.132,0.416,Y4_med_rr,Yoga,Meditation
1148.632,0.5,Y4_med_rr,Yoga,Meditation
1149.156,0.524,Y4_med_rr,Yoga,Meditation
1149.648,0.492,Y4_med_rr,Yoga,Meditation
1150.1,0.452,Y4_med_rr,Yoga,Meditation
1150.516,0.416,Y4_med_rr,Yoga,Meditation
1150.9,0.384,Y4_med_rr,Yoga,Meditation
1151.248,0.348,Y4_med_rr,Yoga,Meditation
1151.576,0.328,Y4_med_rr,Yoga,Meditation
1151.888,0.312,Y4_med_rr,Yoga,Meditation
1152.192,0.304,Y4_med_rr,Yoga,Meditation
1152.496,0.304,Y4_med_rr,Yoga,Meditation
1152.808,0.312,Y4_med_rr,Yoga,Meditation
1153.12,0.312,Y4_med_rr,Yoga,Meditation
1153.432,0.312,Y4_med_rr,Yoga,Meditation
1153.756,0.324,Y4_med_rr,Yoga,Meditation
1154.08,0.324,Y4_med_rr,Yoga,Meditation
1154.432,0.352,Y4_med_rr,Yoga,Meditation
1154.924,0.492,Y4_med_rr,Yoga,Meditation
1155.42,0.496,Y4_med_rr,Yoga,Meditation
1155.94,0.52,Y4_med_rr,Yoga,Meditation
1156.456,0.516,Y4_med_rr,Yoga,Meditation
1156.94,0.484,Y4_med_rr,Yoga,Meditation
1157.388,0.448,Y4_med_rr,Yoga,Meditation
1157.804,0.416,Y4_med_rr,Yoga,Meditation
1158.176,0.372,Y4_med_rr,Yoga,Meditation
1158.52,0.344,Y4_med_rr,Yoga,Meditation
1158.856,0.336,Y4_med_rr,Yoga,Meditation
1159.176,0.32,Y4_med_rr,Yoga,Meditation
1159.492,0.316,Y4_med_rr,Yoga,Meditation
1159.8,0.308,Y4_med_rr,Yoga,Meditation
1160.512,0.712,Y4_med_rr,Yoga,Meditation
1160.848,0.336,Y4_med_rr,Yoga,Meditation
1161.168,0.32,Y4_med_rr,Yoga,Meditation
1161.476,0.308,Y4_med_rr,Yoga,Meditation
1161.792,0.316,Y4_med_rr,Yoga,Meditation
1162.112,0.32,Y4_med_rr,Yoga,Meditation
1162.608,0.496,Y4_med_rr,Yoga,Meditation
1163.044,0.436,Y4_med_rr,Yoga,Meditation
1163.48,0.436,Y4_med_rr,Yoga,Meditation
1163.892,0.412,Y4_med_rr,Yoga,Meditation
1164.284,0.392,Y4_med_rr,Yoga,Meditation
1164.648,0.364,Y4_med_rr,Yoga,Meditation
1164.992,0.344,Y4_med_rr,Yoga,Meditation
1165.308,0.316,Y4_med_rr,Yoga,Meditation
1165.612,0.304,Y4_med_rr,Yoga,Meditation
1165.912,0.3,Y4_med_rr,Yoga,Meditation
1166.2,0.288,Y4_med_rr,Yoga,Meditation
1166.488,0.288,Y4_med_rr,Yoga,Meditation
1167.108,0.62,Y4_med_rr,Yoga,Meditation
1167.416,0.308,Y4_med_rr,Yoga,Meditation
1167.728,0.312,Y4_med_rr,Yoga,Meditation
1168.048,0.32,Y4_med_rr,Yoga,Meditation
1168.52,0.472,Y4_med_rr,Yoga,Meditation
1168.976,0.456,Y4_med_rr,Yoga,Meditation
1169.432,0.456,Y4_med_rr,Yoga,Meditation
1169.86,0.428,Y4_med_rr,Yoga,Meditation
1170.268,0.408,Y4_med_rr,Yoga,Meditation
1170.648,0.38,Y4_med_rr,Yoga,Meditation
1171.008,0.36,Y4_med_rr,Yoga,Meditation
1171.348,0.34,Y4_med_rr,Yoga,Meditation
1171.672,0.324,Y4_med_rr,Yoga,Meditation
1171.976,0.304,Y4_med_rr,Yoga,Meditation
1172.276,0.3,Y4_med_rr,Yoga,Meditation
1172.576,0.3,Y4_med_rr,Yoga,Meditation
1172.868,0.292,Y4_med_rr,Yoga,Meditation
1173.172,0.304,Y4_med_rr,Yoga,Meditation
1173.48,0.308,Y4_med_rr,Yoga,Meditation
1173.808,0.328,Y4_med_rr,Yoga,Meditation
1174.1,0.292,Y4_med_rr,Yoga,Meditation
1174.692,0.592,Y4_med_rr,Yoga,Meditation
1175.216,0.524,Y4_med_rr,Yoga,Meditation
1175.756,0.54,Y4_med_rr,Yoga,Meditation
1176.244,0.488,Y4_med_rr,Yoga,Meditation
1176.692,0.448,Y4_med_rr,Yoga,Meditation
1177.092,0.4,Y4_med_rr,Yoga,Meditation
1177.452,0.36,Y4_med_rr,Yoga,Meditation
1177.788,0.336,Y4_med_rr,Yoga,Meditation
1178.104,0.316,Y4_med_rr,Yoga,Meditation
1178.416,0.312,Y4_med_rr,Yoga,Meditation
1178.716,0.3,Y4_med_rr,Yoga,Meditation
1179.036,0.32,Y4_med_rr,Yoga,Meditation
1179.372,0.336,Y4_med_rr,Yoga,Meditation
1179.68,0.308,Y4_med_rr,Yoga,Meditation
1179.988,0.308,Y4_med_rr,Yoga,Meditation
1180.3,0.312,Y4_med_rr,Yoga,Meditation
1180.628,0.328,Y4_med_rr,Yoga,Meditation
1180.976,0.348,Y4_med_rr,Yoga,Meditation
1181.452,0.476,Y4_med_rr,Yoga,Meditation
1181.94,0.488,Y4_med_rr,Yoga,Meditation
1182.436,0.496,Y4_med_rr,Yoga,Meditation
1182.92,0.484,Y4_med_rr,Yoga,Meditation
1183.376,0.456,Y4_med_rr,Yoga,Meditation
1183.792,0.416,Y4_med_rr,Yoga,Meditation
1184.16,0.368,Y4_med_rr,Yoga,Meditation
1184.5,0.34,Y4_med_rr,Yoga,Meditation
1184.828,0.328,Y4_med_rr,Yoga,Meditation
1185.14,0.312,Y4_med_rr,Yoga,Meditation
1185.452,0.312,Y4_med_rr,Yoga,Meditation
1185.756,0.304,Y4_med_rr,Yoga,Meditation
1186.06,0.304,Y4_med_rr,Yoga,Meditation
1186.364,0.304,Y4_med_rr,Yoga,Meditation
1186.668,0.304,Y4_med_rr,Yoga,Meditation
1186.988,0.32,Y4_med_rr,Yoga,Meditation
1187.328,0.34,Y4_med_rr,Yoga,Meditation
1187.84,0.512,Y4_med_rr,Yoga,Meditation
1188.356,0.516,Y4_med_rr,Yoga,Meditation
1188.896,0.54,Y4_med_rr,Yoga,Meditation
1189.416,0.52,Y4_med_rr,Yoga,Meditation
1189.88,0.464,Y4_med_rr,Yoga,Meditation
1190.308,0.428,Y4_med_rr,Yoga,Meditation
1190.7,0.392,Y4_med_rr,Yoga,Meditation
1191.064,0.364,Y4_med_rr,Yoga,Meditation
1191.404,0.34,Y4_med_rr,Yoga,Meditation
1191.732,0.328,Y4_med_rr,Yoga,Meditation
1192.048,0.316,Y4_med_rr,Yoga,Meditation
1192.352,0.304,Y4_med_rr,Yoga,Meditation
1192.656,0.304,Y4_med_rr,Yoga,Meditation
1192.96,0.304,Y4_med_rr,Yoga,Meditation
1193.632,0.672,Y4_med_rr,Yoga,Meditation
1193.952,0.32,Y4_med_rr,Yoga,Meditation
1194.272,0.32,Y4_med_rr,Yoga,Meditation
1194.604,0.332,Y4_med_rr,Yoga,Meditation
1194.948,0.344,Y4_med_rr,Yoga,Meditation
1195.456,0.508,Y4_med_rr,Yoga,Meditation
1195.96,0.504,Y4_med_rr,Yoga,Meditation
1196.424,0.464,Y4_med_rr,Yoga,Meditation
1196.864,0.44,Y4_med_rr,Yoga,Meditation
1197.28,0.416,Y4_med_rr,Yoga,Meditation
1197.664,0.384,Y4_med_rr,Yoga,Meditation
1198.016,0.352,Y4_med_rr,Yoga,Meditation
1198.36,0.344,Y4_med_rr,Yoga,Meditation
1198.684,0.324,Y4_med_rr,Yoga,Meditation
1198.996,0.312,Y4_med_rr,Yoga,Meditation
1199.304,0.308,Y4_med_rr,Yoga,Meditation
1199.604,0.3,Y4_med_rr,Yoga,Meditation
1199.904,0.3,Y4_med_rr,Yoga,Meditation
1200.224,0.32,Y4_med_rr,Yoga,Meditation
1200.548,0.324,Y4_med_rr,Yoga,Meditation
1200.908,0.36,Y4_med_rr,Yoga,Meditation
1201.4,0.492,Y4_med_rr,Yoga,Meditation
1201.928,0.528,Y4_med_rr,Yoga,Meditation
1202.42,0.492,Y4_med_rr,Yoga,Meditation
1202.912,0.492,Y4_med_rr,Yoga,Meditation
1203.372,0.46,Y4_med_rr,Yoga,Meditation
1203.804,0.432,Y4_med_rr,Yoga,Meditation
1204.084,0.28,Y4_med_rr,Yoga,Meditation
1204.56,0.476,Y4_med_rr,Yoga,Meditation
1204.904,0.344,Y4_med_rr,Yoga,Meditation
1205.224,0.32,Y4_med_rr,Yoga,Meditation
1205.528,0.304,Y4_med_rr,Yoga,Meditation
1205.832,0.304,Y4_med_rr,Yoga,Meditation
1206.136,0.304,Y4_med_rr,Yoga,Meditation
1206.46,0.324,Y4_med_rr,Yoga,Meditation
1206.932,0.472,Y4_med_rr,Yoga,Meditation
1207.344,0.412,Y4_med_rr,Yoga,Meditation
1208.12,0.776,Y4_med_rr,Yoga,Meditation
1208.46,0.34,Y4_med_rr,Yoga,Meditation
1208.8,0.34,Y4_med_rr,Yoga,Meditation
1209.168,0.368,Y4_med_rr,Yoga,Meditation
1209.652,0.484,Y4_med_rr,Yoga,Meditation
1210.172,0.52,Y4_med_rr,Yoga,Meditation
1210.696,0.524,Y4_med_rr,Yoga,Meditation
1211.224,0.528,Y4_med_rr,Yoga,Meditation
1211.7,0.476,Y4_med_rr,Yoga,Meditation
1212.504,0.804,Y4_med_rr,Yoga,Meditation
1212.9,0.396,Y4_med_rr,Yoga,Meditation
1213.228,0.328,Y4_med_rr,Yoga,Meditation
1213.532,0.304,Y4_med_rr,Yoga,Meditation
1213.868,0.336,Y4_med_rr,Yoga,Meditation
1214.172,0.304,Y4_med_rr,Yoga,Meditation
1214.48,0.308,Y4_med_rr,Yoga,Meditation
1214.808,0.328,Y4_med_rr,Yoga,Meditation
1215.292,0.484,Y4_med_rr,Yoga,Meditation
1215.744,0.452,Y4_med_rr,Yoga,Meditation
1216.204,0.46,Y4_med_rr,Yoga,Meditation
1216.676,0.472,Y4_med_rr,Yoga,Meditation
1217.156,0.48,Y4_med_rr,Yoga,Meditation
1217.648,0.492,Y4_med_rr,Yoga,Meditation
1218.108,0.46,Y4_med_rr,Yoga,Meditation
1218.56,0.452,Y4_med_rr,Yoga,Meditation
1219.0,0.44,Y4_med_rr,Yoga,Meditation
1219.428,0.428,Y4_med_rr,Yoga,Meditation
1219.844,0.416,Y4_med_rr,Yoga,Meditation
1220.236,0.392,Y4_med_rr,Yoga,Meditation
1220.612,0.376,Y4_med_rr,Yoga,Meditation
1220.964,0.352,Y4_med_rr,Yoga,Meditation
1221.3,0.336,Y4_med_rr,Yoga,Meditation
1221.628,0.328,Y4_med_rr,Yoga,Meditation
1221.944,0.316,Y4_med_rr,Yoga,Meditation
1222.264,0.32,Y4_med_rr,Yoga,Meditation
1222.596,0.332,Y4_med_rr,Yoga,Meditation
1222.936,0.34,Y4_med_rr,Yoga,Meditation
1223.292,0.356,Y4_med_rr,Yoga,Meditation
1223.684,0.392,Y4_med_rr,Yoga,Meditation
1224.128,0.444,Y4_med_rr,Yoga,Meditation
1224.588,0.46,Y4_med_rr,Yoga,Meditation
1225.144,0.556,Y4_med_rr,Yoga,Meditation
1225.648,0.504,Y4_med_rr,Yoga,Meditation
1226.128,0.48,Y4_med_rr,Yoga,Meditation
1226.572,0.444,Y4_med_rr,Yoga,Meditation
1226.976,0.404,Y4_med_rr,Yoga,Meditation
1227.344,0.368,Y4_med_rr,Yoga,Meditation
1227.692,0.348,Y4_med_rr,Yoga,Meditation
1228.028,0.336,Y4_med_rr,Yoga,Meditation
1228.352,0.324,Y4_med_rr,Yoga,Meditation
1228.676,0.324,Y4_med_rr,Yoga,Meditation
1228.996,0.32,Y4_med_rr,Yoga,Meditation
1229.328,0.332,Y4_med_rr,Yoga,Meditation
1229.664,0.336,Y4_med_rr,Yoga,Meditation
1230.012,0.348,Y4_med_rr,Yoga,Meditation
1230.38,0.368,Y4_med_rr,Yoga,Meditation
1230.752,0.372,Y4_med_rr,Yoga,Meditation
1231.128,0.376,Y4_med_rr,Yoga,Meditation
1231.612,0.484,Y4_med_rr,Yoga,Meditation
1232.056,0.444,Y4_med_rr,Yoga,Meditation
1232.48,0.424,Y4_med_rr,Yoga,Meditation
1232.892,0.412,Y4_med_rr,Yoga,Meditation
1233.664,0.772,Y4_med_rr,Yoga,Meditation
1234.016,0.352,Y4_med_rr,Yoga,Meditation
1234.348,0.332,Y4_med_rr,Yoga,Meditation
1234.668,0.32,Y4_med_rr,Yoga,Meditation
1234.972,0.304,Y4_med_rr,Yoga,Meditation
1235.272,0.3,Y4_med_rr,Yoga,Meditation
1235.572,0.3,Y4_med_rr,Yoga,Meditation
1235.884,0.312,Y4_med_rr,Yoga,Meditation
1236.212,0.328,Y4_med_rr,Yoga,Meditation
1236.664,0.452,Y4_med_rr,Yoga,Meditation
1237.108,0.444,Y4_med_rr,Yoga,Meditation
1237.56,0.452,Y4_med_rr,Yoga,Meditation
1238.028,0.468,Y4_med_rr,Yoga,Meditation
1238.52,0.492,Y4_med_rr,Yoga,Meditation
1238.98,0.46,Y4_med_rr,Yoga,Meditation
1239.404,0.424,Y4_med_rr,Yoga,Meditation
1239.8,0.396,Y4_med_rr,Yoga,Meditation
1240.168,0.368,Y4_med_rr,Yoga,Meditation
1240.516,0.348,Y4_med_rr,Yoga,Meditation
1240.852,0.336,Y4_med_rr,Yoga,Meditation
1241.184,0.332,Y4_med_rr,Yoga,Meditation
1241.52,0.336,Y4_med_rr,Yoga,Meditation
1241.852,0.332,Y4_med_rr,Yoga,Meditation
1242.18,0.328,Y4_med_rr,Yoga,Meditation
1242.488,0.308,Y4_med_rr,Yoga,Meditation
1242.8,0.312,Y4_med_rr,Yoga,Meditation
1243.104,0.304,Y4_med_rr,Yoga,Meditation
1243.42,0.316,Y4_med_rr,Yoga,Meditation
1243.732,0.312,Y4_med_rr,Yoga,Meditation
1244.06,0.328,Y4_med_rr,Yoga,Meditation
1244.384,0.324,Y4_med_rr,Yoga,Meditation
1244.716,0.332,Y4_med_rr,Yoga,Meditation
1245.2,0.484,Y4_med_rr,Yoga,Meditation
1245.692,0.492,Y4_med_rr,Yoga,Meditation
1246.164,0.472,Y4_med_rr,Yoga,Meditation
1246.584,0.42,Y4_med_rr,Yoga,Meditation
1246.988,0.404,Y4_med_rr,Yoga,Meditation
1247.368,0.38,Y4_med_rr,Yoga,Meditation
1247.732,0.364,Y4_med_rr,Yoga,Meditation
1248.072,0.34,Y4_med_rr,Yoga,Meditation
1248.396,0.324,Y4_med_rr,Yoga,Meditation
1248.716,0.32,Y4_med_rr,Yoga,Meditation
1249.024,0.308,Y4_med_rr,Yoga,Meditation
1249.336,0.312,Y4_med_rr,Yoga,Meditation
1249.644,0.308,Y4_med_rr,Yoga,Meditation
1249.956,0.312,Y4_med_rr,Yoga,Meditation
1250.276,0.32,Y4_med_rr,Yoga,Meditation
1250.608,0.332,Y4_med_rr,Yoga,Meditation
1250.984,0.376,Y4_med_rr,Yoga,Meditation
1251.476,0.492,Y4_med_rr,Yoga,Meditation
1251.724,0.248,Y4_med_rr,Yoga,Meditation
1252.344,0.62,Y4_med_rr,Yoga,Meditation
1252.796,0.452,Y4_med_rr,Yoga,Meditation
1253.252,0.456,Y4_med_rr,Yoga,Meditation
1253.68,0.428,Y4_med_rr,Yoga,Meditation
1254.1,0.42,Y4_med_rr,Yoga,Meditation
1254.512,0.412,Y4_med_rr,Yoga,Meditation
1254.908,0.396,Y4_med_rr,Yoga,Meditation
1255.28,0.372,Y4_med_rr,Yoga,Meditation
1255.636,0.356,Y4_med_rr,Yoga,Meditation
1255.98,0.344,Y4_med_rr,Yoga,Meditation
1256.32,0.34,Y4_med_rr,Yoga,Meditation
1256.652,0.332,Y4_med_rr,Yoga,Meditation
1256.98,0.328,Y4_med_rr,Yoga,Meditation
1257.312,0.332,Y4_med_rr,Yoga,Meditation
1257.656,0.344,Y4_med_rr,Yoga,Meditation
1258.112,0.456,Y4_med_rr,Yoga,Meditation
1258.588,0.476,Y4_med_rr,Yoga,Meditation
1259.08,0.492,Y4_med_rr,Yoga,Meditation
1259.572,0.492,Y4_med_rr,Yoga,Meditation
1260.052,0.48,Y4_med_rr,Yoga,Meditation
1260.512,0.46,Y4_med_rr,Yoga,Meditation
1260.952,0.44,Y4_med_rr,Yoga,Meditation
1261.372,0.42,Y4_med_rr,Yoga,Meditation
1261.76,0.388,Y4_med_rr,Yoga,Meditation
1262.12,0.36,Y4_med_rr,Yoga,Meditation
1262.464,0.344,Y4_med_rr,Yoga,Meditation
1262.8,0.336,Y4_med_rr,Yoga,Meditation
1263.124,0.324,Y4_med_rr,Yoga,Meditation
1263.444,0.32,Y4_med_rr,Yoga,Meditation
1263.764,0.32,Y4_med_rr,Yoga,Meditation
1264.012,0.248,Y4_med_rr,Yoga,Meditation
1264.536,0.524,Y4_med_rr,Yoga,Meditation
1264.9,0.364,Y4_med_rr,Yoga,Meditation
1265.268,0.368,Y4_med_rr,Yoga,Meditation
1265.616,0.348,Y4_med_rr,Yoga,Meditation
1266.068,0.452,Y4_med_rr,Yoga,Meditation
1266.516,0.448,Y4_med_rr,Yoga,Meditation
1266.944,0.428,Y4_med_rr,Yoga,Meditation
1267.36,0.416,Y4_med_rr,Yoga,Meditation
1267.76,0.4,Y4_med_rr,Yoga,Meditation
1268.132,0.372,Y4_med_rr,Yoga,Meditation
1268.492,0.36,Y4_med_rr,Yoga,Meditation
1268.84,0.348,Y4_med_rr,Yoga,Meditation
1269.176,0.336,Y4_med_rr,Yoga,Meditation
1269.504,0.328,Y4_med_rr,Yoga,Meditation
1269.82,0.316,Y4_med_rr,Yoga,Meditation
1270.132,0.312,Y4_med_rr,Yoga,Meditation
1270.444,0.312,Y4_med_rr,Yoga,Meditation
1270.756,0.312,Y4_med_rr,Yoga,Meditation
1271.076,0.32,Y4_med_rr,Yoga,Meditation
1271.392,0.316,Y4_med_rr,Yoga,Meditation
1271.724,0.332,Y4_med_rr,Yoga,Meditation
1272.068,0.344,Y4_med_rr,Yoga,Meditation
1272.556,0.488,Y4_med_rr,Yoga,Meditation
1273.008,0.452,Y4_med_rr,Yoga,Meditation
1273.428,0.42,Y4_med_rr,Yoga,Meditation
1273.832,0.404,Y4_med_rr,Yoga,Meditation
1274.22,0.388,Y4_med_rr,Yoga,Meditation
1274.956,0.736,Y4_med_rr,Yoga,Meditation
1275.284,0.328,Y4_med_rr,Yoga,Meditation
1275.596,0.312,Y4_med_rr,Yoga,Meditation
1275.9,0.304,Y4_med_rr,Yoga,Meditation
1276.196,0.296,Y4_med_rr,Yoga,Meditation
1276.488,0.292,Y4_med_rr,Yoga,Meditation
1276.792,0.304,Y4_med_rr,Yoga,Meditation
1277.544,0.752,Y4_med_rr,Yoga,Meditation
1277.884,0.34,Y4_med_rr,Yoga,Meditation
1278.228,0.344,Y4_med_rr,Yoga,Meditation
1278.592,0.364,Y4_med_rr,Yoga,Meditation
1278.992,0.4,Y4_med_rr,Yoga,Meditation
1279.464,0.472,Y4_med_rr,Yoga,Meditation
1279.972,0.508,Y4_med_rr,Yoga,Meditation
1280.844,0.872,Y4_med_rr,Yoga,Meditation
1281.276,0.432,Y4_med_rr,Yoga,Meditation
1281.644,0.368,Y4_med_rr,Yoga,Meditation
1281.988,0.344,Y4_med_rr,Yoga,Meditation
1282.324,0.336,Y4_med_rr,Yoga,Meditation
1282.652,0.328,Y4_med_rr,Yoga,Meditation
1282.972,0.32,Y4_med_rr,Yoga,Meditation
1283.316,0.344,Y4_med_rr,Yoga,Meditation
1283.764,0.448,Y4_med_rr,Yoga,Meditation
1284.216,0.452,Y4_med_rr,Yoga,Meditation
1284.676,0.46,Y4_med_rr,Yoga,Meditation
1285.136,0.46,Y4_med_rr,Yoga,Meditation
1285.624,0.488,Y4_med_rr,Yoga,Meditation
1286.144,0.52,Y4_med_rr,Yoga,Meditation
1286.644,0.5,Y4_med_rr,Yoga,Meditation
1287.14,0.496,Y4_med_rr,Yoga,Meditation
1287.6,0.46,Y4_med_rr,Yoga,Meditation
1288.008,0.408,Y4_med_rr,Yoga,Meditation
1288.38,0.372,Y4_med_rr,Yoga,Meditation
1288.74,0.36,Y4_med_rr,Yoga,Meditation
1289.084,0.344,Y4_med_rr,Yoga,Meditation
1289.408,0.324,Y4_med_rr,Yoga,Meditation
1290.096,0.688,Y4_med_rr,Yoga,Meditation
1290.42,0.324,Y4_med_rr,Yoga,Meditation
1290.74,0.32,Y4_med_rr,Yoga,Meditation
1291.056,0.316,Y4_med_rr,Yoga,Meditation
1291.912,0.856,Y4_med_rr,Yoga,Meditation
1292.184,0.272,Y4_med_rr,Yoga,Meditation
1292.732,0.548,Y4_med_rr,Yoga,Meditation
1293.14,0.408,Y4_med_rr,Yoga,Meditation
1293.516,0.376,Y4_med_rr,Yoga,Meditation
1293.872,0.356,Y4_med_rr,Yoga,Meditation
1294.212,0.34,Y4_med_rr,Yoga,Meditation
1294.556,0.344,Y4_med_rr,Yoga,Meditation
1294.876,0.32,Y4_med_rr,Yoga,Meditation
1295.24,0.364,Y4_med_rr,Yoga,Meditation
1295.6,0.36,Y4_med_rr,Yoga,Meditation
1295.956,0.356,Y4_med_rr,Yoga,Meditation
1296.32,0.364,Y4_med_rr,Yoga,Meditation
1296.692,0.372,Y4_med_rr,Yoga,Meditation
1297.092,0.4,Y4_med_rr,Yoga,Meditation
1297.424,0.332,Y4_med_rr,Yoga,Meditation
1297.952,0.528,Y4_med_rr,Yoga,Meditation
1298.416,0.464,Y4_med_rr,Yoga,Meditation
1298.884,0.468,Y4_med_rr,Yoga,Meditation
1299.34,0.456,Y4_med_rr,Yoga,Meditation
515.312,0.58,Y4_pre_rr,Yoga,Pre-Meditation
515.884,0.572,Y4_pre_rr,Yoga,Pre-Meditation
516.428,0.544,Y4_pre_rr,Yoga,Pre-Meditation
516.964,0.536,Y4_pre_rr,Yoga,Pre-Meditation
517.512,0.548,Y4_pre_rr,Yoga,Pre-Meditation
518.064,0.552,Y4_pre_rr,Yoga,Pre-Meditation
518.664,0.6,Y4_pre_rr,Yoga,Pre-Meditation
519.264,0.6,Y4_pre_rr,Yoga,Pre-Meditation
519.852,0.588,Y4_pre_rr,Yoga,Pre-Meditation
520.46,0.608,Y4_pre_rr,Yoga,Pre-Meditation
521.02,0.56,Y4_pre_rr,Yoga,Pre-Meditation
521.596,0.576,Y4_pre_rr,Yoga,Pre-Meditation
522.216,0.62,Y4_pre_rr,Yoga,Pre-Meditation
522.832,0.616,Y4_pre_rr,Yoga,Pre-Meditation
523.476,0.644,Y4_pre_rr,Yoga,Pre-Meditation
524.084,0.608,Y4_pre_rr,Yoga,Pre-Meditation
524.664,0.58,Y4_pre_rr,Yoga,Pre-Meditation
525.208,0.544,Y4_pre_rr,Yoga,Pre-Meditation
525.784,0.576,Y4_pre_rr,Yoga,Pre-Meditation
526.296,0.512,Y4_pre_rr,Yoga,Pre-Meditation
526.8,0.504,Y4_pre_rr,Yoga,Pre-Meditation
527.268,0.468,Y4_pre_rr,Yoga,Pre-Meditation
527.74,0.472,Y4_pre_rr,Yoga,Pre-Meditation
528.296,0.556,Y4_pre_rr,Yoga,Pre-Meditation
528.82,0.524,Y4_pre_rr,Yoga,Pre-Meditation
529.364,0.544,Y4_pre_rr,Yoga,Pre-Meditation
529.916,0.552,Y4_pre_rr,Yoga,Pre-Meditation
530.456,0.54,Y4_pre_rr,Yoga,Pre-Meditation
530.976,0.52,Y4_pre_rr,Yoga,Pre-Meditation
531.5,0.524,Y4_pre_rr,Yoga,Pre-Meditation
532.028,0.528,Y4_pre_rr,Yoga,Pre-Meditation
532.608,0.58,Y4_pre_rr,Yoga,Pre-Meditation
533.212,0.604,Y4_pre_rr,Yoga,Pre-Meditation
533.8,0.588,Y4_pre_rr,Yoga,Pre-Meditation
534.392,0.592,Y4_pre_rr,Yoga,Pre-Meditation
534.964,0.572,Y4_pre_rr,Yoga,Pre-Meditation
535.56,0.596,Y4_pre_rr,Yoga,Pre-Meditation
536.116,0.556,Y4_pre_rr,Yoga,Pre-Meditation
536.712,0.596,Y4_pre_rr,Yoga,Pre-Meditation
537.348,0.636,Y4_pre_rr,Yoga,Pre-Meditation
538.328,0.98,Y4_pre_rr,Yoga,Pre-Meditation
538.852,0.524,Y4_pre_rr,Yoga,Pre-Meditation
539.384,0.532,Y4_pre_rr,Yoga,Pre-Meditation
540.116,0.732,Y4_pre_rr,Yoga,Pre-Meditation
540.868,0.752,Y4_pre_rr,Yoga,Pre-Meditation
541.544,0.676,Y4_pre_rr,Yoga,Pre-Meditation
542.2,0.656,Y4_pre_rr,Yoga,Pre-Meditation
543.256,1.056,Y4_pre_rr,Yoga,Pre-Meditation
543.912,0.656,Y4_pre_rr,Yoga,Pre-Meditation
544.904,0.992,Y4_pre_rr,Yoga,Pre-Meditation
545.6,0.696,Y4_pre_rr,Yoga,Pre-Meditation
546.328,0.728,Y4_pre_rr,Yoga,Pre-Meditation
546.96,0.632,Y4_pre_rr,Yoga,Pre-Meditation
547.716,0.756,Y4_pre_rr,Yoga,Pre-Meditation
548.512,0.796,Y4_pre_rr,Yoga,Pre-Meditation
549.252,0.74,Y4_pre_rr,Yoga,Pre-Meditation
549.976,0.724,Y4_pre_rr,Yoga,Pre-Meditation
550.712,0.736,Y4_pre_rr,Yoga,Pre-Meditation
551.396,0.684,Y4_pre_rr,Yoga,Pre-Meditation
552.108,0.712,Y4_pre_rr,Yoga,Pre-Meditation
552.896,0.788,Y4_pre_rr,Yoga,Pre-Meditation
553.628,0.732,Y4_pre_rr,Yoga,Pre-Meditation
554.372,0.744,Y4_pre_rr,Yoga,Pre-Meditation
554.98,0.608,Y4_pre_rr,Yoga,Pre-Meditation
555.548,0.568,Y4_pre_rr,Yoga,Pre-Meditation
556.288,0.74,Y4_pre_rr,Yoga,Pre-Meditation
557.048,0.76,Y4_pre_rr,Yoga,Pre-Meditation
557.76,0.712,Y4_pre_rr,Yoga,Pre-Meditation
558.448,0.688,Y4_pre_rr,Yoga,Pre-Meditation
559.172,0.724,Y4_pre_rr,Yoga,Pre-Meditation
559.912,0.74,Y4_pre_rr,Yoga,Pre-Meditation
560.672,0.76,Y4_pre_rr,Yoga,Pre-Meditation
561.492,0.82,Y4_pre_rr,Yoga,Pre-Meditation
562.296,0.804,Y4_pre_rr,Yoga,Pre-Meditation
563.092,0.796,Y4_pre_rr,Yoga,Pre-Meditation
563.892,0.8,Y4_pre_rr,Yoga,Pre-Meditation
564.66,0.768,Y4_pre_rr,Yoga,Pre-Meditation
565.42,0.76,Y4_pre_rr,Yoga,Pre-Meditation
566.236,0.816,Y4_pre_rr,Yoga,Pre-Meditation
566.944,0.708,Y4_pre_rr,Yoga,Pre-Meditation
567.66,0.716,Y4_pre_rr,Yoga,Pre-Meditation
568.352,0.692,Y4_pre_rr,Yoga,Pre-Meditation
569.024,0.672,Y4_pre_rr,Yoga,Pre-Meditation
569.712,0.688,Y4_pre_rr,Yoga,Pre-Meditation
570.448,0.736,Y4_pre_rr,Yoga,Pre-Meditation
571.12,0.672,Y4_pre_rr,Yoga,Pre-Meditation
571.844,0.724,Y4_pre_rr,Yoga,Pre-Meditation
572.576,0.732,Y4_pre_rr,Yoga,Pre-Meditation
573.392,0.816,Y4_pre_rr,Yoga,Pre-Meditation
574.144,0.752,Y4_pre_rr,Yoga,Pre-Meditation
574.964,0.82,Y4_pre_rr,Yoga,Pre-Meditation
575.712,0.748,Y4_pre_rr,Yoga,Pre-Meditation
576.376,0.664,Y4_pre_rr,Yoga,Pre-Meditation
577.06,0.684,Y4_pre_rr,Yoga,Pre-Meditation
577.76,0.7,Y4_pre_rr,Yoga,Pre-Meditation
578.48,0.72,Y4_pre_rr,Yoga,Pre-Meditation
579.216,0.736,Y4_pre_rr,Yoga,Pre-Meditation
579.892,0.676,Y4_pre_rr,Yoga,Pre-Meditation
580.488,0.596,Y4_pre_rr,Yoga,Pre-Meditation
581.248,0.76,Y4_pre_rr,Yoga,Pre-Meditation
581.984,0.736,Y4_pre_rr,Yoga,Pre-Meditation
582.728,0.744,Y4_pre_rr,Yoga,Pre-Meditation
583.46,0.732,Y4_pre_rr,Yoga,Pre-Meditation
584.196,0.736,Y4_pre_rr,Yoga,Pre-Meditation
584.924,0.728,Y4_pre_rr,Yoga,Pre-Meditation
585.664,0.74,Y4_pre_rr,Yoga,Pre-Meditation
586.396,0.732,Y4_pre_rr,Yoga,Pre-Meditation
587.144,0.748,Y4_pre_rr,Yoga,Pre-Meditation
587.876,0.732,Y4_pre_rr,Yoga,Pre-Meditation
588.6,0.724,Y4_pre_rr,Yoga,Pre-Meditation
589.312,0.712,Y4_pre_rr,Yoga,Pre-Meditation
590.024,0.712,Y4_pre_rr,Yoga,Pre-Meditation
590.764,0.74,Y4_pre_rr,Yoga,Pre-Meditation
591.492,0.728,Y4_pre_rr,Yoga,Pre-Meditation
592.2,0.708,Y4_pre_rr,Yoga,Pre-Meditation
592.932,0.732,Y4_pre_rr,Yoga,Pre-Meditation
593.668,0.736,Y4_pre_rr,Yoga,Pre-Meditation
594.308,0.64,Y4_pre_rr,Yoga,Pre-Meditation
594.968,0.66,Y4_pre_rr,Yoga,Pre-Meditation
595.676,0.708,Y4_pre_rr,Yoga,Pre-Meditation
596.284,0.608,Y4_pre_rr,Yoga,Pre-Meditation
596.904,0.62,Y4_pre_rr,Yoga,Pre-Meditation
597.452,0.548,Y4_pre_rr,Yoga,Pre-Meditation
597.992,0.54,Y4_pre_rr,Yoga,Pre-Meditation
598.548,0.556,Y4_pre_rr,Yoga,Pre-Meditation
599.032,0.484,Y4_pre_rr,Yoga,Pre-Meditation
599.548,0.516,Y4_pre_rr,Yoga,Pre-Meditation
600.076,0.528,Y4_pre_rr,Yoga,Pre-Meditation
600.616,0.54,Y4_pre_rr,Yoga,Pre-Meditation
601.152,0.536,Y4_pre_rr,Yoga,Pre-Meditation
601.74,0.588,Y4_pre_rr,Yoga,Pre-Meditation
602.34,0.6,Y4_pre_rr,Yoga,Pre-Meditation
602.928,0.588,Y4_pre_rr,Yoga,Pre-Meditation
603.512,0.584,Y4_pre_rr,Yoga,Pre-Meditation
604.088,0.576,Y4_pre_rr,Yoga,Pre-Meditation
604.612,0.524,Y4_pre_rr,Yoga,Pre-Meditation
605.072,0.46,Y4_pre_rr,Yoga,Pre-Meditation
605.544,0.472,Y4_pre_rr,Yoga,Pre-Meditation
606.12,0.576,Y4_pre_rr,Yoga,Pre-Meditation
606.696,0.576,Y4_pre_rr,Yoga,Pre-Meditation
607.296,0.6,Y4_pre_rr,Yoga,Pre-Meditation
607.888,0.592,Y4_pre_rr,Yoga,Pre-Meditation
608.444,0.556,Y4_pre_rr,Yoga,Pre-Meditation
609.072,0.628,Y4_pre_rr,Yoga,Pre-Meditation
609.708,0.636,Y4_pre_rr,Yoga,Pre-Meditation
610.396,0.688,Y4_pre_rr,Yoga,Pre-Meditation
611.06,0.664,Y4_pre_rr,Yoga,Pre-Meditation
611.68,0.62,Y4_pre_rr,Yoga,Pre-Meditation
612.368,0.688,Y4_pre_rr,Yoga,Pre-Meditation
612.996,0.628,Y4_pre_rr,Yoga,Pre-Meditation
613.648,0.652,Y4_pre_rr,Yoga,Pre-Meditation
614.332,0.684,Y4_pre_rr,Yoga,Pre-Meditation
614.992,0.66,Y4_pre_rr,Yoga,Pre-Meditation
616.028,1.036,Y4_pre_rr,Yoga,Pre-Meditation
616.664,0.636,Y4_pre_rr,Yoga,Pre-Meditation
617.36,0.696,Y4_pre_rr,Yoga,Pre-Meditation
618.112,0.752,Y4_pre_rr,Yoga,Pre-Meditation
618.876,0.764,Y4_pre_rr,Yoga,Pre-Meditation
619.624,0.748,Y4_pre_rr,Yoga,Pre-Meditation
620.38,0.756,Y4_pre_rr,Yoga,Pre-Meditation
621.128,0.748,Y4_pre_rr,Yoga,Pre-Meditation
621.824,0.696,Y4_pre_rr,Yoga,Pre-Meditation
622.52,0.696,Y4_pre_rr,Yoga,Pre-Meditation
623.216,0.696,Y4_pre_rr,Yoga,Pre-Meditation
623.932,0.716,Y4_pre_rr,Yoga,Pre-Meditation
624.628,0.696,Y4_pre_rr,Yoga,Pre-Meditation
625.3,0.672,Y4_pre_rr,Yoga,Pre-Meditation
625.988,0.688,Y4_pre_rr,Yoga,Pre-Meditation
626.656,0.668,Y4_pre_rr,Yoga,Pre-Meditation
627.36,0.704,Y4_pre_rr,Yoga,Pre-Meditation
628.048,0.688,Y4_pre_rr,Yoga,Pre-Meditation
628.764,0.716,Y4_pre_rr,Yoga,Pre-Meditation
629.452,0.688,Y4_pre_rr,Yoga,Pre-Meditation
630.148,0.696,Y4_pre_rr,Yoga,Pre-Meditation
630.872,0.724,Y4_pre_rr,Yoga,Pre-Meditation
631.576,0.704,Y4_pre_rr,Yoga,Pre-Meditation
632.296,0.72,Y4_pre_rr,Yoga,Pre-Meditation
632.964,0.668,Y4_pre_rr,Yoga,Pre-Meditation
633.644,0.68,Y4_pre_rr,Yoga,Pre-Meditation
634.332,0.688,Y4_pre_rr,Yoga,Pre-Meditation
635.02,0.688,Y4_pre_rr,Yoga,Pre-Meditation
635.7,0.68,Y4_pre_rr,Yoga,Pre-Meditation
636.34,0.64,Y4_pre_rr,Yoga,Pre-Meditation
637.008,0.668,Y4_pre_rr,Yoga,Pre-Meditation
638.02,1.012,Y4_pre_rr,Yoga,Pre-Meditation
638.664,0.644,Y4_pre_rr,Yoga,Pre-Meditation
639.348,0.684,Y4_pre_rr,Yoga,Pre-Meditation
640.06,0.712,Y4_pre_rr,Yoga,Pre-Meditation
640.848,0.788,Y4_pre_rr,Yoga,Pre-Meditation
641.584,0.736,Y4_pre_rr,Yoga,Pre-Meditation
642.32,0.736,Y4_pre_rr,Yoga,Pre-Meditation
643.004,0.684,Y4_pre_rr,Yoga,Pre-Meditation
643.72,0.716,Y4_pre_rr,Yoga,Pre-Meditation
644.468,0.748,Y4_pre_rr,Yoga,Pre-Meditation
645.22,0.752,Y4_pre_rr,Yoga,Pre-Meditation
645.988,0.768,Y4_pre_rr,Yoga,Pre-Meditation
646.764,0.776,Y4_pre_rr,Yoga,Pre-Meditation
647.516,0.752,Y4_pre_rr,Yoga,Pre-Meditation
648.332,0.816,Y4_pre_rr,Yoga,Pre-Meditation
649.112,0.78,Y4_pre_rr,Yoga,Pre-Meditation
649.864,0.752,Y4_pre_rr,Yoga,Pre-Meditation
650.616,0.752,Y4_pre_rr,Yoga,Pre-Meditation
651.348,0.732,Y4_pre_rr,Yoga,Pre-Meditation
652.084,0.736,Y4_pre_rr,Yoga,Pre-Meditation
652.816,0.732,Y4_pre_rr,Yoga,Pre-Meditation
653.58,0.764,Y4_pre_rr,Yoga,Pre-Meditation
654.308,0.728,Y4_pre_rr,Yoga,Pre-Meditation
655.016,0.708,Y4_pre_rr,Yoga,Pre-Meditation
655.632,0.616,Y4_pre_rr,Yoga,Pre-Meditation
656.348,0.716,Y4_pre_rr,Yoga,Pre-Meditation
657.08,0.732,Y4_pre_rr,Yoga,Pre-Meditation
657.868,0.788,Y4_pre_rr,Yoga,Pre-Meditation
658.604,0.736,Y4_pre_rr,Yoga,Pre-Meditation
659.324,0.72,Y4_pre_rr,Yoga,Pre-Meditation
660.032,0.708,Y4_pre_rr,Yoga,Pre-Meditation
660.808,0.776,Y4_pre_rr,Yoga,Pre-Meditation
661.504,0.696,Y4_pre_rr,Yoga,Pre-Meditation
662.272,0.768,Y4_pre_rr,Yoga,Pre-Meditation
662.976,0.704,Y4_pre_rr,Yoga,Pre-Meditation
663.712,0.736,Y4_pre_rr,Yoga,Pre-Meditation
664.444,0.732,Y4_pre_rr,Yoga,Pre-Meditation
665.192,0.748,Y4_pre_rr,Yoga,Pre-Meditation
665.968,0.776,Y4_pre_rr,Yoga,Pre-Meditation
666.7,0.732,Y4_pre_rr,Yoga,Pre-Meditation
667.468,0.768,Y4_pre_rr,Yoga,Pre-Meditation
668.192,0.724,Y4_pre_rr,Yoga,Pre-Meditation
668.888,0.696,Y4_pre_rr,Yoga,Pre-Meditation
669.672,0.784,Y4_pre_rr,Yoga,Pre-Meditation
670.48,0.808,Y4_pre_rr,Yoga,Pre-Meditation
671.256,0.776,Y4_pre_rr,Yoga,Pre-Meditation
671.96,0.704,Y4_pre_rr,Yoga,Pre-Meditation
672.604,0.644,Y4_pre_rr,Yoga,Pre-Meditation
673.228,0.624,Y4_pre_rr,Yoga,Pre-Meditation
673.816,0.588,Y4_pre_rr,Yoga,Pre-Meditation
674.416,0.6,Y4_pre_rr,Yoga,Pre-Meditation
675.044,0.628,Y4_pre_rr,Yoga,Pre-Meditation
675.668,0.624,Y4_pre_rr,Yoga,Pre-Meditation
676.312,0.644,Y4_pre_rr,Yoga,Pre-Meditation
676.932,0.62,Y4_pre_rr,Yoga,Pre-Meditation
677.468,0.536,Y4_pre_rr,Yoga,Pre-Meditation
678.048,0.58,Y4_pre_rr,Yoga,Pre-Meditation
678.552,0.504,Y4_pre_rr,Yoga,Pre-Meditation
679.044,0.492,Y4_pre_rr,Yoga,Pre-Meditation
679.576,0.532,Y4_pre_rr,Yoga,Pre-Meditation
680.132,0.556,Y4_pre_rr,Yoga,Pre-Meditation
680.66,0.528,Y4_pre_rr,Yoga,Pre-Meditation
681.812,1.152,Y4_pre_rr,Yoga,Pre-Meditation
682.46,0.648,Y4_pre_rr,Yoga,Pre-Meditation
683.084,0.624,Y4_pre_rr,Yoga,Pre-Meditation
683.684,0.6,Y4_pre_rr,Yoga,Pre-Meditation
684.344,0.66,Y4_pre_rr,Yoga,Pre-Meditation
684.992,0.648,Y4_pre_rr,Yoga,Pre-Meditation
686.008,1.016,Y4_pre_rr,Yoga,Pre-Meditation
686.648,0.64,Y4_pre_rr,Yoga,Pre-Meditation
687.272,0.624,Y4_pre_rr,Yoga,Pre-Meditation
688.0,0.728,Y4_pre_rr,Yoga,Pre-Meditation
688.784,0.784,Y4_pre_rr,Yoga,Pre-Meditation
689.556,0.772,Y4_pre_rr,Yoga,Pre-Meditation
690.204,0.648,Y4_pre_rr,Yoga,Pre-Meditation
690.864,0.66,Y4_pre_rr,Yoga,Pre-Meditation
691.636,0.772,Y4_pre_rr,Yoga,Pre-Meditation
692.34,0.704,Y4_pre_rr,Yoga,Pre-Meditation
693.032,0.692,Y4_pre_rr,Yoga,Pre-Meditation
693.756,0.724,Y4_pre_rr,Yoga,Pre-Meditation
694.44,0.684,Y4_pre_rr,Yoga,Pre-Meditation
695.156,0.716,Y4_pre_rr,Yoga,Pre-Meditation
695.884,0.728,Y4_pre_rr,Yoga,Pre-Meditation
696.572,0.688,Y4_pre_rr,Yoga,Pre-Meditation
697.288,0.716,Y4_pre_rr,Yoga,Pre-Meditation
697.984,0.696,Y4_pre_rr,Yoga,Pre-Meditation
698.724,0.74,Y4_pre_rr,Yoga,Pre-Meditation
699.44,0.716,Y4_pre_rr,Yoga,Pre-Meditation
700.176,0.736,Y4_pre_rr,Yoga,Pre-Meditation
700.924,0.748,Y4_pre_rr,Yoga,Pre-Meditation
701.676,0.752,Y4_pre_rr,Yoga,Pre-Meditation
702.5,0.824,Y4_pre_rr,Yoga,Pre-Meditation
703.236,0.736,Y4_pre_rr,Yoga,Pre-Meditation
704.02,0.784,Y4_pre_rr,Yoga,Pre-Meditation
704.784,0.764,Y4_pre_rr,Yoga,Pre-Meditation
705.556,0.772,Y4_pre_rr,Yoga,Pre-Meditation
706.336,0.78,Y4_pre_rr,Yoga,Pre-Meditation
707.06,0.724,Y4_pre_rr,Yoga,Pre-Meditation
707.868,0.808,Y4_pre_rr,Yoga,Pre-Meditation
708.652,0.784,Y4_pre_rr,Yoga,Pre-Meditation
709.408,0.756,Y4_pre_rr,Yoga,Pre-Meditation
710.208,0.8,Y4_pre_rr,Yoga,Pre-Meditation
710.976,0.768,Y4_pre_rr,Yoga,Pre-Meditation
711.792,0.816,Y4_pre_rr,Yoga,Pre-Meditation
712.564,0.772,Y4_pre_rr,Yoga,Pre-Meditation
713.352,0.788,Y4_pre_rr,Yoga,Pre-Meditation
714.12,0.768,Y4_pre_rr,Yoga,Pre-Meditation
714.88,0.76,Y4_pre_rr,Yoga,Pre-Meditation
715.684,0.804,Y4_pre_rr,Yoga,Pre-Meditation
716.444,0.76,Y4_pre_rr,Yoga,Pre-Meditation
717.188,0.744,Y4_pre_rr,Yoga,Pre-Meditation
717.976,0.788,Y4_pre_rr,Yoga,Pre-Meditation
718.736,0.76,Y4_pre_rr,Yoga,Pre-Meditation
719.476,0.74,Y4_pre_rr,Yoga,Pre-Meditation
720.264,0.788,Y4_pre_rr,Yoga,Pre-Meditation
720.98,0.716,Y4_pre_rr,Yoga,Pre-Meditation
721.672,0.692,Y4_pre_rr,Yoga,Pre-Meditation
722.432,0.76,Y4_pre_rr,Yoga,Pre-Meditation
723.136,0.704,Y4_pre_rr,Yoga,Pre-Meditation
723.908,0.772,Y4_pre_rr,Yoga,Pre-Meditation
724.632,0.724,Y4_pre_rr,Yoga,Pre-Meditation
725.36,0.728,Y4_pre_rr,Yoga,Pre-Meditation
726.06,0.7,Y4_pre_rr,Yoga,Pre-Meditation
726.82,0.76,Y4_pre_rr,Yoga,Pre-Meditation
727.548,0.728,Y4_pre_rr,Yoga,Pre-Meditation
728.272,0.724,Y4_pre_rr,Yoga,Pre-Meditation
729.028,0.756,Y4_pre_rr,Yoga,Pre-Meditation
729.808,0.78,Y4_pre_rr,Yoga,Pre-Meditation
730.6,0.792,Y4_pre_rr,Yoga,Pre-Meditation
731.38,0.78,Y4_pre_rr,Yoga,Pre-Meditation
732.14,0.76,Y4_pre_rr,Yoga,Pre-Meditation
732.92,0.78,Y4_pre_rr,Yoga,Pre-Meditation
733.68,0.76,Y4_pre_rr,Yoga,Pre-Meditation
734.488,0.808,Y4_pre_rr,Yoga,Pre-Meditation
735.272,0.784,Y4_pre_rr,Yoga,Pre-Meditation
736.036,0.764,Y4_pre_rr,Yoga,Pre-Meditation
736.788,0.752,Y4_pre_rr,Yoga,Pre-Meditation
737.536,0.748,Y4_pre_rr,Yoga,Pre-Meditation
738.304,0.768,Y4_pre_rr,Yoga,Pre-Meditation
739.064,0.76,Y4_pre_rr,Yoga,Pre-Meditation
739.836,0.772,Y4_pre_rr,Yoga,Pre-Meditation
740.588,0.752,Y4_pre_rr,Yoga,Pre-Meditation
741.364,0.776,Y4_pre_rr,Yoga,Pre-Meditation
742.084,0.72,Y4_pre_rr,Yoga,Pre-Meditation
742.82,0.736,Y4_pre_rr,Yoga,Pre-Meditation
743.552,0.732,Y4_pre_rr,Yoga,Pre-Meditation
744.248,0.696,Y4_pre_rr,Yoga,Pre-Meditation
745.288,1.04,Y4_pre_rr,Yoga,Pre-Meditation
745.944,0.656,Y4_pre_rr,Yoga,Pre-Meditation
746.656,0.712,Y4_pre_rr,Yoga,Pre-Meditation
747.356,0.7,Y4_pre_rr,Yoga,Pre-Meditation
748.108,0.752,Y4_pre_rr,Yoga,Pre-Meditation
748.772,0.664,Y4_pre_rr,Yoga,Pre-Meditation
749.432,0.66,Y4_pre_rr,Yoga,Pre-Meditation
750.296,0.864,Y4_pre_rr,Yoga,Pre-Meditation
751.052,0.756,Y4_pre_rr,Yoga,Pre-Meditation
751.776,0.724,Y4_pre_rr,Yoga,Pre-Meditation
752.492,0.716,Y4_pre_rr,Yoga,Pre-Meditation
753.224,0.732,Y4_pre_rr,Yoga,Pre-Meditation
753.932,0.708,Y4_pre_rr,Yoga,Pre-Meditation
754.608,0.676,Y4_pre_rr,Yoga,Pre-Meditation
755.304,0.696,Y4_pre_rr,Yoga,Pre-Meditation
756.008,0.704,Y4_pre_rr,Yoga,Pre-Meditation
756.724,0.716,Y4_pre_rr,Yoga,Pre-Meditation
757.48,0.756,Y4_pre_rr,Yoga,Pre-Meditation
758.228,0.748,Y4_pre_rr,Yoga,Pre-Meditation
758.952,0.724,Y4_pre_rr,Yoga,Pre-Meditation
759.684,0.732,Y4_pre_rr,Yoga,Pre-Meditation
760.44,0.756,Y4_pre_rr,Yoga,Pre-Meditation
761.176,0.736,Y4_pre_rr,Yoga,Pre-Meditation
761.932,0.756,Y4_pre_rr,Yoga,Pre-Meditation
762.66,0.728,Y4_pre_rr,Yoga,Pre-Meditation
763.336,0.676,Y4_pre_rr,Yoga,Pre-Meditation
764.088,0.752,Y4_pre_rr,Yoga,Pre-Meditation
764.804,0.716,Y4_pre_rr,Yoga,Pre-Meditation
765.5,0.696,Y4_pre_rr,Yoga,Pre-Meditation
766.236,0.736,Y4_pre_rr,Yoga,Pre-Meditation
766.896,0.66,Y4_pre_rr,Yoga,Pre-Meditation
767.624,0.728,Y4_pre_rr,Yoga,Pre-Meditation
768.38,0.756,Y4_pre_rr,Yoga,Pre-Meditation
769.116,0.736,Y4_pre_rr,Yoga,Pre-Meditation
769.924,0.808,Y4_pre_rr,Yoga,Pre-Meditation
770.652,0.728,Y4_pre_rr,Yoga,Pre-Meditation
771.38,0.728,Y4_pre_rr,Yoga,Pre-Meditation
772.108,0.728,Y4_pre_rr,Yoga,Pre-Meditation
772.772,0.664,Y4_pre_rr,Yoga,Pre-Meditation
773.44,0.668,Y4_pre_rr,Yoga,Pre-Meditation
774.052,0.612,Y4_pre_rr,Yoga,Pre-Meditation
774.644,0.592,Y4_pre_rr,Yoga,Pre-Meditation
775.184,0.54,Y4_pre_rr,Yoga,Pre-Meditation
775.688,0.504,Y4_pre_rr,Yoga,Pre-Meditation
776.156,0.468,Y4_pre_rr,Yoga,Pre-Meditation
776.692,0.536,Y4_pre_rr,Yoga,Pre-Meditation
777.188,0.496,Y4_pre_rr,Yoga,Pre-Meditation
777.688,0.5,Y4_pre_rr,Yoga,Pre-Meditation
778.2,0.512,Y4_pre_rr,Yoga,Pre-Meditation
779.544,1.344,Y4_pre_rr,Yoga,Pre-Meditation
780.128,0.584,Y4_pre_rr,Yoga,Pre-Meditation
780.708,0.58,Y4_pre_rr,Yoga,Pre-Meditation
781.256,0.548,Y4_pre_rr,Yoga,Pre-Meditation
781.768,0.512,Y4_pre_rr,Yoga,Pre-Meditation
782.272,0.504,Y4_pre_rr,Yoga,Pre-Meditation
782.9,0.628,Y4_pre_rr,Yoga,Pre-Meditation
783.564,0.664,Y4_pre_rr,Yoga,Pre-Meditation
784.24,0.676,Y4_pre_rr,Yoga,Pre-Meditation
784.904,0.664,Y4_pre_rr,Yoga,Pre-Meditation
785.584,0.68,Y4_pre_rr,Yoga,Pre-Meditation
786.264,0.68,Y4_pre_rr,Yoga,Pre-Meditation
786.92,0.656,Y4_pre_rr,Yoga,Pre-Meditation
787.584,0.664,Y4_pre_rr,Yoga,Pre-Meditation
788.284,0.7,Y4_pre_rr,Yoga,Pre-Meditation
788.992,0.708,Y4_pre_rr,Yoga,Pre-Meditation
789.676,0.684,Y4_pre_rr,Yoga,Pre-Meditation
790.328,0.652,Y4_pre_rr,Yoga,Pre-Meditation
790.952,0.624,Y4_pre_rr,Yoga,Pre-Meditation
791.6,0.648,Y4_pre_rr,Yoga,Pre-Meditation
792.228,0.628,Y4_pre_rr,Yoga,Pre-Meditation
792.876,0.648,Y4_pre_rr,Yoga,Pre-Meditation
793.52,0.644,Y4_pre_rr,Yoga,Pre-Meditation
794.12,0.6,Y4_pre_rr,Yoga,Pre-Meditation
794.768,0.648,Y4_pre_rr,Yoga,Pre-Meditation
795.744,0.976,Y4_pre_rr,Yoga,Pre-Meditation
796.344,0.6,Y4_pre_rr,Yoga,Pre-Meditation
796.904,0.56,Y4_pre_rr,Yoga,Pre-Meditation
797.428,0.524,Y4_pre_rr,Yoga,Pre-Meditation
798.02,0.592,Y4_pre_rr,Yoga,Pre-Meditation
798.708,0.688,Y4_pre_rr,Yoga,Pre-Meditation
799.728,1.02,Y4_pre_rr,Yoga,Pre-Meditation
800.372,0.644,Y4_pre_rr,Yoga,Pre-Meditation
801.036,0.664,Y4_pre_rr,Yoga,Pre-Meditation
801.688,0.652,Y4_pre_rr,Yoga,Pre-Meditation
802.768,1.08,Y4_pre_rr,Yoga,Pre-Meditation
803.424,0.656,Y4_pre_rr,Yoga,Pre-Meditation
804.12,0.696,Y4_pre_rr,Yoga,Pre-Meditation
804.856,0.736,Y4_pre_rr,Yoga,Pre-Meditation
805.608,0.752,Y4_pre_rr,Yoga,Pre-Meditation
806.396,0.788,Y4_pre_rr,Yoga,Pre-Meditation
807.168,0.772,Y4_pre_rr,Yoga,Pre-Meditation
807.944,0.776,Y4_pre_rr,Yoga,Pre-Meditation
808.704,0.76,Y4_pre_rr,Yoga,Pre-Meditation
809.476,0.772,Y4_pre_rr,Yoga,Pre-Meditation
810.288,0.812,Y4_pre_rr,Yoga,Pre-Meditation
811.06,0.772,Y4_pre_rr,Yoga,Pre-Meditation
811.86,0.8,Y4_pre_rr,Yoga,Pre-Meditation
812.652,0.792,Y4_pre_rr,Yoga,Pre-Meditation
813.432,0.78,Y4_pre_rr,Yoga,Pre-Meditation
814.176,0.744,Y4_pre_rr,Yoga,Pre-Meditation
814.924,0.748,Y4_pre_rr,Yoga,Pre-Meditation
815.724,0.8,Y4_pre_rr,Yoga,Pre-Meditation
816.488,0.764,Y4_pre_rr,Yoga,Pre-Meditation
817.268,0.78,Y4_pre_rr,Yoga,Pre-Meditation
817.96,0.692,Y4_pre_rr,Yoga,Pre-Meditation
818.688,0.728,Y4_pre_rr,Yoga,Pre-Meditation
819.46,0.772,Y4_pre_rr,Yoga,Pre-Meditation
820.248,0.788,Y4_pre_rr,Yoga,Pre-Meditation
821.004,0.756,Y4_pre_rr,Yoga,Pre-Meditation
821.756,0.752,Y4_pre_rr,Yoga,Pre-Meditation
822.528,0.772,Y4_pre_rr,Yoga,Pre-Meditation
823.308,0.78,Y4_pre_rr,Yoga,Pre-Meditation
