Time,RR_Interval,Subject,Group,State
1118.664,0.34,Y3_med_rr,Yoga,Meditation
1119.02,0.356,Y3_med_rr,Yoga,Meditation
1119.416,0.396,Y3_med_rr,Yoga,Meditation
1119.892,0.476,Y3_med_rr,Yoga,Meditation
1120.332,0.44,Y3_med_rr,Yoga,Meditation
1120.788,0.456,Y3_med_rr,Yoga,Meditation
1121.228,0.44,Y3_med_rr,Yoga,Meditation
1121.636,0.408,Y3_med_rr,Yoga,Meditation
1122.024,0.388,Y3_med_rr,Yoga,Meditation
1122.384,0.36,Y3_med_rr,Yoga,Meditation
1122.732,0.348,Y3_med_rr,Yoga,Meditation
1123.072,0.34,Y3_med_rr,Yoga,Meditation
1123.4,0.328,Y3_med_rr,Yoga,Meditation
1123.724,0.324,Y3_med_rr,Yoga,Meditation
1124.064,0.34,Y3_med_rr,Yoga,Meditation
1124.428,0.364,Y3_med_rr,Yoga,Meditation
1124.792,0.364,Y3_med_rr,Yoga,Meditation
1125.148,0.356,Y3_med_rr,Yoga,Meditation
1125.496,0.348,Y3_med_rr,Yoga,Meditation
1125.84,0.344,Y3_med_rr,Yoga,Meditation
1126.184,0.344,Y3_med_rr,Yoga,Meditation
1126.516,0.332,Y3_med_rr,Yoga,Meditation
1126.848,0.332,Y3_med_rr,Yoga,Meditation
1127.168,0.32,Y3_med_rr,Yoga,Meditation
1127.472,0.304,Y3_med_rr,Yoga,Meditation
1127.788,0.316,Y3_med_rr,Yoga,Meditation
1128.112,0.324,Y3_med_rr,Yoga,Meditation
1128.508,0.396,Y3_med_rr,Yoga,Meditation
1128.916,0.408,Y3_med_rr,Yoga,Meditation
1129.324,0.408,Y3_med_rr,Yoga,Meditation
1129.724,0.4,Y3_med_rr,Yoga,Meditation
1130.112,0.388,Y3_med_rr,Yoga,Meditation
1130.484,0.372,Y3_med_rr,Yoga,Meditation
1130.84,0.356,Y3_med_rr,Yoga,Meditation
1131.18,0.34,Y3_med_rr,Yoga,Meditation
1131.508,0.328,Y3_med_rr,Yoga,Meditation
1131.832,0.324,Y3_med_rr,Yoga,Meditation
1132.152,0.32,Y3_med_rr,Yoga,Meditation
1132.48,0.328,Y3_med_rr,Yoga,Meditation
1132.816,0.336,Y3_med_rr,Yoga,Meditation
1133.184,0.368,Y3_med_rr,Yoga,Meditation
1133.604,0.42,Y3_med_rr,Yoga,Meditation
1134.048,0.444,Y3_med_rr,Yoga,Meditation
1134.496,0.448,Y3_med_rr,Yoga,Meditation
1134.936,0.44,Y3_med_rr,Yoga,Meditation
1135.352,0.416,Y3_med_rr,Yoga,Meditation
1135.74,0.388,Y3_med_rr,Yoga,Meditation
1136.104,0.364,Y3_med_rr,Yoga,Meditation
1136.44,0.336,Y3_med_rr,Yoga,Meditation
1136.768,0.328,Y3_med_rr,Yoga,Meditation
1137.088,0.32,Y3_med_rr,Yoga,Meditation
1137.404,0.316,Y3_med_rr,Yoga,Meditation
1137.728,0.324,Y3_med_rr,Yoga,Meditation
1138.076,0.348,Y3_med_rr,Yoga,Meditation
1138.452,0.376,Y3_med_rr,Yoga,Meditation
1138.88,0.428,Y3_med_rr,Yoga,Meditation
1139.352,0.472,Y3_med_rr,Yoga,Meditation
1139.808,0.456,Y3_med_rr,Yoga,Meditation
1140.264,0.456,Y3_med_rr,Yoga,Meditation
1140.692,0.428,Y3_med_rr,Yoga,Meditation
1141.08,0.388,Y3_med_rr,Yoga,Meditation
1141.444,0.364,Y3_med_rr,Yoga,Meditation
1141.784,0.34,Y3_med_rr,Yoga,Meditation
1142.112,0.328,Y3_med_rr,Yoga,Meditation
1142.432,0.32,Y3_med_rr,Yoga,Meditation
1142.748,0.316,Y3_med_rr,Yoga,Meditation
1143.076,0.328,Y3_med_rr,Yoga,Meditation
1143.452,0.376,Y3_med_rr,Yoga,Meditation
1143.86,0.408,Y3_med_rr,Yoga,Meditation
1144.264,0.404,Y3_med_rr,Yoga,Meditation
1144.672,0.408,Y3_med_rr,Yoga,Meditation
1145.052,0.38,Y3_med_rr,Yoga,Meditation
1145.428,0.376,Y3_med_rr,Yoga,Meditation
1145.788,0.36,Y3_med_rr,Yoga,Meditation
1146.132,0.344,Y3_med_rr,Yoga,Meditation
1146.468,0.336,Y3_med_rr,Yoga,Meditation
1146.8,0.332,Y3_med_rr,Yoga,Meditation
1147.14,0.34,Y3_med_rr,Yoga,Meditation
1147.528,0.388,Y3_med_rr,Yoga,Meditation
1147.92,0.392,Y3_med_rr,Yoga,Meditation
1148.332,0.412,Y3_med_rr,Yoga,Meditation
1148.736,0.404,Y3_med_rr,Yoga,Meditation
1149.144,0.408,Y3_med_rr,Yoga,Meditation
1149.52,0.376,Y3_med_rr,Yoga,Meditation
1149.884,0.364,Y3_med_rr,Yoga,Meditation
1150.236,0.352,Y3_med_rr,Yoga,Meditation
1150.572,0.336,Y3_med_rr,Yoga,Meditation
1150.896,0.324,Y3_med_rr,Yoga,Meditation
1151.22,0.324,Y3_med_rr,Yoga,Meditation
1151.536,0.316,Y3_med_rr,Yoga,Meditation
1151.892,0.356,Y3_med_rr,Yoga,Meditation
1152.34,0.448,Y3_med_rr,Yoga,Meditation
1152.748,0.408,Y3_med_rr,Yoga,Meditation
1153.16,0.412,Y3_med_rr,Yoga,Meditation
1153.572,0.412,Y3_med_rr,Yoga,Meditation
1153.952,0.38,Y3_med_rr,Yoga,Meditation
1154.316,0.364,Y3_med_rr,Yoga,Meditation
1154.668,0.352,Y3_med_rr,Yoga,Meditation
1155.012,0.344,Y3_med_rr,Yoga,Meditation
1155.344,0.332,Y3_med_rr,Yoga,Meditation
1155.676,0.332,Y3_med_rr,Yoga,Meditation
1156.024,0.348,Y3_med_rr,Yoga,Meditation
1156.388,0.364,Y3_med_rr,Yoga,Meditation
1156.756,0.368,Y3_med_rr,Yoga,Meditation
1157.188,0.432,Y3_med_rr,Yoga,Meditation
1157.58,0.392,Y3_med_rr,Yoga,Meditation
1157.96,0.38,Y3_med_rr,Yoga,Meditation
1158.328,0.368,Y3_med_rr,Yoga,Meditation
1158.708,0.38,Y3_med_rr,Yoga,Meditation
1159.076,0.368,Y3_med_rr,Yoga,Meditation
1159.424,0.348,Y3_med_rr,Yoga,Meditation
1159.76,0.336,Y3_med_rr,Yoga,Meditation
1160.084,0.324,Y3_med_rr,Yoga,Meditation
1160.4,0.316,Y3_med_rr,Yoga,Meditation
1160.712,0.312,Y3_med_rr,Yoga,Meditation
1161.032,0.32,Y3_med_rr,Yoga,Meditation
1161.356,0.324,Y3_med_rr,Yoga,Meditation
1161.708,0.352,Y3_med_rr,Yoga,Meditation
1162.108,0.4,Y3_med_rr,Yoga,Meditation
1162.568,0.46,Y3_med_rr,Yoga,Meditation
1163.0,0.432,Y3_med_rr,Yoga,Meditation
1163.444,0.444,Y3_med_rr,Yoga,Meditation
1163.868,0.424,Y3_med_rr,Yoga,Meditation
1164.252,0.384,Y3_med_rr,Yoga,Meditation
1164.604,0.352,Y3_med_rr,Yoga,Meditation
1164.94,0.336,Y3_med_rr,Yoga,Meditation
1165.256,0.316,Y3_med_rr,Yoga,Meditation
1165.564,0.308,Y3_med_rr,Yoga,Meditation
1165.876,0.312,Y3_med_rr,Yoga,Meditation
1166.196,0.32,Y3_med_rr,Yoga,Meditation
1166.536,0.34,Y3_med_rr,Yoga,Meditation
1166.904,0.368,Y3_med_rr,Yoga,Meditation
1167.328,0.424,Y3_med_rr,Yoga,Meditation
1167.768,0.44,Y3_med_rr,Yoga,Meditation
1168.208,0.44,Y3_med_rr,Yoga,Meditation
1168.684,0.476,Y3_med_rr,Yoga,Meditation
1169.14,0.456,Y3_med_rr,Yoga,Meditation
1169.584,0.444,Y3_med_rr,Yoga,Meditation
1169.988,0.404,Y3_med_rr,Yoga,Meditation
1170.368,0.38,Y3_med_rr,Yoga,Meditation
1170.724,0.356,Y3_med_rr,Yoga,Meditation
1171.068,0.344,Y3_med_rr,Yoga,Meditation
1171.404,0.336,Y3_med_rr,Yoga,Meditation
1171.728,0.324,Y3_med_rr,Yoga,Meditation
1172.048,0.32,Y3_med_rr,Yoga,Meditation
1172.376,0.328,Y3_med_rr,Yoga,Meditation
1172.736,0.36,Y3_med_rr,Yoga,Meditation
1173.124,0.388,Y3_med_rr,Yoga,Meditation
1173.524,0.4,Y3_med_rr,Yoga,Meditation
1173.916,0.392,Y3_med_rr,Yoga,Meditation
1174.3,0.384,Y3_med_rr,Yoga,Meditation
1174.672,0.372,Y3_med_rr,Yoga,Meditation
1175.032,0.36,Y3_med_rr,Yoga,Meditation
1175.372,0.34,Y3_med_rr,Yoga,Meditation
1175.7,0.328,Y3_med_rr,Yoga,Meditation
1176.02,0.32,Y3_med_rr,Yoga,Meditation
1176.34,0.32,Y3_med_rr,Yoga,Meditation
1176.664,0.324,Y3_med_rr,Yoga,Meditation
1177.02,0.356,Y3_med_rr,Yoga,Meditation
1177.412,0.392,Y3_med_rr,Yoga,Meditation
1177.876,0.464,Y3_med_rr,Yoga,Meditation
1178.352,0.476,Y3_med_rr,Yoga,Meditation
1178.82,0.468,Y3_med_rr,Yoga,Meditation
1179.268,0.448,Y3_med_rr,Yoga,Meditation
1179.676,0.408,Y3_med_rr,Yoga,Meditation
1180.06,0.384,Y3_med_rr,Yoga,Meditation
1180.416,0.356,Y3_med_rr,Yoga,Meditation
1180.756,0.34,Y3_med_rr,Yoga,Meditation
1181.096,0.34,Y3_med_rr,Yoga,Meditation
1181.436,0.34,Y3_med_rr,Yoga,Meditation
1181.8,0.364,Y3_med_rr,Yoga,Meditation
1182.248,0.448,Y3_med_rr,Yoga,Meditation
1182.72,0.472,Y3_med_rr,Yoga,Meditation
1183.192,0.472,Y3_med_rr,Yoga,Meditation
1183.648,0.456,Y3_med_rr,Yoga,Meditation
1184.072,0.424,Y3_med_rr,Yoga,Meditation
1184.468,0.396,Y3_med_rr,Yoga,Meditation
1184.844,0.376,Y3_med_rr,Yoga,Meditation
1185.2,0.356,Y3_med_rr,Yoga,Meditation
1185.532,0.332,Y3_med_rr,Yoga,Meditation
1185.856,0.324,Y3_med_rr,Yoga,Meditation
1186.18,0.324,Y3_med_rr,Yoga,Meditation
1186.512,0.332,Y3_med_rr,Yoga,Meditation
1186.872,0.36,Y3_med_rr,Yoga,Meditation
1187.284,0.412,Y3_med_rr,Yoga,Meditation
1187.744,0.46,Y3_med_rr,Yoga,Meditation
1188.248,0.504,Y3_med_rr,Yoga,Meditation
1188.748,0.5,Y3_med_rr,Yoga,Meditation
1189.212,0.464,Y3_med_rr,Yoga,Meditation
1189.652,0.44,Y3_med_rr,Yoga,Meditation
1190.048,0.396,Y3_med_rr,Yoga,Meditation
1190.42,0.372,Y3_med_rr,Yoga,Meditation
1190.78,0.36,Y3_med_rr,Yoga,Meditation
1191.132,0.352,Y3_med_rr,Yoga,Meditation
1191.476,0.344,Y3_med_rr,Yoga,Meditation
1191.84,0.364,Y3_med_rr,Yoga,Meditation
1192.232,0.392,Y3_med_rr,Yoga,Meditation
1192.64,0.408,Y3_med_rr,Yoga,Meditation
1193.028,0.388,Y3_med_rr,Yoga,Meditation
1193.4,0.372,Y3_med_rr,Yoga,Meditation
1193.756,0.356,Y3_med_rr,Yoga,Meditation
1194.1,0.344,Y3_med_rr,Yoga,Meditation
1194.428,0.328,Y3_med_rr,Yoga,Meditation
1194.756,0.328,Y3_med_rr,Yoga,Meditation
1195.072,0.316,Y3_med_rr,Yoga,Meditation
1195.4,0.328,Y3_med_rr,Yoga,Meditation
1195.756,0.356,Y3_med_rr,Yoga,Meditation
1196.2,0.444,Y3_med_rr,Yoga,Meditation
1196.624,0.424,Y3_med_rr,Yoga,Meditation
1197.06,0.436,Y3_med_rr,Yoga,Meditation
1197.464,0.404,Y3_med_rr,Yoga,Meditation
1197.852,0.388,Y3_med_rr,Yoga,Meditation
1198.22,0.368,Y3_med_rr,Yoga,Meditation
1198.568,0.348,Y3_med_rr,Yoga,Meditation
1198.896,0.328,Y3_med_rr,Yoga,Meditation
1199.216,0.32,Y3_med_rr,Yoga,Meditation
1199.54,0.324,Y3_med_rr,Yoga,Meditation
1199.872,0.332,Y3_med_rr,Yoga,Meditation
1200.256,0.384,Y3_med_rr,Yoga,Meditation
1200.708,0.452,Y3_med_rr,Yoga,Meditation
1201.16,0.452,Y3_med_rr,Yoga,Meditation
1201.608,0.448,Y3_med_rr,Yoga,Meditation
1202.02,0.412,Y3_med_rr,Yoga,Meditation
1202.412,0.392,Y3_med_rr,Yoga,Meditation
1202.776,0.364,Y3_med_rr,Yoga,Meditation
1203.124,0.348,Y3_med_rr,Yoga,Meditation
1203.468,0.344,Y3_med_rr,Yoga,Meditation
1203.792,0.324,Y3_med_rr,Yoga,Meditation
1204.116,0.324,Y3_med_rr,Yoga,Meditation
1204.44,0.324,Y3_med_rr,Yoga,Meditation
1204.768,0.328,Y3_med_rr,Yoga,Meditation
1205.1,0.332,Y3_med_rr,Yoga,Meditation
1205.452,0.352,Y3_med_rr,Yoga,Meditation
1205.908,0.456,Y3_med_rr,Yoga,Meditation
1206.368,0.46,Y3_med_rr,Yoga,Meditation
1206.82,0.452,Y3_med_rr,Yoga,Meditation
1207.268,0.448,Y3_med_rr,Yoga,Meditation
1207.688,0.42,Y3_med_rr,Yoga,Meditation
1208.088,0.4,Y3_med_rr,Yoga,Meditation
1208.46,0.372,Y3_med_rr,Yoga,Meditation
1208.808,0.348,Y3_med_rr,Yoga,Meditation
1209.148,0.34,Y3_med_rr,Yoga,Meditation
1209.476,0.328,Y3_med_rr,Yoga,Meditation
1209.808,0.332,Y3_med_rr,Yoga,Meditation
1210.164,0.356,Y3_med_rr,Yoga,Meditation
1210.556,0.392,Y3_med_rr,Yoga,Meditation
1211.06,0.504,Y3_med_rr,Yoga,Meditation
1211.532,0.472,Y3_med_rr,Yoga,Meditation
1212.016,0.484,Y3_med_rr,Yoga,Meditation
1212.472,0.456,Y3_med_rr,Yoga,Meditation
1212.888,0.416,Y3_med_rr,Yoga,Meditation
1213.28,0.392,Y3_med_rr,Yoga,Meditation
1213.648,0.368,Y3_med_rr,Yoga,Meditation
1213.996,0.348,Y3_med_rr,Yoga,Meditation
1214.336,0.34,Y3_med_rr,Yoga,Meditation
1214.676,0.34,Y3_med_rr,Yoga,Meditation
1215.024,0.348,Y3_med_rr,Yoga,Meditation
1215.424,0.4,Y3_med_rr,Yoga,Meditation
1215.892,0.468,Y3_med_rr,Yoga,Meditation
1216.36,0.468,Y3_med_rr,Yoga,Meditation
1216.828,0.468,Y3_med_rr,Yoga,Meditation
1217.268,0.44,Y3_med_rr,Yoga,Meditation
1217.684,0.416,Y3_med_rr,Yoga,Meditation
1218.068,0.384,Y3_med_rr,Yoga,Meditation
1218.432,0.364,Y3_med_rr,Yoga,Meditation
1218.78,0.348,Y3_med_rr,Yoga,Meditation
1219.116,0.336,Y3_med_rr,Yoga,Meditation
1219.448,0.332,Y3_med_rr,Yoga,Meditation
1219.788,0.34,Y3_med_rr,Yoga,Meditation
1220.14,0.352,Y3_med_rr,Yoga,Meditation
1220.54,0.4,Y3_med_rr,Yoga,Meditation
1220.964,0.424,Y3_med_rr,Yoga,Meditation
1221.368,0.404,Y3_med_rr,Yoga,Meditation
1221.76,0.392,Y3_med_rr,Yoga,Meditation
1222.124,0.364,Y3_med_rr,Yoga,Meditation
1222.476,0.352,Y3_med_rr,Yoga,Meditation
1222.82,0.344,Y3_med_rr,Yoga,Meditation
1223.152,0.332,Y3_med_rr,Yoga,Meditation
1223.48,0.328,Y3_med_rr,Yoga,Meditation
1223.816,0.336,Y3_med_rr,Yoga,Meditation
1224.188,0.372,Y3_med_rr,Yoga,Meditation
1224.624,0.436,Y3_med_rr,Yoga,Meditation
1225.052,0.428,Y3_med_rr,Yoga,Meditation
1225.488,0.436,Y3_med_rr,Yoga,Meditation
1225.904,0.416,Y3_med_rr,Yoga,Meditation
1226.296,0.392,Y3_med_rr,Yoga,Meditation
1226.664,0.368,Y3_med_rr,Yoga,Meditation
1227.008,0.344,Y3_med_rr,Yoga,Meditation
1227.348,0.34,Y3_med_rr,Yoga,Meditation
1227.66,0.312,Y3_med_rr,Yoga,Meditation
1227.968,0.308,Y3_med_rr,Yoga,Meditation
1228.276,0.308,Y3_med_rr,Yoga,Meditation
1228.592,0.316,Y3_med_rr,Yoga,Meditation
1228.928,0.336,Y3_med_rr,Yoga,Meditation
1229.296,0.368,Y3_med_rr,Yoga,Meditation
1229.72,0.424,Y3_med_rr,Yoga,Meditation
1230.188,0.468,Y3_med_rr,Yoga,Meditation
1230.68,0.492,Y3_med_rr,Yoga,Meditation
1231.172,0.492,Y3_med_rr,Yoga,Meditation
1231.648,0.476,Y3_med_rr,Yoga,Meditation
1232.112,0.464,Y3_med_rr,Yoga,Meditation
1232.532,0.42,Y3_med_rr,Yoga,Meditation
1232.912,0.38,Y3_med_rr,Yoga,Meditation
1233.28,0.368,Y3_med_rr,Yoga,Meditation
1233.616,0.336,Y3_med_rr,Yoga,Meditation
1233.956,0.34,Y3_med_rr,Yoga,Meditation
1234.3,0.344,Y3_med_rr,Yoga,Meditation
1234.688,0.388,Y3_med_rr,Yoga,Meditation
1235.156,0.468,Y3_med_rr,Yoga,Meditation
1235.604,0.448,Y3_med_rr,Yoga,Meditation
1236.048,0.444,Y3_med_rr,Yoga,Meditation
1236.484,0.436,Y3_med_rr,Yoga,Meditation
1236.892,0.408,Y3_med_rr,Yoga,Meditation
1237.268,0.376,Y3_med_rr,Yoga,Meditation
1237.628,0.36,Y3_med_rr,Yoga,Meditation
1237.972,0.344,Y3_med_rr,Yoga,Meditation
1238.32,0.348,Y3_med_rr,Yoga,Meditation
1238.668,0.348,Y3_med_rr,Yoga,Meditation
1239.044,0.376,Y3_med_rr,Yoga,Meditation
1239.472,0.428,Y3_med_rr,Yoga,Meditation
1239.948,0.476,Y3_med_rr,Yoga,Meditation
1240.404,0.456,Y3_med_rr,Yoga,Meditation
1240.836,0.432,Y3_med_rr,Yoga,Meditation
1241.236,0.4,Y3_med_rr,Yoga,Meditation
1241.608,0.372,Y3_med_rr,Yoga,Meditation
1241.972,0.364,Y3_med_rr,Yoga,Meditation
1242.328,0.356,Y3_med_rr,Yoga,Meditation
1242.664,0.336,Y3_med_rr,Yoga,Meditation
1242.996,0.332,Y3_med_rr,Yoga,Meditation
1243.352,0.356,Y3_med_rr,Yoga,Meditation
1243.716,0.364,Y3_med_rr,Yoga,Meditation
1244.08,0.364,Y3_med_rr,Yoga,Meditation
1244.42,0.34,Y3_med_rr,Yoga,Meditation
1244.756,0.336,Y3_med_rr,Yoga,Meditation
1245.088,0.332,Y3_med_rr,Yoga,Meditation
1245.424,0.336,Y3_med_rr,Yoga,Meditation
1245.776,0.352,Y3_med_rr,Yoga,Meditation
1246.184,0.408,Y3_med_rr,Yoga,Meditation
1246.604,0.42,Y3_med_rr,Yoga,Meditation
1247.024,0.42,Y3_med_rr,Yoga,Meditation
1247.428,0.404,Y3_med_rr,Yoga,Meditation
1247.812,0.384,Y3_med_rr,Yoga,Meditation
1248.18,0.368,Y3_med_rr,Yoga,Meditation
1248.532,0.352,Y3_med_rr,Yoga,Meditation
1248.872,0.34,Y3_med_rr,Yoga,Meditation
1249.204,0.332,Y3_med_rr,Yoga,Meditation
1249.54,0.336,Y3_med_rr,Yoga,Meditation
1249.884,0.344,Y3_med_rr,Yoga,Meditation
1250.284,0.4,Y3_med_rr,Yoga,Meditation
1250.792,0.508,Y3_med_rr,Yoga,Meditation
1251.256,0.464,Y3_med_rr,Yoga,Meditation
1251.716,0.46,Y3_med_rr,Yoga,Meditation
1252.136,0.42,Y3_med_rr,Yoga,Meditation
1252.544,0.408,Y3_med_rr,Yoga,Meditation
1252.92,0.376,Y3_med_rr,Yoga,Meditation
1253.284,0.364,Y3_med_rr,Yoga,Meditation
1253.64,0.356,Y3_med_rr,Yoga,Meditation
1253.984,0.344,Y3_med_rr,Yoga,Meditation
1254.332,0.348,Y3_med_rr,Yoga,Meditation
1254.72,0.388,Y3_med_rr,Yoga,Meditation
1255.144,0.424,Y3_med_rr,Yoga,Meditation
1255.56,0.416,Y3_med_rr,Yoga,Meditation
1255.968,0.408,Y3_med_rr,Yoga,Meditation
1256.34,0.372,Y3_med_rr,Yoga,Meditation
1256.7,0.36,Y3_med_rr,Yoga,Meditation
1257.056,0.356,Y3_med_rr,Yoga,Meditation
1257.404,0.348,Y3_med_rr,Yoga,Meditation
1257.744,0.34,Y3_med_rr,Yoga,Meditation
1258.088,0.344,Y3_med_rr,Yoga,Meditation
1258.456,0.368,Y3_med_rr,Yoga,Meditation
1258.908,0.452,Y3_med_rr,Yoga,Meditation
1259.38,0.472,Y3_med_rr,Yoga,Meditation
1259.848,0.468,Y3_med_rr,Yoga,Meditation
1260.296,0.448,Y3_med_rr,Yoga,Meditation
1260.712,0.416,Y3_med_rr,Yoga,Meditation
1261.108,0.396,Y3_med_rr,Yoga,Meditation
1261.48,0.372,Y3_med_rr,Yoga,Meditation
1261.836,0.356,Y3_med_rr,Yoga,Meditation
1262.176,0.34,Y3_med_rr,Yoga,Meditation
1262.508,0.332,Y3_med_rr,Yoga,Meditation
1262.836,0.328,Y3_med_rr,Yoga,Meditation
1263.172,0.336,Y3_med_rr,Yoga,Meditation
1263.524,0.352,Y3_med_rr,Yoga,Meditation
1263.896,0.372,Y3_med_rr,Yoga,Meditation
1264.288,0.392,Y3_med_rr,Yoga,Meditation
1264.66,0.372,Y3_med_rr,Yoga,Meditation
1265.012,0.352,Y3_med_rr,Yoga,Meditation
1265.364,0.352,Y3_med_rr,Yoga,Meditation
1265.712,0.348,Y3_med_rr,Yoga,Meditation
1266.08,0.368,Y3_med_rr,Yoga,Meditation
1266.436,0.356,Y3_med_rr,Yoga,Meditation
1266.796,0.36,Y3_med_rr,Yoga,Meditation
1267.148,0.352,Y3_med_rr,Yoga,Meditation
1267.504,0.356,Y3_med_rr,Yoga,Meditation
1267.86,0.356,Y3_med_rr,Yoga,Meditation
1268.236,0.376,Y3_med_rr,Yoga,Meditation
1268.616,0.38,Y3_med_rr,Yoga,Meditation
1268.98,0.364,Y3_med_rr,Yoga,Meditation
1269.368,0.388,Y3_med_rr,Yoga,Meditation
1269.756,0.388,Y3_med_rr,Yoga,Meditation
1270.148,0.392,Y3_med_rr,Yoga,Meditation
1270.532,0.384,Y3_med_rr,Yoga,Meditation
1270.9,0.368,Y3_med_rr,Yoga,Meditation
1271.252,0.352,Y3_med_rr,Yoga,Meditation
1271.6,0.348,Y3_med_rr,Yoga,Meditation
1271.92,0.32,Y3_med_rr,Yoga,Meditation
1272.248,0.328,Y3_med_rr,Yoga,Meditation
1272.552,0.304,Y3_med_rr,Yoga,Meditation
1272.864,0.312,Y3_med_rr,Yoga,Meditation
1273.18,0.316,Y3_med_rr,Yoga,Meditation
1273.52,0.34,Y3_med_rr,Yoga,Meditation
1273.944,0.424,Y3_med_rr,Yoga,Meditation
1274.388,0.444,Y3_med_rr,Yoga,Meditation
1274.832,0.444,Y3_med_rr,Yoga,Meditation
1275.28,0.448,Y3_med_rr,Yoga,Meditation
1275.716,0.436,Y3_med_rr,Yoga,Meditation
1276.116,0.4,Y3_med_rr,Yoga,Meditation
1276.496,0.38,Y3_med_rr,Yoga,Meditation
1276.86,0.364,Y3_med_rr,Yoga,Meditation
1277.216,0.356,Y3_med_rr,Yoga,Meditation
1277.568,0.352,Y3_med_rr,Yoga,Meditation
1277.932,0.364,Y3_med_rr,Yoga,Meditation
1278.324,0.392,Y3_med_rr,Yoga,Meditation
1278.728,0.404,Y3_med_rr,Yoga,Meditation
1279.128,0.4,Y3_med_rr,Yoga,Meditation
1279.516,0.388,Y3_med_rr,Yoga,Meditation
1279.884,0.368,Y3_med_rr,Yoga,Meditation
1280.24,0.356,Y3_med_rr,Yoga,Meditation
1280.576,0.336,Y3_med_rr,Yoga,Meditation
1280.9,0.324,Y3_med_rr,Yoga,Meditation
1281.228,0.328,Y3_med_rr,Yoga,Meditation
1281.54,0.312,Y3_med_rr,Yoga,Meditation
1281.864,0.324,Y3_med_rr,Yoga,Meditation
1282.216,0.352,Y3_med_rr,Yoga,Meditation
1282.604,0.388,Y3_med_rr,Yoga,Meditation
1283.06,0.456,Y3_med_rr,Yoga,Meditation
1283.528,0.468,Y3_med_rr,Yoga,Meditation
1283.984,0.456,Y3_med_rr,Yoga,Meditation
1284.42,0.436,Y3_med_rr,Yoga,Meditation
1284.824,0.404,Y3_med_rr,Yoga,Meditation
1285.188,0.364,Y3_med_rr,Yoga,Meditation
1285.564,0.376,Y3_med_rr,Yoga,Meditation
1285.916,0.352,Y3_med_rr,Yoga,Meditation
1286.26,0.344,Y3_med_rr,Yoga,Meditation
1286.608,0.348,Y3_med_rr,Yoga,Meditation
1287.0,0.392,Y3_med_rr,Yoga,Meditation
1287.408,0.408,Y3_med_rr,Yoga,Meditation
1287.808,0.4,Y3_med_rr,Yoga,Meditation
1288.188,0.38,Y3_med_rr,Yoga,Meditation
1288.552,0.364,Y3_med_rr,Yoga,Meditation
1288.892,0.34,Y3_med_rr,Yoga,Meditation
1289.228,0.336,Y3_med_rr,Yoga,Meditation
1289.556,0.328,Y3_med_rr,Yoga,Meditation
1289.888,0.332,Y3_med_rr,Yoga,Meditation
1290.28,0.392,Y3_med_rr,Yoga,Meditation
1290.708,0.428,Y3_med_rr,Yoga,Meditation
1291.152,0.444,Y3_med_rr,Yoga,Meditation
1291.58,0.428,Y3_med_rr,Yoga,Meditation
1291.984,0.404,Y3_med_rr,Yoga,Meditation
1292.368,0.384,Y3_med_rr,Yoga,Meditation
1292.744,0.376,Y3_med_rr,Yoga,Meditation
1293.112,0.368,Y3_med_rr,Yoga,Meditation
1293.476,0.364,Y3_med_rr,Yoga,Meditation
1293.88,0.404,Y3_med_rr,Yoga,Meditation
1294.344,0.464,Y3_med_rr,Yoga,Meditation
1294.804,0.46,Y3_med_rr,Yoga,Meditation
1295.252,0.448,Y3_med_rr,Yoga,Meditation
1295.668,0.416,Y3_med_rr,Yoga,Meditation
1296.064,0.396,Y3_med_rr,Yoga,Meditation
1296.44,0.376,Y3_med_rr,Yoga,Meditation
1296.796,0.356,Y3_med_rr,Yoga,Meditation
1297.144,0.348,Y3_med_rr,Yoga,Meditation
1297.488,0.344,Y3_med_rr,Yoga,Meditation
1297.836,0.348,Y3_med_rr,Yoga,Meditation
1298.2,0.364,Y3_med_rr,Yoga,Meditation
1298.608,0.408,Y3_med_rr,Yoga,Meditation
1299.1,0.492,Y3_med_rr,Yoga,Meditation
1299.584,0.484,Y3_med_rr,Yoga,Meditation
1300.064,0.48,Y3_med_rr,Yoga,Meditation
1300.52,0.456,Y3_med_rr,Yoga,Meditation
1300.94,0.42,Y3_med_rr,Yoga,Meditation
1301.34,0.4,Y3_med_rr,Yoga,Meditation
1301.7,0.36,Y3_med_rr,Yoga,Meditation
1302.06,0.36,Y3_med_rr,Yoga,Meditation
1302.404,0.344,Y3_med_rr,Yoga,Meditation
1302.74,0.336,Y3_med_rr,Yoga,Meditation
1303.088,0.348,Y3_med_rr,Yoga,Meditation
1303.464,0.376,Y3_med_rr,Yoga,Meditation
1303.888,0.424,Y3_med_rr,Yoga,Meditation
1304.336,0.448,Y3_med_rr,Yoga,Meditation
1304.768,0.432,Y3_med_rr,Yoga,Meditation
1305.18,0.412,Y3_med_rr,Yoga,Meditation
1305.572,0.392,Y3_med_rr,Yoga,Meditation
1305.944,0.372,Y3_med_rr,Yoga,Meditation
1306.292,0.348,Y3_med_rr,Yoga,Meditation
1306.632,0.34,Y3_med_rr,Yoga,Meditation
1306.964,0.332,Y3_med_rr,Yoga,Meditation
1307.292,0.328,Y3_med_rr,Yoga,Meditation
1307.624,0.332,Y3_med_rr,Yoga,Meditation
1308.016,0.392,Y3_med_rr,Yoga,Meditation
1308.44,0.424,Y3_med_rr,Yoga,Meditation
1308.88,0.44,Y3_med_rr,Yoga,Meditation
1309.316,0.436,Y3_med_rr,Yoga,Meditation
1309.732,0.416,Y3_med_rr,Yoga,Meditation
1310.128,0.396,Y3_med_rr,Yoga,Meditation
1310.508,0.38,Y3_med_rr,Yoga,Meditation
1310.872,0.364,Y3_med_rr,Yoga,Meditation
1311.236,0.364,Y3_med_rr,Yoga,Meditation
1311.588,0.352,Y3_med_rr,Yoga,Meditation
1311.948,0.36,Y3_med_rr,Yoga,Meditation
1312.328,0.38,Y3_med_rr,Yoga,Meditation
1312.792,0.464,Y3_med_rr,Yoga,Meditation
1313.236,0.444,Y3_med_rr,Yoga,Meditation
1313.692,0.456,Y3_med_rr,Yoga,Meditation
1314.12,0.428,Y3_med_rr,Yoga,Meditation
1314.52,0.4,Y3_med_rr,Yoga,Meditation
1314.9,0.38,Y3_med_rr,Yoga,Meditation
1315.256,0.356,Y3_med_rr,Yoga,Meditation
1315.596,0.34,Y3_med_rr,Yoga,Meditation
1315.928,0.332,Y3_med_rr,Yoga,Meditation
1316.256,0.328,Y3_med_rr,Yoga,Meditation
1316.596,0.34,Y3_med_rr,Yoga,Meditation
1316.948,0.352,Y3_med_rr,Yoga,Meditation
1317.364,0.416,Y3_med_rr,Yoga,Meditation
1317.816,0.452,Y3_med_rr,Yoga,Meditation
1318.268,0.452,Y3_med_rr,Yoga,Meditation
1318.72,0.452,Y3_med_rr,Yoga,Meditation
1319.144,0.424,Y3_med_rr,Yoga,Meditation
1319.544,0.4,Y3_med_rr,Yoga,Meditation
1319.924,0.38,Y3_med_rr,Yoga,Meditation
1320.288,0.364,Y3_med_rr,Yoga,Meditation
1320.64,0.352,Y3_med_rr,Yoga,Meditation
1320.988,0.348,Y3_med_rr,Yoga,Meditation
1321.336,0.348,Y3_med_rr,Yoga,Meditation
1321.7,0.364,Y3_med_rr,Yoga,Meditation
1322.096,0.396,Y3_med_rr,Yoga,Meditation
1322.536,0.44,Y3_med_rr,Yoga,Meditation
1322.968,0.432,Y3_med_rr,Yoga,Meditation
1323.388,0.42,Y3_med_rr,Yoga,Meditation
1323.788,0.4,Y3_med_rr,Yoga,Meditation
1324.164,0.376,Y3_med_rr,Yoga,Meditation
1324.52,0.356,Y3_med_rr,Yoga,Meditation
1324.86,0.34,Y3_med_rr,Yoga,Meditation
1325.192,0.332,Y3_med_rr,Yoga,Meditation
1325.528,0.336,Y3_med_rr,Yoga,Meditation
1325.864,0.336,Y3_med_rr,Yoga,Meditation
1326.224,0.36,Y3_med_rr,Yoga,Meditation
1326.612,0.388,Y3_med_rr,Yoga,Meditation
1327.004,0.392,Y3_med_rr,Yoga,Meditation
1327.396,0.392,Y3_med_rr,Yoga,Meditation
1327.776,0.38,Y3_med_rr,Yoga,Meditation
1328.132,0.356,Y3_med_rr,Yoga,Meditation
1328.484,0.352,Y3_med_rr,Yoga,Meditation
1328.832,0.348,Y3_med_rr,Yoga,Meditation
1329.156,0.324,Y3_med_rr,Yoga,Meditation
1329.488,0.332,Y3_med_rr,Yoga,Meditation
1329.816,0.328,Y3_med_rr,Yoga,Meditation
1330.164,0.348,Y3_med_rr,Yoga,Meditation
1330.548,0.384,Y3_med_rr,Yoga,Meditation
1330.964,0.416,Y3_med_rr,Yoga,Meditation
1331.38,0.416,Y3_med_rr,Yoga,Meditation
1331.796,0.416,Y3_med_rr,Yoga,Meditation
1332.184,0.388,Y3_med_rr,Yoga,Meditation
1332.548,0.364,Y3_med_rr,Yoga,Meditation
1332.904,0.356,Y3_med_rr,Yoga,Meditation
1333.248,0.344,Y3_med_rr,Yoga,Meditation
1333.564,0.316,Y3_med_rr,Yoga,Meditation
1333.892,0.328,Y3_med_rr,Yoga,Meditation
1334.216,0.324,Y3_med_rr,Yoga,Meditation
1334.54,0.324,Y3_med_rr,Yoga,Meditation
1334.916,0.376,Y3_med_rr,Yoga,Meditation
1335.352,0.436,Y3_med_rr,Yoga,Meditation
1335.784,0.432,Y3_med_rr,Yoga,Meditation
1336.22,0.436,Y3_med_rr,Yoga,Meditation
1336.636,0.416,Y3_med_rr,Yoga,Meditation
1337.036,0.4,Y3_med_rr,Yoga,Meditation
1337.4,0.364,Y3_med_rr,Yoga,Meditation
1337.752,0.352,Y3_med_rr,Yoga,Meditation
1338.092,0.34,Y3_med_rr,Yoga,Meditation
1338.44,0.348,Y3_med_rr,Yoga,Meditation
1338.824,0.384,Y3_med_rr,Yoga,Meditation
1339.252,0.428,Y3_med_rr,Yoga,Meditation
1339.68,0.428,Y3_med_rr,Yoga,Meditation
1340.104,0.424,Y3_med_rr,Yoga,Meditation
1340.516,0.412,Y3_med_rr,Yoga,Meditation
1340.896,0.38,Y3_med_rr,Yoga,Meditation
1341.268,0.372,Y3_med_rr,Yoga,Meditation
1341.628,0.36,Y3_med_rr,Yoga,Meditation
1341.98,0.352,Y3_med_rr,Yoga,Meditation
1342.348,0.368,Y3_med_rr,Yoga,Meditation
1342.792,0.444,Y3_med_rr,Yoga,Meditation
1343.24,0.448,Y3_med_rr,Yoga,Meditation
1343.684,0.444,Y3_med_rr,Yoga,Meditation
1344.112,0.428,Y3_med_rr,Yoga,Meditation
1344.512,0.4,Y3_med_rr,Yoga,Meditation
1344.896,0.384,Y3_med_rr,Yoga,Meditation
1345.252,0.356,Y3_med_rr,Yoga,Meditation
1345.592,0.34,Y3_med_rr,Yoga,Meditation
1345.916,0.324,Y3_med_rr,Yoga,Meditation
1346.24,0.324,Y3_med_rr,Yoga,Meditation
1346.556,0.316,Y3_med_rr,Yoga,Meditation
1346.888,0.332,Y3_med_rr,Yoga,Meditation
1347.256,0.368,Y3_med_rr,Yoga,Meditation
1347.696,0.44,Y3_med_rr,Yoga,Meditation
1348.128,0.432,Y3_med_rr,Yoga,Meditation
1348.568,0.44,Y3_med_rr,Yoga,Meditation
1348.988,0.42,Y3_med_rr,Yoga,Meditation
1349.404,0.416,Y3_med_rr,Yoga,Meditation
1349.792,0.388,Y3_med_rr,Yoga,Meditation
1350.164,0.372,Y3_med_rr,Yoga,Meditation
1350.516,0.352,Y3_med_rr,Yoga,Meditation
1350.86,0.344,Y3_med_rr,Yoga,Meditation
1351.192,0.332,Y3_med_rr,Yoga,Meditation
1351.508,0.316,Y3_med_rr,Yoga,Meditation
1351.824,0.316,Y3_med_rr,Yoga,Meditation
1352.136,0.312,Y3_med_rr,Yoga,Meditation
1352.464,0.328,Y3_med_rr,Yoga,Meditation
1352.824,0.36,Y3_med_rr,Yoga,Meditation
1353.264,0.44,Y3_med_rr,Yoga,Meditation
1353.704,0.44,Y3_med_rr,Yoga,Meditation
1354.16,0.456,Y3_med_rr,Yoga,Meditation
1354.604,0.444,Y3_med_rr,Yoga,Meditation
1355.032,0.428,Y3_med_rr,Yoga,Meditation
1355.44,0.408,Y3_med_rr,Yoga,Meditation
1355.824,0.384,Y3_med_rr,Yoga,Meditation
1356.188,0.364,Y3_med_rr,Yoga,Meditation
1356.54,0.352,Y3_med_rr,Yoga,Meditation
1356.876,0.336,Y3_med_rr,Yoga,Meditation
1357.216,0.34,Y3_med_rr,Yoga,Meditation
1357.56,0.344,Y3_med_rr,Yoga,Meditation
1357.924,0.364,Y3_med_rr,Yoga,Meditation
1358.344,0.42,Y3_med_rr,Yoga,Meditation
1358.78,0.436,Y3_med_rr,Yoga,Meditation
1359.216,0.436,Y3_med_rr,Yoga,Meditation
1359.652,0.436,Y3_med_rr,Yoga,Meditation
1360.068,0.416,Y3_med_rr,Yoga,Meditation
1360.46,0.392,Y3_med_rr,Yoga,Meditation
1360.828,0.368,Y3_med_rr,Yoga,Meditation
1361.176,0.348,Y3_med_rr,Yoga,Meditation
1361.52,0.344,Y3_med_rr,Yoga,Meditation
1361.856,0.336,Y3_med_rr,Yoga,Meditation
1362.172,0.316,Y3_med_rr,Yoga,Meditation
1362.5,0.328,Y3_med_rr,Yoga,Meditation
1362.852,0.352,Y3_med_rr,Yoga,Meditation
1363.26,0.408,Y3_med_rr,Yoga,Meditation
1363.704,0.444,Y3_med_rr,Yoga,Meditation
1364.148,0.444,Y3_med_rr,Yoga,Meditation
1364.6,0.452,Y3_med_rr,Yoga,Meditation
1365.032,0.432,Y3_med_rr,Yoga,Meditation
1365.444,0.412,Y3_med_rr,Yoga,Meditation
1365.824,0.38,Y3_med_rr,Yoga,Meditation
1366.188,0.364,Y3_med_rr,Yoga,Meditation
1366.544,0.356,Y3_med_rr,Yoga,Meditation
1366.884,0.34,Y3_med_rr,Yoga,Meditation
1367.22,0.336,Y3_med_rr,Yoga,Meditation
1367.568,0.348,Y3_med_rr,Yoga,Meditation
1367.92,0.352,Y3_med_rr,Yoga,Meditation
1368.32,0.4,Y3_med_rr,Yoga,Meditation
1368.792,0.472,Y3_med_rr,Yoga,Meditation
1369.272,0.48,Y3_med_rr,Yoga,Meditation
1369.72,0.448,Y3_med_rr,Yoga,Meditation
1370.152,0.432,Y3_med_rr,Yoga,Meditation
1370.56,0.408,Y3_med_rr,Yoga,Meditation
1370.948,0.388,Y3_med_rr,Yoga,Meditation
1371.312,0.364,Y3_med_rr,Yoga,Meditation
1371.668,0.356,Y3_med_rr,Yoga,Meditation
1372.008,0.34,Y3_med_rr,Yoga,Meditation
1372.352,0.344,Y3_med_rr,Yoga,Meditation
1372.7,0.348,Y3_med_rr,Yoga,Meditation
1373.08,0.38,Y3_med_rr,Yoga,Meditation
1373.532,0.452,Y3_med_rr,Yoga,Meditation
1373.98,0.448,Y3_med_rr,Yoga,Meditation
1374.416,0.436,Y3_med_rr,Yoga,Meditation
1374.82,0.404,Y3_med_rr,Yoga,Meditation
1375.196,0.376,Y3_med_rr,Yoga,Meditation
1375.568,0.372,Y3_med_rr,Yoga,Meditation
1375.936,0.368,Y3_med_rr,Yoga,Meditation
1376.288,0.352,Y3_med_rr,Yoga,Meditation
1376.636,0.348,Y3_med_rr,Yoga,Meditation
1377.0,0.364,Y3_med_rr,Yoga,Meditation
1377.4,0.4,Y3_med_rr,Yoga,Meditation
1377.836,0.436,Y3_med_rr,Yoga,Meditation
1378.28,0.444,Y3_med_rr,Yoga,Meditation
1378.704,0.424,Y3_med_rr,Yoga,Meditation
1379.108,0.404,Y3_med_rr,Yoga,Meditation
1379.496,0.388,Y3_med_rr,Yoga,Meditation
1379.856,0.36,Y3_med_rr,Yoga,Meditation
1380.212,0.356,Y3_med_rr,Yoga,Meditation
1380.56,0.348,Y3_med_rr,Yoga,Meditation
1380.9,0.34,Y3_med_rr,Yoga,Meditation
1381.248,0.348,Y3_med_rr,Yoga,Meditation
1381.62,0.372,Y3_med_rr,Yoga,Meditation
1382.02,0.4,Y3_med_rr,Yoga,Meditation
1382.44,0.42,Y3_med_rr,Yoga,Meditation
1382.924,0.484,Y3_med_rr,Yoga,Meditation
1383.352,0.428,Y3_med_rr,Yoga,Meditation
1383.756,0.404,Y3_med_rr,Yoga,Meditation
1384.144,0.388,Y3_med_rr,Yoga,Meditation
1384.512,0.368,Y3_med_rr,Yoga,Meditation
1384.872,0.36,Y3_med_rr,Yoga,Meditation
1385.232,0.36,Y3_med_rr,Yoga,Meditation
1385.584,0.352,Y3_med_rr,Yoga,Meditation
1385.928,0.344,Y3_med_rr,Yoga,Meditation
1386.284,0.356,Y3_med_rr,Yoga,Meditation
1386.648,0.364,Y3_med_rr,Yoga,Meditation
1387.044,0.396,Y3_med_rr,Yoga,Meditation
1387.48,0.436,Y3_med_rr,Yoga,Meditation
1387.94,0.46,Y3_med_rr,Yoga,Meditation
1388.384,0.444,Y3_med_rr,Yoga,Meditation
1388.816,0.432,Y3_med_rr,Yoga,Meditation
1389.216,0.4,Y3_med_rr,Yoga,Meditation
1389.596,0.38,Y3_med_rr,Yoga,Meditation
1389.952,0.356,Y3_med_rr,Yoga,Meditation
1390.3,0.348,Y3_med_rr,Yoga,Meditation
1390.64,0.34,Y3_med_rr,Yoga,Meditation
1390.968,0.328,Y3_med_rr,Yoga,Meditation
1391.312,0.344,Y3_med_rr,Yoga,Meditation
1391.696,0.384,Y3_med_rr,Yoga,Meditation
1392.176,0.48,Y3_med_rr,Yoga,Meditation
1392.652,0.476,Y3_med_rr,Yoga,Meditation
1393.136,0.484,Y3_med_rr,Yoga,Meditation
1393.612,0.476,Y3_med_rr,Yoga,Meditation
1394.044,0.432,Y3_med_rr,Yoga,Meditation
1394.452,0.408,Y3_med_rr,Yoga,Meditation
1394.832,0.38,Y3_med_rr,Yoga,Meditation
1395.192,0.36,Y3_med_rr,Yoga,Meditation
1395.54,0.348,Y3_med_rr,Yoga,Meditation
1395.884,0.344,Y3_med_rr,Yoga,Meditation
1396.228,0.344,Y3_med_rr,Yoga,Meditation
1396.612,0.384,Y3_med_rr,Yoga,Meditation
1397.024,0.412,Y3_med_rr,Yoga,Meditation
1397.484,0.46,Y3_med_rr,Yoga,Meditation
1397.88,0.396,Y3_med_rr,Yoga,Meditation
1398.292,0.412,Y3_med_rr,Yoga,Meditation
1398.664,0.372,Y3_med_rr,Yoga,Meditation
1399.028,0.364,Y3_med_rr,Yoga,Meditation
1399.384,0.356,Y3_med_rr,Yoga,Meditation
1399.736,0.352,Y3_med_rr,Yoga,Meditation
1400.1,0.364,Y3_med_rr,Yoga,Meditation
1400.48,0.38,Y3_med_rr,Yoga,Meditation
1400.868,0.388,Y3_med_rr,Yoga,Meditation
1401.256,0.388,Y3_med_rr,Yoga,Meditation
1401.636,0.38,Y3_med_rr,Yoga,Meditation
1402.0,0.364,Y3_med_rr,Yoga,Meditation
1402.344,0.344,Y3_med_rr,Yoga,Meditation
1402.684,0.34,Y3_med_rr,Yoga,Meditation
1403.012,0.328,Y3_med_rr,Yoga,Meditation
1403.34,0.328,Y3_med_rr,Yoga,Meditation
1403.68,0.34,Y3_med_rr,Yoga,Meditation
1404.048,0.368,Y3_med_rr,Yoga,Meditation
1404.488,0.44,Y3_med_rr,Yoga,Meditation
1404.928,0.44,Y3_med_rr,Yoga,Meditation
1405.376,0.448,Y3_med_rr,Yoga,Meditation
1405.8,0.424,Y3_med_rr,Yoga,Meditation
1406.212,0.412,Y3_med_rr,Yoga,Meditation
1406.6,0.388,Y3_med_rr,Yoga,Meditation
1406.976,0.376,Y3_med_rr,Yoga,Meditation
1407.336,0.36,Y3_med_rr,Yoga,Meditation
1407.692,0.356,Y3_med_rr,Yoga,Meditation
1408.044,0.352,Y3_med_rr,Yoga,Meditation
1408.42,0.376,Y3_med_rr,Yoga,Meditation
1408.84,0.42,Y3_med_rr,Yoga,Meditation
1409.276,0.436,Y3_med_rr,Yoga,Meditation
1409.708,0.432,Y3_med_rr,Yoga,Meditation
1410.152,0.444,Y3_med_rr,Yoga,Meditation
1410.56,0.408,Y3_med_rr,Yoga,Meditation
1410.944,0.384,Y3_med_rr,Yoga,Meditation
1411.312,0.368,Y3_med_rr,Yoga,Meditation
1411.664,0.352,Y3_med_rr,Yoga,Meditation
1412.008,0.344,Y3_med_rr,Yoga,Meditation
1412.348,0.34,Y3_med_rr,Yoga,Meditation
1412.692,0.344,Y3_med_rr,Yoga,Meditation
1413.064,0.372,Y3_med_rr,Yoga,Meditation
1413.48,0.416,Y3_med_rr,Yoga,Meditation
1413.916,0.436,Y3_med_rr,Yoga,Meditation
1414.344,0.428,Y3_med_rr,Yoga,Meditation
1414.748,0.404,Y3_med_rr,Yoga,Meditation
1415.136,0.388,Y3_med_rr,Yoga,Meditation
1415.508,0.372,Y3_med_rr,Yoga,Meditation
1415.868,0.36,Y3_med_rr,Yoga,Meditation
1416.22,0.352,Y3_med_rr,Yoga,Meditation
1416.568,0.348,Y3_med_rr,Yoga,Meditation
1416.912,0.344,Y3_med_rr,Yoga,Meditation
1417.292,0.38,Y3_med_rr,Yoga,Meditation
1417.684,0.392,Y3_med_rr,Yoga,Meditation
1418.076,0.392,Y3_med_rr,Yoga,Meditation
1418.448,0.372,Y3_med_rr,Yoga,Meditation
1418.816,0.368,Y3_med_rr,Yoga,Meditation
1419.16,0.344,Y3_med_rr,Yoga,Meditation
1419.5,0.34,Y3_med_rr,Yoga,Meditation
1419.824,0.324,Y3_med_rr,Yoga,Meditation
1420.14,0.316,Y3_med_rr,Yoga,Meditation
1420.46,0.32,Y3_med_rr,Yoga,Meditation
1420.788,0.328,Y3_med_rr,Yoga,Meditation
1421.124,0.336,Y3_med_rr,Yoga,Meditation
1421.52,0.396,Y3_med_rr,Yoga,Meditation
1422.04,0.52,Y3_med_rr,Yoga,Meditation
1422.532,0.492,Y3_med_rr,Yoga,Meditation
1423.008,0.476,Y3_med_rr,Yoga,Meditation
1423.456,0.448,Y3_med_rr,Yoga,Meditation
1423.872,0.416,Y3_med_rr,Yoga,Meditation
1424.26,0.388,Y3_med_rr,Yoga,Meditation
1424.628,0.368,Y3_med_rr,Yoga,Meditation
1424.992,0.364,Y3_med_rr,Yoga,Meditation
1425.348,0.356,Y3_med_rr,Yoga,Meditation
1425.72,0.372,Y3_med_rr,Yoga,Meditation
1426.128,0.408,Y3_med_rr,Yoga,Meditation
1426.572,0.444,Y3_med_rr,Yoga,Meditation
1427.028,0.456,Y3_med_rr,Yoga,Meditation
1427.472,0.444,Y3_med_rr,Yoga,Meditation
1427.9,0.428,Y3_med_rr,Yoga,Meditation
1428.3,0.4,Y3_med_rr,Yoga,Meditation
1428.684,0.384,Y3_med_rr,Yoga,Meditation
1429.052,0.368,Y3_med_rr,Yoga,Meditation
1429.4,0.348,Y3_med_rr,Yoga,Meditation
1429.74,0.34,Y3_med_rr,Yoga,Meditation
1430.076,0.336,Y3_med_rr,Yoga,Meditation
1430.408,0.332,Y3_med_rr,Yoga,Meditation
1430.748,0.34,Y3_med_rr,Yoga,Meditation
1431.108,0.36,Y3_med_rr,Yoga,Meditation
1431.548,0.44,Y3_med_rr,Yoga,Meditation
1432.04,0.492,Y3_med_rr,Yoga,Meditation
1432.528,0.488,Y3_med_rr,Yoga,Meditation
1433.004,0.476,Y3_med_rr,Yoga,Meditation
1433.448,0.444,Y3_med_rr,Yoga,Meditation
1433.852,0.404,Y3_med_rr,Yoga,Meditation
1434.224,0.372,Y3_med_rr,Yoga,Meditation
1434.592,0.368,Y3_med_rr,Yoga,Meditation
1434.952,0.36,Y3_med_rr,Yoga,Meditation
1435.3,0.348,Y3_med_rr,Yoga,Meditation
1435.668,0.368,Y3_med_rr,Yoga,Meditation
1436.096,0.428,Y3_med_rr,Yoga,Meditation
1436.528,0.432,Y3_med_rr,Yoga,Meditation
1436.964,0.436,Y3_med_rr,Yoga,Meditation
1437.388,0.424,Y3_med_rr,Yoga,Meditation
1437.788,0.4,Y3_med_rr,Yoga,Meditation
1438.168,0.38,Y3_med_rr,Yoga,Meditation
1438.532,0.364,Y3_med_rr,Yoga,Meditation
1438.884,0.352,Y3_med_rr,Yoga,Meditation
1439.228,0.344,Y3_med_rr,Yoga,Meditation
1439.568,0.34,Y3_med_rr,Yoga,Meditation
1439.904,0.336,Y3_med_rr,Yoga,Meditation
1440.256,0.352,Y3_med_rr,Yoga,Meditation
1440.62,0.364,Y3_med_rr,Yoga,Meditation
1441.056,0.436,Y3_med_rr,Yoga,Meditation
1441.572,0.516,Y3_med_rr,Yoga,Meditation
1442.056,0.484,Y3_med_rr,Yoga,Meditation
1442.54,0.484,Y3_med_rr,Yoga,Meditation
1442.996,0.456,Y3_med_rr,Yoga,Meditation
1443.424,0.428,Y3_med_rr,Yoga,Meditation
1443.808,0.384,Y3_med_rr,Yoga,Meditation
1444.176,0.368,Y3_med_rr,Yoga,Meditation
1444.524,0.348,Y3_med_rr,Yoga,Meditation
1444.864,0.34,Y3_med_rr,Yoga,Meditation
1445.212,0.348,Y3_med_rr,Yoga,Meditation
1445.568,0.356,Y3_med_rr,Yoga,Meditation
1445.952,0.384,Y3_med_rr,Yoga,Meditation
1446.372,0.42,Y3_med_rr,Yoga,Meditation
1446.856,0.484,Y3_med_rr,Yoga,Meditation
1447.316,0.46,Y3_med_rr,Yoga,Meditation
1447.78,0.464,Y3_med_rr,Yoga,Meditation
1448.212,0.432,Y3_med_rr,Yoga,Meditation
1448.624,0.412,Y3_med_rr,Yoga,Meditation
1449.008,0.384,Y3_med_rr,Yoga,Meditation
1449.372,0.364,Y3_med_rr,Yoga,Meditation
1449.724,0.352,Y3_med_rr,Yoga,Meditation
1450.064,0.34,Y3_med_rr,Yoga,Meditation
1450.404,0.34,Y3_med_rr,Yoga,Meditation
1450.732,0.328,Y3_med_rr,Yoga,Meditation
1451.068,0.336,Y3_med_rr,Yoga,Meditation
1451.424,0.356,Y3_med_rr,Yoga,Meditation
1451.812,0.388,Y3_med_rr,Yoga,Meditation
1452.304,0.492,Y3_med_rr,Yoga,Meditation
1452.784,0.48,Y3_med_rr,Yoga,Meditation
1453.252,0.468,Y3_med_rr,Yoga,Meditation
1453.716,0.464,Y3_med_rr,Yoga,Meditation
1454.152,0.436,Y3_med_rr,Yoga,Meditation
1454.56,0.408,Y3_med_rr,Yoga,Meditation
1454.956,0.396,Y3_med_rr,Yoga,Meditation
1455.324,0.368,Y3_med_rr,Yoga,Meditation
1455.684,0.36,Y3_med_rr,Yoga,Meditation
1456.028,0.344,Y3_med_rr,Yoga,Meditation
1456.364,0.336,Y3_med_rr,Yoga,Meditation
1456.7,0.336,Y3_med_rr,Yoga,Meditation
1457.052,0.352,Y3_med_rr,Yoga,Meditation
1457.436,0.384,Y3_med_rr,Yoga,Meditation
1457.844,0.408,Y3_med_rr,Yoga,Meditation
1458.304,0.46,Y3_med_rr,Yoga,Meditation
1458.772,0.468,Y3_med_rr,Yoga,Meditation
1459.24,0.468,Y3_med_rr,Yoga,Meditation
1459.7,0.46,Y3_med_rr,Yoga,Meditation
1460.128,0.428,Y3_med_rr,Yoga,Meditation
1460.52,0.392,Y3_med_rr,Yoga,Meditation
1460.888,0.368,Y3_med_rr,Yoga,Meditation
1461.244,0.356,Y3_med_rr,Yoga,Meditation
1461.592,0.348,Y3_med_rr,Yoga,Meditation
1461.944,0.352,Y3_med_rr,Yoga,Meditation
1462.324,0.38,Y3_med_rr,Yoga,Meditation
1462.756,0.432,Y3_med_rr,Yoga,Meditation
1463.184,0.428,Y3_med_rr,Yoga,Meditation
1463.604,0.42,Y3_med_rr,Yoga,Meditation
1463.996,0.392,Y3_med_rr,Yoga,Meditation
1464.376,0.38,Y3_med_rr,Yoga,Meditation
1464.74,0.364,Y3_med_rr,Yoga,Meditation
1465.088,0.348,Y3_med_rr,Yoga,Meditation
1465.424,0.336,Y3_med_rr,Yoga,Meditation
1465.764,0.34,Y3_med_rr,Yoga,Meditation
1466.108,0.344,Y3_med_rr,Yoga,Meditation
1466.484,0.376,Y3_med_rr,Yoga,Meditation
670.94,0.492,Y3_pre_rr,Yoga,Pre-Meditation
671.456,0.516,Y3_pre_rr,Yoga,Pre-Meditation
671.968,0.512,Y3_pre_rr,Yoga,Pre-Meditation
672.448,0.48,Y3_pre_rr,Yoga,Pre-Meditation
672.944,0.496,Y3_pre_rr,Yoga,Pre-Meditation
673.452,0.508,Y3_pre_rr,Yoga,Pre-Meditation
673.908,0.456,Y3_pre_rr,Yoga,Pre-Meditation
674.38,0.472,Y3_pre_rr,Yoga,Pre-Meditation
674.844,0.464,Y3_pre_rr,Yoga,Pre-Meditation
675.276,0.432,Y3_pre_rr,Yoga,Pre-Meditation
675.716,0.44,Y3_pre_rr,Yoga,Pre-Meditation
676.184,0.468,Y3_pre_rr,Yoga,Pre-Meditation
676.612,0.428,Y3_pre_rr,Yoga,Pre-Meditation
677.06,0.448,Y3_pre_rr,Yoga,Pre-Meditation
677.548,0.488,Y3_pre_rr,Yoga,Pre-Meditation
678.072,0.524,Y3_pre_rr,Yoga,Pre-Meditation
678.576,0.504,Y3_pre_rr,Yoga,Pre-Meditation
679.096,0.52,Y3_pre_rr,Yoga,Pre-Meditation
679.628,0.532,Y3_pre_rr,Yoga,Pre-Meditation
680.088,0.46,Y3_pre_rr,Yoga,Pre-Meditation
680.552,0.464,Y3_pre_rr,Yoga,Pre-Meditation
681.0,0.448,Y3_pre_rr,Yoga,Pre-Meditation
681.432,0.432,Y3_pre_rr,Yoga,Pre-Meditation
681.9,0.468,Y3_pre_rr,Yoga,Pre-Meditation
682.4,0.5,Y3_pre_rr,Yoga,Pre-Meditation
682.868,0.468,Y3_pre_rr,Yoga,Pre-Meditation
683.364,0.496,Y3_pre_rr,Yoga,Pre-Meditation
683.868,0.504,Y3_pre_rr,Yoga,Pre-Meditation
684.344,0.476,Y3_pre_rr,Yoga,Pre-Meditation
684.856,0.512,Y3_pre_rr,Yoga,Pre-Meditation
685.392,0.536,Y3_pre_rr,Yoga,Pre-Meditation
685.86,0.468,Y3_pre_rr,Yoga,Pre-Meditation
686.344,0.484,Y3_pre_rr,Yoga,Pre-Meditation
686.812,0.468,Y3_pre_rr,Yoga,Pre-Meditation
687.256,0.444,Y3_pre_rr,Yoga,Pre-Meditation
687.72,0.464,Y3_pre_rr,Yoga,Pre-Meditation
688.216,0.496,Y3_pre_rr,Yoga,Pre-Meditation
688.672,0.456,Y3_pre_rr,Yoga,Pre-Meditation
689.14,0.468,Y3_pre_rr,Yoga,Pre-Meditation
689.62,0.48,Y3_pre_rr,Yoga,Pre-Meditation
690.1,0.48,Y3_pre_rr,Yoga,Pre-Meditation
690.596,0.496,Y3_pre_rr,Yoga,Pre-Meditation
691.096,0.5,Y3_pre_rr,Yoga,Pre-Meditation
691.568,0.472,Y3_pre_rr,Yoga,Pre-Meditation
692.044,0.476,Y3_pre_rr,Yoga,Pre-Meditation
692.488,0.444,Y3_pre_rr,Yoga,Pre-Meditation
692.916,0.428,Y3_pre_rr,Yoga,Pre-Meditation
693.34,0.424,Y3_pre_rr,Yoga,Pre-Meditation
693.772,0.432,Y3_pre_rr,Yoga,Pre-Meditation
694.18,0.408,Y3_pre_rr,Yoga,Pre-Meditation
694.596,0.416,Y3_pre_rr,Yoga,Pre-Meditation
695.02,0.424,Y3_pre_rr,Yoga,Pre-Meditation
695.416,0.396,Y3_pre_rr,Yoga,Pre-Meditation
695.836,0.42,Y3_pre_rr,Yoga,Pre-Meditation
696.252,0.416,Y3_pre_rr,Yoga,Pre-Meditation
696.68,0.428,Y3_pre_rr,Yoga,Pre-Meditation
697.168,0.488,Y3_pre_rr,Yoga,Pre-Meditation
697.712,0.544,Y3_pre_rr,Yoga,Pre-Meditation
698.212,0.5,Y3_pre_rr,Yoga,Pre-Meditation
698.728,0.516,Y3_pre_rr,Yoga,Pre-Meditation
699.192,0.464,Y3_pre_rr,Yoga,Pre-Meditation
699.664,0.472,Y3_pre_rr,Yoga,Pre-Meditation
700.144,0.48,Y3_pre_rr,Yoga,Pre-Meditation
700.588,0.444,Y3_pre_rr,Yoga,Pre-Meditation
701.068,0.48,Y3_pre_rr,Yoga,Pre-Meditation
701.532,0.464,Y3_pre_rr,Yoga,Pre-Meditation
702.0,0.468,Y3_pre_rr,Yoga,Pre-Meditation
702.476,0.476,Y3_pre_rr,Yoga,Pre-Meditation
702.912,0.436,Y3_pre_rr,Yoga,Pre-Meditation
703.368,0.456,Y3_pre_rr,Yoga,Pre-Meditation
703.8,0.432,Y3_pre_rr,Yoga,Pre-Meditation
704.22,0.42,Y3_pre_rr,Yoga,Pre-Meditation
704.656,0.436,Y3_pre_rr,Yoga,Pre-Meditation
705.104,0.448,Y3_pre_rr,Yoga,Pre-Meditation
705.576,0.472,Y3_pre_rr,Yoga,Pre-Meditation
706.04,0.464,Y3_pre_rr,Yoga,Pre-Meditation
706.516,0.476,Y3_pre_rr,Yoga,Pre-Meditation
706.98,0.464,Y3_pre_rr,Yoga,Pre-Meditation
707.448,0.468,Y3_pre_rr,Yoga,Pre-Meditation
707.94,0.492,Y3_pre_rr,Yoga,Pre-Meditation
708.472,0.532,Y3_pre_rr,Yoga,Pre-Meditation
708.968,0.496,Y3_pre_rr,Yoga,Pre-Meditation
709.488,0.52,Y3_pre_rr,Yoga,Pre-Meditation
709.996,0.508,Y3_pre_rr,Yoga,Pre-Meditation
710.488,0.492,Y3_pre_rr,Yoga,Pre-Meditation
710.988,0.5,Y3_pre_rr,Yoga,Pre-Meditation
711.492,0.504,Y3_pre_rr,Yoga,Pre-Meditation
711.984,0.492,Y3_pre_rr,Yoga,Pre-Meditation
712.492,0.508,Y3_pre_rr,Yoga,Pre-Meditation
712.96,0.468,Y3_pre_rr,Yoga,Pre-Meditation
713.436,0.476,Y3_pre_rr,Yoga,Pre-Meditation
713.932,0.496,Y3_pre_rr,Yoga,Pre-Meditation
714.408,0.476,Y3_pre_rr,Yoga,Pre-Meditation
714.888,0.48,Y3_pre_rr,Yoga,Pre-Meditation
715.384,0.496,Y3_pre_rr,Yoga,Pre-Meditation
715.828,0.444,Y3_pre_rr,Yoga,Pre-Meditation
716.276,0.448,Y3_pre_rr,Yoga,Pre-Meditation
716.724,0.448,Y3_pre_rr,Yoga,Pre-Meditation
717.184,0.46,Y3_pre_rr,Yoga,Pre-Meditation
717.668,0.484,Y3_pre_rr,Yoga,Pre-Meditation
718.192,0.524,Y3_pre_rr,Yoga,Pre-Meditation
718.692,0.5,Y3_pre_rr,Yoga,Pre-Meditation
719.204,0.512,Y3_pre_rr,Yoga,Pre-Meditation
719.732,0.528,Y3_pre_rr,Yoga,Pre-Meditation
720.224,0.492,Y3_pre_rr,Yoga,Pre-Meditation
720.692,0.468,Y3_pre_rr,Yoga,Pre-Meditation
721.152,0.46,Y3_pre_rr,Yoga,Pre-Meditation
721.564,0.412,Y3_pre_rr,Yoga,Pre-Meditation
722.0,0.436,Y3_pre_rr,Yoga,Pre-Meditation
722.464,0.464,Y3_pre_rr,Yoga,Pre-Meditation
722.936,0.472,Y3_pre_rr,Yoga,Pre-Meditation
723.428,0.492,Y3_pre_rr,Yoga,Pre-Meditation
723.916,0.488,Y3_pre_rr,Yoga,Pre-Meditation
724.372,0.456,Y3_pre_rr,Yoga,Pre-Meditation
724.84,0.468,Y3_pre_rr,Yoga,Pre-Meditation
725.308,0.468,Y3_pre_rr,Yoga,Pre-Meditation
725.76,0.452,Y3_pre_rr,Yoga,Pre-Meditation
726.224,0.464,Y3_pre_rr,Yoga,Pre-Meditation
726.688,0.464,Y3_pre_rr,Yoga,Pre-Meditation
727.14,0.452,Y3_pre_rr,Yoga,Pre-Meditation
727.628,0.488,Y3_pre_rr,Yoga,Pre-Meditation
728.144,0.516,Y3_pre_rr,Yoga,Pre-Meditation
728.652,0.508,Y3_pre_rr,Yoga,Pre-Meditation
729.176,0.524,Y3_pre_rr,Yoga,Pre-Meditation
729.7,0.524,Y3_pre_rr,Yoga,Pre-Meditation
730.136,0.436,Y3_pre_rr,Yoga,Pre-Meditation
730.584,0.448,Y3_pre_rr,Yoga,Pre-Meditation
731.024,0.44,Y3_pre_rr,Yoga,Pre-Meditation
731.488,0.464,Y3_pre_rr,Yoga,Pre-Meditation
731.96,0.472,Y3_pre_rr,Yoga,Pre-Meditation
732.48,0.52,Y3_pre_rr,Yoga,Pre-Meditation
733.016,0.536,Y3_pre_rr,Yoga,Pre-Meditation
733.504,0.488,Y3_pre_rr,Yoga,Pre-Meditation
734.0,0.496,Y3_pre_rr,Yoga,Pre-Meditation
734.492,0.492,Y3_pre_rr,Yoga,Pre-Meditation
734.936,0.444,Y3_pre_rr,Yoga,Pre-Meditation
735.36,0.424,Y3_pre_rr,Yoga,Pre-Meditation
735.804,0.444,Y3_pre_rr,Yoga,Pre-Meditation
736.284,0.48,Y3_pre_rr,Yoga,Pre-Meditation
736.804,0.52,Y3_pre_rr,Yoga,Pre-Meditation
737.324,0.52,Y3_pre_rr,Yoga,Pre-Meditation
737.808,0.484,Y3_pre_rr,Yoga,Pre-Meditation
738.336,0.528,Y3_pre_rr,Yoga,Pre-Meditation
738.876,0.54,Y3_pre_rr,Yoga,Pre-Meditation
739.364,0.488,Y3_pre_rr,Yoga,Pre-Meditation
739.868,0.504,Y3_pre_rr,Yoga,Pre-Meditation
740.4,0.532,Y3_pre_rr,Yoga,Pre-Meditation
740.904,0.504,Y3_pre_rr,Yoga,Pre-Meditation
741.408,0.504,Y3_pre_rr,Yoga,Pre-Meditation
741.912,0.504,Y3_pre_rr,Yoga,Pre-Meditation
742.384,0.472,Y3_pre_rr,Yoga,Pre-Meditation
742.844,0.46,Y3_pre_rr,Yoga,Pre-Meditation
743.316,0.472,Y3_pre_rr,Yoga,Pre-Meditation
743.78,0.464,Y3_pre_rr,Yoga,Pre-Meditation
744.3,0.52,Y3_pre_rr,Yoga,Pre-Meditation
744.872,0.572,Y3_pre_rr,Yoga,Pre-Meditation
745.368,0.496,Y3_pre_rr,Yoga,Pre-Meditation
745.836,0.468,Y3_pre_rr,Yoga,Pre-Meditation
746.268,0.432,Y3_pre_rr,Yoga,Pre-Meditation
746.664,0.396,Y3_pre_rr,Yoga,Pre-Meditation
747.064,0.4,Y3_pre_rr,Yoga,Pre-Meditation
747.46,0.396,Y3_pre_rr,Yoga,Pre-Meditation
747.852,0.392,Y3_pre_rr,Yoga,Pre-Meditation
748.256,0.404,Y3_pre_rr,Yoga,Pre-Meditation
748.672,0.416,Y3_pre_rr,Yoga,Pre-Meditation
749.072,0.4,Y3_pre_rr,Yoga,Pre-Meditation
749.468,0.396,Y3_pre_rr,Yoga,Pre-Meditation
749.868,0.4,Y3_pre_rr,Yoga,Pre-Meditation
750.284,0.416,Y3_pre_rr,Yoga,Pre-Meditation
750.752,0.468,Y3_pre_rr,Yoga,Pre-Meditation
751.196,0.444,Y3_pre_rr,Yoga,Pre-Meditation
751.672,0.476,Y3_pre_rr,Yoga,Pre-Meditation
752.172,0.5,Y3_pre_rr,Yoga,Pre-Meditation
752.688,0.516,Y3_pre_rr,Yoga,Pre-Meditation
753.18,0.492,Y3_pre_rr,Yoga,Pre-Meditation
753.684,0.504,Y3_pre_rr,Yoga,Pre-Meditation
754.188,0.504,Y3_pre_rr,Yoga,Pre-Meditation
754.664,0.476,Y3_pre_rr,Yoga,Pre-Meditation
755.156,0.492,Y3_pre_rr,Yoga,Pre-Meditation
755.648,0.492,Y3_pre_rr,Yoga,Pre-Meditation
756.084,0.436,Y3_pre_rr,Yoga,Pre-Meditation
756.512,0.428,Y3_pre_rr,Yoga,Pre-Meditation
756.96,0.448,Y3_pre_rr,Yoga,Pre-Meditation
757.444,0.484,Y3_pre_rr,Yoga,Pre-Meditation
757.924,0.48,Y3_pre_rr,Yoga,Pre-Meditation
758.432,0.508,Y3_pre_rr,Yoga,Pre-Meditation
758.956,0.524,Y3_pre_rr,Yoga,Pre-Meditation
759.456,0.5,Y3_pre_rr,Yoga,Pre-Meditation
759.96,0.504,Y3_pre_rr,Yoga,Pre-Meditation
760.48,0.52,Y3_pre_rr,Yoga,Pre-Meditation
760.944,0.464,Y3_pre_rr,Yoga,Pre-Meditation
761.412,0.468,Y3_pre_rr,Yoga,Pre-Meditation
761.9,0.488,Y3_pre_rr,Yoga,Pre-Meditation
762.376,0.476,Y3_pre_rr,Yoga,Pre-Meditation
762.852,0.476,Y3_pre_rr,Yoga,Pre-Meditation
763.336,0.484,Y3_pre_rr,Yoga,Pre-Meditation
763.804,0.468,Y3_pre_rr,Yoga,Pre-Meditation
764.268,0.464,Y3_pre_rr,Yoga,Pre-Meditation
764.748,0.48,Y3_pre_rr,Yoga,Pre-Meditation
765.244,0.496,Y3_pre_rr,Yoga,Pre-Meditation
765.708,0.464,Y3_pre_rr,Yoga,Pre-Meditation
766.208,0.5,Y3_pre_rr,Yoga,Pre-Meditation
766.712,0.504,Y3_pre_rr,Yoga,Pre-Meditation
767.188,0.476,Y3_pre_rr,Yoga,Pre-Meditation
767.688,0.5,Y3_pre_rr,Yoga,Pre-Meditation
768.188,0.5,Y3_pre_rr,Yoga,Pre-Meditation
768.644,0.456,Y3_pre_rr,Yoga,Pre-Meditation
769.124,0.48,Y3_pre_rr,Yoga,Pre-Meditation
769.628,0.504,Y3_pre_rr,Yoga,Pre-Meditation
770.092,0.464,Y3_pre_rr,Yoga,Pre-Meditation
770.576,0.484,Y3_pre_rr,Yoga,Pre-Meditation
771.06,0.484,Y3_pre_rr,Yoga,Pre-Meditation
771.504,0.444,Y3_pre_rr,Yoga,Pre-Meditation
771.956,0.452,Y3_pre_rr,Yoga,Pre-Meditation
772.428,0.472,Y3_pre_rr,Yoga,Pre-Meditation
772.96,0.532,Y3_pre_rr,Yoga,Pre-Meditation
773.46,0.5,Y3_pre_rr,Yoga,Pre-Meditation
773.984,0.524,Y3_pre_rr,Yoga,Pre-Meditation
774.524,0.54,Y3_pre_rr,Yoga,Pre-Meditation
775.028,0.504,Y3_pre_rr,Yoga,Pre-Meditation
775.528,0.5,Y3_pre_rr,Yoga,Pre-Meditation
776.032,0.504,Y3_pre_rr,Yoga,Pre-Meditation
776.544,0.512,Y3_pre_rr,Yoga,Pre-Meditation
777.096,0.552,Y3_pre_rr,Yoga,Pre-Meditation
777.652,0.556,Y3_pre_rr,Yoga,Pre-Meditation
778.128,0.476,Y3_pre_rr,Yoga,Pre-Meditation
778.616,0.488,Y3_pre_rr,Yoga,Pre-Meditation
779.116,0.5,Y3_pre_rr,Yoga,Pre-Meditation
779.564,0.448,Y3_pre_rr,Yoga,Pre-Meditation
780.024,0.46,Y3_pre_rr,Yoga,Pre-Meditation
780.48,0.456,Y3_pre_rr,Yoga,Pre-Meditation
780.912,0.432,Y3_pre_rr,Yoga,Pre-Meditation
781.368,0.456,Y3_pre_rr,Yoga,Pre-Meditation
781.856,0.488,Y3_pre_rr,Yoga,Pre-Meditation
782.32,0.464,Y3_pre_rr,Yoga,Pre-Meditation
782.792,0.472,Y3_pre_rr,Yoga,Pre-Meditation
783.264,0.472,Y3_pre_rr,Yoga,Pre-Meditation
783.724,0.46,Y3_pre_rr,Yoga,Pre-Meditation
784.164,0.44,Y3_pre_rr,Yoga,Pre-Meditation
784.62,0.456,Y3_pre_rr,Yoga,Pre-Meditation
785.072,0.452,Y3_pre_rr,Yoga,Pre-Meditation
785.5,0.428,Y3_pre_rr,Yoga,Pre-Meditation
785.948,0.448,Y3_pre_rr,Yoga,Pre-Meditation
786.38,0.432,Y3_pre_rr,Yoga,Pre-Meditation
786.784,0.404,Y3_pre_rr,Yoga,Pre-Meditation
787.204,0.42,Y3_pre_rr,Yoga,Pre-Meditation
787.648,0.444,Y3_pre_rr,Yoga,Pre-Meditation
788.116,0.468,Y3_pre_rr,Yoga,Pre-Meditation
788.612,0.496,Y3_pre_rr,Yoga,Pre-Meditation
789.128,0.516,Y3_pre_rr,Yoga,Pre-Meditation
789.6,0.472,Y3_pre_rr,Yoga,Pre-Meditation
790.132,0.532,Y3_pre_rr,Yoga,Pre-Meditation
790.7,0.568,Y3_pre_rr,Yoga,Pre-Meditation
791.22,0.52,Y3_pre_rr,Yoga,Pre-Meditation
791.772,0.552,Y3_pre_rr,Yoga,Pre-Meditation
792.312,0.54,Y3_pre_rr,Yoga,Pre-Meditation
792.812,0.5,Y3_pre_rr,Yoga,Pre-Meditation
793.324,0.512,Y3_pre_rr,Yoga,Pre-Meditation
793.816,0.492,Y3_pre_rr,Yoga,Pre-Meditation
794.288,0.472,Y3_pre_rr,Yoga,Pre-Meditation
794.768,0.48,Y3_pre_rr,Yoga,Pre-Meditation
795.248,0.48,Y3_pre_rr,Yoga,Pre-Meditation
795.696,0.448,Y3_pre_rr,Yoga,Pre-Meditation
796.184,0.488,Y3_pre_rr,Yoga,Pre-Meditation
796.684,0.5,Y3_pre_rr,Yoga,Pre-Meditation
797.148,0.464,Y3_pre_rr,Yoga,Pre-Meditation
797.656,0.508,Y3_pre_rr,Yoga,Pre-Meditation
798.188,0.532,Y3_pre_rr,Yoga,Pre-Meditation
798.656,0.468,Y3_pre_rr,Yoga,Pre-Meditation
799.16,0.504,Y3_pre_rr,Yoga,Pre-Meditation
799.668,0.508,Y3_pre_rr,Yoga,Pre-Meditation
800.14,0.472,Y3_pre_rr,Yoga,Pre-Meditation
800.688,0.548,Y3_pre_rr,Yoga,Pre-Meditation
801.264,0.576,Y3_pre_rr,Yoga,Pre-Meditation
801.776,0.512,Y3_pre_rr,Yoga,Pre-Meditation
802.312,0.536,Y3_pre_rr,Yoga,Pre-Meditation
802.848,0.536,Y3_pre_rr,Yoga,Pre-Meditation
803.328,0.48,Y3_pre_rr,Yoga,Pre-Meditation
803.812,0.484,Y3_pre_rr,Yoga,Pre-Meditation
804.296,0.484,Y3_pre_rr,Yoga,Pre-Meditation
804.764,0.468,Y3_pre_rr,Yoga,Pre-Meditation
805.268,0.504,Y3_pre_rr,Yoga,Pre-Meditation
805.812,0.544,Y3_pre_rr,Yoga,Pre-Meditation
806.3,0.488,Y3_pre_rr,Yoga,Pre-Meditation
806.82,0.52,Y3_pre_rr,Yoga,Pre-Meditation
807.344,0.524,Y3_pre_rr,Yoga,Pre-Meditation
807.824,0.48,Y3_pre_rr,Yoga,Pre-Meditation
808.272,0.448,Y3_pre_rr,Yoga,Pre-Meditation
808.684,0.412,Y3_pre_rr,Yoga,Pre-Meditation
809.092,0.408,Y3_pre_rr,Yoga,Pre-Meditation
809.548,0.456,Y3_pre_rr,Yoga,Pre-Meditation
810.048,0.5,Y3_pre_rr,Yoga,Pre-Meditation
810.524,0.476,Y3_pre_rr,Yoga,Pre-Meditation
810.96,0.436,Y3_pre_rr,Yoga,Pre-Meditation
811.388,0.428,Y3_pre_rr,Yoga,Pre-Meditation
811.836,0.448,Y3_pre_rr,Yoga,Pre-Meditation
812.264,0.428,Y3_pre_rr,Yoga,Pre-Meditation
812.692,0.428,Y3_pre_rr,Yoga,Pre-Meditation
813.116,0.424,Y3_pre_rr,Yoga,Pre-Meditation
813.532,0.416,Y3_pre_rr,Yoga,Pre-Meditation
813.928,0.396,Y3_pre_rr,Yoga,Pre-Meditation
814.344,0.416,Y3_pre_rr,Yoga,Pre-Meditation
814.756,0.412,Y3_pre_rr,Yoga,Pre-Meditation
815.212,0.456,Y3_pre_rr,Yoga,Pre-Meditation
815.648,0.436,Y3_pre_rr,Yoga,Pre-Meditation
816.096,0.448,Y3_pre_rr,Yoga,Pre-Meditation
816.588,0.492,Y3_pre_rr,Yoga,Pre-Meditation
817.092,0.504,Y3_pre_rr,Yoga,Pre-Meditation
817.584,0.492,Y3_pre_rr,Yoga,Pre-Meditation
818.084,0.5,Y3_pre_rr,Yoga,Pre-Meditation
818.588,0.504,Y3_pre_rr,Yoga,Pre-Meditation
819.096,0.508,Y3_pre_rr,Yoga,Pre-Meditation
819.568,0.472,Y3_pre_rr,Yoga,Pre-Meditation
820.072,0.504,Y3_pre_rr,Yoga,Pre-Meditation
820.58,0.508,Y3_pre_rr,Yoga,Pre-Meditation
821.056,0.476,Y3_pre_rr,Yoga,Pre-Meditation
821.544,0.488,Y3_pre_rr,Yoga,Pre-Meditation
822.044,0.5,Y3_pre_rr,Yoga,Pre-Meditation
822.544,0.5,Y3_pre_rr,Yoga,Pre-Meditation
823.02,0.476,Y3_pre_rr,Yoga,Pre-Meditation
823.492,0.472,Y3_pre_rr,Yoga,Pre-Meditation
823.984,0.492,Y3_pre_rr,Yoga,Pre-Meditation
824.468,0.484,Y3_pre_rr,Yoga,Pre-Meditation
824.948,0.48,Y3_pre_rr,Yoga,Pre-Meditation
825.452,0.504,Y3_pre_rr,Yoga,Pre-Meditation
825.952,0.5,Y3_pre_rr,Yoga,Pre-Meditation
826.444,0.492,Y3_pre_rr,Yoga,Pre-Meditation
826.932,0.488,Y3_pre_rr,Yoga,Pre-Meditation
827.384,0.452,Y3_pre_rr,Yoga,Pre-Meditation
827.84,0.456,Y3_pre_rr,Yoga,Pre-Meditation
828.288,0.448,Y3_pre_rr,Yoga,Pre-Meditation
828.74,0.452,Y3_pre_rr,Yoga,Pre-Meditation
829.172,0.432,Y3_pre_rr,Yoga,Pre-Meditation
829.612,0.44,Y3_pre_rr,Yoga,Pre-Meditation
830.096,0.484,Y3_pre_rr,Yoga,Pre-Meditation
830.564,0.468,Y3_pre_rr,Yoga,Pre-Meditation
831.024,0.46,Y3_pre_rr,Yoga,Pre-Meditation
831.508,0.484,Y3_pre_rr,Yoga,Pre-Meditation
831.98,0.472,Y3_pre_rr,Yoga,Pre-Meditation
832.436,0.456,Y3_pre_rr,Yoga,Pre-Meditation
832.916,0.48,Y3_pre_rr,Yoga,Pre-Meditation
833.38,0.464,Y3_pre_rr,Yoga,Pre-Meditation
833.836,0.456,Y3_pre_rr,Yoga,Pre-Meditation
834.312,0.476,Y3_pre_rr,Yoga,Pre-Meditation
834.808,0.496,Y3_pre_rr,Yoga,Pre-Meditation
835.26,0.452,Y3_pre_rr,Yoga,Pre-Meditation
835.72,0.46,Y3_pre_rr,Yoga,Pre-Meditation
836.188,0.468,Y3_pre_rr,Yoga,Pre-Meditation
836.612,0.424,Y3_pre_rr,Yoga,Pre-Meditation
837.032,0.42,Y3_pre_rr,Yoga,Pre-Meditation
837.46,0.428,Y3_pre_rr,Yoga,Pre-Meditation
837.88,0.42,Y3_pre_rr,Yoga,Pre-Meditation
838.292,0.412,Y3_pre_rr,Yoga,Pre-Meditation
838.74,0.448,Y3_pre_rr,Yoga,Pre-Meditation
839.184,0.444,Y3_pre_rr,Yoga,Pre-Meditation
839.604,0.42,Y3_pre_rr,Yoga,Pre-Meditation
840.016,0.412,Y3_pre_rr,Yoga,Pre-Meditation
840.444,0.428,Y3_pre_rr,Yoga,Pre-Meditation
840.876,0.432,Y3_pre_rr,Yoga,Pre-Meditation
841.316,0.44,Y3_pre_rr,Yoga,Pre-Meditation
841.8,0.484,Y3_pre_rr,Yoga,Pre-Meditation
842.328,0.528,Y3_pre_rr,Yoga,Pre-Meditation
842.888,0.56,Y3_pre_rr,Yoga,Pre-Meditation
843.396,0.508,Y3_pre_rr,Yoga,Pre-Meditation
843.904,0.508,Y3_pre_rr,Yoga,Pre-Meditation
844.364,0.46,Y3_pre_rr,Yoga,Pre-Meditation
844.788,0.424,Y3_pre_rr,Yoga,Pre-Meditation
845.228,0.44,Y3_pre_rr,Yoga,Pre-Meditation
845.672,0.444,Y3_pre_rr,Yoga,Pre-Meditation
846.108,0.436,Y3_pre_rr,Yoga,Pre-Meditation
846.528,0.42,Y3_pre_rr,Yoga,Pre-Meditation
846.92,0.392,Y3_pre_rr,Yoga,Pre-Meditation
847.32,0.4,Y3_pre_rr,Yoga,Pre-Meditation
847.72,0.4,Y3_pre_rr,Yoga,Pre-Meditation
848.108,0.388,Y3_pre_rr,Yoga,Pre-Meditation
848.492,0.384,Y3_pre_rr,Yoga,Pre-Meditation
848.876,0.384,Y3_pre_rr,Yoga,Pre-Meditation
849.26,0.384,Y3_pre_rr,Yoga,Pre-Meditation
849.636,0.376,Y3_pre_rr,Yoga,Pre-Meditation
850.004,0.368,Y3_pre_rr,Yoga,Pre-Meditation
850.36,0.356,Y3_pre_rr,Yoga,Pre-Meditation
850.712,0.352,Y3_pre_rr,Yoga,Pre-Meditation
851.088,0.376,Y3_pre_rr,Yoga,Pre-Meditation
851.472,0.384,Y3_pre_rr,Yoga,Pre-Meditation
851.936,0.464,Y3_pre_rr,Yoga,Pre-Meditation
852.428,0.492,Y3_pre_rr,Yoga,Pre-Meditation
852.936,0.508,Y3_pre_rr,Yoga,Pre-Meditation
853.388,0.452,Y3_pre_rr,Yoga,Pre-Meditation
853.868,0.48,Y3_pre_rr,Yoga,Pre-Meditation
854.364,0.496,Y3_pre_rr,Yoga,Pre-Meditation
854.824,0.46,Y3_pre_rr,Yoga,Pre-Meditation
855.276,0.452,Y3_pre_rr,Yoga,Pre-Meditation
855.744,0.468,Y3_pre_rr,Yoga,Pre-Meditation
856.212,0.468,Y3_pre_rr,Yoga,Pre-Meditation
856.668,0.456,Y3_pre_rr,Yoga,Pre-Meditation
857.128,0.46,Y3_pre_rr,Yoga,Pre-Meditation
857.608,0.48,Y3_pre_rr,Yoga,Pre-Meditation
858.096,0.488,Y3_pre_rr,Yoga,Pre-Meditation
858.576,0.48,Y3_pre_rr,Yoga,Pre-Meditation
859.096,0.52,Y3_pre_rr,Yoga,Pre-Meditation
859.62,0.524,Y3_pre_rr,Yoga,Pre-Meditation
860.12,0.5,Y3_pre_rr,Yoga,Pre-Meditation
860.628,0.508,Y3_pre_rr,Yoga,Pre-Meditation
861.128,0.5,Y3_pre_rr,Yoga,Pre-Meditation
861.6,0.472,Y3_pre_rr,Yoga,Pre-Meditation
862.096,0.496,Y3_pre_rr,Yoga,Pre-Meditation
862.604,0.508,Y3_pre_rr,Yoga,Pre-Meditation
863.068,0.464,Y3_pre_rr,Yoga,Pre-Meditation
863.54,0.472,Y3_pre_rr,Yoga,Pre-Meditation
864.012,0.472,Y3_pre_rr,Yoga,Pre-Meditation
864.46,0.448,Y3_pre_rr,Yoga,Pre-Meditation
864.936,0.476,Y3_pre_rr,Yoga,Pre-Meditation
865.428,0.492,Y3_pre_rr,Yoga,Pre-Meditation
865.864,0.436,Y3_pre_rr,Yoga,Pre-Meditation
866.328,0.464,Y3_pre_rr,Yoga,Pre-Meditation
866.8,0.472,Y3_pre_rr,Yoga,Pre-Meditation
867.24,0.44,Y3_pre_rr,Yoga,Pre-Meditation
867.732,0.492,Y3_pre_rr,Yoga,Pre-Meditation
868.212,0.48,Y3_pre_rr,Yoga,Pre-Meditation
868.64,0.428,Y3_pre_rr,Yoga,Pre-Meditation
869.092,0.452,Y3_pre_rr,Yoga,Pre-Meditation
869.536,0.444,Y3_pre_rr,Yoga,Pre-Meditation
869.964,0.428,Y3_pre_rr,Yoga,Pre-Meditation
870.408,0.444,Y3_pre_rr,Yoga,Pre-Meditation
870.864,0.456,Y3_pre_rr,Yoga,Pre-Meditation
871.284,0.42,Y3_pre_rr,Yoga,Pre-Meditation
871.72,0.436,Y3_pre_rr,Yoga,Pre-Meditation
872.168,0.448,Y3_pre_rr,Yoga,Pre-Meditation
872.632,0.464,Y3_pre_rr,Yoga,Pre-Meditation
873.088,0.456,Y3_pre_rr,Yoga,Pre-Meditation
873.576,0.488,Y3_pre_rr,Yoga,Pre-Meditation
874.068,0.492,Y3_pre_rr,Yoga,Pre-Meditation
874.508,0.44,Y3_pre_rr,Yoga,Pre-Meditation
874.976,0.468,Y3_pre_rr,Yoga,Pre-Meditation
875.432,0.456,Y3_pre_rr,Yoga,Pre-Meditation
875.848,0.416,Y3_pre_rr,Yoga,Pre-Meditation
876.288,0.44,Y3_pre_rr,Yoga,Pre-Meditation
876.728,0.44,Y3_pre_rr,Yoga,Pre-Meditation
877.152,0.424,Y3_pre_rr,Yoga,Pre-Meditation
877.616,0.464,Y3_pre_rr,Yoga,Pre-Meditation
878.108,0.492,Y3_pre_rr,Yoga,Pre-Meditation
878.556,0.448,Y3_pre_rr,Yoga,Pre-Meditation
879.02,0.464,Y3_pre_rr,Yoga,Pre-Meditation
879.5,0.48,Y3_pre_rr,Yoga,Pre-Meditation
879.956,0.456,Y3_pre_rr,Yoga,Pre-Meditation
880.408,0.452,Y3_pre_rr,Yoga,Pre-Meditation
880.872,0.464,Y3_pre_rr,Yoga,Pre-Meditation
881.348,0.476,Y3_pre_rr,Yoga,Pre-Meditation
881.788,0.44,Y3_pre_rr,Yoga,Pre-Meditation
882.244,0.456,Y3_pre_rr,Yoga,Pre-Meditation
882.692,0.448,Y3_pre_rr,Yoga,Pre-Meditation
883.104,0.412,Y3_pre_rr,Yoga,Pre-Meditation
883.496,0.392,Y3_pre_rr,Yoga,Pre-Meditation
883.9,0.404,Y3_pre_rr,Yoga,Pre-Meditation
884.332,0.432,Y3_pre_rr,Yoga,Pre-Meditation
884.816,0.484,Y3_pre_rr,Yoga,Pre-Meditation
885.308,0.492,Y3_pre_rr,Yoga,Pre-Meditation
885.756,0.448,Y3_pre_rr,Yoga,Pre-Meditation
886.22,0.464,Y3_pre_rr,Yoga,Pre-Meditation
886.692,0.472,Y3_pre_rr,Yoga,Pre-Meditation
887.18,0.488,Y3_pre_rr,Yoga,Pre-Meditation
887.624,0.444,Y3_pre_rr,Yoga,Pre-Meditation
888.076,0.452,Y3_pre_rr,Yoga,Pre-Meditation
888.556,0.48,Y3_pre_rr,Yoga,Pre-Meditation
889.036,0.48,Y3_pre_rr,Yoga,Pre-Meditation
889.492,0.456,Y3_pre_rr,Yoga,Pre-Meditation
889.964,0.472,Y3_pre_rr,Yoga,Pre-Meditation
890.444,0.48,Y3_pre_rr,Yoga,Pre-Meditation
890.888,0.444,Y3_pre_rr,Yoga,Pre-Meditation
891.368,0.48,Y3_pre_rr,Yoga,Pre-Meditation
891.884,0.516,Y3_pre_rr,Yoga,Pre-Meditation
892.348,0.464,Y3_pre_rr,Yoga,Pre-Meditation
892.84,0.492,Y3_pre_rr,Yoga,Pre-Meditation
893.328,0.488,Y3_pre_rr,Yoga,Pre-Meditation
893.78,0.452,Y3_pre_rr,Yoga,Pre-Meditation
894.26,0.48,Y3_pre_rr,Yoga,Pre-Meditation
894.74,0.48,Y3_pre_rr,Yoga,Pre-Meditation
895.188,0.448,Y3_pre_rr,Yoga,Pre-Meditation
895.644,0.456,Y3_pre_rr,Yoga,Pre-Meditation
896.072,0.428,Y3_pre_rr,Yoga,Pre-Meditation
896.476,0.404,Y3_pre_rr,Yoga,Pre-Meditation
896.908,0.432,Y3_pre_rr,Yoga,Pre-Meditation
897.312,0.404,Y3_pre_rr,Yoga,Pre-Meditation
897.72,0.408,Y3_pre_rr,Yoga,Pre-Meditation
898.124,0.404,Y3_pre_rr,Yoga,Pre-Meditation
898.548,0.424,Y3_pre_rr,Yoga,Pre-Meditation
898.98,0.432,Y3_pre_rr,Yoga,Pre-Meditation
899.396,0.416,Y3_pre_rr,Yoga,Pre-Meditation
899.824,0.428,Y3_pre_rr,Yoga,Pre-Meditation
900.244,0.42,Y3_pre_rr,Yoga,Pre-Meditation
900.68,0.436,Y3_pre_rr,Yoga,Pre-Meditation
901.108,0.428,Y3_pre_rr,Yoga,Pre-Meditation
901.568,0.46,Y3_pre_rr,Yoga,Pre-Meditation
902.052,0.484,Y3_pre_rr,Yoga,Pre-Meditation
902.508,0.456,Y3_pre_rr,Yoga,Pre-Meditation
902.968,0.46,Y3_pre_rr,Yoga,Pre-Meditation
903.448,0.48,Y3_pre_rr,Yoga,Pre-Meditation
903.928,0.48,Y3_pre_rr,Yoga,Pre-Meditation
904.388,0.46,Y3_pre_rr,Yoga,Pre-Meditation
904.876,0.488,Y3_pre_rr,Yoga,Pre-Meditation
905.38,0.504,Y3_pre_rr,Yoga,Pre-Meditation
905.852,0.472,Y3_pre_rr,Yoga,Pre-Meditation
906.348,0.496,Y3_pre_rr,Yoga,Pre-Meditation
906.868,0.52,Y3_pre_rr,Yoga,Pre-Meditation
907.36,0.492,Y3_pre_rr,Yoga,Pre-Meditation
907.856,0.496,Y3_pre_rr,Yoga,Pre-Meditation
908.364,0.508,Y3_pre_rr,Yoga,Pre-Meditation
908.82,0.456,Y3_pre_rr,Yoga,Pre-Meditation
909.276,0.456,Y3_pre_rr,Yoga,Pre-Meditation
909.74,0.464,Y3_pre_rr,Yoga,Pre-Meditation
910.2,0.46,Y3_pre_rr,Yoga,Pre-Meditation
910.66,0.46,Y3_pre_rr,Yoga,Pre-Meditation
911.132,0.472,Y3_pre_rr,Yoga,Pre-Meditation
911.636,0.504,Y3_pre_rr,Yoga,Pre-Meditation
912.1,0.464,Y3_pre_rr,Yoga,Pre-Meditation
912.572,0.472,Y3_pre_rr,Yoga,Pre-Meditation
913.056,0.484,Y3_pre_rr,Yoga,Pre-Meditation
913.528,0.472,Y3_pre_rr,Yoga,Pre-Meditation
913.968,0.44,Y3_pre_rr,Yoga,Pre-Meditation
914.428,0.46,Y3_pre_rr,Yoga,Pre-Meditation
914.908,0.48,Y3_pre_rr,Yoga,Pre-Meditation
915.356,0.448,Y3_pre_rr,Yoga,Pre-Meditation
915.82,0.464,Y3_pre_rr,Yoga,Pre-Meditation
916.304,0.484,Y3_pre_rr,Yoga,Pre-Meditation
916.784,0.48,Y3_pre_rr,Yoga,Pre-Meditation
917.272,0.488,Y3_pre_rr,Yoga,Pre-Meditation
917.78,0.508,Y3_pre_rr,Yoga,Pre-Meditation
918.264,0.484,Y3_pre_rr,Yoga,Pre-Meditation
918.736,0.472,Y3_pre_rr,Yoga,Pre-Meditation
919.224,0.488,Y3_pre_rr,Yoga,Pre-Meditation
919.732,0.508,Y3_pre_rr,Yoga,Pre-Meditation
920.204,0.472,Y3_pre_rr,Yoga,Pre-Meditation
920.664,0.46,Y3_pre_rr,Yoga,Pre-Meditation
921.144,0.48,Y3_pre_rr,Yoga,Pre-Meditation
921.62,0.476,Y3_pre_rr,Yoga,Pre-Meditation
922.08,0.46,Y3_pre_rr,Yoga,Pre-Meditation
922.56,0.48,Y3_pre_rr,Yoga,Pre-Meditation
923.08,0.52,Y3_pre_rr,Yoga,Pre-Meditation
923.568,0.488,Y3_pre_rr,Yoga,Pre-Meditation
924.088,0.52,Y3_pre_rr,Yoga,Pre-Meditation
924.596,0.508,Y3_pre_rr,Yoga,Pre-Meditation
925.068,0.472,Y3_pre_rr,Yoga,Pre-Meditation
925.548,0.48,Y3_pre_rr,Yoga,Pre-Meditation
926.032,0.484,Y3_pre_rr,Yoga,Pre-Meditation
926.524,0.492,Y3_pre_rr,Yoga,Pre-Meditation
926.988,0.464,Y3_pre_rr,Yoga,Pre-Meditation
927.456,0.468,Y3_pre_rr,Yoga,Pre-Meditation
927.932,0.476,Y3_pre_rr,Yoga,Pre-Meditation
928.388,0.456,Y3_pre_rr,Yoga,Pre-Meditation
928.872,0.484,Y3_pre_rr,Yoga,Pre-Meditation
929.372,0.5,Y3_pre_rr,Yoga,Pre-Meditation
929.832,0.46,Y3_pre_rr,Yoga,Pre-Meditation
930.304,0.472,Y3_pre_rr,Yoga,Pre-Meditation
930.776,0.472,Y3_pre_rr,Yoga,Pre-Meditation
931.248,0.472,Y3_pre_rr,Yoga,Pre-Meditation
931.708,0.46,Y3_pre_rr,Yoga,Pre-Meditation
932.18,0.472,Y3_pre_rr,Yoga,Pre-Meditation
932.636,0.456,Y3_pre_rr,Yoga,Pre-Meditation
933.088,0.452,Y3_pre_rr,Yoga,Pre-Meditation
933.552,0.464,Y3_pre_rr,Yoga,Pre-Meditation
934.036,0.484,Y3_pre_rr,Yoga,Pre-Meditation
934.488,0.452,Y3_pre_rr,Yoga,Pre-Meditation
934.972,0.484,Y3_pre_rr,Yoga,Pre-Meditation
935.436,0.464,Y3_pre_rr,Yoga,Pre-Meditation
935.86,0.424,Y3_pre_rr,Yoga,Pre-Meditation
936.288,0.428,Y3_pre_rr,Yoga,Pre-Meditation
936.696,0.408,Y3_pre_rr,Yoga,Pre-Meditation
937.092,0.396,Y3_pre_rr,Yoga,Pre-Meditation
937.48,0.388,Y3_pre_rr,Yoga,Pre-Meditation
937.92,0.44,Y3_pre_rr,Yoga,Pre-Meditation
938.344,0.424,Y3_pre_rr,Yoga,Pre-Meditation
938.764,0.42,Y3_pre_rr,Yoga,Pre-Meditation
939.184,0.42,Y3_pre_rr,Yoga,Pre-Meditation
939.58,0.396,Y3_pre_rr,Yoga,Pre-Meditation
939.96,0.38,Y3_pre_rr,Yoga,Pre-Meditation
940.34,0.38,Y3_pre_rr,Yoga,Pre-Meditation
940.716,0.376,Y3_pre_rr,Yoga,Pre-Meditation
941.088,0.372,Y3_pre_rr,Yoga,Pre-Meditation
941.444,0.356,Y3_pre_rr,Yoga,Pre-Meditation
941.816,0.372,Y3_pre_rr,Yoga,Pre-Meditation
942.188,0.372,Y3_pre_rr,Yoga,Pre-Meditation
942.588,0.4,Y3_pre_rr,Yoga,Pre-Meditation
943.012,0.424,Y3_pre_rr,Yoga,Pre-Meditation
943.452,0.44,Y3_pre_rr,Yoga,Pre-Meditation
943.908,0.456,Y3_pre_rr,Yoga,Pre-Meditation
944.388,0.48,Y3_pre_rr,Yoga,Pre-Meditation
944.84,0.452,Y3_pre_rr,Yoga,Pre-Meditation
945.312,0.472,Y3_pre_rr,Yoga,Pre-Meditation
945.784,0.472,Y3_pre_rr,Yoga,Pre-Meditation
946.228,0.444,Y3_pre_rr,Yoga,Pre-Meditation
946.68,0.452,Y3_pre_rr,Yoga,Pre-Meditation
947.136,0.456,Y3_pre_rr,Yoga,Pre-Meditation
947.572,0.436,Y3_pre_rr,Yoga,Pre-Meditation
948.012,0.44,Y3_pre_rr,Yoga,Pre-Meditation
948.444,0.432,Y3_pre_rr,Yoga,Pre-Meditation
948.888,0.444,Y3_pre_rr,Yoga,Pre-Meditation
949.312,0.424,Y3_pre_rr,Yoga,Pre-Meditation
949.76,0.448,Y3_pre_rr,Yoga,Pre-Meditation
950.216,0.456,Y3_pre_rr,Yoga,Pre-Meditation
950.656,0.44,Y3_pre_rr,Yoga,Pre-Meditation
951.104,0.448,Y3_pre_rr,Yoga,Pre-Meditation
951.548,0.444,Y3_pre_rr,Yoga,Pre-Meditation
952.004,0.456,Y3_pre_rr,Yoga,Pre-Meditation
952.448,0.444,Y3_pre_rr,Yoga,Pre-Meditation
952.908,0.46,Y3_pre_rr,Yoga,Pre-Meditation
953.42,0.512,Y3_pre_rr,Yoga,Pre-Meditation
953.9,0.48,Y3_pre_rr,Yoga,Pre-Meditation
954.384,0.484,Y3_pre_rr,Yoga,Pre-Meditation
954.872,0.488,Y3_pre_rr,Yoga,Pre-Meditation
955.316,0.444,Y3_pre_rr,Yoga,Pre-Meditation
955.76,0.444,Y3_pre_rr,Yoga,Pre-Meditation
956.208,0.448,Y3_pre_rr,Yoga,Pre-Meditation
956.652,0.444,Y3_pre_rr,Yoga,Pre-Meditation
957.12,0.468,Y3_pre_rr,Yoga,Pre-Meditation
957.604,0.484,Y3_pre_rr,Yoga,Pre-Meditation
958.06,0.456,Y3_pre_rr,Yoga,Pre-Meditation
958.508,0.448,Y3_pre_rr,Yoga,Pre-Meditation
958.972,0.464,Y3_pre_rr,Yoga,Pre-Meditation
959.456,0.484,Y3_pre_rr,Yoga,Pre-Meditation
959.912,0.456,Y3_pre_rr,Yoga,Pre-Meditation
960.376,0.464,Y3_pre_rr,Yoga,Pre-Meditation
960.852,0.476,Y3_pre_rr,Yoga,Pre-Meditation
961.304,0.452,Y3_pre_rr,Yoga,Pre-Meditation
961.772,0.468,Y3_pre_rr,Yoga,Pre-Meditation
962.252,0.48,Y3_pre_rr,Yoga,Pre-Meditation
962.688,0.436,Y3_pre_rr,Yoga,Pre-Meditation
963.128,0.44,Y3_pre_rr,Yoga,Pre-Meditation
963.584,0.456,Y3_pre_rr,Yoga,Pre-Meditation
964.052,0.468,Y3_pre_rr,Yoga,Pre-Meditation
964.488,0.436,Y3_pre_rr,Yoga,Pre-Meditation
964.956,0.468,Y3_pre_rr,Yoga,Pre-Meditation
965.44,0.484,Y3_pre_rr,Yoga,Pre-Meditation
965.908,0.468,Y3_pre_rr,Yoga,Pre-Meditation
966.376,0.468,Y3_pre_rr,Yoga,Pre-Meditation
966.876,0.5,Y3_pre_rr,Yoga,Pre-Meditation
967.332,0.456,Y3_pre_rr,Yoga,Pre-Meditation
967.78,0.448,Y3_pre_rr,Yoga,Pre-Meditation
968.228,0.448,Y3_pre_rr,Yoga,Pre-Meditation
968.648,0.42,Y3_pre_rr,Yoga,Pre-Meditation
969.072,0.424,Y3_pre_rr,Yoga,Pre-Meditation
969.508,0.436,Y3_pre_rr,Yoga,Pre-Meditation
969.928,0.42,Y3_pre_rr,Yoga,Pre-Meditation
970.332,0.404,Y3_pre_rr,Yoga,Pre-Meditation
970.76,0.428,Y3_pre_rr,Yoga,Pre-Meditation
971.172,0.412,Y3_pre_rr,Yoga,Pre-Meditation
971.608,0.436,Y3_pre_rr,Yoga,Pre-Meditation
972.036,0.428,Y3_pre_rr,Yoga,Pre-Meditation
972.452,0.416,Y3_pre_rr,Yoga,Pre-Meditation
972.872,0.42,Y3_pre_rr,Yoga,Pre-Meditation
973.312,0.44,Y3_pre_rr,Yoga,Pre-Meditation
973.772,0.46,Y3_pre_rr,Yoga,Pre-Meditation
974.24,0.468,Y3_pre_rr,Yoga,Pre-Meditation
974.68,0.44,Y3_pre_rr,Yoga,Pre-Meditation
975.128,0.448,Y3_pre_rr,Yoga,Pre-Meditation
975.588,0.46,Y3_pre_rr,Yoga,Pre-Meditation
976.052,0.464,Y3_pre_rr,Yoga,Pre-Meditation
976.488,0.436,Y3_pre_rr,Yoga,Pre-Meditation
976.9,0.412,Y3_pre_rr,Yoga,Pre-Meditation
977.324,0.424,Y3_pre_rr,Yoga,Pre-Meditation
977.776,0.452,Y3_pre_rr,Yoga,Pre-Meditation
978.22,0.444,Y3_pre_rr,Yoga,Pre-Meditation
978.672,0.452,Y3_pre_rr,Yoga,Pre-Meditation
979.156,0.484,Y3_pre_rr,Yoga,Pre-Meditation
979.66,0.504,Y3_pre_rr,Yoga,Pre-Meditation
980.136,0.476,Y3_pre_rr,Yoga,Pre-Meditation
980.608,0.472,Y3_pre_rr,Yoga,Pre-Meditation
981.088,0.48,Y3_pre_rr,Yoga,Pre-Meditation
981.552,0.464,Y3_pre_rr,Yoga,Pre-Meditation
982.0,0.448,Y3_pre_rr,Yoga,Pre-Meditation
982.464,0.464,Y3_pre_rr,Yoga,Pre-Meditation
982.968,0.504,Y3_pre_rr,Yoga,Pre-Meditation
983.48,0.512,Y3_pre_rr,Yoga,Pre-Meditation
983.944,0.464,Y3_pre_rr,Yoga,Pre-Meditation
984.416,0.472,Y3_pre_rr,Yoga,Pre-Meditation
984.904,0.488,Y3_pre_rr,Yoga,Pre-Meditation
985.388,0.484,Y3_pre_rr,Yoga,Pre-Meditation
985.828,0.44,Y3_pre_rr,Yoga,Pre-Meditation
986.292,0.464,Y3_pre_rr,Yoga,Pre-Meditation
986.756,0.464,Y3_pre_rr,Yoga,Pre-Meditation
987.228,0.472,Y3_pre_rr,Yoga,Pre-Meditation
987.684,0.456,Y3_pre_rr,Yoga,Pre-Meditation
988.172,0.488,Y3_pre_rr,Yoga,Pre-Meditation
988.672,0.5,Y3_pre_rr,Yoga,Pre-Meditation
989.136,0.464,Y3_pre_rr,Yoga,Pre-Meditation
989.624,0.488,Y3_pre_rr,Yoga,Pre-Meditation
990.124,0.5,Y3_pre_rr,Yoga,Pre-Meditation
990.588,0.464,Y3_pre_rr,Yoga,Pre-Meditation
991.064,0.476,Y3_pre_rr,Yoga,Pre-Meditation
991.544,0.48,Y3_pre_rr,Yoga,Pre-Meditation
991.98,0.436,Y3_pre_rr,Yoga,Pre-Meditation
992.42,0.44,Y3_pre_rr,Yoga,Pre-Meditation
992.864,0.444,Y3_pre_rr,Yoga,Pre-Meditation
993.288,0.424,Y3_pre_rr,Yoga,Pre-Meditation
993.7,0.412,Y3_pre_rr,Yoga,Pre-Meditation
994.116,0.416,Y3_pre_rr,Yoga,Pre-Meditation
994.54,0.424,Y3_pre_rr,Yoga,Pre-Meditation
994.948,0.408,Y3_pre_rr,Yoga,Pre-Meditation
995.344,0.396,Y3_pre_rr,Yoga,Pre-Meditation
995.74,0.396,Y3_pre_rr,Yoga,Pre-Meditation
996.148,0.408,Y3_pre_rr,Yoga,Pre-Meditation
996.556,0.408,Y3_pre_rr,Yoga,Pre-Meditation
996.948,0.392,Y3_pre_rr,Yoga,Pre-Meditation
997.356,0.408,Y3_pre_rr,Yoga,Pre-Meditation
997.76,0.404,Y3_pre_rr,Yoga,Pre-Meditation
998.156,0.396,Y3_pre_rr,Yoga,Pre-Meditation
998.564,0.408,Y3_pre_rr,Yoga,Pre-Meditation
998.996,0.432,Y3_pre_rr,Yoga,Pre-Meditation
999.448,0.452,Y3_pre_rr,Yoga,Pre-Meditation
999.892,0.444,Y3_pre_rr,Yoga,Pre-Meditation
1000.38,0.488,Y3_pre_rr,Yoga,Pre-Meditation
1000.888,0.508,Y3_pre_rr,Yoga,Pre-Meditation
1001.352,0.464,Y3_pre_rr,Yoga,Pre-Meditation
1001.82,0.468,Y3_pre_rr,Yoga,Pre-Meditation
1002.276,0.456,Y3_pre_rr,Yoga,Pre-Meditation
1002.724,0.448,Y3_pre_rr,Yoga,Pre-Meditation
1003.16,0.436,Y3_pre_rr,Yoga,Pre-Meditation
1003.628,0.468,Y3_pre_rr,Yoga,Pre-Meditation
1004.136,0.508,Y3_pre_rr,Yoga,Pre-Meditation
1004.612,0.476,Y3_pre_rr,Yoga,Pre-Meditation
