Time,HeartRate,Subject,Group,State
1.116,90.9091,M1_hrv,Metronomic Breathing,Fixed-Rate Breathing 
1.776,88.7574,M1_hrv,Metronomic Breathing,Fixed-Rate Breathing 
2.452,86.2069,M1_hrv,Metronomic Breathing,Fixed-Rate Breathing 
3.148,87.7193,M1_hrv,Metronomic Breathing,Fixed-Rate Breathing 
3.832,87.7193,M1_hrv,Metronomic Breathing,Fixed-Rate Breathing 
4.516,86.2069,M1_hrv,Metronomic Breathing,Fixed-Rate Breathing 
5.212,82.8729,M1_hrv,Metronomic Breathing,Fixed-Rate Breathing 
5.936,82.4176,M1_hrv,Metronomic Breathing,Fixed-Rate Breathing 
6.664,85.7143,M1_hrv,Metronomic Breathing,Fixed-Rate Breathing 
7.364,84.7458,M1_hrv,Metronomic Breathing,Fixed-Rate Breathing 
8.072,83.3333,M1_hrv,Metronomic Breathing,Fixed-Rate Breathing 
8.792,84.2697,M1_hrv,Metronomic Breathing,Fixed-Rate Breathing 
9.504,84.2697,M1_hrv,Metronomic Breathing,Fixed-Rate Breathing 
10.216,85.7143,M1_hrv,Metronomic Breathing,Fixed-Rate Breathing 
10.916,85.7143,M1_hrv,Metronomic Breathing,Fixed-Rate Breathing 
11.616,83.7989,M1_hrv,Metronomic Breathing,Fixed-Rate Breathing 
12.332,84.7458,M1_hrv,Metronomic Breathing,Fixed-Rate Breathing 
13.04,85.2273,M1_hrv,Metronomic Breathing,Fixed-Rate Breathing 
13.744,87.2093,M1_hrv,Metronomic Breathing,Fixed-Rate Breathing 
14.432,86.7052,M1_hrv,Metronomic Breathing,Fixed-Rate Breathing 
15.124,84.2697,M1_hrv,Metronomic Breathing,Fixed-Rate Breathing 
15.836,81.9672,M1_hrv,Metronomic Breathing,Fixed-Rate Breathing 
16.568,82.4176,M1_hrv,Metronomic Breathing,Fixed-Rate Breathing 
17.296,83.3333,M1_hrv,Metronomic Breathing,Fixed-Rate Breathing 
18.016,87.7193,M1_hrv,Metronomic Breathing,Fixed-Rate Breathing 
18.7,85.7143,M1_hrv,Metronomic Breathing,Fixed-Rate Breathing 
19.4,87.2093,M1_hrv,Metronomic Breathing,Fixed-Rate Breathing 
20.088,86.7052,M1_hrv,Metronomic Breathing,Fixed-Rate Breathing 
20.78,81.5217,M1_hrv,Metronomic Breathing,Fixed-Rate Breathing 
21.516,79.7872,M1_hrv,Metronomic Breathing,Fixed-Rate Breathing 
22.268,80.2139,M1_hrv,Metronomic Breathing,Fixed-Rate Breathing 
23.016,83.7989,M1_hrv,Metronomic Breathing,Fixed-Rate Breathing 
23.732,87.7193,M1_hrv,Metronomic Breathing,Fixed-Rate Breathing 
24.416,84.7458,M1_hrv,Metronomic Breathing,Fixed-Rate Breathing 
25.124,82.4176,M1_hrv,Metronomic Breathing,Fixed-Rate Breathing 
25.852,79.7872,M1_hrv,Metronomic Breathing,Fixed-Rate Breathing 
26.604,77.7202,M1_hrv,Metronomic Breathing,Fixed-Rate Breathing 
27.376,78.9474,M1_hrv,Metronomic Breathing,Fixed-Rate Breathing 
28.136,76.9231,M1_hrv,Metronomic Breathing,Fixed-Rate Breathing 
28.916,76.9231,M1_hrv,Metronomic Breathing,Fixed-Rate Breathing 
29.696,76.9231,M1_hrv,Metronomic Breathing,Fixed-Rate Breathing 
30.476,75.7576,M1_hrv,Metronomic Breathing,Fixed-Rate Breathing 
31.268,75.7576,M1_hrv,Metronomic Breathing,Fixed-Rate Breathing 
32.06,76.1421,M1_hrv,Metronomic Breathing,Fixed-Rate Breathing 
32.848,76.5306,M1_hrv,Metronomic Breathing,Fixed-Rate Breathing 
33.632,78.125,M1_hrv,Metronomic Breathing,Fixed-Rate Breathing 
34.4,80.6452,M1_hrv,Metronomic Breathing,Fixed-Rate Breathing 
35.144,78.534,M1_hrv,Metronomic Breathing,Fixed-Rate Breathing 
35.908,74.2574,M1_hrv,Metronomic Breathing,Fixed-Rate Breathing 
36.716,71.09,M1_hrv,Metronomic Breathing,Fixed-Rate Breathing 
37.56,67.8733,M1_hrv,Metronomic Breathing,Fixed-Rate Breathing 
38.444,68.4931,M1_hrv,Metronomic Breathing,Fixed-Rate Breathing 
39.32,67.5676,M1_hrv,Metronomic Breathing,Fixed-Rate Breathing 
40.208,70.4225,M1_hrv,Metronomic Breathing,Fixed-Rate Breathing 
41.06,74.6269,M1_hrv,Metronomic Breathing,Fixed-Rate Breathing 
41.864,73.8916,M1_hrv,Metronomic Breathing,Fixed-Rate Breathing 
42.676,72.1154,M1_hrv,Metronomic Breathing,Fixed-Rate Breathing 
43.508,75.3769,M1_hrv,Metronomic Breathing,Fixed-Rate Breathing 
44.304,76.1421,M1_hrv,Metronomic Breathing,Fixed-Rate Breathing 
45.092,76.9231,M1_hrv,Metronomic Breathing,Fixed-Rate Breathing 
45.872,82.4176,M1_hrv,Metronomic Breathing,Fixed-Rate Breathing 
46.6,86.7052,M1_hrv,Metronomic Breathing,Fixed-Rate Breathing 
47.292,79.7872,M1_hrv,Metronomic Breathing,Fixed-Rate Breathing 
48.044,76.1421,M1_hrv,Metronomic Breathing,Fixed-Rate Breathing 
48.832,75.0,M1_hrv,Metronomic Breathing,Fixed-Rate Breathing 
49.632,74.2574,M1_hrv,Metronomic Breathing,Fixed-Rate Breathing 
50.44,76.1421,M1_hrv,Metronomic Breathing,Fixed-Rate Breathing 
51.228,75.3769,M1_hrv,Metronomic Breathing,Fixed-Rate Breathing 
52.024,75.7576,M1_hrv,Metronomic Breathing,Fixed-Rate Breathing 
52.816,76.5306,M1_hrv,Metronomic Breathing,Fixed-Rate Breathing 
53.6,76.5306,M1_hrv,Metronomic Breathing,Fixed-Rate Breathing 
54.384,76.9231,M1_hrv,Metronomic Breathing,Fixed-Rate Breathing 
55.164,78.125,M1_hrv,Metronomic Breathing,Fixed-Rate Breathing 
55.932,77.3196,M1_hrv,Metronomic Breathing,Fixed-Rate Breathing 
56.708,82.4176,M1_hrv,Metronomic Breathing,Fixed-Rate Breathing 
57.436,85.2273,M1_hrv,Metronomic Breathing,Fixed-Rate Breathing 
58.14,81.0811,M1_hrv,Metronomic Breathing,Fixed-Rate Breathing 
58.88,83.7989,M1_hrv,Metronomic Breathing,Fixed-Rate Breathing 
59.596,82.4176,M1_hrv,Metronomic Breathing,Fixed-Rate Breathing 
60.324,76.9231,M1_hrv,Metronomic Breathing,Fixed-Rate Breathing 
61.104,75.0,M1_hrv,Metronomic Breathing,Fixed-Rate Breathing 
61.904,72.1154,M1_hrv,Metronomic Breathing,Fixed-Rate Breathing 
62.736,71.09,M1_hrv,Metronomic Breathing,Fixed-Rate Breathing 
63.58,72.8155,M1_hrv,Metronomic Breathing,Fixed-Rate Breathing 
64.404,74.6269,M1_hrv,Metronomic Breathing,Fixed-Rate Breathing 
65.208,76.9231,M1_hrv,Metronomic Breathing,Fixed-Rate Breathing 
65.988,81.9672,M1_hrv,Metronomic Breathing,Fixed-Rate Breathing 
66.72,81.0811,M1_hrv,Metronomic Breathing,Fixed-Rate Breathing 
67.46,80.2139,M1_hrv,Metronomic Breathing,Fixed-Rate Breathing 
68.208,80.6452,M1_hrv,Metronomic Breathing,Fixed-Rate Breathing 
68.952,82.8729,M1_hrv,Metronomic Breathing,Fixed-Rate Breathing 
69.676,78.125,M1_hrv,Metronomic Breathing,Fixed-Rate Breathing 
70.444,74.2574,M1_hrv,Metronomic Breathing,Fixed-Rate Breathing 
71.252,71.4286,M1_hrv,Metronomic Breathing,Fixed-Rate Breathing 
72.092,71.7703,M1_hrv,Metronomic Breathing,Fixed-Rate Breathing 
72.928,71.7703,M1_hrv,Metronomic Breathing,Fixed-Rate Breathing 
73.764,70.7547,M1_hrv,Metronomic Breathing,Fixed-Rate Breathing 
74.612,68.8073,M1_hrv,Metronomic Breathing,Fixed-Rate Breathing 
75.484,68.1818,M1_hrv,Metronomic Breathing,Fixed-Rate Breathing 
76.364,67.5676,M1_hrv,Metronomic Breathing,Fixed-Rate Breathing 
77.252,69.7674,M1_hrv,Metronomic Breathing,Fixed-Rate Breathing 
78.112,70.7547,M1_hrv,Metronomic Breathing,Fixed-Rate Breathing 
78.96,70.4225,M1_hrv,Metronomic Breathing,Fixed-Rate Breathing 
79.812,74.2574,M1_hrv,Metronomic Breathing,Fixed-Rate Breathing 
80.62,78.534,M1_hrv,Metronomic Breathing,Fixed-Rate Breathing 
81.384,73.8916,M1_hrv,Metronomic Breathing,Fixed-Rate Breathing 
82.196,72.4638,M1_hrv,Metronomic Breathing,Fixed-Rate Breathing 
83.024,68.8073,M1_hrv,Metronomic Breathing,Fixed-Rate Breathing 
83.896,68.8073,M1_hrv,Metronomic Breathing,Fixed-Rate Breathing 
84.768,68.4931,M1_hrv,Metronomic Breathing,Fixed-Rate Breathing 
85.644,70.0935,M1_hrv,Metronomic Breathing,Fixed-Rate Breathing 
86.5,70.0935,M1_hrv,Metronomic Breathing,Fixed-Rate Breathing 
87.356,70.7547,M1_hrv,Metronomic Breathing,Fixed-Rate Breathing 
88.204,70.4225,M1_hrv,Metronomic Breathing,Fixed-Rate Breathing 
89.056,70.7547,M1_hrv,Metronomic Breathing,Fixed-Rate Breathing 
89.904,71.09,M1_hrv,Metronomic Breathing,Fixed-Rate Breathing 
90.748,78.125,M1_hrv,Metronomic Breathing,Fixed-Rate Breathing 
91.516,86.2069,M1_hrv,Metronomic Breathing,Fixed-Rate Breathing 
92.212,82.4176,M1_hrv,Metronomic Breathing,Fixed-Rate Breathing 
92.94,79.3651,M1_hrv,Metronomic Breathing,Fixed-Rate Breathing 
93.696,81.9672,M1_hrv,Metronomic Breathing,Fixed-Rate Breathing 
94.428,80.6452,M1_hrv,Metronomic Breathing,Fixed-Rate Breathing 
95.172,78.125,M1_hrv,Metronomic Breathing,Fixed-Rate Breathing 
95.94,75.3769,M1_hrv,Metronomic Breathing,Fixed-Rate Breathing 
96.736,76.5306,M1_hrv,Metronomic Breathing,Fixed-Rate Breathing 
97.52,78.125,M1_hrv,Metronomic Breathing,Fixed-Rate Breathing 
98.288,70.4225,M1_hrv,Metronomic Breathing,Fixed-Rate Breathing 
99.14,68.4931,M1_hrv,Metronomic Breathing,Fixed-Rate Breathing 
100.016,71.09,M1_hrv,Metronomic Breathing,Fixed-Rate Breathing 
100.86,70.4225,M1_hrv,Metronomic Breathing,Fixed-Rate Breathing 
101.712,69.7674,M1_hrv,Metronomic Breathing,Fixed-Rate Breathing 
102.572,72.8155,M1_hrv,Metronomic Breathing,Fixed-Rate Breathing 
103.396,76.1421,M1_hrv,Metronomic Breathing,Fixed-Rate Breathing 
104.184,73.1707,M1_hrv,Metronomic Breathing,Fixed-Rate Breathing 
105.004,72.8155,M1_hrv,Metronomic Breathing,Fixed-Rate Breathing 
105.828,73.8916,M1_hrv,Metronomic Breathing,Fixed-Rate Breathing 
106.64,78.534,M1_hrv,Metronomic Breathing,Fixed-Rate Breathing 
107.404,73.1707,M1_hrv,Metronomic Breathing,Fixed-Rate Breathing 
108.224,73.1707,M1_hrv,Metronomic Breathing,Fixed-Rate Breathing 
109.044,79.3651,M1_hrv,Metronomic Breathing,Fixed-Rate Breathing 
109.8,84.2697,M1_hrv,Metronomic Breathing,Fixed-Rate Breathing 
110.512,86.7052,M1_hrv,Metronomic Breathing,Fixed-Rate Breathing 
111.204,80.6452,M1_hrv,Metronomic Breathing,Fixed-Rate Breathing 
111.948,78.9474,M1_hrv,Metronomic Breathing,Fixed-Rate Breathing 
112.708,75.7576,M1_hrv,Metronomic Breathing,Fixed-Rate Breathing 
113.5,75.0,M1_hrv,Metronomic Breathing,Fixed-Rate Breathing 
114.3,73.5294,M1_hrv,Metronomic Breathing,Fixed-Rate Breathing 
115.116,73.5294,M1_hrv,Metronomic Breathing,Fixed-Rate Breathing 
115.932,78.9474,M1_hrv,Metronomic Breathing,Fixed-Rate Breathing 
116.692,80.6452,M1_hrv,Metronomic Breathing,Fixed-Rate Breathing 
117.436,73.8916,M1_hrv,Metronomic Breathing,Fixed-Rate Breathing 
118.248,73.1707,M1_hrv,Metronomic Breathing,Fixed-Rate Breathing 
119.068,71.7703,M1_hrv,Metronomic Breathing,Fixed-Rate Breathing 
119.904,72.1154,M1_hrv,Metronomic Breathing,Fixed-Rate Breathing 
120.736,75.0,M1_hrv,Metronomic Breathing,Fixed-Rate Breathing 
121.536,72.4638,M1_hrv,Metronomic Breathing,Fixed-Rate Breathing 
122.364,74.6269,M1_hrv,Metronomic Breathing,Fixed-Rate Breathing 
123.168,74.6269,M1_hrv,Metronomic Breathing,Fixed-Rate Breathing 
123.972,72.8155,M1_hrv,Metronomic Breathing,Fixed-Rate Breathing 
124.796,77.3196,M1_hrv,Metronomic Breathing,Fixed-Rate Breathing 
125.572,81.0811,M1_hrv,Metronomic Breathing,Fixed-Rate Breathing 
126.312,77.3196,M1_hrv,Metronomic Breathing,Fixed-Rate Breathing 
127.088,75.7576,M1_hrv,Metronomic Breathing,Fixed-Rate Breathing 
127.88,78.9474,M1_hrv,Metronomic Breathing,Fixed-Rate Breathing 
128.64,83.7989,M1_hrv,Metronomic Breathing,Fixed-Rate Breathing 
129.356,78.9474,M1_hrv,Metronomic Breathing,Fixed-Rate Breathing 
130.116,77.3196,M1_hrv,Metronomic Breathing,Fixed-Rate Breathing 
130.892,79.3651,M1_hrv,Metronomic Breathing,Fixed-Rate Breathing 
131.648,76.5306,M1_hrv,Metronomic Breathing,Fixed-Rate Breathing 
132.432,72.4638,M1_hrv,Metronomic Breathing,Fixed-Rate Breathing 
133.26,73.5294,M1_hrv,Metronomic Breathing,Fixed-Rate Breathing 
134.076,74.6269,M1_hrv,Metronomic Breathing,Fixed-Rate Breathing 
134.88,70.7547,M1_hrv,Metronomic Breathing,Fixed-Rate Breathing 
135.728,71.4286,M1_hrv,Metronomic Breathing,Fixed-Rate Breathing 
136.568,74.2574,M1_hrv,Metronomic Breathing,Fixed-Rate Breathing 
137.376,74.6269,M1_hrv,Metronomic Breathing,Fixed-Rate Breathing 
138.18,75.3769,M1_hrv,Metronomic Breathing,Fixed-Rate Breathing 
138.976,76.5306,M1_hrv,Metronomic Breathing,Fixed-Rate Breathing 
139.76,78.125,M1_hrv,Metronomic Breathing,Fixed-Rate Breathing 
140.528,78.534,M1_hrv,Metronomic Breathing,Fixed-Rate Breathing 
141.292,82.8729,M1_hrv,Metronomic Breathing,Fixed-Rate Breathing 
142.016,84.7458,M1_hrv,Metronomic Breathing,Fixed-Rate Breathing 
142.724,80.6452,M1_hrv,Metronomic Breathing,Fixed-Rate Breathing 
143.468,78.125,M1_hrv,Metronomic Breathing,Fixed-Rate Breathing 
144.236,75.7576,M1_hrv,Metronomic Breathing,Fixed-Rate Breathing 
145.028,73.5294,M1_hrv,Metronomic Breathing,Fixed-Rate Breathing 
145.844,72.8155,M1_hrv,Metronomic Breathing,Fixed-Rate Breathing 
146.668,78.125,M1_hrv,Metronomic Breathing,Fixed-Rate Breathing 
147.436,80.6452,M1_hrv,Metronomic Breathing,Fixed-Rate Breathing 
148.18,79.7872,M1_hrv,Metronomic Breathing,Fixed-Rate Breathing 
148.932,87.7193,M1_hrv,Metronomic Breathing,Fixed-Rate Breathing 
149.616,86.2069,M1_hrv,Metronomic Breathing,Fixed-Rate Breathing 
150.312,81.0811,M1_hrv,Metronomic Breathing,Fixed-Rate Breathing 
151.052,79.3651,M1_hrv,Metronomic Breathing,Fixed-Rate Breathing 
151.808,77.3196,M1_hrv,Metronomic Breathing,Fixed-Rate Breathing 
152.584,78.9474,M1_hrv,Metronomic Breathing,Fixed-Rate Breathing 
153.344,74.6269,M1_hrv,Metronomic Breathing,Fixed-Rate Breathing 
154.148,73.5294,M1_hrv,Metronomic Breathing,Fixed-Rate Breathing 
154.964,73.1707,M1_hrv,Metronomic Breathing,Fixed-Rate Breathing 
155.784,72.8155,M1_hrv,Metronomic Breathing,Fixed-Rate Breathing 
156.608,80.2139,M1_hrv,Metronomic Breathing,Fixed-Rate Breathing 
157.356,81.9672,M1_hrv,Metronomic Breathing,Fixed-Rate Breathing 
158.088,84.2697,M1_hrv,Metronomic Breathing,Fixed-Rate Breathing 
158.8,84.7458,M1_hrv,Metronomic Breathing,Fixed-Rate Breathing 
159.508,87.2093,M1_hrv,Metronomic Breathing,Fixed-Rate Breathing 
160.196,89.2857,M1_hrv,Metronomic Breathing,Fixed-Rate Breathing 
160.868,88.2353,M1_hrv,Metronomic Breathing,Fixed-Rate Breathing 
161.548,89.2857,M1_hrv,Metronomic Breathing,Fixed-Rate Breathing 
162.22,86.2069,M1_hrv,Metronomic Breathing,Fixed-Rate Breathing 
162.916,82.8729,M1_hrv,Metronomic Breathing,Fixed-Rate Breathing 
163.64,78.534,M1_hrv,Metronomic Breathing,Fixed-Rate Breathing 
164.404,78.125,M1_hrv,Metronomic Breathing,Fixed-Rate Breathing 
165.172,77.7202,M1_hrv,Metronomic Breathing,Fixed-Rate Breathing 
165.944,77.3196,M1_hrv,Metronomic Breathing,Fixed-Rate Breathing 
166.72,78.125,M1_hrv,Metronomic Breathing,Fixed-Rate Breathing 
167.488,77.7202,M1_hrv,Metronomic Breathing,Fixed-Rate Breathing 
168.26,78.9474,M1_hrv,Metronomic Breathing,Fixed-Rate Breathing 
169.02,78.9474,M1_hrv,Metronomic Breathing,Fixed-Rate Breathing 
169.78,80.2139,M1_hrv,Metronomic Breathing,Fixed-Rate Breathing 
170.528,79.3651,M1_hrv,Metronomic Breathing,Fixed-Rate Breathing 
171.284,80.6452,M1_hrv,Metronomic Breathing,Fixed-Rate Breathing 
172.028,80.2139,M1_hrv,Metronomic Breathing,Fixed-Rate Breathing 
172.776,85.2273,M1_hrv,Metronomic Breathing,Fixed-Rate Breathing 
173.48,84.7458,M1_hrv,Metronomic Breathing,Fixed-Rate Breathing 
174.188,82.8729,M1_hrv,Metronomic Breathing,Fixed-Rate Breathing 
174.912,80.2139,M1_hrv,Metronomic Breathing,Fixed-Rate Breathing 
175.66,77.3196,M1_hrv,Metronomic Breathing,Fixed-Rate Breathing 
176.436,75.0,M1_hrv,Metronomic Breathing,Fixed-Rate Breathing 
177.236,78.9474,M1_hrv,Metronomic Breathing,Fixed-Rate Breathing 
177.996,80.6452,M1_hrv,Metronomic Breathing,Fixed-Rate Breathing 
178.74,76.1421,M1_hrv,Metronomic Breathing,Fixed-Rate Breathing 
179.528,78.9474,M1_hrv,Metronomic Breathing,Fixed-Rate Breathing 
180.288,75.3769,M1_hrv,Metronomic Breathing,Fixed-Rate Breathing 
181.084,72.1154,M1_hrv,Metronomic Breathing,Fixed-Rate Breathing 
181.916,71.09,M1_hrv,Metronomic Breathing,Fixed-Rate Breathing 
182.76,69.7674,M1_hrv,Metronomic Breathing,Fixed-Rate Breathing 
183.62,71.09,M1_hrv,Metronomic Breathing,Fixed-Rate Breathing 
184.464,71.4286,M1_hrv,Metronomic Breathing,Fixed-Rate Breathing 
185.304,73.5294,M1_hrv,Metronomic Breathing,Fixed-Rate Breathing 
186.12,74.2574,M1_hrv,Metronomic Breathing,Fixed-Rate Breathing 
186.928,74.2574,M1_hrv,Metronomic Breathing,Fixed-Rate Breathing 
187.736,78.125,M1_hrv,Metronomic Breathing,Fixed-Rate Breathing 
188.504,73.1707,M1_hrv,Metronomic Breathing,Fixed-Rate Breathing 
189.324,70.4225,M1_hrv,Metronomic Breathing,Fixed-Rate Breathing 
190.176,69.4444,M1_hrv,Metronomic Breathing,Fixed-Rate Breathing 
191.04,69.7674,M1_hrv,Metronomic Breathing,Fixed-Rate Breathing 
191.9,69.4444,M1_hrv,Metronomic Breathing,Fixed-Rate Breathing 
192.764,67.5676,M1_hrv,Metronomic Breathing,Fixed-Rate Breathing 
193.652,67.5676,M1_hrv,Metronomic Breathing,Fixed-Rate Breathing 
194.54,70.4225,M1_hrv,Metronomic Breathing,Fixed-Rate Breathing 
195.392,81.5217,M1_hrv,Metronomic Breathing,Fixed-Rate Breathing 
196.128,88.2353,M1_hrv,Metronomic Breathing,Fixed-Rate Breathing 
196.808,84.2697,M1_hrv,Metronomic Breathing,Fixed-Rate Breathing 
197.52,81.5217,M1_hrv,Metronomic Breathing,Fixed-Rate Breathing 
198.256,77.7202,M1_hrv,Metronomic Breathing,Fixed-Rate Breathing 
199.028,75.3769,M1_hrv,Metronomic Breathing,Fixed-Rate Breathing 
199.824,74.6269,M1_hrv,Metronomic Breathing,Fixed-Rate Breathing 
200.628,71.4286,M1_hrv,Metronomic Breathing,Fixed-Rate Breathing 
201.468,71.4286,M1_hrv,Metronomic Breathing,Fixed-Rate Breathing 
202.308,68.1818,M1_hrv,Metronomic Breathing,Fixed-Rate Breathing 
203.188,69.1244,M1_hrv,Metronomic Breathing,Fixed-Rate Breathing 
204.056,73.1707,M1_hrv,Metronomic Breathing,Fixed-Rate Breathing 
204.876,78.9474,M1_hrv,Metronomic Breathing,Fixed-Rate Breathing 
205.636,78.9474,M1_hrv,Metronomic Breathing,Fixed-Rate Breathing 
206.396,79.3651,M1_hrv,Metronomic Breathing,Fixed-Rate Breathing 
207.152,78.125,M1_hrv,Metronomic Breathing,Fixed-Rate Breathing 
207.92,75.3769,M1_hrv,Metronomic Breathing,Fixed-Rate Breathing 
208.716,72.1154,M1_hrv,Metronomic Breathing,Fixed-Rate Breathing 
209.548,70.4225,M1_hrv,Metronomic Breathing,Fixed-Rate Breathing 
210.4,70.0935,M1_hrv,Metronomic Breathing,Fixed-Rate Breathing 
211.256,68.8073,M1_hrv,Metronomic Breathing,Fixed-Rate Breathing 
212.128,70.4225,M1_hrv,Metronomic Breathing,Fixed-Rate Breathing 
212.98,70.7547,M1_hrv,Metronomic Breathing,Fixed-Rate Breathing 
213.828,71.09,M1_hrv,Metronomic Breathing,Fixed-Rate Breathing 
214.672,72.1154,M1_hrv,Metronomic Breathing,Fixed-Rate Breathing 
215.504,72.8155,M1_hrv,Metronomic Breathing,Fixed-Rate Breathing 
216.328,71.4286,M1_hrv,Metronomic Breathing,Fixed-Rate Breathing 
217.168,70.7547,M1_hrv,Metronomic Breathing,Fixed-Rate Breathing 
218.016,71.4286,M1_hrv,Metronomic Breathing,Fixed-Rate Breathing 
218.856,70.4225,M1_hrv,Metronomic Breathing,Fixed-Rate Breathing 
219.708,71.4286,M1_hrv,Metronomic Breathing,Fixed-Rate Breathing 
220.548,70.7547,M1_hrv,Metronomic Breathing,Fixed-Rate Breathing 
221.396,69.1244,M1_hrv,Metronomic Breathing,Fixed-Rate Breathing 
222.264,68.1818,M1_hrv,Metronomic Breathing,Fixed-Rate Breathing 
223.144,69.7674,M1_hrv,Metronomic Breathing,Fixed-Rate Breathing 
224.004,72.8155,M1_hrv,Metronomic Breathing,Fixed-Rate Breathing 
224.828,73.5294,M1_hrv,Metronomic Breathing,Fixed-Rate Breathing 
225.644,73.5294,M1_hrv,Metronomic Breathing,Fixed-Rate Breathing 
226.46,71.09,M1_hrv,Metronomic Breathing,Fixed-Rate Breathing 
227.304,69.1244,M1_hrv,Metronomic Breathing,Fixed-Rate Breathing 
228.172,67.2646,M1_hrv,Metronomic Breathing,Fixed-Rate Breathing 
229.064,65.5022,M1_hrv,Metronomic Breathing,Fixed-Rate Breathing 
229.98,64.9351,M1_hrv,Metronomic Breathing,Fixed-Rate Breathing 
230.904,65.7895,M1_hrv,Metronomic Breathing,Fixed-Rate Breathing 
231.816,68.1818,M1_hrv,Metronomic Breathing,Fixed-Rate Breathing 
232.696,71.09,M1_hrv,Metronomic Breathing,Fixed-Rate Breathing 
233.54,76.9231,M1_hrv,Metronomic Breathing,Fixed-Rate Breathing 
234.32,81.0811,M1_hrv,Metronomic Breathing,Fixed-Rate Breathing 
235.06,78.9474,M1_hrv,Metronomic Breathing,Fixed-Rate Breathing 
235.82,71.7703,M1_hrv,Metronomic Breathing,Fixed-Rate Breathing 
236.656,69.4444,M1_hrv,Metronomic Breathing,Fixed-Rate Breathing 
237.52,70.0935,M1_hrv,Metronomic Breathing,Fixed-Rate Breathing 
238.376,72.8155,M1_hrv,Metronomic Breathing,Fixed-Rate Breathing 
239.2,71.7703,M1_hrv,Metronomic Breathing,Fixed-Rate Breathing 
240.036,74.6269,M1_hrv,Metronomic Breathing,Fixed-Rate Breathing 
240.84,78.125,M1_hrv,Metronomic Breathing,Fixed-Rate Breathing 
241.608,73.5294,M1_hrv,Metronomic Breathing,Fixed-Rate Breathing 
242.424,74.6269,M1_hrv,Metronomic Breathing,Fixed-Rate Breathing 
243.228,80.2139,M1_hrv,Metronomic Breathing,Fixed-Rate Breathing 
243.976,81.9672,M1_hrv,Metronomic Breathing,Fixed-Rate Breathing 
244.708,74.6269,M1_hrv,Metronomic Breathing,Fixed-Rate Breathing 
245.512,75.0,M1_hrv,Metronomic Breathing,Fixed-Rate Breathing 
246.312,74.6269,M1_hrv,Metronomic Breathing,Fixed-Rate Breathing 
247.116,73.8916,M1_hrv,Metronomic Breathing,Fixed-Rate Breathing 
247.928,73.8916,M1_hrv,Metronomic Breathing,Fixed-Rate Breathing 
248.74,78.125,M1_hrv,Metronomic Breathing,Fixed-Rate Breathing 
249.508,82.4176,M1_hrv,Metronomic Breathing,Fixed-Rate Breathing 
250.236,79.7872,M1_hrv,Metronomic Breathing,Fixed-Rate Breathing 
250.988,76.5306,M1_hrv,Metronomic Breathing,Fixed-Rate Breathing 
251.772,73.8916,M1_hrv,Metronomic Breathing,Fixed-Rate Breathing 
252.584,70.7547,M1_hrv,Metronomic Breathing,Fixed-Rate Breathing 
253.432,69.4444,M1_hrv,Metronomic Breathing,Fixed-Rate Breathing 
254.296,70.4225,M1_hrv,Metronomic Breathing,Fixed-Rate Breathing 
255.148,72.8155,M1_hrv,Metronomic Breathing,Fixed-Rate Breathing 
255.972,72.1154,M1_hrv,Metronomic Breathing,Fixed-Rate Breathing 
256.804,72.1154,M1_hrv,Metronomic Breathing,Fixed-Rate Breathing 
257.636,72.4638,M1_hrv,Metronomic Breathing,Fixed-Rate Breathing 
258.464,76.9231,M1_hrv,Metronomic Breathing,Fixed-Rate Breathing 
259.244,74.2574,M1_hrv,Metronomic Breathing,Fixed-Rate Breathing 
260.052,73.5294,M1_hrv,Metronomic Breathing,Fixed-Rate Breathing 
260.868,72.8155,M1_hrv,Metronomic Breathing,Fixed-Rate Breathing 
261.692,70.7547,M1_hrv,Metronomic Breathing,Fixed-Rate Breathing 
262.54,71.4286,M1_hrv,Metronomic Breathing,Fixed-Rate Breathing 
263.38,75.3769,M1_hrv,Metronomic Breathing,Fixed-Rate Breathing 
264.176,74.2574,M1_hrv,Metronomic Breathing,Fixed-Rate Breathing 
264.984,74.6269,M1_hrv,Metronomic Breathing,Fixed-Rate Breathing 
265.788,75.0,M1_hrv,Metronomic Breathing,Fixed-Rate Breathing 
266.588,74.6269,M1_hrv,Metronomic Breathing,Fixed-Rate Breathing 
267.392,76.1421,M1_hrv,Metronomic Breathing,Fixed-Rate Breathing 
268.18,82.4176,M1_hrv,Metronomic Breathing,Fixed-Rate Breathing 
268.908,78.534,M1_hrv,Metronomic Breathing,Fixed-Rate Breathing 
269.672,78.125,M1_hrv,Metronomic Breathing,Fixed-Rate Breathing 
270.44,75.0,M1_hrv,Metronomic Breathing,Fixed-Rate Breathing 
271.24,76.5306,M1_hrv,Metronomic Breathing,Fixed-Rate Breathing 
272.024,79.7872,M1_hrv,Metronomic Breathing,Fixed-Rate Breathing 
272.776,75.0,M1_hrv,Metronomic Breathing,Fixed-Rate Breathing 
273.576,76.1421,M1_hrv,Metronomic Breathing,Fixed-Rate Breathing 
274.364,78.534,M1_hrv,Metronomic Breathing,Fixed-Rate Breathing 
275.128,77.3196,M1_hrv,Metronomic Breathing,Fixed-Rate Breathing 
275.904,75.0,M1_hrv,Metronomic Breathing,Fixed-Rate Breathing 
276.704,74.2574,M1_hrv,Metronomic Breathing,Fixed-Rate Breathing 
277.512,75.0,M1_hrv,Metronomic Breathing,Fixed-Rate Breathing 
278.312,74.6269,M1_hrv,Metronomic Breathing,Fixed-Rate Breathing 
279.116,75.3769,M1_hrv,Metronomic Breathing,Fixed-Rate Breathing 
279.912,75.3769,M1_hrv,Metronomic Breathing,Fixed-Rate Breathing 
280.708,74.2574,M1_hrv,Metronomic Breathing,Fixed-Rate Breathing 
281.516,71.7703,M1_hrv,Metronomic Breathing,Fixed-Rate Breathing 
282.352,73.8916,M1_hrv,Metronomic Breathing,Fixed-Rate Breathing 
283.164,72.4638,M1_hrv,Metronomic Breathing,Fixed-Rate Breathing 
283.992,71.7703,M1_hrv,Metronomic Breathing,Fixed-Rate Breathing 
284.828,71.09,M1_hrv,Metronomic Breathing,Fixed-Rate Breathing 
285.672,70.4225,M1_hrv,Metronomic Breathing,Fixed-Rate Breathing 
286.524,73.5294,M1_hrv,Metronomic Breathing,Fixed-Rate Breathing 
287.34,78.125,M1_hrv,Metronomic Breathing,Fixed-Rate Breathing 
288.108,83.3333,M1_hrv,Metronomic Breathing,Fixed-Rate Breathing 
288.828,81.0811,M1_hrv,Metronomic Breathing,Fixed-Rate Breathing 
289.568,76.9231,M1_hrv,Metronomic Breathing,Fixed-Rate Breathing 
290.348,70.7547,M1_hrv,Metronomic Breathing,Fixed-Rate Breathing 
291.196,69.4444,M1_hrv,Metronomic Breathing,Fixed-Rate Breathing 
292.06,67.8733,M1_hrv,Metronomic Breathing,Fixed-Rate Breathing 
292.944,72.8155,M1_hrv,Metronomic Breathing,Fixed-Rate Breathing 
293.768,79.3651,M1_hrv,Metronomic Breathing,Fixed-Rate Breathing 
294.524,78.125,M1_hrv,Metronomic Breathing,Fixed-Rate Breathing 
295.292,71.4286,M1_hrv,Metronomic Breathing,Fixed-Rate Breathing 
296.132,70.0935,M1_hrv,Metronomic Breathing,Fixed-Rate Breathing 
296.988,67.2646,M1_hrv,Metronomic Breathing,Fixed-Rate Breathing 
297.88,67.5676,M1_hrv,Metronomic Breathing,Fixed-Rate Breathing 
298.768,68.4931,M1_hrv,Metronomic Breathing,Fixed-Rate Breathing 
299.644,71.7703,M1_hrv,Metronomic Breathing,Fixed-Rate Breathing 
300.48,73.8916,M1_hrv,Metronomic Breathing,Fixed-Rate Breathing 
301.292,74.2574,M1_hrv,Metronomic Breathing,Fixed-Rate Breathing 
302.1,73.8916,M1_hrv,Metronomic Breathing,Fixed-Rate Breathing 
302.912,73.1707,M1_hrv,Metronomic Breathing,Fixed-Rate Breathing 
303.732,77.3196,M1_hrv,Metronomic Breathing,Fixed-Rate Breathing 
304.508,77.7202,M1_hrv,Metronomic Breathing,Fixed-Rate Breathing 
305.28,73.1707,M1_hrv,Metronomic Breathing,Fixed-Rate Breathing 
306.1,70.7547,M1_hrv,Metronomic Breathing,Fixed-Rate Breathing 
306.948,70.7547,M1_hrv,Metronomic Breathing,Fixed-Rate Breathing 
307.796,69.1244,M1_hrv,Metronomic Breathing,Fixed-Rate Breathing 
308.664,69.7674,M1_hrv,Metronomic Breathing,Fixed-Rate Breathing 
309.524,69.4444,M1_hrv,Metronomic Breathing,Fixed-Rate Breathing 
310.388,69.4444,M1_hrv,Metronomic Breathing,Fixed-Rate Breathing 
311.252,70.0935,M1_hrv,Metronomic Breathing,Fixed-Rate Breathing 
312.108,70.0935,M1_hrv,Metronomic Breathing,Fixed-Rate Breathing 
312.964,68.8073,M1_hrv,Metronomic Breathing,Fixed-Rate Breathing 
313.836,67.5676,M1_hrv,Metronomic Breathing,Fixed-Rate Breathing 
314.724,69.1244,M1_hrv,Metronomic Breathing,Fixed-Rate Breathing 
315.592,70.0935,M1_hrv,Metronomic Breathing,Fixed-Rate Breathing 
316.448,70.7547,M1_hrv,Metronomic Breathing,Fixed-Rate Breathing 
317.296,70.7547,M1_hrv,Metronomic Breathing,Fixed-Rate Breathing 
318.144,72.1154,M1_hrv,Metronomic Breathing,Fixed-Rate Breathing 
318.976,71.7703,M1_hrv,Metronomic Breathing,Fixed-Rate Breathing 
319.812,71.7703,M1_hrv,Metronomic Breathing,Fixed-Rate Breathing 
320.648,70.0935,M1_hrv,Metronomic Breathing,Fixed-Rate Breathing 
321.504,68.8073,M1_hrv,Metronomic Breathing,Fixed-Rate Breathing 
322.376,68.8073,M1_hrv,Metronomic Breathing,Fixed-Rate Breathing 
323.248,69.7674,M1_hrv,Metronomic Breathing,Fixed-Rate Breathing 
324.108,69.1244,M1_hrv,Metronomic Breathing,Fixed-Rate Breathing 
324.976,67.8733,M1_hrv,Metronomic Breathing,Fixed-Rate Breathing 
325.86,70.4225,M1_hrv,Metronomic Breathing,Fixed-Rate Breathing 
326.712,72.4638,M1_hrv,Metronomic Breathing,Fixed-Rate Breathing 
327.54,73.1707,M1_hrv,Metronomic Breathing,Fixed-Rate Breathing 
328.36,75.0,M1_hrv,Metronomic Breathing,Fixed-Rate Breathing 
329.16,75.0,M1_hrv,Metronomic Breathing,Fixed-Rate Breathing 
329.96,75.3769,M1_hrv,Metronomic Breathing,Fixed-Rate Breathing 
330.756,72.8155,M1_hrv,Metronomic Breathing,Fixed-Rate Breathing 
331.58,71.09,M1_hrv,Metronomic Breathing,Fixed-Rate Breathing 
332.424,72.1154,M1_hrv,Metronomic Breathing,Fixed-Rate Breathing 
333.256,76.5306,M1_hrv,Metronomic Breathing,Fixed-Rate Breathing 
334.04,81.5217,M1_hrv,Metronomic Breathing,Fixed-Rate Breathing 
334.776,75.3769,M1_hrv,Metronomic Breathing,Fixed-Rate Breathing 
335.572,75.0,M1_hrv,Metronomic Breathing,Fixed-Rate Breathing 
336.372,71.09,M1_hrv,Metronomic Breathing,Fixed-Rate Breathing 
337.216,72.8155,M1_hrv,Metronomic Breathing,Fixed-Rate Breathing 
338.04,74.6269,M1_hrv,Metronomic Breathing,Fixed-Rate Breathing 
338.844,72.4638,M1_hrv,Metronomic Breathing,Fixed-Rate Breathing 
339.672,72.4638,M1_hrv,Metronomic Breathing,Fixed-Rate Breathing 
340.5,73.8916,M1_hrv,Metronomic Breathing,Fixed-Rate Breathing 
341.312,76.5306,M1_hrv,Metronomic Breathing,Fixed-Rate Breathing 
342.096,76.9231,M1_hrv,Metronomic Breathing,Fixed-Rate Breathing 
342.876,77.7202,M1_hrv,Metronomic Breathing,Fixed-Rate Breathing 
343.648,78.534,M1_hrv,Metronomic Breathing,Fixed-Rate Breathing 
344.412,81.0811,M1_hrv,Metronomic Breathing,Fixed-Rate Breathing 
345.152,85.2273,M1_hrv,Metronomic Breathing,Fixed-Rate Breathing 
345.856,81.5217,M1_hrv,Metronomic Breathing,Fixed-Rate Breathing 
346.592,84.2697,M1_hrv,Metronomic Breathing,Fixed-Rate Breathing 
347.304,83.7989,M1_hrv,Metronomic Breathing,Fixed-Rate Breathing 
348.02,80.6452,M1_hrv,Metronomic Breathing,Fixed-Rate Breathing 
348.764,78.9474,M1_hrv,Metronomic Breathing,Fixed-Rate Breathing 
349.524,78.125,M1_hrv,Metronomic Breathing,Fixed-Rate Breathing 
350.292,77.3196,M1_hrv,Metronomic Breathing,Fixed-Rate Breathing 
351.068,78.125,M1_hrv,Metronomic Breathing,Fixed-Rate Breathing 
351.836,77.7202,M1_hrv,Metronomic Breathing,Fixed-Rate Breathing 
352.608,79.7872,M1_hrv,Metronomic Breathing,Fixed-Rate Breathing 
353.36,78.125,M1_hrv,Metronomic Breathing,Fixed-Rate Breathing 
354.128,76.9231,M1_hrv,Metronomic Breathing,Fixed-Rate Breathing 
354.908,75.3769,M1_hrv,Metronomic Breathing,Fixed-Rate Breathing 
355.704,75.3769,M1_hrv,Metronomic Breathing,Fixed-Rate Breathing 
356.5,77.3196,M1_hrv,Metronomic Breathing,Fixed-Rate Breathing 
357.276,78.9474,M1_hrv,Metronomic Breathing,Fixed-Rate Breathing 
358.036,75.0,M1_hrv,Metronomic Breathing,Fixed-Rate Breathing 
358.836,72.4638,M1_hrv,Metronomic Breathing,Fixed-Rate Breathing 
359.664,71.4286,M1_hrv,Metronomic Breathing,Fixed-Rate Breathing 
360.504,71.09,M1_hrv,Metronomic Breathing,Fixed-Rate Breathing 
361.348,70.4225,M1_hrv,Metronomic Breathing,Fixed-Rate Breathing 
362.2,72.8155,M1_hrv,Metronomic Breathing,Fixed-Rate Breathing 
363.024,74.2574,M1_hrv,Metronomic Breathing,Fixed-Rate Breathing 
363.832,80.2139,M1_hrv,Metronomic Breathing,Fixed-Rate Breathing 
364.58,75.0,M1_hrv,Metronomic Breathing,Fixed-Rate Breathing 
365.38,73.1707,M1_hrv,Metronomic Breathing,Fixed-Rate Breathing 
366.2,71.09,M1_hrv,Metronomic Breathing,Fixed-Rate Breathing 
367.044,76.9231,M1_hrv,Metronomic Breathing,Fixed-Rate Breathing 
367.824,73.8916,M1_hrv,Metronomic Breathing,Fixed-Rate Breathing 
368.636,72.8155,M1_hrv,Metronomic Breathing,Fixed-Rate Breathing 
369.46,72.1154,M1_hrv,Metronomic Breathing,Fixed-Rate Breathing 
370.292,71.7703,M1_hrv,Metronomic Breathing,Fixed-Rate Breathing 
371.128,71.09,M1_hrv,Metronomic Breathing,Fixed-Rate Breathing 
371.972,72.1154,M1_hrv,Metronomic Breathing,Fixed-Rate Breathing 
372.804,73.8916,M1_hrv,Metronomic Breathing,Fixed-Rate Breathing 
373.616,74.2574,M1_hrv,Metronomic Breathing,Fixed-Rate Breathing 
374.424,77.7202,M1_hrv,Metronomic Breathing,Fixed-Rate Breathing 
375.196,81.9672,M1_hrv,Metronomic Breathing,Fixed-Rate Breathing 
375.928,80.6452,M1_hrv,Metronomic Breathing,Fixed-Rate Breathing 
376.672,81.0811,M1_hrv,Metronomic Breathing,Fixed-Rate Breathing 
377.412,79.7872,M1_hrv,Metronomic Breathing,Fixed-Rate Breathing 
378.164,80.2139,M1_hrv,Metronomic Breathing,Fixed-Rate Breathing 
378.912,78.9474,M1_hrv,Metronomic Breathing,Fixed-Rate Breathing 
379.672,72.8155,M1_hrv,Metronomic Breathing,Fixed-Rate Breathing 
380.496,72.8155,M1_hrv,Metronomic Breathing,Fixed-Rate Breathing 
381.32,73.5294,M1_hrv,Metronomic Breathing,Fixed-Rate Breathing 
382.136,74.2574,M1_hrv,Metronomic Breathing,Fixed-Rate Breathing 
382.944,74.6269,M1_hrv,Metronomic Breathing,Fixed-Rate Breathing 
383.748,76.9231,M1_hrv,Metronomic Breathing,Fixed-Rate Breathing 
384.528,78.125,M1_hrv,Metronomic Breathing,Fixed-Rate Breathing 
385.296,78.9474,M1_hrv,Metronomic Breathing,Fixed-Rate Breathing 
386.056,79.7872,M1_hrv,Metronomic Breathing,Fixed-Rate Breathing 
386.808,78.9474,M1_hrv,Metronomic Breathing,Fixed-Rate Breathing 
387.568,78.125,M1_hrv,Metronomic Breathing,Fixed-Rate Breathing 
388.336,80.2139,M1_hrv,Metronomic Breathing,Fixed-Rate Breathing 
389.084,74.6269,M1_hrv,Metronomic Breathing,Fixed-Rate Breathing 
389.888,73.8916,M1_hrv,Metronomic Breathing,Fixed-Rate Breathing 
390.7,69.4444,M1_hrv,Metronomic Breathing,Fixed-Rate Breathing 
391.564,68.8073,M1_hrv,Metronomic Breathing,Fixed-Rate Breathing 
392.436,76.1421,M1_hrv,Metronomic Breathing,Fixed-Rate Breathing 
393.224,80.6452,M1_hrv,Metronomic Breathing,Fixed-Rate Breathing 
393.968,81.0811,M1_hrv,Metronomic Breathing,Fixed-Rate Breathing 
394.708,81.9672,M1_hrv,Metronomic Breathing,Fixed-Rate Breathing 
395.44,80.2139,M1_hrv,Metronomic Breathing,Fixed-Rate Breathing 
396.188,76.9231,M1_hrv,Metronomic Breathing,Fixed-Rate Breathing 
396.968,71.7703,M1_hrv,Metronomic Breathing,Fixed-Rate Breathing 
397.804,71.09,M1_hrv,Metronomic Breathing,Fixed-Rate Breathing 
398.648,69.1244,M1_hrv,Metronomic Breathing,Fixed-Rate Breathing 
399.516,69.4444,M1_hrv,Metronomic Breathing,Fixed-Rate Breathing 
400.38,70.4225,M1_hrv,Metronomic Breathing,Fixed-Rate Breathing 
401.232,70.7547,M1_hrv,Metronomic Breathing,Fixed-Rate Breathing 
402.08,74.6269,M1_hrv,Metronomic Breathing,Fixed-Rate Breathing 
402.884,75.0,M1_hrv,Metronomic Breathing,Fixed-Rate Breathing 
403.684,71.7703,M1_hrv,Metronomic Breathing,Fixed-Rate Breathing 
404.52,71.09,M1_hrv,Metronomic Breathing,Fixed-Rate Breathing 
405.364,75.7576,M1_hrv,Metronomic Breathing,Fixed-Rate Breathing 
406.156,73.5294,M1_hrv,Metronomic Breathing,Fixed-Rate Breathing 
406.972,75.0,M1_hrv,Metronomic Breathing,Fixed-Rate Breathing 
407.772,80.2139,M1_hrv,Metronomic Breathing,Fixed-Rate Breathing 
408.52,78.534,M1_hrv,Metronomic Breathing,Fixed-Rate Breathing 
409.284,77.3196,M1_hrv,Metronomic Breathing,Fixed-Rate Breathing 
410.06,79.7872,M1_hrv,Metronomic Breathing,Fixed-Rate Breathing 
410.812,78.534,M1_hrv,Metronomic Breathing,Fixed-Rate Breathing 
411.576,75.3769,M1_hrv,Metronomic Breathing,Fixed-Rate Breathing 
412.372,78.125,M1_hrv,Metronomic Breathing,Fixed-Rate Breathing 
413.14,81.0811,M1_hrv,Metronomic Breathing,Fixed-Rate Breathing 
413.88,85.7143,M1_hrv,Metronomic Breathing,Fixed-Rate Breathing 
414.58,84.7458,M1_hrv,Metronomic Breathing,Fixed-Rate Breathing 
415.288,84.7458,M1_hrv,Metronomic Breathing,Fixed-Rate Breathing 
415.996,84.7458,M1_hrv,Metronomic Breathing,Fixed-Rate Breathing 
416.704,78.125,M1_hrv,Metronomic Breathing,Fixed-Rate Breathing 
417.472,80.2139,M1_hrv,Metronomic Breathing,Fixed-Rate Breathing 
418.22,75.0,M1_hrv,Metronomic Breathing,Fixed-Rate Breathing 
419.02,78.534,M1_hrv,Metronomic Breathing,Fixed-Rate Breathing 
419.784,75.0,M1_hrv,Metronomic Breathing,Fixed-Rate Breathing 
420.584,72.1154,M1_hrv,Metronomic Breathing,Fixed-Rate Breathing 
421.416,72.1154,M1_hrv,Metronomic Breathing,Fixed-Rate Breathing 
422.248,73.1707,M1_hrv,Metronomic Breathing,Fixed-Rate Breathing 
423.068,73.1707,M1_hrv,Metronomic Breathing,Fixed-Rate Breathing 
423.888,73.5294,M1_hrv,Metronomic Breathing,Fixed-Rate Breathing 
424.704,73.8916,M1_hrv,Metronomic Breathing,Fixed-Rate Breathing 
425.516,73.5294,M1_hrv,Metronomic Breathing,Fixed-Rate Breathing 
426.332,74.2574,M1_hrv,Metronomic Breathing,Fixed-Rate Breathing 
427.14,74.6269,M1_hrv,Metronomic Breathing,Fixed-Rate Breathing 
427.944,76.1421,M1_hrv,Metronomic Breathing,Fixed-Rate Breathing 
428.732,74.6269,M1_hrv,Metronomic Breathing,Fixed-Rate Breathing 
429.536,74.2574,M1_hrv,Metronomic Breathing,Fixed-Rate Breathing 
430.344,76.1421,M1_hrv,Metronomic Breathing,Fixed-Rate Breathing 
431.132,78.9474,M1_hrv,Metronomic Breathing,Fixed-Rate Breathing 
431.892,76.5306,M1_hrv,Metronomic Breathing,Fixed-Rate Breathing 
432.676,66.9643,M1_hrv,Metronomic Breathing,Fixed-Rate Breathing 
433.572,64.3777,M1_hrv,Metronomic Breathing,Fixed-Rate Breathing 
434.504,67.8733,M1_hrv,Metronomic Breathing,Fixed-Rate Breathing 
435.388,71.7703,M1_hrv,Metronomic Breathing,Fixed-Rate Breathing 
436.224,75.0,M1_hrv,Metronomic Breathing,Fixed-Rate Breathing 
437.024,79.3651,M1_hrv,Metronomic Breathing,Fixed-Rate Breathing 
437.78,81.5217,M1_hrv,Metronomic Breathing,Fixed-Rate Breathing 
438.516,80.2139,M1_hrv,Metronomic Breathing,Fixed-Rate Breathing 
439.264,83.3333,M1_hrv,Metronomic Breathing,Fixed-Rate Breathing 
439.984,82.4176,M1_hrv,Metronomic Breathing,Fixed-Rate Breathing 
440.712,74.6269,M1_hrv,Metronomic Breathing,Fixed-Rate Breathing 
441.516,70.7547,M1_hrv,Metronomic Breathing,Fixed-Rate Breathing 
442.364,68.8073,M1_hrv,Metronomic Breathing,Fixed-Rate Breathing 
443.236,68.1818,M1_hrv,Metronomic Breathing,Fixed-Rate Breathing 
444.116,69.1244,M1_hrv,Metronomic Breathing,Fixed-Rate Breathing 
444.984,69.4444,M1_hrv,Metronomic Breathing,Fixed-Rate Breathing 
445.848,70.7547,M1_hrv,Metronomic Breathing,Fixed-Rate Breathing 
446.696,72.4638,M1_hrv,Metronomic Breathing,Fixed-Rate Breathing 
447.524,71.4286,M1_hrv,Metronomic Breathing,Fixed-Rate Breathing 
448.364,71.09,M1_hrv,Metronomic Breathing,Fixed-Rate Breathing 
449.208,71.7703,M1_hrv,Metronomic Breathing,Fixed-Rate Breathing 
450.044,71.4286,M1_hrv,Metronomic Breathing,Fixed-Rate Breathing 
450.884,70.4225,M1_hrv,Metronomic Breathing,Fixed-Rate Breathing 
451.736,70.4225,M1_hrv,Metronomic Breathing,Fixed-Rate Breathing 
452.588,69.1244,M1_hrv,Metronomic Breathing,Fixed-Rate Breathing 
453.456,69.1244,M1_hrv,Metronomic Breathing,Fixed-Rate Breathing 
454.324,69.4444,M1_hrv,Metronomic Breathing,Fixed-Rate Breathing 
455.188,68.8073,M1_hrv,Metronomic Breathing,Fixed-Rate Breathing 
456.06,68.1818,M1_hrv,Metronomic Breathing,Fixed-Rate Breathing 
456.94,70.4225,M1_hrv,Metronomic Breathing,Fixed-Rate Breathing 
457.792,70.4225,M1_hrv,Metronomic Breathing,Fixed-Rate Breathing 
458.644,69.4444,M1_hrv,Metronomic Breathing,Fixed-Rate Breathing 
459.508,75.7576,M1_hrv,Metronomic Breathing,Fixed-Rate Breathing 
460.3,78.9474,M1_hrv,Metronomic Breathing,Fixed-Rate Breathing 
461.06,72.4638,M1_hrv,Metronomic Breathing,Fixed-Rate Breathing 
461.888,72.4638,M1_hrv,Metronomic Breathing,Fixed-Rate Breathing 
462.716,70.4225,M1_hrv,Metronomic Breathing,Fixed-Rate Breathing 
463.568,80.2139,M1_hrv,Metronomic Breathing,Fixed-Rate Breathing 
464.316,76.9231,M1_hrv,Metronomic Breathing,Fixed-Rate Breathing 
465.096,75.3769,M1_hrv,Metronomic Breathing,Fixed-Rate Breathing 
465.892,73.5294,M1_hrv,Metronomic Breathing,Fixed-Rate Breathing 
466.708,77.7202,M1_hrv,Metronomic Breathing,Fixed-Rate Breathing 
467.48,76.1421,M1_hrv,Metronomic Breathing,Fixed-Rate Breathing 
468.268,73.1707,M1_hrv,Metronomic Breathing,Fixed-Rate Breathing 
469.088,75.3769,M1_hrv,Metronomic Breathing,Fixed-Rate Breathing 
469.884,78.125,M1_hrv,Metronomic Breathing,Fixed-Rate Breathing 
470.652,77.7202,M1_hrv,Metronomic Breathing,Fixed-Rate Breathing 
471.424,75.7576,M1_hrv,Metronomic Breathing,Fixed-Rate Breathing 
472.216,75.7576,M1_hrv,Metronomic Breathing,Fixed-Rate Breathing 
473.008,75.7576,M1_hrv,Metronomic Breathing,Fixed-Rate Breathing 
473.8,78.9474,M1_hrv,Metronomic Breathing,Fixed-Rate Breathing 
474.56,80.2139,M1_hrv,Metronomic Breathing,Fixed-Rate Breathing 
475.308,76.1421,M1_hrv,Metronomic Breathing,Fixed-Rate Breathing 
476.096,71.4286,M1_hrv,Metronomic Breathing,Fixed-Rate Breathing 
476.936,70.7547,M1_hrv,Metronomic Breathing,Fixed-Rate Breathing 
477.784,69.4444,M1_hrv,Metronomic Breathing,Fixed-Rate Breathing 
478.648,71.7703,M1_hrv,Metronomic Breathing,Fixed-Rate Breathing 
479.484,72.1154,M1_hrv,Metronomic Breathing,Fixed-Rate Breathing 
480.316,72.4638,M1_hrv,Metronomic Breathing,Fixed-Rate Breathing 
481.144,72.1154,M1_hrv,Metronomic Breathing,Fixed-Rate Breathing 
481.976,73.1707,M1_hrv,Metronomic Breathing,Fixed-Rate Breathing 
482.796,73.8916,M1_hrv,Metronomic Breathing,Fixed-Rate Breathing 
483.608,77.7202,M1_hrv,Metronomic Breathing,Fixed-Rate Breathing 
484.38,79.7872,M1_hrv,Metronomic Breathing,Fixed-Rate Breathing 
485.132,73.1707,M1_hrv,Metronomic Breathing,Fixed-Rate Breathing 
485.952,70.0935,M1_hrv,Metronomic Breathing,Fixed-Rate Breathing 
486.808,69.7674,M1_hrv,Metronomic Breathing,Fixed-Rate Breathing 
487.668,74.2574,M1_hrv,Metronomic Breathing,Fixed-Rate Breathing 
488.476,70.7547,M1_hrv,Metronomic Breathing,Fixed-Rate Breathing 
489.324,69.7674,M1_hrv,Metronomic Breathing,Fixed-Rate Breathing 
490.184,68.8073,M1_hrv,Metronomic Breathing,Fixed-Rate Breathing 
491.056,69.4444,M1_hrv,Metronomic Breathing,Fixed-Rate Breathing 
491.92,72.8155,M1_hrv,Metronomic Breathing,Fixed-Rate Breathing 
492.744,72.4638,M1_hrv,Metronomic Breathing,Fixed-Rate Breathing 
493.572,73.1707,M1_hrv,Metronomic Breathing,Fixed-Rate Breathing 
494.392,75.3769,M1_hrv,Metronomic Breathing,Fixed-Rate Breathing 
495.188,76.1421,M1_hrv,Metronomic Breathing,Fixed-Rate Breathing 
495.976,75.7576,M1_hrv,Metronomic Breathing,Fixed-Rate Breathing 
496.768,75.0,M1_hrv,Metronomic Breathing,Fixed-Rate Breathing 
497.568,71.4286,M1_hrv,Metronomic Breathing,Fixed-Rate Breathing 
498.408,67.5676,M1_hrv,Metronomic Breathing,Fixed-Rate Breathing 
499.296,67.2646,M1_hrv,Metronomic Breathing,Fixed-Rate Breathing 
500.188,69.7674,M1_hrv,Metronomic Breathing,Fixed-Rate Breathing 
501.048,72.4638,M1_hrv,Metronomic Breathing,Fixed-Rate Breathing 
501.876,68.4931,M1_hrv,Metronomic Breathing,Fixed-Rate Breathing 
502.752,69.1244,M1_hrv,Metronomic Breathing,Fixed-Rate Breathing 
503.62,68.8073,M1_hrv,Metronomic Breathing,Fixed-Rate Breathing 
504.492,70.0935,M1_hrv,Metronomic Breathing,Fixed-Rate Breathing 
505.348,71.09,M1_hrv,Metronomic Breathing,Fixed-Rate Breathing 
506.192,70.7547,M1_hrv,Metronomic Breathing,Fixed-Rate Breathing 
507.04,76.1421,M1_hrv,Metronomic Breathing,Fixed-Rate Breathing 
507.828,76.5306,M1_hrv,Metronomic Breathing,Fixed-Rate Breathing 
508.612,73.1707,M1_hrv,Metronomic Breathing,Fixed-Rate Breathing 
509.432,67.8733,M1_hrv,Metronomic Breathing,Fixed-Rate Breathing 
510.316,66.3717,M1_hrv,Metronomic Breathing,Fixed-Rate Breathing 
511.22,64.9351,M1_hrv,Metronomic Breathing,Fixed-Rate Breathing 
512.144,65.7895,M1_hrv,Metronomic Breathing,Fixed-Rate Breathing 
513.056,68.1818,M1_hrv,Metronomic Breathing,Fixed-Rate Breathing 
513.936,69.7674,M1_hrv,Metronomic Breathing,Fixed-Rate Breathing 
514.796,70.7547,M1_hrv,Metronomic Breathing,Fixed-Rate Breathing 
515.644,73.8916,M1_hrv,Metronomic Breathing,Fixed-Rate Breathing 
516.456,77.7202,M1_hrv,Metronomic Breathing,Fixed-Rate Breathing 
517.228,74.2574,M1_hrv,Metronomic Breathing,Fixed-Rate Breathing 
518.036,72.1154,M1_hrv,Metronomic Breathing,Fixed-Rate Breathing 
518.868,71.4286,M1_hrv,Metronomic Breathing,Fixed-Rate Breathing 
519.708,69.1244,M1_hrv,Metronomic Breathing,Fixed-Rate Breathing 
520.576,70.7547,M1_hrv,Metronomic Breathing,Fixed-Rate Breathing 
521.424,71.09,M1_hrv,Metronomic Breathing,Fixed-Rate Breathing 
522.268,74.2574,M1_hrv,Metronomic Breathing,Fixed-Rate Breathing 
523.076,83.7989,M1_hrv,Metronomic Breathing,Fixed-Rate Breathing 
523.792,76.9231,M1_hrv,Metronomic Breathing,Fixed-Rate Breathing 
524.572,85.2273,M1_hrv,Metronomic Breathing,Fixed-Rate Breathing 
525.276,83.3333,M1_hrv,Metronomic Breathing,Fixed-Rate Breathing 
525.996,82.8729,M1_hrv,Metronomic Breathing,Fixed-Rate Breathing 
526.72,80.2139,M1_hrv,Metronomic Breathing,Fixed-Rate Breathing 
527.468,83.7989,M1_hrv,Metronomic Breathing,Fixed-Rate Breathing 
528.184,74.2574,M1_hrv,Metronomic Breathing,Fixed-Rate Breathing 
528.992,70.4225,M1_hrv,Metronomic Breathing,Fixed-Rate Breathing 
529.844,69.4444,M1_hrv,Metronomic Breathing,Fixed-Rate Breathing 
530.708,69.7674,M1_hrv,Metronomic Breathing,Fixed-Rate Breathing 
531.568,71.7703,M1_hrv,Metronomic Breathing,Fixed-Rate Breathing 
532.404,69.4444,M1_hrv,Metronomic Breathing,Fixed-Rate Breathing 
533.268,70.4225,M1_hrv,Metronomic Breathing,Fixed-Rate Breathing 
534.12,70.0935,M1_hrv,Metronomic Breathing,Fixed-Rate Breathing 
534.976,70.0935,M1_hrv,Metronomic Breathing,Fixed-Rate Breathing 
535.832,69.4444,M1_hrv,Metronomic Breathing,Fixed-Rate Breathing 
536.696,69.7674,M1_hrv,Metronomic Breathing,Fixed-Rate Breathing 
537.556,70.7547,M1_hrv,Metronomic Breathing,Fixed-Rate Breathing 
538.404,70.0935,M1_hrv,Metronomic Breathing,Fixed-Rate Breathing 
539.26,69.1244,M1_hrv,Metronomic Breathing,Fixed-Rate Breathing 
540.128,69.1244,M1_hrv,Metronomic Breathing,Fixed-Rate Breathing 
540.996,68.8073,M1_hrv,Metronomic Breathing,Fixed-Rate Breathing 
541.868,69.4444,M1_hrv,Metronomic Breathing,Fixed-Rate Breathing 
542.732,69.7674,M1_hrv,Metronomic Breathing,Fixed-Rate Breathing 
543.592,70.0935,M1_hrv,Metronomic Breathing,Fixed-Rate Breathing 
544.448,69.4444,M1_hrv,Metronomic Breathing,Fixed-Rate Breathing 
545.312,68.8073,M1_hrv,Metronomic Breathing,Fixed-Rate Breathing 
546.184,68.1818,M1_hrv,Metronomic Breathing,Fixed-Rate Breathing 
547.064,68.1818,M1_hrv,Metronomic Breathing,Fixed-Rate Breathing 
547.944,69.1244,M1_hrv,Metronomic Breathing,Fixed-Rate Breathing 
548.812,68.4931,M1_hrv,Metronomic Breathing,Fixed-Rate Breathing 
549.688,66.6667,M1_hrv,Metronomic Breathing,Fixed-Rate Breathing 
550.588,64.9351,M1_hrv,Metronomic Breathing,Fixed-Rate Breathing 
551.512,63.5593,M1_hrv,Metronomic Breathing,Fixed-Rate Breathing 
552.456,63.8298,M1_hrv,Metronomic Breathing,Fixed-Rate Breathing 
553.396,70.4225,M1_hrv,Metronomic Breathing,Fixed-Rate Breathing 
554.248,78.534,M1_hrv,Metronomic Breathing,Fixed-Rate Breathing 
555.012,73.5294,M1_hrv,Metronomic Breathing,Fixed-Rate Breathing 
555.828,70.0935,M1_hrv,Metronomic Breathing,Fixed-Rate Breathing 
556.684,67.8733,M1_hrv,Metronomic Breathing,Fixed-Rate Breathing 
557.568,68.8073,M1_hrv,Metronomic Breathing,Fixed-Rate Breathing 
558.44,62.2407,M1_hrv,Metronomic Breathing,Fixed-Rate Breathing 
559.404,60.4839,M1_hrv,Metronomic Breathing,Fixed-Rate Breathing 
560.396,61.9835,M1_hrv,Metronomic Breathing,Fixed-Rate Breathing 
561.364,63.0252,M1_hrv,Metronomic Breathing,Fixed-Rate Breathing 
562.316,63.2911,M1_hrv,Metronomic Breathing,Fixed-Rate Breathing 
563.264,65.5022,M1_hrv,Metronomic Breathing,Fixed-Rate Breathing 
564.18,66.3717,M1_hrv,Metronomic Breathing,Fixed-Rate Breathing 
565.084,67.5676,M1_hrv,Metronomic Breathing,Fixed-Rate Breathing 
565.972,68.8073,M1_hrv,Metronomic Breathing,Fixed-Rate Breathing 
566.844,70.0935,M1_hrv,Metronomic Breathing,Fixed-Rate Breathing 
567.7,69.7674,M1_hrv,Metronomic Breathing,Fixed-Rate Breathing 
568.56,69.4444,M1_hrv,Metronomic Breathing,Fixed-Rate Breathing 
569.424,68.4931,M1_hrv,Metronomic Breathing,Fixed-Rate Breathing 
570.3,69.1244,M1_hrv,Metronomic Breathing,Fixed-Rate Breathing 
571.168,67.2646,M1_hrv,Metronomic Breathing,Fixed-Rate Breathing 
572.06,66.9643,M1_hrv,Metronomic Breathing,Fixed-Rate Breathing 
572.956,67.2646,M1_hrv,Metronomic Breathing,Fixed-Rate Breathing 
573.848,68.4931,M1_hrv,Metronomic Breathing,Fixed-Rate Breathing 
574.724,69.7674,M1_hrv,Metronomic Breathing,Fixed-Rate Breathing 
575.584,72.4638,M1_hrv,Metronomic Breathing,Fixed-Rate Breathing 
576.412,68.8073,M1_hrv,Metronomic Breathing,Fixed-Rate Breathing 
577.284,66.6667,M1_hrv,Metronomic Breathing,Fixed-Rate Breathing 
578.184,68.8073,M1_hrv,Metronomic Breathing,Fixed-Rate Breathing 
579.056,76.1421,M1_hrv,Metronomic Breathing,Fixed-Rate Breathing 
579.844,77.3196,M1_hrv,Metronomic Breathing,Fixed-Rate Breathing 
580.62,75.0,M1_hrv,Metronomic Breathing,Fixed-Rate Breathing 
581.42,77.3196,M1_hrv,Metronomic Breathing,Fixed-Rate Breathing 
582.196,81.0811,M1_hrv,Metronomic Breathing,Fixed-Rate Breathing 
582.936,77.7202,M1_hrv,Metronomic Breathing,Fixed-Rate Breathing 
583.708,74.6269,M1_hrv,Metronomic Breathing,Fixed-Rate Breathing 
584.512,71.7703,M1_hrv,Metronomic Breathing,Fixed-Rate Breathing 
585.348,70.4225,M1_hrv,Metronomic Breathing,Fixed-Rate Breathing 
586.2,69.4444,M1_hrv,Metronomic Breathing,Fixed-Rate Breathing 
587.064,70.7547,M1_hrv,Metronomic Breathing,Fixed-Rate Breathing 
587.912,72.4638,M1_hrv,Metronomic Breathing,Fixed-Rate Breathing 
588.74,74.6269,M1_hrv,Metronomic Breathing,Fixed-Rate Breathing 
589.544,74.6269,M1_hrv,Metronomic Breathing,Fixed-Rate Breathing 
590.348,75.3769,M1_hrv,Metronomic Breathing,Fixed-Rate Breathing 
591.144,75.3769,M1_hrv,Metronomic Breathing,Fixed-Rate Breathing 
591.94,75.0,M1_hrv,Metronomic Breathing,Fixed-Rate Breathing 
592.74,78.9474,M1_hrv,Metronomic Breathing,Fixed-Rate Breathing 
593.5,81.0811,M1_hrv,Metronomic Breathing,Fixed-Rate Breathing 
594.24,82.4176,M1_hrv,Metronomic Breathing,Fixed-Rate Breathing 
594.968,85.2273,M1_hrv,Metronomic Breathing,Fixed-Rate Breathing 
595.672,86.7052,M1_hrv,Metronomic Breathing,Fixed-Rate Breathing 
596.364,85.2273,M1_hrv,Metronomic Breathing,Fixed-Rate Breathing 
597.068,81.0811,M1_hrv,Metronomic Breathing,Fixed-Rate Breathing 
597.808,76.1421,M1_hrv,Metronomic Breathing,Fixed-Rate Breathing 
598.596,71.7703,M1_hrv,Metronomic Breathing,Fixed-Rate Breathing 
