Time,HeartRate,Subject,Group,State
1.216,71.09,M14_hrv,Metronomic Breathing,Fixed-Rate Breathing 
2.06,77.3196,M14_hrv,Metronomic Breathing,Fixed-Rate Breathing 
2.836,80.6452,M14_hrv,Metronomic Breathing,Fixed-Rate Breathing 
3.58,81.5217,M14_hrv,Metronomic Breathing,Fixed-Rate Breathing 
4.316,79.7872,M14_hrv,Metronomic Breathing,Fixed-Rate Breathing 
5.068,76.9231,M14_hrv,Metronomic Breathing,Fixed-Rate Breathing 
5.848,70.7547,M14_hrv,Metronomic Breathing,Fixed-Rate Breathing 
6.696,67.8733,M14_hrv,Metronomic Breathing,Fixed-Rate Breathing 
7.58,68.1818,M14_hrv,Metronomic Breathing,Fixed-Rate Breathing 
8.46,67.2646,M14_hrv,Metronomic Breathing,Fixed-Rate Breathing 
9.352,66.0793,M14_hrv,Metronomic Breathing,Fixed-Rate Breathing 
10.26,62.2407,M14_hrv,Metronomic Breathing,Fixed-Rate Breathing 
11.224,59.5238,M14_hrv,Metronomic Breathing,Fixed-Rate Breathing 
12.232,60.4839,M14_hrv,Metronomic Breathing,Fixed-Rate Breathing 
13.224,64.3777,M14_hrv,Metronomic Breathing,Fixed-Rate Breathing 
14.156,69.4444,M14_hrv,Metronomic Breathing,Fixed-Rate Breathing 
15.02,68.8073,M14_hrv,Metronomic Breathing,Fixed-Rate Breathing 
15.892,60.9756,M14_hrv,Metronomic Breathing,Fixed-Rate Breathing 
16.876,55.7621,M14_hrv,Metronomic Breathing,Fixed-Rate Breathing 
17.952,56.391,M14_hrv,Metronomic Breathing,Fixed-Rate Breathing 
19.016,59.2885,M14_hrv,Metronomic Breathing,Fixed-Rate Breathing 
20.028,59.5238,M14_hrv,Metronomic Breathing,Fixed-Rate Breathing 
21.036,58.3658,M14_hrv,Metronomic Breathing,Fixed-Rate Breathing 
22.064,57.4713,M14_hrv,Metronomic Breathing,Fixed-Rate Breathing 
23.108,59.0551,M14_hrv,Metronomic Breathing,Fixed-Rate Breathing 
24.124,59.2885,M14_hrv,Metronomic Breathing,Fixed-Rate Breathing 
25.136,59.2885,M14_hrv,Metronomic Breathing,Fixed-Rate Breathing 
26.148,59.0551,M14_hrv,Metronomic Breathing,Fixed-Rate Breathing 
27.164,58.1395,M14_hrv,Metronomic Breathing,Fixed-Rate Breathing 
28.196,57.0342,M14_hrv,Metronomic Breathing,Fixed-Rate Breathing 
29.248,57.4713,M14_hrv,Metronomic Breathing,Fixed-Rate Breathing 
30.292,60.4839,M14_hrv,Metronomic Breathing,Fixed-Rate Breathing 
31.284,61.2245,M14_hrv,Metronomic Breathing,Fixed-Rate Breathing 
32.264,60.0,M14_hrv,Metronomic Breathing,Fixed-Rate Breathing 
33.264,58.8235,M14_hrv,Metronomic Breathing,Fixed-Rate Breathing 
34.284,60.4839,M14_hrv,Metronomic Breathing,Fixed-Rate Breathing 
35.276,60.241,M14_hrv,Metronomic Breathing,Fixed-Rate Breathing 
36.272,59.0551,M14_hrv,Metronomic Breathing,Fixed-Rate Breathing 
37.288,57.9151,M14_hrv,Metronomic Breathing,Fixed-Rate Breathing 
38.324,58.5937,M14_hrv,Metronomic Breathing,Fixed-Rate Breathing 
39.348,58.8235,M14_hrv,Metronomic Breathing,Fixed-Rate Breathing 
40.368,59.2885,M14_hrv,Metronomic Breathing,Fixed-Rate Breathing 
41.38,59.0551,M14_hrv,Metronomic Breathing,Fixed-Rate Breathing 
42.396,60.7287,M14_hrv,Metronomic Breathing,Fixed-Rate Breathing 
43.384,62.5,M14_hrv,Metronomic Breathing,Fixed-Rate Breathing 
44.344,59.0551,M14_hrv,Metronomic Breathing,Fixed-Rate Breathing 
45.36,55.1471,M14_hrv,Metronomic Breathing,Fixed-Rate Breathing 
46.448,54.9451,M14_hrv,Metronomic Breathing,Fixed-Rate Breathing 
47.54,58.1395,M14_hrv,Metronomic Breathing,Fixed-Rate Breathing 
48.572,58.3658,M14_hrv,Metronomic Breathing,Fixed-Rate Breathing 
49.6,58.3658,M14_hrv,Metronomic Breathing,Fixed-Rate Breathing 
50.628,60.241,M14_hrv,Metronomic Breathing,Fixed-Rate Breathing 
51.624,60.7287,M14_hrv,Metronomic Breathing,Fixed-Rate Breathing 
52.612,57.9151,M14_hrv,Metronomic Breathing,Fixed-Rate Breathing 
53.648,56.391,M14_hrv,Metronomic Breathing,Fixed-Rate Breathing 
54.712,57.2519,M14_hrv,Metronomic Breathing,Fixed-Rate Breathing 
55.76,58.8235,M14_hrv,Metronomic Breathing,Fixed-Rate Breathing 
56.78,58.8235,M14_hrv,Metronomic Breathing,Fixed-Rate Breathing 
57.8,58.1395,M14_hrv,Metronomic Breathing,Fixed-Rate Breathing 
58.832,60.0,M14_hrv,Metronomic Breathing,Fixed-Rate Breathing 
59.832,61.7284,M14_hrv,Metronomic Breathing,Fixed-Rate Breathing 
60.804,59.0551,M14_hrv,Metronomic Breathing,Fixed-Rate Breathing 
61.82,55.9701,M14_hrv,Metronomic Breathing,Fixed-Rate Breathing 
62.892,57.6923,M14_hrv,Metronomic Breathing,Fixed-Rate Breathing 
63.932,60.9756,M14_hrv,Metronomic Breathing,Fixed-Rate Breathing 
64.916,58.8235,M14_hrv,Metronomic Breathing,Fixed-Rate Breathing 
65.936,55.9701,M14_hrv,Metronomic Breathing,Fixed-Rate Breathing 
67.008,57.4713,M14_hrv,Metronomic Breathing,Fixed-Rate Breathing 
68.052,59.5238,M14_hrv,Metronomic Breathing,Fixed-Rate Breathing 
69.06,57.9151,M14_hrv,Metronomic Breathing,Fixed-Rate Breathing 
70.096,55.7621,M14_hrv,Metronomic Breathing,Fixed-Rate Breathing 
71.172,57.9151,M14_hrv,Metronomic Breathing,Fixed-Rate Breathing 
72.208,58.3658,M14_hrv,Metronomic Breathing,Fixed-Rate Breathing 
73.236,57.6923,M14_hrv,Metronomic Breathing,Fixed-Rate Breathing 
74.276,57.6923,M14_hrv,Metronomic Breathing,Fixed-Rate Breathing 
75.316,59.2885,M14_hrv,Metronomic Breathing,Fixed-Rate Breathing 
76.328,60.7287,M14_hrv,Metronomic Breathing,Fixed-Rate Breathing 
77.316,58.1395,M14_hrv,Metronomic Breathing,Fixed-Rate Breathing 
78.348,57.2519,M14_hrv,Metronomic Breathing,Fixed-Rate Breathing 
79.396,59.0551,M14_hrv,Metronomic Breathing,Fixed-Rate Breathing 
80.412,60.241,M14_hrv,Metronomic Breathing,Fixed-Rate Breathing 
81.408,59.0551,M14_hrv,Metronomic Breathing,Fixed-Rate Breathing 
82.424,58.5937,M14_hrv,Metronomic Breathing,Fixed-Rate Breathing 
83.448,61.4754,M14_hrv,Metronomic Breathing,Fixed-Rate Breathing 
84.424,61.9835,M14_hrv,Metronomic Breathing,Fixed-Rate Breathing 
85.392,60.9756,M14_hrv,Metronomic Breathing,Fixed-Rate Breathing 
86.376,58.8235,M14_hrv,Metronomic Breathing,Fixed-Rate Breathing 
87.396,60.0,M14_hrv,Metronomic Breathing,Fixed-Rate Breathing 
88.396,61.7284,M14_hrv,Metronomic Breathing,Fixed-Rate Breathing 
89.368,60.4839,M14_hrv,Metronomic Breathing,Fixed-Rate Breathing 
90.36,59.0551,M14_hrv,Metronomic Breathing,Fixed-Rate Breathing 
91.376,59.5238,M14_hrv,Metronomic Breathing,Fixed-Rate Breathing 
92.384,60.241,M14_hrv,Metronomic Breathing,Fixed-Rate Breathing 
93.38,59.761,M14_hrv,Metronomic Breathing,Fixed-Rate Breathing 
94.384,57.6923,M14_hrv,Metronomic Breathing,Fixed-Rate Breathing 
95.424,59.2885,M14_hrv,Metronomic Breathing,Fixed-Rate Breathing 
96.436,62.2407,M14_hrv,Metronomic Breathing,Fixed-Rate Breathing 
97.4,62.2407,M14_hrv,Metronomic Breathing,Fixed-Rate Breathing 
98.364,60.7287,M14_hrv,Metronomic Breathing,Fixed-Rate Breathing 
99.352,58.3658,M14_hrv,Metronomic Breathing,Fixed-Rate Breathing 
100.38,58.8235,M14_hrv,Metronomic Breathing,Fixed-Rate Breathing 
101.4,62.2407,M14_hrv,Metronomic Breathing,Fixed-Rate Breathing 
102.364,60.9756,M14_hrv,Metronomic Breathing,Fixed-Rate Breathing 
103.348,60.241,M14_hrv,Metronomic Breathing,Fixed-Rate Breathing 
104.344,61.2245,M14_hrv,Metronomic Breathing,Fixed-Rate Breathing 
105.324,60.241,M14_hrv,Metronomic Breathing,Fixed-Rate Breathing 
106.32,60.4839,M14_hrv,Metronomic Breathing,Fixed-Rate Breathing 
107.312,60.9756,M14_hrv,Metronomic Breathing,Fixed-Rate Breathing 
108.296,62.5,M14_hrv,Metronomic Breathing,Fixed-Rate Breathing 
109.256,61.4754,M14_hrv,Metronomic Breathing,Fixed-Rate Breathing 
110.232,59.2885,M14_hrv,Metronomic Breathing,Fixed-Rate Breathing 
111.244,58.5937,M14_hrv,Metronomic Breathing,Fixed-Rate Breathing 
112.268,60.0,M14_hrv,Metronomic Breathing,Fixed-Rate Breathing 
113.268,62.2407,M14_hrv,Metronomic Breathing,Fixed-Rate Breathing 
114.232,62.5,M14_hrv,Metronomic Breathing,Fixed-Rate Breathing 
115.192,60.241,M14_hrv,Metronomic Breathing,Fixed-Rate Breathing 
116.188,60.9756,M14_hrv,Metronomic Breathing,Fixed-Rate Breathing 
117.172,62.5,M14_hrv,Metronomic Breathing,Fixed-Rate Breathing 
118.132,60.4839,M14_hrv,Metronomic Breathing,Fixed-Rate Breathing 
119.124,58.5937,M14_hrv,Metronomic Breathing,Fixed-Rate Breathing 
120.148,60.4839,M14_hrv,Metronomic Breathing,Fixed-Rate Breathing 
121.14,61.7284,M14_hrv,Metronomic Breathing,Fixed-Rate Breathing 
122.112,63.2911,M14_hrv,Metronomic Breathing,Fixed-Rate Breathing 
123.06,63.8298,M14_hrv,Metronomic Breathing,Fixed-Rate Breathing 
124.0,63.0252,M14_hrv,Metronomic Breathing,Fixed-Rate Breathing 
124.952,61.7284,M14_hrv,Metronomic Breathing,Fixed-Rate Breathing 
125.924,58.1395,M14_hrv,Metronomic Breathing,Fixed-Rate Breathing 
126.956,57.6923,M14_hrv,Metronomic Breathing,Fixed-Rate Breathing 
127.996,62.2407,M14_hrv,Metronomic Breathing,Fixed-Rate Breathing 
128.96,71.7703,M14_hrv,Metronomic Breathing,Fixed-Rate Breathing 
129.796,73.8916,M14_hrv,Metronomic Breathing,Fixed-Rate Breathing 
130.608,68.1818,M14_hrv,Metronomic Breathing,Fixed-Rate Breathing 
131.488,64.6552,M14_hrv,Metronomic Breathing,Fixed-Rate Breathing 
132.416,65.2174,M14_hrv,Metronomic Breathing,Fixed-Rate Breathing 
133.336,66.3717,M14_hrv,Metronomic Breathing,Fixed-Rate Breathing 
134.24,62.7615,M14_hrv,Metronomic Breathing,Fixed-Rate Breathing 
135.196,60.0,M14_hrv,Metronomic Breathing,Fixed-Rate Breathing 
136.196,60.241,M14_hrv,Metronomic Breathing,Fixed-Rate Breathing 
137.192,64.9351,M14_hrv,Metronomic Breathing,Fixed-Rate Breathing 
138.116,66.6667,M14_hrv,Metronomic Breathing,Fixed-Rate Breathing 
139.016,65.2174,M14_hrv,Metronomic Breathing,Fixed-Rate Breathing 
139.936,62.7615,M14_hrv,Metronomic Breathing,Fixed-Rate Breathing 
140.892,61.2245,M14_hrv,Metronomic Breathing,Fixed-Rate Breathing 
141.872,61.9835,M14_hrv,Metronomic Breathing,Fixed-Rate Breathing 
142.84,60.241,M14_hrv,Metronomic Breathing,Fixed-Rate Breathing 
143.836,58.5937,M14_hrv,Metronomic Breathing,Fixed-Rate Breathing 
144.86,59.2885,M14_hrv,Metronomic Breathing,Fixed-Rate Breathing 
145.872,61.7284,M14_hrv,Metronomic Breathing,Fixed-Rate Breathing 
146.844,61.9835,M14_hrv,Metronomic Breathing,Fixed-Rate Breathing 
147.812,61.2245,M14_hrv,Metronomic Breathing,Fixed-Rate Breathing 
148.792,60.241,M14_hrv,Metronomic Breathing,Fixed-Rate Breathing 
149.788,61.2245,M14_hrv,Metronomic Breathing,Fixed-Rate Breathing 
150.768,60.7287,M14_hrv,Metronomic Breathing,Fixed-Rate Breathing 
151.756,60.241,M14_hrv,Metronomic Breathing,Fixed-Rate Breathing 
152.752,60.7287,M14_hrv,Metronomic Breathing,Fixed-Rate Breathing 
153.74,63.5593,M14_hrv,Metronomic Breathing,Fixed-Rate Breathing 
154.684,62.7615,M14_hrv,Metronomic Breathing,Fixed-Rate Breathing 
155.64,62.2407,M14_hrv,Metronomic Breathing,Fixed-Rate Breathing 
156.604,60.7287,M14_hrv,Metronomic Breathing,Fixed-Rate Breathing 
157.592,61.9835,M14_hrv,Metronomic Breathing,Fixed-Rate Breathing 
158.56,61.4754,M14_hrv,Metronomic Breathing,Fixed-Rate Breathing 
159.536,60.9756,M14_hrv,Metronomic Breathing,Fixed-Rate Breathing 
160.52,61.4754,M14_hrv,Metronomic Breathing,Fixed-Rate Breathing 
161.496,63.8298,M14_hrv,Metronomic Breathing,Fixed-Rate Breathing 
162.436,65.5022,M14_hrv,Metronomic Breathing,Fixed-Rate Breathing 
163.352,64.1026,M14_hrv,Metronomic Breathing,Fixed-Rate Breathing 
164.288,61.4754,M14_hrv,Metronomic Breathing,Fixed-Rate Breathing 
165.264,61.2245,M14_hrv,Metronomic Breathing,Fixed-Rate Breathing 
166.244,64.1026,M14_hrv,Metronomic Breathing,Fixed-Rate Breathing 
167.18,64.1026,M14_hrv,Metronomic Breathing,Fixed-Rate Breathing 
168.116,61.2245,M14_hrv,Metronomic Breathing,Fixed-Rate Breathing 
169.096,60.7287,M14_hrv,Metronomic Breathing,Fixed-Rate Breathing 
170.084,63.0252,M14_hrv,Metronomic Breathing,Fixed-Rate Breathing 
171.036,66.6667,M14_hrv,Metronomic Breathing,Fixed-Rate Breathing 
171.936,64.6552,M14_hrv,Metronomic Breathing,Fixed-Rate Breathing 
172.864,62.7615,M14_hrv,Metronomic Breathing,Fixed-Rate Breathing 
173.82,62.2407,M14_hrv,Metronomic Breathing,Fixed-Rate Breathing 
174.784,63.0252,M14_hrv,Metronomic Breathing,Fixed-Rate Breathing 
175.736,62.5,M14_hrv,Metronomic Breathing,Fixed-Rate Breathing 
176.696,61.7284,M14_hrv,Metronomic Breathing,Fixed-Rate Breathing 
177.668,63.2911,M14_hrv,Metronomic Breathing,Fixed-Rate Breathing 
178.616,65.2174,M14_hrv,Metronomic Breathing,Fixed-Rate Breathing 
179.536,64.6552,M14_hrv,Metronomic Breathing,Fixed-Rate Breathing 
180.464,61.4754,M14_hrv,Metronomic Breathing,Fixed-Rate Breathing 
181.44,60.9756,M14_hrv,Metronomic Breathing,Fixed-Rate Breathing 
182.424,61.4754,M14_hrv,Metronomic Breathing,Fixed-Rate Breathing 
183.4,63.0252,M14_hrv,Metronomic Breathing,Fixed-Rate Breathing 
184.352,60.9756,M14_hrv,Metronomic Breathing,Fixed-Rate Breathing 
185.336,60.0,M14_hrv,Metronomic Breathing,Fixed-Rate Breathing 
186.336,60.241,M14_hrv,Metronomic Breathing,Fixed-Rate Breathing 
187.332,61.4754,M14_hrv,Metronomic Breathing,Fixed-Rate Breathing 
188.308,64.1026,M14_hrv,Metronomic Breathing,Fixed-Rate Breathing 
189.244,69.1244,M14_hrv,Metronomic Breathing,Fixed-Rate Breathing 
190.112,74.6269,M14_hrv,Metronomic Breathing,Fixed-Rate Breathing 
190.916,77.3196,M14_hrv,Metronomic Breathing,Fixed-Rate Breathing 
191.692,73.1707,M14_hrv,Metronomic Breathing,Fixed-Rate Breathing 
192.512,64.6552,M14_hrv,Metronomic Breathing,Fixed-Rate Breathing 
193.44,59.5238,M14_hrv,Metronomic Breathing,Fixed-Rate Breathing 
194.448,60.7287,M14_hrv,Metronomic Breathing,Fixed-Rate Breathing 
195.436,62.2407,M14_hrv,Metronomic Breathing,Fixed-Rate Breathing 
196.4,61.9835,M14_hrv,Metronomic Breathing,Fixed-Rate Breathing 
197.368,64.3777,M14_hrv,Metronomic Breathing,Fixed-Rate Breathing 
198.3,67.2646,M14_hrv,Metronomic Breathing,Fixed-Rate Breathing 
199.192,71.09,M14_hrv,Metronomic Breathing,Fixed-Rate Breathing 
200.036,69.4444,M14_hrv,Metronomic Breathing,Fixed-Rate Breathing 
200.9,64.9351,M14_hrv,Metronomic Breathing,Fixed-Rate Breathing 
201.824,64.6552,M14_hrv,Metronomic Breathing,Fixed-Rate Breathing 
202.752,67.5676,M14_hrv,Metronomic Breathing,Fixed-Rate Breathing 
203.64,66.0793,M14_hrv,Metronomic Breathing,Fixed-Rate Breathing 
204.548,64.6552,M14_hrv,Metronomic Breathing,Fixed-Rate Breathing 
205.476,64.6552,M14_hrv,Metronomic Breathing,Fixed-Rate Breathing 
206.404,66.0793,M14_hrv,Metronomic Breathing,Fixed-Rate Breathing 
207.312,67.2646,M14_hrv,Metronomic Breathing,Fixed-Rate Breathing 
208.204,64.6552,M14_hrv,Metronomic Breathing,Fixed-Rate Breathing 
209.132,61.4754,M14_hrv,Metronomic Breathing,Fixed-Rate Breathing 
210.108,63.2911,M14_hrv,Metronomic Breathing,Fixed-Rate Breathing 
211.056,66.9643,M14_hrv,Metronomic Breathing,Fixed-Rate Breathing 
211.952,67.8733,M14_hrv,Metronomic Breathing,Fixed-Rate Breathing 
212.836,65.2174,M14_hrv,Metronomic Breathing,Fixed-Rate Breathing 
213.756,64.6552,M14_hrv,Metronomic Breathing,Fixed-Rate Breathing 
214.684,63.5593,M14_hrv,Metronomic Breathing,Fixed-Rate Breathing 
215.628,64.9351,M14_hrv,Metronomic Breathing,Fixed-Rate Breathing 
216.552,64.9351,M14_hrv,Metronomic Breathing,Fixed-Rate Breathing 
217.476,63.0252,M14_hrv,Metronomic Breathing,Fixed-Rate Breathing 
218.428,64.6552,M14_hrv,Metronomic Breathing,Fixed-Rate Breathing 
219.356,63.8298,M14_hrv,Metronomic Breathing,Fixed-Rate Breathing 
220.296,64.3777,M14_hrv,Metronomic Breathing,Fixed-Rate Breathing 
221.228,64.1026,M14_hrv,Metronomic Breathing,Fixed-Rate Breathing 
222.164,65.7895,M14_hrv,Metronomic Breathing,Fixed-Rate Breathing 
223.076,68.1818,M14_hrv,Metronomic Breathing,Fixed-Rate Breathing 
223.956,67.2646,M14_hrv,Metronomic Breathing,Fixed-Rate Breathing 
224.848,62.2407,M14_hrv,Metronomic Breathing,Fixed-Rate Breathing 
225.812,60.9756,M14_hrv,Metronomic Breathing,Fixed-Rate Breathing 
226.796,62.5,M14_hrv,Metronomic Breathing,Fixed-Rate Breathing 
227.756,64.6552,M14_hrv,Metronomic Breathing,Fixed-Rate Breathing 
228.684,64.3777,M14_hrv,Metronomic Breathing,Fixed-Rate Breathing 
229.616,64.1026,M14_hrv,Metronomic Breathing,Fixed-Rate Breathing 
230.552,65.5022,M14_hrv,Metronomic Breathing,Fixed-Rate Breathing 
231.468,67.2646,M14_hrv,Metronomic Breathing,Fixed-Rate Breathing 
232.36,66.9643,M14_hrv,Metronomic Breathing,Fixed-Rate Breathing 
233.256,64.6552,M14_hrv,Metronomic Breathing,Fixed-Rate Breathing 
234.184,64.9351,M14_hrv,Metronomic Breathing,Fixed-Rate Breathing 
235.108,65.5022,M14_hrv,Metronomic Breathing,Fixed-Rate Breathing 
236.024,65.5022,M14_hrv,Metronomic Breathing,Fixed-Rate Breathing 
236.94,63.2911,M14_hrv,Metronomic Breathing,Fixed-Rate Breathing 
237.888,62.5,M14_hrv,Metronomic Breathing,Fixed-Rate Breathing 
238.848,65.2174,M14_hrv,Metronomic Breathing,Fixed-Rate Breathing 
239.768,68.4931,M14_hrv,Metronomic Breathing,Fixed-Rate Breathing 
240.644,68.1818,M14_hrv,Metronomic Breathing,Fixed-Rate Breathing 
241.524,64.3777,M14_hrv,Metronomic Breathing,Fixed-Rate Breathing 
242.456,61.9835,M14_hrv,Metronomic Breathing,Fixed-Rate Breathing 
243.424,64.1026,M14_hrv,Metronomic Breathing,Fixed-Rate Breathing 
244.36,66.6667,M14_hrv,Metronomic Breathing,Fixed-Rate Breathing 
245.26,64.6552,M14_hrv,Metronomic Breathing,Fixed-Rate Breathing 
246.188,63.0252,M14_hrv,Metronomic Breathing,Fixed-Rate Breathing 
247.14,65.5022,M14_hrv,Metronomic Breathing,Fixed-Rate Breathing 
248.056,69.7674,M14_hrv,Metronomic Breathing,Fixed-Rate Breathing 
248.916,67.8733,M14_hrv,Metronomic Breathing,Fixed-Rate Breathing 
249.8,62.2407,M14_hrv,Metronomic Breathing,Fixed-Rate Breathing 
250.764,59.2885,M14_hrv,Metronomic Breathing,Fixed-Rate Breathing 
251.776,61.7284,M14_hrv,Metronomic Breathing,Fixed-Rate Breathing 
252.748,65.2174,M14_hrv,Metronomic Breathing,Fixed-Rate Breathing 
253.668,66.9643,M14_hrv,Metronomic Breathing,Fixed-Rate Breathing 
254.564,65.5022,M14_hrv,Metronomic Breathing,Fixed-Rate Breathing 
255.48,64.9351,M14_hrv,Metronomic Breathing,Fixed-Rate Breathing 
256.404,62.2407,M14_hrv,Metronomic Breathing,Fixed-Rate Breathing 
257.368,60.9756,M14_hrv,Metronomic Breathing,Fixed-Rate Breathing 
258.352,60.241,M14_hrv,Metronomic Breathing,Fixed-Rate Breathing 
259.348,60.7287,M14_hrv,Metronomic Breathing,Fixed-Rate Breathing 
260.336,63.0252,M14_hrv,Metronomic Breathing,Fixed-Rate Breathing 
261.288,62.2407,M14_hrv,Metronomic Breathing,Fixed-Rate Breathing 
262.252,60.7287,M14_hrv,Metronomic Breathing,Fixed-Rate Breathing 
263.24,61.4754,M14_hrv,Metronomic Breathing,Fixed-Rate Breathing 
264.216,63.2911,M14_hrv,Metronomic Breathing,Fixed-Rate Breathing 
265.164,63.2911,M14_hrv,Metronomic Breathing,Fixed-Rate Breathing 
266.112,62.2407,M14_hrv,Metronomic Breathing,Fixed-Rate Breathing 
267.076,64.3777,M14_hrv,Metronomic Breathing,Fixed-Rate Breathing 
268.008,66.6667,M14_hrv,Metronomic Breathing,Fixed-Rate Breathing 
268.908,64.9351,M14_hrv,Metronomic Breathing,Fixed-Rate Breathing 
269.832,61.4754,M14_hrv,Metronomic Breathing,Fixed-Rate Breathing 
270.808,59.761,M14_hrv,Metronomic Breathing,Fixed-Rate Breathing 
271.812,62.5,M14_hrv,Metronomic Breathing,Fixed-Rate Breathing 
272.772,64.1026,M14_hrv,Metronomic Breathing,Fixed-Rate Breathing 
273.708,65.5022,M14_hrv,Metronomic Breathing,Fixed-Rate Breathing 
274.624,64.6552,M14_hrv,Metronomic Breathing,Fixed-Rate Breathing 
275.552,63.8298,M14_hrv,Metronomic Breathing,Fixed-Rate Breathing 
276.492,64.9351,M14_hrv,Metronomic Breathing,Fixed-Rate Breathing 
277.416,60.7287,M14_hrv,Metronomic Breathing,Fixed-Rate Breathing 
278.404,57.6923,M14_hrv,Metronomic Breathing,Fixed-Rate Breathing 
279.444,61.7284,M14_hrv,Metronomic Breathing,Fixed-Rate Breathing 
280.416,66.6667,M14_hrv,Metronomic Breathing,Fixed-Rate Breathing 
281.316,66.6667,M14_hrv,Metronomic Breathing,Fixed-Rate Breathing 
282.216,64.6552,M14_hrv,Metronomic Breathing,Fixed-Rate Breathing 
283.144,60.241,M14_hrv,Metronomic Breathing,Fixed-Rate Breathing 
284.14,63.2911,M14_hrv,Metronomic Breathing,Fixed-Rate Breathing 
285.088,65.5022,M14_hrv,Metronomic Breathing,Fixed-Rate Breathing 
286.004,66.9643,M14_hrv,Metronomic Breathing,Fixed-Rate Breathing 
286.9,64.6552,M14_hrv,Metronomic Breathing,Fixed-Rate Breathing 
287.828,62.7615,M14_hrv,Metronomic Breathing,Fixed-Rate Breathing 
288.784,61.7284,M14_hrv,Metronomic Breathing,Fixed-Rate Breathing 
289.756,60.241,M14_hrv,Metronomic Breathing,Fixed-Rate Breathing 
290.752,60.9756,M14_hrv,Metronomic Breathing,Fixed-Rate Breathing 
291.736,63.2911,M14_hrv,Metronomic Breathing,Fixed-Rate Breathing 
292.684,66.3717,M14_hrv,Metronomic Breathing,Fixed-Rate Breathing 
293.588,64.9351,M14_hrv,Metronomic Breathing,Fixed-Rate Breathing 
294.512,62.2407,M14_hrv,Metronomic Breathing,Fixed-Rate Breathing 
295.476,61.4754,M14_hrv,Metronomic Breathing,Fixed-Rate Breathing 
296.452,63.2911,M14_hrv,Metronomic Breathing,Fixed-Rate Breathing 
297.4,62.7615,M14_hrv,Metronomic Breathing,Fixed-Rate Breathing 
298.356,61.9835,M14_hrv,Metronomic Breathing,Fixed-Rate Breathing 
299.324,63.2911,M14_hrv,Metronomic Breathing,Fixed-Rate Breathing 
300.272,64.9351,M14_hrv,Metronomic Breathing,Fixed-Rate Breathing 
301.196,65.7895,M14_hrv,Metronomic Breathing,Fixed-Rate Breathing 
302.108,63.2911,M14_hrv,Metronomic Breathing,Fixed-Rate Breathing 
303.056,63.0252,M14_hrv,Metronomic Breathing,Fixed-Rate Breathing 
304.008,64.6552,M14_hrv,Metronomic Breathing,Fixed-Rate Breathing 
304.936,66.6667,M14_hrv,Metronomic Breathing,Fixed-Rate Breathing 
305.836,64.6552,M14_hrv,Metronomic Breathing,Fixed-Rate Breathing 
306.764,63.8298,M14_hrv,Metronomic Breathing,Fixed-Rate Breathing 
307.704,66.6667,M14_hrv,Metronomic Breathing,Fixed-Rate Breathing 
308.604,68.8073,M14_hrv,Metronomic Breathing,Fixed-Rate Breathing 
309.476,69.1244,M14_hrv,Metronomic Breathing,Fixed-Rate Breathing 
310.344,64.6552,M14_hrv,Metronomic Breathing,Fixed-Rate Breathing 
311.272,61.2245,M14_hrv,Metronomic Breathing,Fixed-Rate Breathing 
312.252,62.7615,M14_hrv,Metronomic Breathing,Fixed-Rate Breathing 
313.208,65.5022,M14_hrv,Metronomic Breathing,Fixed-Rate Breathing 
314.124,64.9351,M14_hrv,Metronomic Breathing,Fixed-Rate Breathing 
315.048,64.1026,M14_hrv,Metronomic Breathing,Fixed-Rate Breathing 
315.984,66.0793,M14_hrv,Metronomic Breathing,Fixed-Rate Breathing 
316.892,69.1244,M14_hrv,Metronomic Breathing,Fixed-Rate Breathing 
317.76,69.7674,M14_hrv,Metronomic Breathing,Fixed-Rate Breathing 
318.62,65.5022,M14_hrv,Metronomic Breathing,Fixed-Rate Breathing 
319.536,59.2885,M14_hrv,Metronomic Breathing,Fixed-Rate Breathing 
320.548,60.4839,M14_hrv,Metronomic Breathing,Fixed-Rate Breathing 
321.54,63.5593,M14_hrv,Metronomic Breathing,Fixed-Rate Breathing 
322.484,64.6552,M14_hrv,Metronomic Breathing,Fixed-Rate Breathing 
323.412,63.8298,M14_hrv,Metronomic Breathing,Fixed-Rate Breathing 
324.352,65.5022,M14_hrv,Metronomic Breathing,Fixed-Rate Breathing 
325.268,68.4931,M14_hrv,Metronomic Breathing,Fixed-Rate Breathing 
326.144,67.2646,M14_hrv,Metronomic Breathing,Fixed-Rate Breathing 
327.036,63.5593,M14_hrv,Metronomic Breathing,Fixed-Rate Breathing 
327.98,62.5,M14_hrv,Metronomic Breathing,Fixed-Rate Breathing 
328.94,62.7615,M14_hrv,Metronomic Breathing,Fixed-Rate Breathing 
329.896,60.9756,M14_hrv,Metronomic Breathing,Fixed-Rate Breathing 
330.88,61.2245,M14_hrv,Metronomic Breathing,Fixed-Rate Breathing 
331.86,63.5593,M14_hrv,Metronomic Breathing,Fixed-Rate Breathing 
332.804,66.6667,M14_hrv,Metronomic Breathing,Fixed-Rate Breathing 
333.704,69.1244,M14_hrv,Metronomic Breathing,Fixed-Rate Breathing 
334.572,65.2174,M14_hrv,Metronomic Breathing,Fixed-Rate Breathing 
335.492,62.2407,M14_hrv,Metronomic Breathing,Fixed-Rate Breathing 
336.456,62.7615,M14_hrv,Metronomic Breathing,Fixed-Rate Breathing 
337.412,64.6552,M14_hrv,Metronomic Breathing,Fixed-Rate Breathing 
338.34,64.9351,M14_hrv,Metronomic Breathing,Fixed-Rate Breathing 
339.264,62.7615,M14_hrv,Metronomic Breathing,Fixed-Rate Breathing 
340.22,63.5593,M14_hrv,Metronomic Breathing,Fixed-Rate Breathing 
341.164,67.2646,M14_hrv,Metronomic Breathing,Fixed-Rate Breathing 
342.056,70.0935,M14_hrv,Metronomic Breathing,Fixed-Rate Breathing 
342.912,67.2646,M14_hrv,Metronomic Breathing,Fixed-Rate Breathing 
343.804,63.0252,M14_hrv,Metronomic Breathing,Fixed-Rate Breathing 
344.756,65.2174,M14_hrv,Metronomic Breathing,Fixed-Rate Breathing 
345.676,68.1818,M14_hrv,Metronomic Breathing,Fixed-Rate Breathing 
346.556,67.5676,M14_hrv,Metronomic Breathing,Fixed-Rate Breathing 
347.444,63.8298,M14_hrv,Metronomic Breathing,Fixed-Rate Breathing 
348.384,64.6552,M14_hrv,Metronomic Breathing,Fixed-Rate Breathing 
349.312,66.9643,M14_hrv,Metronomic Breathing,Fixed-Rate Breathing 
350.208,69.1244,M14_hrv,Metronomic Breathing,Fixed-Rate Breathing 
351.076,67.5676,M14_hrv,Metronomic Breathing,Fixed-Rate Breathing 
351.964,66.0793,M14_hrv,Metronomic Breathing,Fixed-Rate Breathing 
352.872,69.4444,M14_hrv,Metronomic Breathing,Fixed-Rate Breathing 
353.736,71.4286,M14_hrv,Metronomic Breathing,Fixed-Rate Breathing 
354.576,70.7547,M14_hrv,Metronomic Breathing,Fixed-Rate Breathing 
355.424,66.0793,M14_hrv,Metronomic Breathing,Fixed-Rate Breathing 
356.332,65.5022,M14_hrv,Metronomic Breathing,Fixed-Rate Breathing 
357.248,67.2646,M14_hrv,Metronomic Breathing,Fixed-Rate Breathing 
358.14,67.8733,M14_hrv,Metronomic Breathing,Fixed-Rate Breathing 
359.024,67.2646,M14_hrv,Metronomic Breathing,Fixed-Rate Breathing 
359.916,65.2174,M14_hrv,Metronomic Breathing,Fixed-Rate Breathing 
360.836,69.4444,M14_hrv,Metronomic Breathing,Fixed-Rate Breathing 
361.7,72.8155,M14_hrv,Metronomic Breathing,Fixed-Rate Breathing 
362.524,72.8155,M14_hrv,Metronomic Breathing,Fixed-Rate Breathing 
363.348,67.5676,M14_hrv,Metronomic Breathing,Fixed-Rate Breathing 
364.236,62.2407,M14_hrv,Metronomic Breathing,Fixed-Rate Breathing 
365.2,62.2407,M14_hrv,Metronomic Breathing,Fixed-Rate Breathing 
366.164,64.1026,M14_hrv,Metronomic Breathing,Fixed-Rate Breathing 
367.1,63.0252,M14_hrv,Metronomic Breathing,Fixed-Rate Breathing 
368.052,63.0252,M14_hrv,Metronomic Breathing,Fixed-Rate Breathing 
369.004,65.7895,M14_hrv,Metronomic Breathing,Fixed-Rate Breathing 
369.916,68.8073,M14_hrv,Metronomic Breathing,Fixed-Rate Breathing 
370.788,69.1244,M14_hrv,Metronomic Breathing,Fixed-Rate Breathing 
371.656,64.1026,M14_hrv,Metronomic Breathing,Fixed-Rate Breathing 
372.592,60.7287,M14_hrv,Metronomic Breathing,Fixed-Rate Breathing 
373.58,63.5593,M14_hrv,Metronomic Breathing,Fixed-Rate Breathing 
374.524,66.6667,M14_hrv,Metronomic Breathing,Fixed-Rate Breathing 
375.424,65.5022,M14_hrv,Metronomic Breathing,Fixed-Rate Breathing 
376.34,64.3777,M14_hrv,Metronomic Breathing,Fixed-Rate Breathing 
377.272,64.9351,M14_hrv,Metronomic Breathing,Fixed-Rate Breathing 
378.196,68.1818,M14_hrv,Metronomic Breathing,Fixed-Rate Breathing 
379.076,66.9643,M14_hrv,Metronomic Breathing,Fixed-Rate Breathing 
379.972,62.2407,M14_hrv,Metronomic Breathing,Fixed-Rate Breathing 
380.936,61.7284,M14_hrv,Metronomic Breathing,Fixed-Rate Breathing 
381.908,65.7895,M14_hrv,Metronomic Breathing,Fixed-Rate Breathing 
382.82,68.1818,M14_hrv,Metronomic Breathing,Fixed-Rate Breathing 
383.7,65.2174,M14_hrv,Metronomic Breathing,Fixed-Rate Breathing 
384.62,63.8298,M14_hrv,Metronomic Breathing,Fixed-Rate Breathing 
385.56,64.1026,M14_hrv,Metronomic Breathing,Fixed-Rate Breathing 
386.496,65.5022,M14_hrv,Metronomic Breathing,Fixed-Rate Breathing 
387.412,65.5022,M14_hrv,Metronomic Breathing,Fixed-Rate Breathing 
388.328,63.5593,M14_hrv,Metronomic Breathing,Fixed-Rate Breathing 
389.272,62.5,M14_hrv,Metronomic Breathing,Fixed-Rate Breathing 
390.232,65.2174,M14_hrv,Metronomic Breathing,Fixed-Rate Breathing 
391.152,66.9643,M14_hrv,Metronomic Breathing,Fixed-Rate Breathing 
392.048,64.9351,M14_hrv,Metronomic Breathing,Fixed-Rate Breathing 
392.972,62.5,M14_hrv,Metronomic Breathing,Fixed-Rate Breathing 
393.932,63.5593,M14_hrv,Metronomic Breathing,Fixed-Rate Breathing 
394.876,63.0252,M14_hrv,Metronomic Breathing,Fixed-Rate Breathing 
395.828,61.9835,M14_hrv,Metronomic Breathing,Fixed-Rate Breathing 
396.796,62.5,M14_hrv,Metronomic Breathing,Fixed-Rate Breathing 
397.756,65.7895,M14_hrv,Metronomic Breathing,Fixed-Rate Breathing 
398.668,66.3717,M14_hrv,Metronomic Breathing,Fixed-Rate Breathing 
399.572,66.3717,M14_hrv,Metronomic Breathing,Fixed-Rate Breathing 
400.476,65.5022,M14_hrv,Metronomic Breathing,Fixed-Rate Breathing 
401.392,64.1026,M14_hrv,Metronomic Breathing,Fixed-Rate Breathing 
402.328,65.2174,M14_hrv,Metronomic Breathing,Fixed-Rate Breathing 
403.248,65.7895,M14_hrv,Metronomic Breathing,Fixed-Rate Breathing 
404.16,63.2911,M14_hrv,Metronomic Breathing,Fixed-Rate Breathing 
405.108,61.7284,M14_hrv,Metronomic Breathing,Fixed-Rate Breathing 
406.08,62.7615,M14_hrv,Metronomic Breathing,Fixed-Rate Breathing 
407.036,64.6552,M14_hrv,Metronomic Breathing,Fixed-Rate Breathing 
407.964,64.6552,M14_hrv,Metronomic Breathing,Fixed-Rate Breathing 
408.892,64.3777,M14_hrv,Metronomic Breathing,Fixed-Rate Breathing 
409.824,63.2911,M14_hrv,Metronomic Breathing,Fixed-Rate Breathing 
410.772,65.7895,M14_hrv,Metronomic Breathing,Fixed-Rate Breathing 
411.684,64.3777,M14_hrv,Metronomic Breathing,Fixed-Rate Breathing 
412.616,63.5593,M14_hrv,Metronomic Breathing,Fixed-Rate Breathing 
413.56,62.7615,M14_hrv,Metronomic Breathing,Fixed-Rate Breathing 
414.516,64.1026,M14_hrv,Metronomic Breathing,Fixed-Rate Breathing 
415.452,63.8298,M14_hrv,Metronomic Breathing,Fixed-Rate Breathing 
416.392,63.8298,M14_hrv,Metronomic Breathing,Fixed-Rate Breathing 
417.332,63.2911,M14_hrv,Metronomic Breathing,Fixed-Rate Breathing 
418.28,64.6552,M14_hrv,Metronomic Breathing,Fixed-Rate Breathing 
419.208,67.2646,M14_hrv,Metronomic Breathing,Fixed-Rate Breathing 
420.1,66.9643,M14_hrv,Metronomic Breathing,Fixed-Rate Breathing 
420.996,64.9351,M14_hrv,Metronomic Breathing,Fixed-Rate Breathing 
421.92,63.2911,M14_hrv,Metronomic Breathing,Fixed-Rate Breathing 
422.868,64.1026,M14_hrv,Metronomic Breathing,Fixed-Rate Breathing 
423.804,66.0793,M14_hrv,Metronomic Breathing,Fixed-Rate Breathing 
424.712,63.8298,M14_hrv,Metronomic Breathing,Fixed-Rate Breathing 
425.652,63.5593,M14_hrv,Metronomic Breathing,Fixed-Rate Breathing 
426.596,65.5022,M14_hrv,Metronomic Breathing,Fixed-Rate Breathing 
427.512,67.8733,M14_hrv,Metronomic Breathing,Fixed-Rate Breathing 
428.396,72.8155,M14_hrv,Metronomic Breathing,Fixed-Rate Breathing 
429.22,79.3651,M14_hrv,Metronomic Breathing,Fixed-Rate Breathing 
429.976,72.8155,M14_hrv,Metronomic Breathing,Fixed-Rate Breathing 
430.8,64.9351,M14_hrv,Metronomic Breathing,Fixed-Rate Breathing 
431.724,61.2245,M14_hrv,Metronomic Breathing,Fixed-Rate Breathing 
432.704,60.241,M14_hrv,Metronomic Breathing,Fixed-Rate Breathing 
433.7,61.7284,M14_hrv,Metronomic Breathing,Fixed-Rate Breathing 
434.672,64.1026,M14_hrv,Metronomic Breathing,Fixed-Rate Breathing 
435.608,68.8073,M14_hrv,Metronomic Breathing,Fixed-Rate Breathing 
436.48,67.5676,M14_hrv,Metronomic Breathing,Fixed-Rate Breathing 
437.368,64.9351,M14_hrv,Metronomic Breathing,Fixed-Rate Breathing 
438.292,62.2407,M14_hrv,Metronomic Breathing,Fixed-Rate Breathing 
439.256,62.5,M14_hrv,Metronomic Breathing,Fixed-Rate Breathing 
440.216,60.9756,M14_hrv,Metronomic Breathing,Fixed-Rate Breathing 
441.2,59.5238,M14_hrv,Metronomic Breathing,Fixed-Rate Breathing 
442.208,59.0551,M14_hrv,Metronomic Breathing,Fixed-Rate Breathing 
443.224,60.9756,M14_hrv,Metronomic Breathing,Fixed-Rate Breathing 
444.208,63.0252,M14_hrv,Metronomic Breathing,Fixed-Rate Breathing 
445.16,63.8298,M14_hrv,Metronomic Breathing,Fixed-Rate Breathing 
446.1,63.5593,M14_hrv,Metronomic Breathing,Fixed-Rate Breathing 
447.044,63.8298,M14_hrv,Metronomic Breathing,Fixed-Rate Breathing 
447.984,61.4754,M14_hrv,Metronomic Breathing,Fixed-Rate Breathing 
448.96,60.7287,M14_hrv,Metronomic Breathing,Fixed-Rate Breathing 
449.948,60.9756,M14_hrv,Metronomic Breathing,Fixed-Rate Breathing 
450.932,61.9835,M14_hrv,Metronomic Breathing,Fixed-Rate Breathing 
451.9,63.5593,M14_hrv,Metronomic Breathing,Fixed-Rate Breathing 
452.844,64.3777,M14_hrv,Metronomic Breathing,Fixed-Rate Breathing 
453.776,61.9835,M14_hrv,Metronomic Breathing,Fixed-Rate Breathing 
454.744,60.0,M14_hrv,Metronomic Breathing,Fixed-Rate Breathing 
455.744,62.7615,M14_hrv,Metronomic Breathing,Fixed-Rate Breathing 
456.7,63.8298,M14_hrv,Metronomic Breathing,Fixed-Rate Breathing 
457.64,62.2407,M14_hrv,Metronomic Breathing,Fixed-Rate Breathing 
458.604,61.4754,M14_hrv,Metronomic Breathing,Fixed-Rate Breathing 
459.58,63.5593,M14_hrv,Metronomic Breathing,Fixed-Rate Breathing 
460.524,63.2911,M14_hrv,Metronomic Breathing,Fixed-Rate Breathing 
461.472,59.5238,M14_hrv,Metronomic Breathing,Fixed-Rate Breathing 
462.48,59.2885,M14_hrv,Metronomic Breathing,Fixed-Rate Breathing 
463.492,60.7287,M14_hrv,Metronomic Breathing,Fixed-Rate Breathing 
464.48,61.9835,M14_hrv,Metronomic Breathing,Fixed-Rate Breathing 
465.448,60.9756,M14_hrv,Metronomic Breathing,Fixed-Rate Breathing 
466.432,60.241,M14_hrv,Metronomic Breathing,Fixed-Rate Breathing 
467.428,62.2407,M14_hrv,Metronomic Breathing,Fixed-Rate Breathing 
468.392,65.5022,M14_hrv,Metronomic Breathing,Fixed-Rate Breathing 
469.308,64.9351,M14_hrv,Metronomic Breathing,Fixed-Rate Breathing 
470.232,63.2911,M14_hrv,Metronomic Breathing,Fixed-Rate Breathing 
471.18,61.7284,M14_hrv,Metronomic Breathing,Fixed-Rate Breathing 
472.152,61.7284,M14_hrv,Metronomic Breathing,Fixed-Rate Breathing 
473.124,60.9756,M14_hrv,Metronomic Breathing,Fixed-Rate Breathing 
474.108,59.5238,M14_hrv,Metronomic Breathing,Fixed-Rate Breathing 
475.116,60.7287,M14_hrv,Metronomic Breathing,Fixed-Rate Breathing 
476.104,63.8298,M14_hrv,Metronomic Breathing,Fixed-Rate Breathing 
477.044,65.7895,M14_hrv,Metronomic Breathing,Fixed-Rate Breathing 
477.956,63.8298,M14_hrv,Metronomic Breathing,Fixed-Rate Breathing 
478.896,62.2407,M14_hrv,Metronomic Breathing,Fixed-Rate Breathing 
479.86,59.5238,M14_hrv,Metronomic Breathing,Fixed-Rate Breathing 
480.868,61.7284,M14_hrv,Metronomic Breathing,Fixed-Rate Breathing 
481.84,61.2245,M14_hrv,Metronomic Breathing,Fixed-Rate Breathing 
482.82,61.2245,M14_hrv,Metronomic Breathing,Fixed-Rate Breathing 
483.8,63.8298,M14_hrv,Metronomic Breathing,Fixed-Rate Breathing 
484.74,65.2174,M14_hrv,Metronomic Breathing,Fixed-Rate Breathing 
485.66,64.9351,M14_hrv,Metronomic Breathing,Fixed-Rate Breathing 
486.584,60.9756,M14_hrv,Metronomic Breathing,Fixed-Rate Breathing 
487.568,59.5238,M14_hrv,Metronomic Breathing,Fixed-Rate Breathing 
488.576,59.5238,M14_hrv,Metronomic Breathing,Fixed-Rate Breathing 
489.584,58.8235,M14_hrv,Metronomic Breathing,Fixed-Rate Breathing 
490.604,59.0551,M14_hrv,Metronomic Breathing,Fixed-Rate Breathing 
491.62,59.5238,M14_hrv,Metronomic Breathing,Fixed-Rate Breathing 
492.628,60.0,M14_hrv,Metronomic Breathing,Fixed-Rate Breathing 
493.628,60.0,M14_hrv,Metronomic Breathing,Fixed-Rate Breathing 
494.628,60.9756,M14_hrv,Metronomic Breathing,Fixed-Rate Breathing 
495.612,60.7287,M14_hrv,Metronomic Breathing,Fixed-Rate Breathing 
496.6,62.7615,M14_hrv,Metronomic Breathing,Fixed-Rate Breathing 
497.556,63.5593,M14_hrv,Metronomic Breathing,Fixed-Rate Breathing 
498.5,60.9756,M14_hrv,Metronomic Breathing,Fixed-Rate Breathing 
499.484,58.5937,M14_hrv,Metronomic Breathing,Fixed-Rate Breathing 
500.508,61.7284,M14_hrv,Metronomic Breathing,Fixed-Rate Breathing 
501.48,64.3777,M14_hrv,Metronomic Breathing,Fixed-Rate Breathing 
502.412,64.1026,M14_hrv,Metronomic Breathing,Fixed-Rate Breathing 
503.348,62.5,M14_hrv,Metronomic Breathing,Fixed-Rate Breathing 
504.308,61.9835,M14_hrv,Metronomic Breathing,Fixed-Rate Breathing 
505.276,61.2245,M14_hrv,Metronomic Breathing,Fixed-Rate Breathing 
506.256,59.0551,M14_hrv,Metronomic Breathing,Fixed-Rate Breathing 
507.272,59.2885,M14_hrv,Metronomic Breathing,Fixed-Rate Breathing 
508.284,60.4839,M14_hrv,Metronomic Breathing,Fixed-Rate Breathing 
509.276,62.2407,M14_hrv,Metronomic Breathing,Fixed-Rate Breathing 
510.24,61.4754,M14_hrv,Metronomic Breathing,Fixed-Rate Breathing 
511.216,60.9756,M14_hrv,Metronomic Breathing,Fixed-Rate Breathing 
512.2,60.4839,M14_hrv,Metronomic Breathing,Fixed-Rate Breathing 
513.192,61.9835,M14_hrv,Metronomic Breathing,Fixed-Rate Breathing 
514.16,63.2911,M14_hrv,Metronomic Breathing,Fixed-Rate Breathing 
515.108,62.7615,M14_hrv,Metronomic Breathing,Fixed-Rate Breathing 
516.064,60.4839,M14_hrv,Metronomic Breathing,Fixed-Rate Breathing 
517.056,60.7287,M14_hrv,Metronomic Breathing,Fixed-Rate Breathing 
518.044,62.2407,M14_hrv,Metronomic Breathing,Fixed-Rate Breathing 
519.008,61.4754,M14_hrv,Metronomic Breathing,Fixed-Rate Breathing 
519.984,62.2407,M14_hrv,Metronomic Breathing,Fixed-Rate Breathing 
520.948,63.5593,M14_hrv,Metronomic Breathing,Fixed-Rate Breathing 
521.892,63.5593,M14_hrv,Metronomic Breathing,Fixed-Rate Breathing 
522.836,61.9835,M14_hrv,Metronomic Breathing,Fixed-Rate Breathing 
523.804,59.2885,M14_hrv,Metronomic Breathing,Fixed-Rate Breathing 
524.816,58.8235,M14_hrv,Metronomic Breathing,Fixed-Rate Breathing 
525.836,61.9835,M14_hrv,Metronomic Breathing,Fixed-Rate Breathing 
526.804,66.3717,M14_hrv,Metronomic Breathing,Fixed-Rate Breathing 
527.708,64.6552,M14_hrv,Metronomic Breathing,Fixed-Rate Breathing 
528.636,60.7287,M14_hrv,Metronomic Breathing,Fixed-Rate Breathing 
529.624,58.8235,M14_hrv,Metronomic Breathing,Fixed-Rate Breathing 
530.644,58.8235,M14_hrv,Metronomic Breathing,Fixed-Rate Breathing 
531.664,58.8235,M14_hrv,Metronomic Breathing,Fixed-Rate Breathing 
532.684,58.1395,M14_hrv,Metronomic Breathing,Fixed-Rate Breathing 
533.716,60.4839,M14_hrv,Metronomic Breathing,Fixed-Rate Breathing 
534.708,63.2911,M14_hrv,Metronomic Breathing,Fixed-Rate Breathing 
535.656,63.0252,M14_hrv,Metronomic Breathing,Fixed-Rate Breathing 
536.608,60.241,M14_hrv,Metronomic Breathing,Fixed-Rate Breathing 
537.604,63.0252,M14_hrv,Metronomic Breathing,Fixed-Rate Breathing 
538.556,63.5593,M14_hrv,Metronomic Breathing,Fixed-Rate Breathing 
539.5,62.5,M14_hrv,Metronomic Breathing,Fixed-Rate Breathing 
540.46,60.241,M14_hrv,Metronomic Breathing,Fixed-Rate Breathing 
541.456,62.5,M14_hrv,Metronomic Breathing,Fixed-Rate Breathing 
542.416,63.2911,M14_hrv,Metronomic Breathing,Fixed-Rate Breathing 
543.364,63.2911,M14_hrv,Metronomic Breathing,Fixed-Rate Breathing 
544.312,63.2911,M14_hrv,Metronomic Breathing,Fixed-Rate Breathing 
545.26,62.7615,M14_hrv,Metronomic Breathing,Fixed-Rate Breathing 
546.216,62.5,M14_hrv,Metronomic Breathing,Fixed-Rate Breathing 
547.176,61.7284,M14_hrv,Metronomic Breathing,Fixed-Rate Breathing 
548.148,61.7284,M14_hrv,Metronomic Breathing,Fixed-Rate Breathing 
549.12,62.2407,M14_hrv,Metronomic Breathing,Fixed-Rate Breathing 
550.084,66.0793,M14_hrv,Metronomic Breathing,Fixed-Rate Breathing 
550.992,68.1818,M14_hrv,Metronomic Breathing,Fixed-Rate Breathing 
551.872,64.9351,M14_hrv,Metronomic Breathing,Fixed-Rate Breathing 
552.796,61.4754,M14_hrv,Metronomic Breathing,Fixed-Rate Breathing 
553.772,59.2885,M14_hrv,Metronomic Breathing,Fixed-Rate Breathing 
554.784,60.9756,M14_hrv,Metronomic Breathing,Fixed-Rate Breathing 
555.768,62.5,M14_hrv,Metronomic Breathing,Fixed-Rate Breathing 
556.728,61.7284,M14_hrv,Metronomic Breathing,Fixed-Rate Breathing 
557.7,61.2245,M14_hrv,Metronomic Breathing,Fixed-Rate Breathing 
558.68,61.7284,M14_hrv,Metronomic Breathing,Fixed-Rate Breathing 
559.652,61.4754,M14_hrv,Metronomic Breathing,Fixed-Rate Breathing 
560.628,60.4839,M14_hrv,Metronomic Breathing,Fixed-Rate Breathing 
561.62,60.4839,M14_hrv,Metronomic Breathing,Fixed-Rate Breathing 
562.612,63.0252,M14_hrv,Metronomic Breathing,Fixed-Rate Breathing 
563.564,66.3717,M14_hrv,Metronomic Breathing,Fixed-Rate Breathing 
564.468,64.3777,M14_hrv,Metronomic Breathing,Fixed-Rate Breathing 
565.4,62.2407,M14_hrv,Metronomic Breathing,Fixed-Rate Breathing 
566.364,63.5593,M14_hrv,Metronomic Breathing,Fixed-Rate Breathing 
567.308,65.7895,M14_hrv,Metronomic Breathing,Fixed-Rate Breathing 
568.22,62.5,M14_hrv,Metronomic Breathing,Fixed-Rate Breathing 
569.18,61.2245,M14_hrv,Metronomic Breathing,Fixed-Rate Breathing 
570.16,64.6552,M14_hrv,Metronomic Breathing,Fixed-Rate Breathing 
571.088,67.5676,M14_hrv,Metronomic Breathing,Fixed-Rate Breathing 
571.976,69.7674,M14_hrv,Metronomic Breathing,Fixed-Rate Breathing 
572.836,64.9351,M14_hrv,Metronomic Breathing,Fixed-Rate Breathing 
573.76,61.9835,M14_hrv,Metronomic Breathing,Fixed-Rate Breathing 
574.728,64.3777,M14_hrv,Metronomic Breathing,Fixed-Rate Breathing 
575.66,68.1818,M14_hrv,Metronomic Breathing,Fixed-Rate Breathing 
576.54,66.6667,M14_hrv,Metronomic Breathing,Fixed-Rate Breathing 
577.44,63.5593,M14_hrv,Metronomic Breathing,Fixed-Rate Breathing 
578.384,64.9351,M14_hrv,Metronomic Breathing,Fixed-Rate Breathing 
579.308,66.6667,M14_hrv,Metronomic Breathing,Fixed-Rate Breathing 
580.208,67.5676,M14_hrv,Metronomic Breathing,Fixed-Rate Breathing 
581.096,65.2174,M14_hrv,Metronomic Breathing,Fixed-Rate Breathing 
582.016,64.1026,M14_hrv,Metronomic Breathing,Fixed-Rate Breathing 
582.952,66.6667,M14_hrv,Metronomic Breathing,Fixed-Rate Breathing 
583.852,69.4444,M14_hrv,Metronomic Breathing,Fixed-Rate Breathing 
584.716,67.5676,M14_hrv,Metronomic Breathing,Fixed-Rate Breathing 
585.604,65.7895,M14_hrv,Metronomic Breathing,Fixed-Rate Breathing 
586.516,64.6552,M14_hrv,Metronomic Breathing,Fixed-Rate Breathing 
587.444,67.2646,M14_hrv,Metronomic Breathing,Fixed-Rate Breathing 
588.336,70.7547,M14_hrv,Metronomic Breathing,Fixed-Rate Breathing 
589.184,68.1818,M14_hrv,Metronomic Breathing,Fixed-Rate Breathing 
590.064,65.7895,M14_hrv,Metronomic Breathing,Fixed-Rate Breathing 
590.976,64.1026,M14_hrv,Metronomic Breathing,Fixed-Rate Breathing 
591.912,62.2407,M14_hrv,Metronomic Breathing,Fixed-Rate Breathing 
592.876,61.2245,M14_hrv,Metronomic Breathing,Fixed-Rate Breathing 
593.856,59.761,M14_hrv,Metronomic Breathing,Fixed-Rate Breathing 
594.86,63.8298,M14_hrv,Metronomic Breathing,Fixed-Rate Breathing 
595.8,69.1244,M14_hrv,Metronomic Breathing,Fixed-Rate Breathing 
596.668,68.1818,M14_hrv,Metronomic Breathing,Fixed-Rate Breathing 
597.548,64.6552,M14_hrv,Metronomic Breathing,Fixed-Rate Breathing 
598.476,61.7284,M14_hrv,Metronomic Breathing,Fixed-Rate Breathing 
