Time,HeartRate,Subject,Group,State
2.468,43.6046,M3_hrv,Metronomic Breathing,Fixed-Rate Breathing 
3.844,47.1698,M3_hrv,Metronomic Breathing,Fixed-Rate Breathing 
5.116,48.0769,M3_hrv,Metronomic Breathing,Fixed-Rate Breathing 
6.364,47.619,M3_hrv,Metronomic Breathing,Fixed-Rate Breathing 
7.624,52.6316,M3_hrv,Metronomic Breathing,Fixed-Rate Breathing 
8.764,60.4839,M3_hrv,Metronomic Breathing,Fixed-Rate Breathing 
9.756,64.3777,M3_hrv,Metronomic Breathing,Fixed-Rate Breathing 
10.688,65.7895,M3_hrv,Metronomic Breathing,Fixed-Rate Breathing 
11.6,62.2407,M3_hrv,Metronomic Breathing,Fixed-Rate Breathing 
12.564,54.5455,M3_hrv,Metronomic Breathing,Fixed-Rate Breathing 
13.664,51.0204,M3_hrv,Metronomic Breathing,Fixed-Rate Breathing 
14.84,46.5839,M3_hrv,Metronomic Breathing,Fixed-Rate Breathing 
16.128,46.729,M3_hrv,Metronomic Breathing,Fixed-Rate Breathing 
17.412,54.7445,M3_hrv,Metronomic Breathing,Fixed-Rate Breathing 
18.508,62.7615,M3_hrv,Metronomic Breathing,Fixed-Rate Breathing 
19.464,58.5937,M3_hrv,Metronomic Breathing,Fixed-Rate Breathing 
20.488,55.7621,M3_hrv,Metronomic Breathing,Fixed-Rate Breathing 
21.564,58.1395,M3_hrv,Metronomic Breathing,Fixed-Rate Breathing 
22.596,59.2885,M3_hrv,Metronomic Breathing,Fixed-Rate Breathing 
23.608,58.8235,M3_hrv,Metronomic Breathing,Fixed-Rate Breathing 
24.628,53.0035,M3_hrv,Metronomic Breathing,Fixed-Rate Breathing 
25.76,43.1035,M3_hrv,Metronomic Breathing,Fixed-Rate Breathing 
27.152,46.2963,M3_hrv,Metronomic Breathing,Fixed-Rate Breathing 
28.448,45.5927,M3_hrv,Metronomic Breathing,Fixed-Rate Breathing 
29.764,47.7707,M3_hrv,Metronomic Breathing,Fixed-Rate Breathing 
31.02,49.6689,M3_hrv,Metronomic Breathing,Fixed-Rate Breathing 
32.228,48.2315,M3_hrv,Metronomic Breathing,Fixed-Rate Breathing 
33.472,47.7707,M3_hrv,Metronomic Breathing,Fixed-Rate Breathing 
34.728,47.9233,M3_hrv,Metronomic Breathing,Fixed-Rate Breathing 
35.98,49.6689,M3_hrv,Metronomic Breathing,Fixed-Rate Breathing 
37.188,45.5927,M3_hrv,Metronomic Breathing,Fixed-Rate Breathing 
38.504,46.4396,M3_hrv,Metronomic Breathing,Fixed-Rate Breathing 
39.796,47.1698,M3_hrv,Metronomic Breathing,Fixed-Rate Breathing 
41.068,41.6667,M3_hrv,Metronomic Breathing,Fixed-Rate Breathing 
42.508,45.4545,M3_hrv,Metronomic Breathing,Fixed-Rate Breathing 
43.828,48.7013,M3_hrv,Metronomic Breathing,Fixed-Rate Breathing 
45.06,43.7318,M3_hrv,Metronomic Breathing,Fixed-Rate Breathing 
46.432,46.0123,M3_hrv,Metronomic Breathing,Fixed-Rate Breathing 
47.736,51.5464,M3_hrv,Metronomic Breathing,Fixed-Rate Breathing 
48.9,42.9799,M3_hrv,Metronomic Breathing,Fixed-Rate Breathing 
50.296,42.8571,M3_hrv,Metronomic Breathing,Fixed-Rate Breathing 
51.696,44.9102,M3_hrv,Metronomic Breathing,Fixed-Rate Breathing 
53.032,42.3729,M3_hrv,Metronomic Breathing,Fixed-Rate Breathing 
54.448,43.6046,M3_hrv,Metronomic Breathing,Fixed-Rate Breathing 
55.824,46.729,M3_hrv,Metronomic Breathing,Fixed-Rate Breathing 
57.108,40.0,M3_hrv,Metronomic Breathing,Fixed-Rate Breathing 
58.608,40.7609,M3_hrv,Metronomic Breathing,Fixed-Rate Breathing 
60.08,47.7707,M3_hrv,Metronomic Breathing,Fixed-Rate Breathing 
61.336,47.0219,M3_hrv,Metronomic Breathing,Fixed-Rate Breathing 
62.612,40.7609,M3_hrv,Metronomic Breathing,Fixed-Rate Breathing 
64.084,44.9102,M3_hrv,Metronomic Breathing,Fixed-Rate Breathing 
65.42,43.7318,M3_hrv,Metronomic Breathing,Fixed-Rate Breathing 
66.792,41.5512,M3_hrv,Metronomic Breathing,Fixed-Rate Breathing 
68.236,45.7317,M3_hrv,Metronomic Breathing,Fixed-Rate Breathing 
69.548,45.045,M3_hrv,Metronomic Breathing,Fixed-Rate Breathing 
70.88,45.4545,M3_hrv,Metronomic Breathing,Fixed-Rate Breathing 
72.2,49.1803,M3_hrv,Metronomic Breathing,Fixed-Rate Breathing 
73.42,46.0123,M3_hrv,Metronomic Breathing,Fixed-Rate Breathing 
74.724,44.7761,M3_hrv,Metronomic Breathing,Fixed-Rate Breathing 
76.064,47.3186,M3_hrv,Metronomic Breathing,Fixed-Rate Breathing 
77.332,44.1176,M3_hrv,Metronomic Breathing,Fixed-Rate Breathing 
78.692,42.9799,M3_hrv,Metronomic Breathing,Fixed-Rate Breathing 
80.088,46.729,M3_hrv,Metronomic Breathing,Fixed-Rate Breathing 
81.372,45.3172,M3_hrv,Metronomic Breathing,Fixed-Rate Breathing 
82.696,44.7761,M3_hrv,Metronomic Breathing,Fixed-Rate Breathing 
84.036,48.3871,M3_hrv,Metronomic Breathing,Fixed-Rate Breathing 
85.276,49.505,M3_hrv,Metronomic Breathing,Fixed-Rate Breathing 
86.488,44.5104,M3_hrv,Metronomic Breathing,Fixed-Rate Breathing 
87.836,48.7013,M3_hrv,Metronomic Breathing,Fixed-Rate Breathing 
89.068,53.1915,M3_hrv,Metronomic Breathing,Fixed-Rate Breathing 
90.196,50.5051,M3_hrv,Metronomic Breathing,Fixed-Rate Breathing 
91.384,47.1698,M3_hrv,Metronomic Breathing,Fixed-Rate Breathing 
92.656,51.0204,M3_hrv,Metronomic Breathing,Fixed-Rate Breathing 
93.832,50.8475,M3_hrv,Metronomic Breathing,Fixed-Rate Breathing 
95.012,44.2478,M3_hrv,Metronomic Breathing,Fixed-Rate Breathing 
96.368,49.8339,M3_hrv,Metronomic Breathing,Fixed-Rate Breathing 
97.572,51.3699,M3_hrv,Metronomic Breathing,Fixed-Rate Breathing 
98.74,44.7761,M3_hrv,Metronomic Breathing,Fixed-Rate Breathing 
100.08,48.3871,M3_hrv,Metronomic Breathing,Fixed-Rate Breathing 
101.32,48.8599,M3_hrv,Metronomic Breathing,Fixed-Rate Breathing 
102.548,44.9102,M3_hrv,Metronomic Breathing,Fixed-Rate Breathing 
103.884,47.1698,M3_hrv,Metronomic Breathing,Fixed-Rate Breathing 
105.156,52.6316,M3_hrv,Metronomic Breathing,Fixed-Rate Breathing 
106.296,47.0219,M3_hrv,Metronomic Breathing,Fixed-Rate Breathing 
107.572,46.2963,M3_hrv,Metronomic Breathing,Fixed-Rate Breathing 
108.868,47.3186,M3_hrv,Metronomic Breathing,Fixed-Rate Breathing 
110.136,47.619,M3_hrv,Metronomic Breathing,Fixed-Rate Breathing 
111.396,44.1176,M3_hrv,Metronomic Breathing,Fixed-Rate Breathing 
112.756,49.1803,M3_hrv,Metronomic Breathing,Fixed-Rate Breathing 
113.976,46.875,M3_hrv,Metronomic Breathing,Fixed-Rate Breathing 
115.256,42.735,M3_hrv,Metronomic Breathing,Fixed-Rate Breathing 
116.66,47.3186,M3_hrv,Metronomic Breathing,Fixed-Rate Breathing 
117.928,50.3356,M3_hrv,Metronomic Breathing,Fixed-Rate Breathing 
119.12,46.729,M3_hrv,Metronomic Breathing,Fixed-Rate Breathing 
120.404,49.0196,M3_hrv,Metronomic Breathing,Fixed-Rate Breathing 
121.628,47.3186,M3_hrv,Metronomic Breathing,Fixed-Rate Breathing 
122.896,44.7761,M3_hrv,Metronomic Breathing,Fixed-Rate Breathing 
124.236,46.729,M3_hrv,Metronomic Breathing,Fixed-Rate Breathing 
125.52,51.7241,M3_hrv,Metronomic Breathing,Fixed-Rate Breathing 
126.68,48.2315,M3_hrv,Metronomic Breathing,Fixed-Rate Breathing 
127.924,46.0123,M3_hrv,Metronomic Breathing,Fixed-Rate Breathing 
129.228,51.1945,M3_hrv,Metronomic Breathing,Fixed-Rate Breathing 
130.4,51.9031,M3_hrv,Metronomic Breathing,Fixed-Rate Breathing 
131.556,44.5104,M3_hrv,Metronomic Breathing,Fixed-Rate Breathing 
132.904,48.0769,M3_hrv,Metronomic Breathing,Fixed-Rate Breathing 
134.152,50.3356,M3_hrv,Metronomic Breathing,Fixed-Rate Breathing 
135.344,45.8716,M3_hrv,Metronomic Breathing,Fixed-Rate Breathing 
136.652,46.729,M3_hrv,Metronomic Breathing,Fixed-Rate Breathing 
137.936,52.4476,M3_hrv,Metronomic Breathing,Fixed-Rate Breathing 
139.08,50.5051,M3_hrv,Metronomic Breathing,Fixed-Rate Breathing 
140.268,46.4396,M3_hrv,Metronomic Breathing,Fixed-Rate Breathing 
141.56,51.0204,M3_hrv,Metronomic Breathing,Fixed-Rate Breathing 
142.736,49.505,M3_hrv,Metronomic Breathing,Fixed-Rate Breathing 
143.948,47.4684,M3_hrv,Metronomic Breathing,Fixed-Rate Breathing 
145.212,49.0196,M3_hrv,Metronomic Breathing,Fixed-Rate Breathing 
146.436,51.0204,M3_hrv,Metronomic Breathing,Fixed-Rate Breathing 
147.612,46.875,M3_hrv,Metronomic Breathing,Fixed-Rate Breathing 
148.892,47.9233,M3_hrv,Metronomic Breathing,Fixed-Rate Breathing 
150.144,50.0,M3_hrv,Metronomic Breathing,Fixed-Rate Breathing 
151.344,47.1698,M3_hrv,Metronomic Breathing,Fixed-Rate Breathing 
152.616,47.7707,M3_hrv,Metronomic Breathing,Fixed-Rate Breathing 
153.872,50.0,M3_hrv,Metronomic Breathing,Fixed-Rate Breathing 
155.072,51.5464,M3_hrv,Metronomic Breathing,Fixed-Rate Breathing 
156.236,47.619,M3_hrv,Metronomic Breathing,Fixed-Rate Breathing 
157.496,50.8475,M3_hrv,Metronomic Breathing,Fixed-Rate Breathing 
158.676,51.9031,M3_hrv,Metronomic Breathing,Fixed-Rate Breathing 
159.832,46.2963,M3_hrv,Metronomic Breathing,Fixed-Rate Breathing 
161.128,47.7707,M3_hrv,Metronomic Breathing,Fixed-Rate Breathing 
162.384,50.6757,M3_hrv,Metronomic Breathing,Fixed-Rate Breathing 
163.568,52.8169,M3_hrv,Metronomic Breathing,Fixed-Rate Breathing 
164.704,45.3172,M3_hrv,Metronomic Breathing,Fixed-Rate Breathing 
166.028,46.875,M3_hrv,Metronomic Breathing,Fixed-Rate Breathing 
167.308,50.1672,M3_hrv,Metronomic Breathing,Fixed-Rate Breathing 
168.504,48.5437,M3_hrv,Metronomic Breathing,Fixed-Rate Breathing 
169.74,50.0,M3_hrv,Metronomic Breathing,Fixed-Rate Breathing 
170.94,53.3808,M3_hrv,Metronomic Breathing,Fixed-Rate Breathing 
172.064,46.875,M3_hrv,Metronomic Breathing,Fixed-Rate Breathing 
173.344,49.3421,M3_hrv,Metronomic Breathing,Fixed-Rate Breathing 
174.56,51.5464,M3_hrv,Metronomic Breathing,Fixed-Rate Breathing 
175.724,47.4684,M3_hrv,Metronomic Breathing,Fixed-Rate Breathing 
176.988,47.7707,M3_hrv,Metronomic Breathing,Fixed-Rate Breathing 
178.244,48.2315,M3_hrv,Metronomic Breathing,Fixed-Rate Breathing 
179.488,53.9568,M3_hrv,Metronomic Breathing,Fixed-Rate Breathing 
180.6,54.1516,M3_hrv,Metronomic Breathing,Fixed-Rate Breathing 
181.708,55.3506,M3_hrv,Metronomic Breathing,Fixed-Rate Breathing 
182.792,59.2885,M3_hrv,Metronomic Breathing,Fixed-Rate Breathing 
183.804,62.5,M3_hrv,Metronomic Breathing,Fixed-Rate Breathing 
184.764,62.5,M3_hrv,Metronomic Breathing,Fixed-Rate Breathing 
185.724,59.0551,M3_hrv,Metronomic Breathing,Fixed-Rate Breathing 
186.74,58.8235,M3_hrv,Metronomic Breathing,Fixed-Rate Breathing 
187.76,55.7621,M3_hrv,Metronomic Breathing,Fixed-Rate Breathing 
188.836,53.3808,M3_hrv,Metronomic Breathing,Fixed-Rate Breathing 
189.96,55.3506,M3_hrv,Metronomic Breathing,Fixed-Rate Breathing 
191.044,59.0551,M3_hrv,Metronomic Breathing,Fixed-Rate Breathing 
192.06,56.1798,M3_hrv,Metronomic Breathing,Fixed-Rate Breathing 
193.128,51.7241,M3_hrv,Metronomic Breathing,Fixed-Rate Breathing 
194.288,55.9701,M3_hrv,Metronomic Breathing,Fixed-Rate Breathing 
195.36,60.0,M3_hrv,Metronomic Breathing,Fixed-Rate Breathing 
196.36,56.391,M3_hrv,Metronomic Breathing,Fixed-Rate Breathing 
197.424,56.8182,M3_hrv,Metronomic Breathing,Fixed-Rate Breathing 
198.48,54.9451,M3_hrv,Metronomic Breathing,Fixed-Rate Breathing 
199.572,58.5937,M3_hrv,Metronomic Breathing,Fixed-Rate Breathing 
200.596,59.5238,M3_hrv,Metronomic Breathing,Fixed-Rate Breathing 
201.604,57.4713,M3_hrv,Metronomic Breathing,Fixed-Rate Breathing 
202.648,61.9835,M3_hrv,Metronomic Breathing,Fixed-Rate Breathing 
203.616,62.7615,M3_hrv,Metronomic Breathing,Fixed-Rate Breathing 
204.572,62.5,M3_hrv,Metronomic Breathing,Fixed-Rate Breathing 
205.532,58.3658,M3_hrv,Metronomic Breathing,Fixed-Rate Breathing 
206.56,60.4839,M3_hrv,Metronomic Breathing,Fixed-Rate Breathing 
207.552,58.5937,M3_hrv,Metronomic Breathing,Fixed-Rate Breathing 
208.576,53.1915,M3_hrv,Metronomic Breathing,Fixed-Rate Breathing 
209.704,51.5464,M3_hrv,Metronomic Breathing,Fixed-Rate Breathing 
210.868,54.1516,M3_hrv,Metronomic Breathing,Fixed-Rate Breathing 
211.976,54.5455,M3_hrv,Metronomic Breathing,Fixed-Rate Breathing 
213.076,51.7241,M3_hrv,Metronomic Breathing,Fixed-Rate Breathing 
214.236,53.7634,M3_hrv,Metronomic Breathing,Fixed-Rate Breathing 
215.352,56.8182,M3_hrv,Metronomic Breathing,Fixed-Rate Breathing 
216.408,58.1395,M3_hrv,Metronomic Breathing,Fixed-Rate Breathing 
217.44,53.3808,M3_hrv,Metronomic Breathing,Fixed-Rate Breathing 
218.564,54.3478,M3_hrv,Metronomic Breathing,Fixed-Rate Breathing 
219.668,55.1471,M3_hrv,Metronomic Breathing,Fixed-Rate Breathing 
220.756,57.6923,M3_hrv,Metronomic Breathing,Fixed-Rate Breathing 
221.796,51.9031,M3_hrv,Metronomic Breathing,Fixed-Rate Breathing 
222.952,54.3478,M3_hrv,Metronomic Breathing,Fixed-Rate Breathing 
224.056,58.8235,M3_hrv,Metronomic Breathing,Fixed-Rate Breathing 
225.076,57.2519,M3_hrv,Metronomic Breathing,Fixed-Rate Breathing 
226.124,55.9701,M3_hrv,Metronomic Breathing,Fixed-Rate Breathing 
227.196,60.241,M3_hrv,Metronomic Breathing,Fixed-Rate Breathing 
228.192,59.0551,M3_hrv,Metronomic Breathing,Fixed-Rate Breathing 
229.208,54.3478,M3_hrv,Metronomic Breathing,Fixed-Rate Breathing 
230.312,52.0833,M3_hrv,Metronomic Breathing,Fixed-Rate Breathing 
231.464,54.7445,M3_hrv,Metronomic Breathing,Fixed-Rate Breathing 
232.56,56.6038,M3_hrv,Metronomic Breathing,Fixed-Rate Breathing 
233.62,53.5714,M3_hrv,Metronomic Breathing,Fixed-Rate Breathing 
234.74,55.1471,M3_hrv,Metronomic Breathing,Fixed-Rate Breathing 
235.828,56.8182,M3_hrv,Metronomic Breathing,Fixed-Rate Breathing 
236.884,54.9451,M3_hrv,Metronomic Breathing,Fixed-Rate Breathing 
237.976,54.7445,M3_hrv,Metronomic Breathing,Fixed-Rate Breathing 
239.072,59.2885,M3_hrv,Metronomic Breathing,Fixed-Rate Breathing 
240.084,60.241,M3_hrv,Metronomic Breathing,Fixed-Rate Breathing 
241.08,57.2519,M3_hrv,Metronomic Breathing,Fixed-Rate Breathing 
242.128,56.8182,M3_hrv,Metronomic Breathing,Fixed-Rate Breathing 
243.184,57.9151,M3_hrv,Metronomic Breathing,Fixed-Rate Breathing 
244.22,61.4754,M3_hrv,Metronomic Breathing,Fixed-Rate Breathing 
245.196,61.4754,M3_hrv,Metronomic Breathing,Fixed-Rate Breathing 
246.172,56.1798,M3_hrv,Metronomic Breathing,Fixed-Rate Breathing 
247.24,58.5937,M3_hrv,Metronomic Breathing,Fixed-Rate Breathing 
248.264,63.0252,M3_hrv,Metronomic Breathing,Fixed-Rate Breathing 
249.216,60.9756,M3_hrv,Metronomic Breathing,Fixed-Rate Breathing 
250.2,58.8235,M3_hrv,Metronomic Breathing,Fixed-Rate Breathing 
251.22,60.0,M3_hrv,Metronomic Breathing,Fixed-Rate Breathing 
252.22,63.2911,M3_hrv,Metronomic Breathing,Fixed-Rate Breathing 
253.168,63.2911,M3_hrv,Metronomic Breathing,Fixed-Rate Breathing 
254.116,58.5937,M3_hrv,Metronomic Breathing,Fixed-Rate Breathing 
255.14,57.2519,M3_hrv,Metronomic Breathing,Fixed-Rate Breathing 
256.188,59.2885,M3_hrv,Metronomic Breathing,Fixed-Rate Breathing 
257.2,60.9756,M3_hrv,Metronomic Breathing,Fixed-Rate Breathing 
258.184,58.3658,M3_hrv,Metronomic Breathing,Fixed-Rate Breathing 
259.212,57.0342,M3_hrv,Metronomic Breathing,Fixed-Rate Breathing 
260.264,61.4754,M3_hrv,Metronomic Breathing,Fixed-Rate Breathing 
261.24,59.2885,M3_hrv,Metronomic Breathing,Fixed-Rate Breathing 
262.252,55.7621,M3_hrv,Metronomic Breathing,Fixed-Rate Breathing 
263.328,56.391,M3_hrv,Metronomic Breathing,Fixed-Rate Breathing 
264.392,60.9756,M3_hrv,Metronomic Breathing,Fixed-Rate Breathing 
265.376,63.0252,M3_hrv,Metronomic Breathing,Fixed-Rate Breathing 
266.328,59.761,M3_hrv,Metronomic Breathing,Fixed-Rate Breathing 
267.332,55.9701,M3_hrv,Metronomic Breathing,Fixed-Rate Breathing 
268.404,58.5937,M3_hrv,Metronomic Breathing,Fixed-Rate Breathing 
269.428,59.761,M3_hrv,Metronomic Breathing,Fixed-Rate Breathing 
270.432,57.2519,M3_hrv,Metronomic Breathing,Fixed-Rate Breathing 
271.48,57.2519,M3_hrv,Metronomic Breathing,Fixed-Rate Breathing 
272.528,58.5937,M3_hrv,Metronomic Breathing,Fixed-Rate Breathing 
273.552,60.7287,M3_hrv,Metronomic Breathing,Fixed-Rate Breathing 
274.54,61.2245,M3_hrv,Metronomic Breathing,Fixed-Rate Breathing 
275.52,56.8182,M3_hrv,Metronomic Breathing,Fixed-Rate Breathing 
276.576,59.5238,M3_hrv,Metronomic Breathing,Fixed-Rate Breathing 
277.584,59.2885,M3_hrv,Metronomic Breathing,Fixed-Rate Breathing 
278.596,55.5556,M3_hrv,Metronomic Breathing,Fixed-Rate Breathing 
279.676,56.1798,M3_hrv,Metronomic Breathing,Fixed-Rate Breathing 
280.744,61.2245,M3_hrv,Metronomic Breathing,Fixed-Rate Breathing 
281.724,63.0252,M3_hrv,Metronomic Breathing,Fixed-Rate Breathing 
282.676,60.0,M3_hrv,Metronomic Breathing,Fixed-Rate Breathing 
283.676,64.9351,M3_hrv,Metronomic Breathing,Fixed-Rate Breathing 
284.6,69.4444,M3_hrv,Metronomic Breathing,Fixed-Rate Breathing 
285.464,68.1818,M3_hrv,Metronomic Breathing,Fixed-Rate Breathing 
286.344,62.2407,M3_hrv,Metronomic Breathing,Fixed-Rate Breathing 
287.308,53.0035,M3_hrv,Metronomic Breathing,Fixed-Rate Breathing 
288.44,55.3506,M3_hrv,Metronomic Breathing,Fixed-Rate Breathing 
289.524,55.9701,M3_hrv,Metronomic Breathing,Fixed-Rate Breathing 
290.596,51.3699,M3_hrv,Metronomic Breathing,Fixed-Rate Breathing 
291.764,51.1945,M3_hrv,Metronomic Breathing,Fixed-Rate Breathing 
292.936,54.7445,M3_hrv,Metronomic Breathing,Fixed-Rate Breathing 
294.032,56.8182,M3_hrv,Metronomic Breathing,Fixed-Rate Breathing 
295.088,53.0035,M3_hrv,Metronomic Breathing,Fixed-Rate Breathing 
296.22,51.0204,M3_hrv,Metronomic Breathing,Fixed-Rate Breathing 
297.396,57.9151,M3_hrv,Metronomic Breathing,Fixed-Rate Breathing 
298.432,59.5238,M3_hrv,Metronomic Breathing,Fixed-Rate Breathing 
299.44,51.9031,M3_hrv,Metronomic Breathing,Fixed-Rate Breathing 
300.596,52.2648,M3_hrv,Metronomic Breathing,Fixed-Rate Breathing 
301.744,55.3506,M3_hrv,Metronomic Breathing,Fixed-Rate Breathing 
302.828,52.2648,M3_hrv,Metronomic Breathing,Fixed-Rate Breathing 
303.976,50.0,M3_hrv,Metronomic Breathing,Fixed-Rate Breathing 
305.176,53.3808,M3_hrv,Metronomic Breathing,Fixed-Rate Breathing 
306.3,53.9568,M3_hrv,Metronomic Breathing,Fixed-Rate Breathing 
307.412,51.1945,M3_hrv,Metronomic Breathing,Fixed-Rate Breathing 
308.584,48.8599,M3_hrv,Metronomic Breathing,Fixed-Rate Breathing 
309.812,50.0,M3_hrv,Metronomic Breathing,Fixed-Rate Breathing 
311.012,49.1803,M3_hrv,Metronomic Breathing,Fixed-Rate Breathing 
312.232,48.0769,M3_hrv,Metronomic Breathing,Fixed-Rate Breathing 
313.48,49.505,M3_hrv,Metronomic Breathing,Fixed-Rate Breathing 
314.692,50.8475,M3_hrv,Metronomic Breathing,Fixed-Rate Breathing 
315.872,47.7707,M3_hrv,Metronomic Breathing,Fixed-Rate Breathing 
317.128,47.619,M3_hrv,Metronomic Breathing,Fixed-Rate Breathing 
318.388,52.4476,M3_hrv,Metronomic Breathing,Fixed-Rate Breathing 
319.532,53.7634,M3_hrv,Metronomic Breathing,Fixed-Rate Breathing 
320.648,49.0196,M3_hrv,Metronomic Breathing,Fixed-Rate Breathing 
321.872,50.8475,M3_hrv,Metronomic Breathing,Fixed-Rate Breathing 
323.052,53.0035,M3_hrv,Metronomic Breathing,Fixed-Rate Breathing 
324.184,50.5051,M3_hrv,Metronomic Breathing,Fixed-Rate Breathing 
325.372,49.1803,M3_hrv,Metronomic Breathing,Fixed-Rate Breathing 
326.592,54.9451,M3_hrv,Metronomic Breathing,Fixed-Rate Breathing 
327.684,53.3808,M3_hrv,Metronomic Breathing,Fixed-Rate Breathing 
328.808,49.505,M3_hrv,Metronomic Breathing,Fixed-Rate Breathing 
330.02,51.3699,M3_hrv,Metronomic Breathing,Fixed-Rate Breathing 
331.188,50.8475,M3_hrv,Metronomic Breathing,Fixed-Rate Breathing 
332.368,48.8599,M3_hrv,Metronomic Breathing,Fixed-Rate Breathing 
333.596,49.8339,M3_hrv,Metronomic Breathing,Fixed-Rate Breathing 
334.8,55.9701,M3_hrv,Metronomic Breathing,Fixed-Rate Breathing 
335.872,55.1471,M3_hrv,Metronomic Breathing,Fixed-Rate Breathing 
336.96,47.1698,M3_hrv,Metronomic Breathing,Fixed-Rate Breathing 
338.232,53.3808,M3_hrv,Metronomic Breathing,Fixed-Rate Breathing 
339.356,56.6038,M3_hrv,Metronomic Breathing,Fixed-Rate Breathing 
340.416,49.0196,M3_hrv,Metronomic Breathing,Fixed-Rate Breathing 
341.64,48.0769,M3_hrv,Metronomic Breathing,Fixed-Rate Breathing 
342.888,53.1915,M3_hrv,Metronomic Breathing,Fixed-Rate Breathing 
344.016,56.391,M3_hrv,Metronomic Breathing,Fixed-Rate Breathing 
345.08,51.0204,M3_hrv,Metronomic Breathing,Fixed-Rate Breathing 
346.256,48.0769,M3_hrv,Metronomic Breathing,Fixed-Rate Breathing 
347.504,50.0,M3_hrv,Metronomic Breathing,Fixed-Rate Breathing 
348.704,48.3871,M3_hrv,Metronomic Breathing,Fixed-Rate Breathing 
349.944,52.6316,M3_hrv,Metronomic Breathing,Fixed-Rate Breathing 
351.084,52.2648,M3_hrv,Metronomic Breathing,Fixed-Rate Breathing 
352.232,50.1672,M3_hrv,Metronomic Breathing,Fixed-Rate Breathing 
353.428,49.1803,M3_hrv,Metronomic Breathing,Fixed-Rate Breathing 
354.648,51.5464,M3_hrv,Metronomic Breathing,Fixed-Rate Breathing 
355.812,55.7621,M3_hrv,Metronomic Breathing,Fixed-Rate Breathing 
356.888,50.6757,M3_hrv,Metronomic Breathing,Fixed-Rate Breathing 
358.072,51.3699,M3_hrv,Metronomic Breathing,Fixed-Rate Breathing 
359.24,54.7445,M3_hrv,Metronomic Breathing,Fixed-Rate Breathing 
360.336,55.3506,M3_hrv,Metronomic Breathing,Fixed-Rate Breathing 
361.42,50.3356,M3_hrv,Metronomic Breathing,Fixed-Rate Breathing 
362.612,49.0196,M3_hrv,Metronomic Breathing,Fixed-Rate Breathing 
363.836,53.1915,M3_hrv,Metronomic Breathing,Fixed-Rate Breathing 
364.964,52.6316,M3_hrv,Metronomic Breathing,Fixed-Rate Breathing 
366.104,51.0204,M3_hrv,Metronomic Breathing,Fixed-Rate Breathing 
367.28,48.5437,M3_hrv,Metronomic Breathing,Fixed-Rate Breathing 
368.516,49.0196,M3_hrv,Metronomic Breathing,Fixed-Rate Breathing 
369.74,47.1698,M3_hrv,Metronomic Breathing,Fixed-Rate Breathing 
371.012,46.5839,M3_hrv,Metronomic Breathing,Fixed-Rate Breathing 
372.3,49.6689,M3_hrv,Metronomic Breathing,Fixed-Rate Breathing 
373.508,47.1698,M3_hrv,Metronomic Breathing,Fixed-Rate Breathing 
374.78,46.0123,M3_hrv,Metronomic Breathing,Fixed-Rate Breathing 
376.084,52.2648,M3_hrv,Metronomic Breathing,Fixed-Rate Breathing 
377.232,54.7445,M3_hrv,Metronomic Breathing,Fixed-Rate Breathing 
378.328,53.5714,M3_hrv,Metronomic Breathing,Fixed-Rate Breathing 
379.448,49.8339,M3_hrv,Metronomic Breathing,Fixed-Rate Breathing 
380.652,51.3699,M3_hrv,Metronomic Breathing,Fixed-Rate Breathing 
381.82,49.6689,M3_hrv,Metronomic Breathing,Fixed-Rate Breathing 
383.028,47.7707,M3_hrv,Metronomic Breathing,Fixed-Rate Breathing 
384.284,52.6316,M3_hrv,Metronomic Breathing,Fixed-Rate Breathing 
385.424,53.3808,M3_hrv,Metronomic Breathing,Fixed-Rate Breathing 
386.548,50.0,M3_hrv,Metronomic Breathing,Fixed-Rate Breathing 
387.748,51.5464,M3_hrv,Metronomic Breathing,Fixed-Rate Breathing 
388.912,53.9568,M3_hrv,Metronomic Breathing,Fixed-Rate Breathing 
390.024,48.3871,M3_hrv,Metronomic Breathing,Fixed-Rate Breathing 
391.264,48.5437,M3_hrv,Metronomic Breathing,Fixed-Rate Breathing 
392.5,53.1915,M3_hrv,Metronomic Breathing,Fixed-Rate Breathing 
393.628,52.0833,M3_hrv,Metronomic Breathing,Fixed-Rate Breathing 
394.78,46.5839,M3_hrv,Metronomic Breathing,Fixed-Rate Breathing 
396.068,48.0769,M3_hrv,Metronomic Breathing,Fixed-Rate Breathing 
397.316,50.8475,M3_hrv,Metronomic Breathing,Fixed-Rate Breathing 
398.496,48.0769,M3_hrv,Metronomic Breathing,Fixed-Rate Breathing 
399.744,47.619,M3_hrv,Metronomic Breathing,Fixed-Rate Breathing 
401.004,51.7241,M3_hrv,Metronomic Breathing,Fixed-Rate Breathing 
402.164,52.0833,M3_hrv,Metronomic Breathing,Fixed-Rate Breathing 
403.316,45.7317,M3_hrv,Metronomic Breathing,Fixed-Rate Breathing 
404.628,50.6757,M3_hrv,Metronomic Breathing,Fixed-Rate Breathing 
405.812,55.1471,M3_hrv,Metronomic Breathing,Fixed-Rate Breathing 
406.9,44.2478,M3_hrv,Metronomic Breathing,Fixed-Rate Breathing 
408.256,44.7761,M3_hrv,Metronomic Breathing,Fixed-Rate Breathing 
409.596,52.6316,M3_hrv,Metronomic Breathing,Fixed-Rate Breathing 
410.736,51.0204,M3_hrv,Metronomic Breathing,Fixed-Rate Breathing 
411.912,46.875,M3_hrv,Metronomic Breathing,Fixed-Rate Breathing 
413.192,46.1538,M3_hrv,Metronomic Breathing,Fixed-Rate Breathing 
414.492,46.5839,M3_hrv,Metronomic Breathing,Fixed-Rate Breathing 
415.78,45.8716,M3_hrv,Metronomic Breathing,Fixed-Rate Breathing 
417.088,50.0,M3_hrv,Metronomic Breathing,Fixed-Rate Breathing 
418.288,45.5927,M3_hrv,Metronomic Breathing,Fixed-Rate Breathing 
419.604,42.8571,M3_hrv,Metronomic Breathing,Fixed-Rate Breathing 
421.004,47.3186,M3_hrv,Metronomic Breathing,Fixed-Rate Breathing 
422.272,47.4684,M3_hrv,Metronomic Breathing,Fixed-Rate Breathing 
423.536,46.4396,M3_hrv,Metronomic Breathing,Fixed-Rate Breathing 
424.828,49.8339,M3_hrv,Metronomic Breathing,Fixed-Rate Breathing 
426.032,50.0,M3_hrv,Metronomic Breathing,Fixed-Rate Breathing 
427.232,44.1176,M3_hrv,Metronomic Breathing,Fixed-Rate Breathing 
428.592,46.729,M3_hrv,Metronomic Breathing,Fixed-Rate Breathing 
429.876,49.3421,M3_hrv,Metronomic Breathing,Fixed-Rate Breathing 
431.092,47.619,M3_hrv,Metronomic Breathing,Fixed-Rate Breathing 
432.352,49.8339,M3_hrv,Metronomic Breathing,Fixed-Rate Breathing 
433.556,49.0196,M3_hrv,Metronomic Breathing,Fixed-Rate Breathing 
434.78,44.1176,M3_hrv,Metronomic Breathing,Fixed-Rate Breathing 
436.14,47.3186,M3_hrv,Metronomic Breathing,Fixed-Rate Breathing 
437.408,51.9031,M3_hrv,Metronomic Breathing,Fixed-Rate Breathing 
438.564,50.6757,M3_hrv,Metronomic Breathing,Fixed-Rate Breathing 
439.748,45.3172,M3_hrv,Metronomic Breathing,Fixed-Rate Breathing 
441.072,49.6689,M3_hrv,Metronomic Breathing,Fixed-Rate Breathing 
442.28,51.7241,M3_hrv,Metronomic Breathing,Fixed-Rate Breathing 
443.44,47.9233,M3_hrv,Metronomic Breathing,Fixed-Rate Breathing 
444.692,49.0196,M3_hrv,Metronomic Breathing,Fixed-Rate Breathing 
445.916,51.9031,M3_hrv,Metronomic Breathing,Fixed-Rate Breathing 
447.072,48.3871,M3_hrv,Metronomic Breathing,Fixed-Rate Breathing 
448.312,43.9883,M3_hrv,Metronomic Breathing,Fixed-Rate Breathing 
449.676,43.7318,M3_hrv,Metronomic Breathing,Fixed-Rate Breathing 
451.048,44.5104,M3_hrv,Metronomic Breathing,Fixed-Rate Breathing 
452.396,44.6429,M3_hrv,Metronomic Breathing,Fixed-Rate Breathing 
453.74,47.3186,M3_hrv,Metronomic Breathing,Fixed-Rate Breathing 
455.008,48.3871,M3_hrv,Metronomic Breathing,Fixed-Rate Breathing 
456.248,45.3172,M3_hrv,Metronomic Breathing,Fixed-Rate Breathing 
457.572,48.0769,M3_hrv,Metronomic Breathing,Fixed-Rate Breathing 
458.82,47.619,M3_hrv,Metronomic Breathing,Fixed-Rate Breathing 
460.08,44.6429,M3_hrv,Metronomic Breathing,Fixed-Rate Breathing 
461.424,46.4396,M3_hrv,Metronomic Breathing,Fixed-Rate Breathing 
462.716,47.619,M3_hrv,Metronomic Breathing,Fixed-Rate Breathing 
463.976,45.8716,M3_hrv,Metronomic Breathing,Fixed-Rate Breathing 
465.284,45.3172,M3_hrv,Metronomic Breathing,Fixed-Rate Breathing 
466.608,47.619,M3_hrv,Metronomic Breathing,Fixed-Rate Breathing 
467.868,46.729,M3_hrv,Metronomic Breathing,Fixed-Rate Breathing 
469.152,48.7013,M3_hrv,Metronomic Breathing,Fixed-Rate Breathing 
470.384,52.0833,M3_hrv,Metronomic Breathing,Fixed-Rate Breathing 
471.536,47.4684,M3_hrv,Metronomic Breathing,Fixed-Rate Breathing 
472.8,44.7761,M3_hrv,Metronomic Breathing,Fixed-Rate Breathing 
474.14,46.875,M3_hrv,Metronomic Breathing,Fixed-Rate Breathing 
475.42,48.0769,M3_hrv,Metronomic Breathing,Fixed-Rate Breathing 
476.668,47.0219,M3_hrv,Metronomic Breathing,Fixed-Rate Breathing 
477.944,47.619,M3_hrv,Metronomic Breathing,Fixed-Rate Breathing 
479.204,52.2648,M3_hrv,Metronomic Breathing,Fixed-Rate Breathing 
480.352,47.3186,M3_hrv,Metronomic Breathing,Fixed-Rate Breathing 
481.62,45.5927,M3_hrv,Metronomic Breathing,Fixed-Rate Breathing 
482.936,48.3871,M3_hrv,Metronomic Breathing,Fixed-Rate Breathing 
484.176,46.2963,M3_hrv,Metronomic Breathing,Fixed-Rate Breathing 
485.472,44.7761,M3_hrv,Metronomic Breathing,Fixed-Rate Breathing 
486.812,50.5051,M3_hrv,Metronomic Breathing,Fixed-Rate Breathing 
488.0,49.505,M3_hrv,Metronomic Breathing,Fixed-Rate Breathing 
489.212,52.8169,M3_hrv,Metronomic Breathing,Fixed-Rate Breathing 
490.348,53.7634,M3_hrv,Metronomic Breathing,Fixed-Rate Breathing 
491.464,58.3658,M3_hrv,Metronomic Breathing,Fixed-Rate Breathing 
492.492,59.2885,M3_hrv,Metronomic Breathing,Fixed-Rate Breathing 
493.504,50.1672,M3_hrv,Metronomic Breathing,Fixed-Rate Breathing 
494.7,51.0204,M3_hrv,Metronomic Breathing,Fixed-Rate Breathing 
495.876,54.1516,M3_hrv,Metronomic Breathing,Fixed-Rate Breathing 
496.984,50.3356,M3_hrv,Metronomic Breathing,Fixed-Rate Breathing 
498.176,50.5051,M3_hrv,Metronomic Breathing,Fixed-Rate Breathing 
499.364,51.3699,M3_hrv,Metronomic Breathing,Fixed-Rate Breathing 
500.532,48.3871,M3_hrv,Metronomic Breathing,Fixed-Rate Breathing 
501.772,48.3871,M3_hrv,Metronomic Breathing,Fixed-Rate Breathing 
503.012,51.3699,M3_hrv,Metronomic Breathing,Fixed-Rate Breathing 
504.18,51.1945,M3_hrv,Metronomic Breathing,Fixed-Rate Breathing 
505.352,49.1803,M3_hrv,Metronomic Breathing,Fixed-Rate Breathing 
506.572,51.7241,M3_hrv,Metronomic Breathing,Fixed-Rate Breathing 
507.732,56.8182,M3_hrv,Metronomic Breathing,Fixed-Rate Breathing 
508.788,51.1945,M3_hrv,Metronomic Breathing,Fixed-Rate Breathing 
509.96,50.1672,M3_hrv,Metronomic Breathing,Fixed-Rate Breathing 
511.156,51.9031,M3_hrv,Metronomic Breathing,Fixed-Rate Breathing 
512.312,46.875,M3_hrv,Metronomic Breathing,Fixed-Rate Breathing 
513.592,44.7761,M3_hrv,Metronomic Breathing,Fixed-Rate Breathing 
514.932,48.3871,M3_hrv,Metronomic Breathing,Fixed-Rate Breathing 
516.172,51.1945,M3_hrv,Metronomic Breathing,Fixed-Rate Breathing 
517.344,49.505,M3_hrv,Metronomic Breathing,Fixed-Rate Breathing 
518.556,50.8475,M3_hrv,Metronomic Breathing,Fixed-Rate Breathing 
519.736,50.5051,M3_hrv,Metronomic Breathing,Fixed-Rate Breathing 
520.924,43.8596,M3_hrv,Metronomic Breathing,Fixed-Rate Breathing 
522.292,41.8994,M3_hrv,Metronomic Breathing,Fixed-Rate Breathing 
523.724,45.8716,M3_hrv,Metronomic Breathing,Fixed-Rate Breathing 
525.032,46.2963,M3_hrv,Metronomic Breathing,Fixed-Rate Breathing 
526.328,49.6689,M3_hrv,Metronomic Breathing,Fixed-Rate Breathing 
527.536,49.6689,M3_hrv,Metronomic Breathing,Fixed-Rate Breathing 
528.744,49.6689,M3_hrv,Metronomic Breathing,Fixed-Rate Breathing 
529.952,46.4396,M3_hrv,Metronomic Breathing,Fixed-Rate Breathing 
531.244,43.4783,M3_hrv,Metronomic Breathing,Fixed-Rate Breathing 
532.624,47.619,M3_hrv,Metronomic Breathing,Fixed-Rate Breathing 
533.884,43.8596,M3_hrv,Metronomic Breathing,Fixed-Rate Breathing 
535.252,44.5104,M3_hrv,Metronomic Breathing,Fixed-Rate Breathing 
536.6,48.8599,M3_hrv,Metronomic Breathing,Fixed-Rate Breathing 
537.828,47.619,M3_hrv,Metronomic Breathing,Fixed-Rate Breathing 
539.088,44.1176,M3_hrv,Metronomic Breathing,Fixed-Rate Breathing 
540.448,48.2315,M3_hrv,Metronomic Breathing,Fixed-Rate Breathing 
541.692,49.505,M3_hrv,Metronomic Breathing,Fixed-Rate Breathing 
542.904,47.0219,M3_hrv,Metronomic Breathing,Fixed-Rate Breathing 
544.18,44.6429,M3_hrv,Metronomic Breathing,Fixed-Rate Breathing 
545.524,46.2963,M3_hrv,Metronomic Breathing,Fixed-Rate Breathing 
546.82,45.5927,M3_hrv,Metronomic Breathing,Fixed-Rate Breathing 
548.136,50.8475,M3_hrv,Metronomic Breathing,Fixed-Rate Breathing 
549.316,54.9451,M3_hrv,Metronomic Breathing,Fixed-Rate Breathing 
550.408,47.4684,M3_hrv,Metronomic Breathing,Fixed-Rate Breathing 
551.672,47.619,M3_hrv,Metronomic Breathing,Fixed-Rate Breathing 
552.932,49.1803,M3_hrv,Metronomic Breathing,Fixed-Rate Breathing 
554.152,49.0196,M3_hrv,Metronomic Breathing,Fixed-Rate Breathing 
555.376,51.3699,M3_hrv,Metronomic Breathing,Fixed-Rate Breathing 
556.544,50.3356,M3_hrv,Metronomic Breathing,Fixed-Rate Breathing 
557.736,50.0,M3_hrv,Metronomic Breathing,Fixed-Rate Breathing 
558.936,43.4783,M3_hrv,Metronomic Breathing,Fixed-Rate Breathing 
560.316,47.9233,M3_hrv,Metronomic Breathing,Fixed-Rate Breathing 
561.568,46.0123,M3_hrv,Metronomic Breathing,Fixed-Rate Breathing 
562.872,45.045,M3_hrv,Metronomic Breathing,Fixed-Rate Breathing 
564.204,47.7707,M3_hrv,Metronomic Breathing,Fixed-Rate Breathing 
565.46,49.3421,M3_hrv,Metronomic Breathing,Fixed-Rate Breathing 
566.676,46.4396,M3_hrv,Metronomic Breathing,Fixed-Rate Breathing 
567.968,46.2963,M3_hrv,Metronomic Breathing,Fixed-Rate Breathing 
569.264,53.5714,M3_hrv,Metronomic Breathing,Fixed-Rate Breathing 
570.384,55.9701,M3_hrv,Metronomic Breathing,Fixed-Rate Breathing 
571.456,55.5556,M3_hrv,Metronomic Breathing,Fixed-Rate Breathing 
572.536,48.3871,M3_hrv,Metronomic Breathing,Fixed-Rate Breathing 
573.776,50.5051,M3_hrv,Metronomic Breathing,Fixed-Rate Breathing 
574.964,46.875,M3_hrv,Metronomic Breathing,Fixed-Rate Breathing 
576.244,48.0769,M3_hrv,Metronomic Breathing,Fixed-Rate Breathing 
577.492,52.0833,M3_hrv,Metronomic Breathing,Fixed-Rate Breathing 
578.644,53.7634,M3_hrv,Metronomic Breathing,Fixed-Rate Breathing 
579.76,54.3478,M3_hrv,Metronomic Breathing,Fixed-Rate Breathing 
580.864,51.9031,M3_hrv,Metronomic Breathing,Fixed-Rate Breathing 
582.02,53.9568,M3_hrv,Metronomic Breathing,Fixed-Rate Breathing 
583.132,53.7634,M3_hrv,Metronomic Breathing,Fixed-Rate Breathing 
584.248,52.2648,M3_hrv,Metronomic Breathing,Fixed-Rate Breathing 
585.396,53.3808,M3_hrv,Metronomic Breathing,Fixed-Rate Breathing 
586.52,53.5714,M3_hrv,Metronomic Breathing,Fixed-Rate Breathing 
587.64,53.0035,M3_hrv,Metronomic Breathing,Fixed-Rate Breathing 
588.772,52.8169,M3_hrv,Metronomic Breathing,Fixed-Rate Breathing 
589.908,55.5556,M3_hrv,Metronomic Breathing,Fixed-Rate Breathing 
590.988,56.6038,M3_hrv,Metronomic Breathing,Fixed-Rate Breathing 
592.048,60.241,M3_hrv,Metronomic Breathing,Fixed-Rate Breathing 
593.044,56.8182,M3_hrv,Metronomic Breathing,Fixed-Rate Breathing 
594.1,55.7621,M3_hrv,Metronomic Breathing,Fixed-Rate Breathing 
595.176,55.9701,M3_hrv,Metronomic Breathing,Fixed-Rate Breathing 
596.248,58.8235,M3_hrv,Metronomic Breathing,Fixed-Rate Breathing 
597.268,64.6552,M3_hrv,Metronomic Breathing,Fixed-Rate Breathing 
598.196,61.9835,M3_hrv,Metronomic Breathing,Fixed-Rate Breathing 
