Time,HeartRate,Subject,Group,State
1.332,73.8916,M12_hrv,Metronomic Breathing,Fixed-Rate Breathing 
2.144,75.3769,M12_hrv,Metronomic Breathing,Fixed-Rate Breathing 
2.94,73.8916,M12_hrv,Metronomic Breathing,Fixed-Rate Breathing 
3.752,66.9643,M12_hrv,Metronomic Breathing,Fixed-Rate Breathing 
4.648,63.2911,M12_hrv,Metronomic Breathing,Fixed-Rate Breathing 
5.596,64.9351,M12_hrv,Metronomic Breathing,Fixed-Rate Breathing 
6.52,75.7576,M12_hrv,Metronomic Breathing,Fixed-Rate Breathing 
7.312,67.5676,M12_hrv,Metronomic Breathing,Fixed-Rate Breathing 
8.2,67.5676,M12_hrv,Metronomic Breathing,Fixed-Rate Breathing 
9.088,73.5294,M12_hrv,Metronomic Breathing,Fixed-Rate Breathing 
9.904,72.8155,M12_hrv,Metronomic Breathing,Fixed-Rate Breathing 
10.728,76.5306,M12_hrv,Metronomic Breathing,Fixed-Rate Breathing 
11.512,74.2574,M12_hrv,Metronomic Breathing,Fixed-Rate Breathing 
12.32,68.4931,M12_hrv,Metronomic Breathing,Fixed-Rate Breathing 
13.196,62.5,M12_hrv,Metronomic Breathing,Fixed-Rate Breathing 
14.156,65.2174,M12_hrv,Metronomic Breathing,Fixed-Rate Breathing 
15.076,70.0935,M12_hrv,Metronomic Breathing,Fixed-Rate Breathing 
15.932,66.9643,M12_hrv,Metronomic Breathing,Fixed-Rate Breathing 
16.828,61.9835,M12_hrv,Metronomic Breathing,Fixed-Rate Breathing 
17.796,61.9835,M12_hrv,Metronomic Breathing,Fixed-Rate Breathing 
18.764,67.5676,M12_hrv,Metronomic Breathing,Fixed-Rate Breathing 
19.652,73.1707,M12_hrv,Metronomic Breathing,Fixed-Rate Breathing 
20.472,78.125,M12_hrv,Metronomic Breathing,Fixed-Rate Breathing 
21.24,81.0811,M12_hrv,Metronomic Breathing,Fixed-Rate Breathing 
21.98,80.2139,M12_hrv,Metronomic Breathing,Fixed-Rate Breathing 
22.728,71.09,M12_hrv,Metronomic Breathing,Fixed-Rate Breathing 
23.572,62.5,M12_hrv,Metronomic Breathing,Fixed-Rate Breathing 
24.532,71.7703,M12_hrv,Metronomic Breathing,Fixed-Rate Breathing 
25.368,75.3769,M12_hrv,Metronomic Breathing,Fixed-Rate Breathing 
26.164,72.4638,M12_hrv,Metronomic Breathing,Fixed-Rate Breathing 
26.992,73.5294,M12_hrv,Metronomic Breathing,Fixed-Rate Breathing 
27.808,80.6452,M12_hrv,Metronomic Breathing,Fixed-Rate Breathing 
28.552,80.2139,M12_hrv,Metronomic Breathing,Fixed-Rate Breathing 
29.3,78.125,M12_hrv,Metronomic Breathing,Fixed-Rate Breathing 
30.068,71.7703,M12_hrv,Metronomic Breathing,Fixed-Rate Breathing 
30.904,61.7284,M12_hrv,Metronomic Breathing,Fixed-Rate Breathing 
31.876,67.8733,M12_hrv,Metronomic Breathing,Fixed-Rate Breathing 
32.76,73.1707,M12_hrv,Metronomic Breathing,Fixed-Rate Breathing 
33.58,75.3769,M12_hrv,Metronomic Breathing,Fixed-Rate Breathing 
34.376,71.09,M12_hrv,Metronomic Breathing,Fixed-Rate Breathing 
35.22,65.7895,M12_hrv,Metronomic Breathing,Fixed-Rate Breathing 
36.132,67.8733,M12_hrv,Metronomic Breathing,Fixed-Rate Breathing 
37.016,73.8916,M12_hrv,Metronomic Breathing,Fixed-Rate Breathing 
37.828,72.1154,M12_hrv,Metronomic Breathing,Fixed-Rate Breathing 
38.66,69.1244,M12_hrv,Metronomic Breathing,Fixed-Rate Breathing 
39.528,65.2174,M12_hrv,Metronomic Breathing,Fixed-Rate Breathing 
40.448,68.8073,M12_hrv,Metronomic Breathing,Fixed-Rate Breathing 
41.32,73.1707,M12_hrv,Metronomic Breathing,Fixed-Rate Breathing 
42.14,71.7703,M12_hrv,Metronomic Breathing,Fixed-Rate Breathing 
42.976,67.5676,M12_hrv,Metronomic Breathing,Fixed-Rate Breathing 
43.864,65.7895,M12_hrv,Metronomic Breathing,Fixed-Rate Breathing 
44.776,70.4225,M12_hrv,Metronomic Breathing,Fixed-Rate Breathing 
45.628,73.5294,M12_hrv,Metronomic Breathing,Fixed-Rate Breathing 
46.444,69.7674,M12_hrv,Metronomic Breathing,Fixed-Rate Breathing 
47.304,66.0793,M12_hrv,Metronomic Breathing,Fixed-Rate Breathing 
48.212,67.5676,M12_hrv,Metronomic Breathing,Fixed-Rate Breathing 
49.1,71.09,M12_hrv,Metronomic Breathing,Fixed-Rate Breathing 
49.944,72.4638,M12_hrv,Metronomic Breathing,Fixed-Rate Breathing 
50.772,67.8733,M12_hrv,Metronomic Breathing,Fixed-Rate Breathing 
51.656,63.8298,M12_hrv,Metronomic Breathing,Fixed-Rate Breathing 
52.596,67.5676,M12_hrv,Metronomic Breathing,Fixed-Rate Breathing 
53.484,71.09,M12_hrv,Metronomic Breathing,Fixed-Rate Breathing 
54.328,70.0935,M12_hrv,Metronomic Breathing,Fixed-Rate Breathing 
55.184,64.1026,M12_hrv,Metronomic Breathing,Fixed-Rate Breathing 
56.12,61.2245,M12_hrv,Metronomic Breathing,Fixed-Rate Breathing 
57.1,69.7674,M12_hrv,Metronomic Breathing,Fixed-Rate Breathing 
57.96,73.1707,M12_hrv,Metronomic Breathing,Fixed-Rate Breathing 
58.78,70.7547,M12_hrv,Metronomic Breathing,Fixed-Rate Breathing 
59.628,65.5022,M12_hrv,Metronomic Breathing,Fixed-Rate Breathing 
60.544,67.5676,M12_hrv,Metronomic Breathing,Fixed-Rate Breathing 
61.432,68.8073,M12_hrv,Metronomic Breathing,Fixed-Rate Breathing 
62.304,67.2646,M12_hrv,Metronomic Breathing,Fixed-Rate Breathing 
63.196,64.9351,M12_hrv,Metronomic Breathing,Fixed-Rate Breathing 
64.12,65.5022,M12_hrv,Metronomic Breathing,Fixed-Rate Breathing 
65.036,68.8073,M12_hrv,Metronomic Breathing,Fixed-Rate Breathing 
65.908,69.4444,M12_hrv,Metronomic Breathing,Fixed-Rate Breathing 
66.772,66.3717,M12_hrv,Metronomic Breathing,Fixed-Rate Breathing 
67.676,63.2911,M12_hrv,Metronomic Breathing,Fixed-Rate Breathing 
68.624,66.9643,M12_hrv,Metronomic Breathing,Fixed-Rate Breathing 
69.52,72.1154,M12_hrv,Metronomic Breathing,Fixed-Rate Breathing 
70.352,69.7674,M12_hrv,Metronomic Breathing,Fixed-Rate Breathing 
71.212,65.2174,M12_hrv,Metronomic Breathing,Fixed-Rate Breathing 
72.132,60.7287,M12_hrv,Metronomic Breathing,Fixed-Rate Breathing 
73.12,66.9643,M12_hrv,Metronomic Breathing,Fixed-Rate Breathing 
74.016,69.4444,M12_hrv,Metronomic Breathing,Fixed-Rate Breathing 
74.88,69.1244,M12_hrv,Metronomic Breathing,Fixed-Rate Breathing 
75.748,63.8298,M12_hrv,Metronomic Breathing,Fixed-Rate Breathing 
76.688,65.2174,M12_hrv,Metronomic Breathing,Fixed-Rate Breathing 
77.608,69.7674,M12_hrv,Metronomic Breathing,Fixed-Rate Breathing 
78.468,71.09,M12_hrv,Metronomic Breathing,Fixed-Rate Breathing 
79.312,63.8298,M12_hrv,Metronomic Breathing,Fixed-Rate Breathing 
80.252,66.3717,M12_hrv,Metronomic Breathing,Fixed-Rate Breathing 
81.156,73.5294,M12_hrv,Metronomic Breathing,Fixed-Rate Breathing 
81.972,70.0935,M12_hrv,Metronomic Breathing,Fixed-Rate Breathing 
82.828,61.7284,M12_hrv,Metronomic Breathing,Fixed-Rate Breathing 
83.8,63.0252,M12_hrv,Metronomic Breathing,Fixed-Rate Breathing 
84.752,72.1154,M12_hrv,Metronomic Breathing,Fixed-Rate Breathing 
85.584,70.0935,M12_hrv,Metronomic Breathing,Fixed-Rate Breathing 
86.44,71.09,M12_hrv,Metronomic Breathing,Fixed-Rate Breathing 
87.284,68.1818,M12_hrv,Metronomic Breathing,Fixed-Rate Breathing 
88.164,63.2911,M12_hrv,Metronomic Breathing,Fixed-Rate Breathing 
89.112,67.2646,M12_hrv,Metronomic Breathing,Fixed-Rate Breathing 
90.004,68.4931,M12_hrv,Metronomic Breathing,Fixed-Rate Breathing 
90.88,69.7674,M12_hrv,Metronomic Breathing,Fixed-Rate Breathing 
91.74,65.2174,M12_hrv,Metronomic Breathing,Fixed-Rate Breathing 
92.66,63.0252,M12_hrv,Metronomic Breathing,Fixed-Rate Breathing 
93.612,69.1244,M12_hrv,Metronomic Breathing,Fixed-Rate Breathing 
94.48,72.1154,M12_hrv,Metronomic Breathing,Fixed-Rate Breathing 
95.312,71.09,M12_hrv,Metronomic Breathing,Fixed-Rate Breathing 
96.156,63.2911,M12_hrv,Metronomic Breathing,Fixed-Rate Breathing 
97.104,63.8298,M12_hrv,Metronomic Breathing,Fixed-Rate Breathing 
98.044,73.5294,M12_hrv,Metronomic Breathing,Fixed-Rate Breathing 
98.86,72.4638,M12_hrv,Metronomic Breathing,Fixed-Rate Breathing 
99.688,70.4225,M12_hrv,Metronomic Breathing,Fixed-Rate Breathing 
100.54,64.6552,M12_hrv,Metronomic Breathing,Fixed-Rate Breathing 
101.468,66.0793,M12_hrv,Metronomic Breathing,Fixed-Rate Breathing 
102.376,72.8155,M12_hrv,Metronomic Breathing,Fixed-Rate Breathing 
103.2,73.5294,M12_hrv,Metronomic Breathing,Fixed-Rate Breathing 
104.016,66.9643,M12_hrv,Metronomic Breathing,Fixed-Rate Breathing 
104.912,65.5022,M12_hrv,Metronomic Breathing,Fixed-Rate Breathing 
105.828,67.5676,M12_hrv,Metronomic Breathing,Fixed-Rate Breathing 
106.716,73.8916,M12_hrv,Metronomic Breathing,Fixed-Rate Breathing 
107.528,72.4638,M12_hrv,Metronomic Breathing,Fixed-Rate Breathing 
108.356,65.7895,M12_hrv,Metronomic Breathing,Fixed-Rate Breathing 
109.268,66.0793,M12_hrv,Metronomic Breathing,Fixed-Rate Breathing 
110.176,73.8916,M12_hrv,Metronomic Breathing,Fixed-Rate Breathing 
110.988,71.7703,M12_hrv,Metronomic Breathing,Fixed-Rate Breathing 
111.824,71.09,M12_hrv,Metronomic Breathing,Fixed-Rate Breathing 
112.668,67.2646,M12_hrv,Metronomic Breathing,Fixed-Rate Breathing 
113.56,69.1244,M12_hrv,Metronomic Breathing,Fixed-Rate Breathing 
114.428,70.7547,M12_hrv,Metronomic Breathing,Fixed-Rate Breathing 
115.276,70.7547,M12_hrv,Metronomic Breathing,Fixed-Rate Breathing 
116.124,65.7895,M12_hrv,Metronomic Breathing,Fixed-Rate Breathing 
117.036,67.2646,M12_hrv,Metronomic Breathing,Fixed-Rate Breathing 
117.928,75.3769,M12_hrv,Metronomic Breathing,Fixed-Rate Breathing 
118.724,71.4286,M12_hrv,Metronomic Breathing,Fixed-Rate Breathing 
119.564,72.1154,M12_hrv,Metronomic Breathing,Fixed-Rate Breathing 
120.396,70.0935,M12_hrv,Metronomic Breathing,Fixed-Rate Breathing 
121.252,67.8733,M12_hrv,Metronomic Breathing,Fixed-Rate Breathing 
122.136,70.0935,M12_hrv,Metronomic Breathing,Fixed-Rate Breathing 
122.992,71.7703,M12_hrv,Metronomic Breathing,Fixed-Rate Breathing 
123.828,71.09,M12_hrv,Metronomic Breathing,Fixed-Rate Breathing 
124.672,65.7895,M12_hrv,Metronomic Breathing,Fixed-Rate Breathing 
125.584,69.1244,M12_hrv,Metronomic Breathing,Fixed-Rate Breathing 
126.452,74.6269,M12_hrv,Metronomic Breathing,Fixed-Rate Breathing 
127.256,73.8916,M12_hrv,Metronomic Breathing,Fixed-Rate Breathing 
128.068,71.4286,M12_hrv,Metronomic Breathing,Fixed-Rate Breathing 
128.908,66.9643,M12_hrv,Metronomic Breathing,Fixed-Rate Breathing 
129.804,69.7674,M12_hrv,Metronomic Breathing,Fixed-Rate Breathing 
130.664,75.0,M12_hrv,Metronomic Breathing,Fixed-Rate Breathing 
131.464,71.7703,M12_hrv,Metronomic Breathing,Fixed-Rate Breathing 
132.3,71.4286,M12_hrv,Metronomic Breathing,Fixed-Rate Breathing 
133.14,70.7547,M12_hrv,Metronomic Breathing,Fixed-Rate Breathing 
133.988,73.5294,M12_hrv,Metronomic Breathing,Fixed-Rate Breathing 
134.804,73.8916,M12_hrv,Metronomic Breathing,Fixed-Rate Breathing 
135.616,67.5676,M12_hrv,Metronomic Breathing,Fixed-Rate Breathing 
136.504,69.4444,M12_hrv,Metronomic Breathing,Fixed-Rate Breathing 
137.368,76.1421,M12_hrv,Metronomic Breathing,Fixed-Rate Breathing 
138.156,75.3769,M12_hrv,Metronomic Breathing,Fixed-Rate Breathing 
138.952,75.3769,M12_hrv,Metronomic Breathing,Fixed-Rate Breathing 
139.748,75.0,M12_hrv,Metronomic Breathing,Fixed-Rate Breathing 
140.548,82.4176,M12_hrv,Metronomic Breathing,Fixed-Rate Breathing 
141.276,83.7989,M12_hrv,Metronomic Breathing,Fixed-Rate Breathing 
141.992,80.2139,M12_hrv,Metronomic Breathing,Fixed-Rate Breathing 
142.74,78.125,M12_hrv,Metronomic Breathing,Fixed-Rate Breathing 
143.508,72.4638,M12_hrv,Metronomic Breathing,Fixed-Rate Breathing 
144.336,67.2646,M12_hrv,Metronomic Breathing,Fixed-Rate Breathing 
145.228,67.5676,M12_hrv,Metronomic Breathing,Fixed-Rate Breathing 
146.116,73.1707,M12_hrv,Metronomic Breathing,Fixed-Rate Breathing 
146.936,77.3196,M12_hrv,Metronomic Breathing,Fixed-Rate Breathing 
147.712,77.7202,M12_hrv,Metronomic Breathing,Fixed-Rate Breathing 
148.484,72.4638,M12_hrv,Metronomic Breathing,Fixed-Rate Breathing 
149.312,61.2245,M12_hrv,Metronomic Breathing,Fixed-Rate Breathing 
150.292,68.1818,M12_hrv,Metronomic Breathing,Fixed-Rate Breathing 
151.172,73.8916,M12_hrv,Metronomic Breathing,Fixed-Rate Breathing 
151.984,71.7703,M12_hrv,Metronomic Breathing,Fixed-Rate Breathing 
152.82,70.7547,M12_hrv,Metronomic Breathing,Fixed-Rate Breathing 
153.668,70.7547,M12_hrv,Metronomic Breathing,Fixed-Rate Breathing 
154.516,73.1707,M12_hrv,Metronomic Breathing,Fixed-Rate Breathing 
155.336,73.8916,M12_hrv,Metronomic Breathing,Fixed-Rate Breathing 
156.148,71.4286,M12_hrv,Metronomic Breathing,Fixed-Rate Breathing 
156.988,63.8298,M12_hrv,Metronomic Breathing,Fixed-Rate Breathing 
157.928,75.0,M12_hrv,Metronomic Breathing,Fixed-Rate Breathing 
158.728,74.2574,M12_hrv,Metronomic Breathing,Fixed-Rate Breathing 
159.536,73.5294,M12_hrv,Metronomic Breathing,Fixed-Rate Breathing 
160.352,67.8733,M12_hrv,Metronomic Breathing,Fixed-Rate Breathing 
161.236,68.4931,M12_hrv,Metronomic Breathing,Fixed-Rate Breathing 
162.112,75.3769,M12_hrv,Metronomic Breathing,Fixed-Rate Breathing 
162.908,73.5294,M12_hrv,Metronomic Breathing,Fixed-Rate Breathing 
163.724,72.4638,M12_hrv,Metronomic Breathing,Fixed-Rate Breathing 
164.552,69.4444,M12_hrv,Metronomic Breathing,Fixed-Rate Breathing 
165.416,65.7895,M12_hrv,Metronomic Breathing,Fixed-Rate Breathing 
166.328,69.4444,M12_hrv,Metronomic Breathing,Fixed-Rate Breathing 
167.192,72.8155,M12_hrv,Metronomic Breathing,Fixed-Rate Breathing 
168.016,70.4225,M12_hrv,Metronomic Breathing,Fixed-Rate Breathing 
168.868,64.3777,M12_hrv,Metronomic Breathing,Fixed-Rate Breathing 
169.8,68.8073,M12_hrv,Metronomic Breathing,Fixed-Rate Breathing 
170.672,76.5306,M12_hrv,Metronomic Breathing,Fixed-Rate Breathing 
171.456,73.5294,M12_hrv,Metronomic Breathing,Fixed-Rate Breathing 
172.272,67.5676,M12_hrv,Metronomic Breathing,Fixed-Rate Breathing 
173.16,68.1818,M12_hrv,Metronomic Breathing,Fixed-Rate Breathing 
174.04,67.5676,M12_hrv,Metronomic Breathing,Fixed-Rate Breathing 
174.928,75.7576,M12_hrv,Metronomic Breathing,Fixed-Rate Breathing 
175.72,72.8155,M12_hrv,Metronomic Breathing,Fixed-Rate Breathing 
176.544,71.09,M12_hrv,Metronomic Breathing,Fixed-Rate Breathing 
177.388,64.1026,M12_hrv,Metronomic Breathing,Fixed-Rate Breathing 
178.324,69.1244,M12_hrv,Metronomic Breathing,Fixed-Rate Breathing 
179.192,70.0935,M12_hrv,Metronomic Breathing,Fixed-Rate Breathing 
180.048,72.4638,M12_hrv,Metronomic Breathing,Fixed-Rate Breathing 
180.876,70.4225,M12_hrv,Metronomic Breathing,Fixed-Rate Breathing 
181.728,72.1154,M12_hrv,Metronomic Breathing,Fixed-Rate Breathing 
182.56,71.4286,M12_hrv,Metronomic Breathing,Fixed-Rate Breathing 
183.4,75.0,M12_hrv,Metronomic Breathing,Fixed-Rate Breathing 
184.2,76.9231,M12_hrv,Metronomic Breathing,Fixed-Rate Breathing 
184.98,76.9231,M12_hrv,Metronomic Breathing,Fixed-Rate Breathing 
185.76,71.7703,M12_hrv,Metronomic Breathing,Fixed-Rate Breathing 
186.596,69.4444,M12_hrv,Metronomic Breathing,Fixed-Rate Breathing 
187.46,73.5294,M12_hrv,Metronomic Breathing,Fixed-Rate Breathing 
188.276,73.1707,M12_hrv,Metronomic Breathing,Fixed-Rate Breathing 
189.096,70.4225,M12_hrv,Metronomic Breathing,Fixed-Rate Breathing 
189.948,65.5022,M12_hrv,Metronomic Breathing,Fixed-Rate Breathing 
190.864,71.4286,M12_hrv,Metronomic Breathing,Fixed-Rate Breathing 
191.704,74.2574,M12_hrv,Metronomic Breathing,Fixed-Rate Breathing 
192.512,73.5294,M12_hrv,Metronomic Breathing,Fixed-Rate Breathing 
193.328,68.4931,M12_hrv,Metronomic Breathing,Fixed-Rate Breathing 
194.204,73.5294,M12_hrv,Metronomic Breathing,Fixed-Rate Breathing 
195.02,78.125,M12_hrv,Metronomic Breathing,Fixed-Rate Breathing 
195.788,77.7202,M12_hrv,Metronomic Breathing,Fixed-Rate Breathing 
196.56,77.7202,M12_hrv,Metronomic Breathing,Fixed-Rate Breathing 
197.332,71.7703,M12_hrv,Metronomic Breathing,Fixed-Rate Breathing 
198.168,71.09,M12_hrv,Metronomic Breathing,Fixed-Rate Breathing 
199.012,78.534,M12_hrv,Metronomic Breathing,Fixed-Rate Breathing 
199.776,81.0811,M12_hrv,Metronomic Breathing,Fixed-Rate Breathing 
200.516,81.0811,M12_hrv,Metronomic Breathing,Fixed-Rate Breathing 
201.256,76.5306,M12_hrv,Metronomic Breathing,Fixed-Rate Breathing 
202.04,67.2646,M12_hrv,Metronomic Breathing,Fixed-Rate Breathing 
202.932,67.2646,M12_hrv,Metronomic Breathing,Fixed-Rate Breathing 
203.824,70.4225,M12_hrv,Metronomic Breathing,Fixed-Rate Breathing 
204.676,75.3769,M12_hrv,Metronomic Breathing,Fixed-Rate Breathing 
205.472,73.5294,M12_hrv,Metronomic Breathing,Fixed-Rate Breathing 
206.288,69.4444,M12_hrv,Metronomic Breathing,Fixed-Rate Breathing 
207.152,66.0793,M12_hrv,Metronomic Breathing,Fixed-Rate Breathing 
208.06,71.7703,M12_hrv,Metronomic Breathing,Fixed-Rate Breathing 
208.896,76.5306,M12_hrv,Metronomic Breathing,Fixed-Rate Breathing 
209.68,76.5306,M12_hrv,Metronomic Breathing,Fixed-Rate Breathing 
210.464,72.4638,M12_hrv,Metronomic Breathing,Fixed-Rate Breathing 
211.292,68.4931,M12_hrv,Metronomic Breathing,Fixed-Rate Breathing 
212.168,71.09,M12_hrv,Metronomic Breathing,Fixed-Rate Breathing 
213.012,75.7576,M12_hrv,Metronomic Breathing,Fixed-Rate Breathing 
213.804,74.6269,M12_hrv,Metronomic Breathing,Fixed-Rate Breathing 
214.608,71.4286,M12_hrv,Metronomic Breathing,Fixed-Rate Breathing 
215.448,67.2646,M12_hrv,Metronomic Breathing,Fixed-Rate Breathing 
216.34,73.5294,M12_hrv,Metronomic Breathing,Fixed-Rate Breathing 
217.156,75.0,M12_hrv,Metronomic Breathing,Fixed-Rate Breathing 
217.956,71.4286,M12_hrv,Metronomic Breathing,Fixed-Rate Breathing 
218.796,63.5593,M12_hrv,Metronomic Breathing,Fixed-Rate Breathing 
219.74,67.5676,M12_hrv,Metronomic Breathing,Fixed-Rate Breathing 
220.628,75.7576,M12_hrv,Metronomic Breathing,Fixed-Rate Breathing 
221.42,73.5294,M12_hrv,Metronomic Breathing,Fixed-Rate Breathing 
222.236,69.1244,M12_hrv,Metronomic Breathing,Fixed-Rate Breathing 
223.104,68.8073,M12_hrv,Metronomic Breathing,Fixed-Rate Breathing 
223.976,68.1818,M12_hrv,Metronomic Breathing,Fixed-Rate Breathing 
224.856,75.7576,M12_hrv,Metronomic Breathing,Fixed-Rate Breathing 
225.648,75.7576,M12_hrv,Metronomic Breathing,Fixed-Rate Breathing 
226.44,68.8073,M12_hrv,Metronomic Breathing,Fixed-Rate Breathing 
227.312,64.9351,M12_hrv,Metronomic Breathing,Fixed-Rate Breathing 
228.236,66.3717,M12_hrv,Metronomic Breathing,Fixed-Rate Breathing 
229.14,75.7576,M12_hrv,Metronomic Breathing,Fixed-Rate Breathing 
229.932,76.1421,M12_hrv,Metronomic Breathing,Fixed-Rate Breathing 
230.72,69.4444,M12_hrv,Metronomic Breathing,Fixed-Rate Breathing 
231.584,69.4444,M12_hrv,Metronomic Breathing,Fixed-Rate Breathing 
232.448,69.7674,M12_hrv,Metronomic Breathing,Fixed-Rate Breathing 
233.308,78.9474,M12_hrv,Metronomic Breathing,Fixed-Rate Breathing 
234.068,75.0,M12_hrv,Metronomic Breathing,Fixed-Rate Breathing 
234.868,68.4931,M12_hrv,Metronomic Breathing,Fixed-Rate Breathing 
235.744,69.4444,M12_hrv,Metronomic Breathing,Fixed-Rate Breathing 
236.608,70.7547,M12_hrv,Metronomic Breathing,Fixed-Rate Breathing 
237.456,76.9231,M12_hrv,Metronomic Breathing,Fixed-Rate Breathing 
238.236,67.2646,M12_hrv,Metronomic Breathing,Fixed-Rate Breathing 
239.128,68.1818,M12_hrv,Metronomic Breathing,Fixed-Rate Breathing 
240.008,68.8073,M12_hrv,Metronomic Breathing,Fixed-Rate Breathing 
240.88,75.7576,M12_hrv,Metronomic Breathing,Fixed-Rate Breathing 
241.672,66.9643,M12_hrv,Metronomic Breathing,Fixed-Rate Breathing 
242.568,67.2646,M12_hrv,Metronomic Breathing,Fixed-Rate Breathing 
243.46,66.9643,M12_hrv,Metronomic Breathing,Fixed-Rate Breathing 
244.356,73.5294,M12_hrv,Metronomic Breathing,Fixed-Rate Breathing 
245.172,73.5294,M12_hrv,Metronomic Breathing,Fixed-Rate Breathing 
245.988,66.9643,M12_hrv,Metronomic Breathing,Fixed-Rate Breathing 
246.884,69.1244,M12_hrv,Metronomic Breathing,Fixed-Rate Breathing 
247.752,68.1818,M12_hrv,Metronomic Breathing,Fixed-Rate Breathing 
248.632,75.3769,M12_hrv,Metronomic Breathing,Fixed-Rate Breathing 
249.428,72.4638,M12_hrv,Metronomic Breathing,Fixed-Rate Breathing 
250.256,71.4286,M12_hrv,Metronomic Breathing,Fixed-Rate Breathing 
251.096,64.3777,M12_hrv,Metronomic Breathing,Fixed-Rate Breathing 
252.028,65.2174,M12_hrv,Metronomic Breathing,Fixed-Rate Breathing 
252.948,68.4931,M12_hrv,Metronomic Breathing,Fixed-Rate Breathing 
253.824,76.5306,M12_hrv,Metronomic Breathing,Fixed-Rate Breathing 
254.608,66.3717,M12_hrv,Metronomic Breathing,Fixed-Rate Breathing 
255.512,66.9643,M12_hrv,Metronomic Breathing,Fixed-Rate Breathing 
256.408,67.5676,M12_hrv,Metronomic Breathing,Fixed-Rate Breathing 
257.296,74.6269,M12_hrv,Metronomic Breathing,Fixed-Rate Breathing 
258.1,71.09,M12_hrv,Metronomic Breathing,Fixed-Rate Breathing 
258.944,67.5676,M12_hrv,Metronomic Breathing,Fixed-Rate Breathing 
259.832,64.3777,M12_hrv,Metronomic Breathing,Fixed-Rate Breathing 
260.764,64.3777,M12_hrv,Metronomic Breathing,Fixed-Rate Breathing 
261.696,70.0935,M12_hrv,Metronomic Breathing,Fixed-Rate Breathing 
262.552,73.5294,M12_hrv,Metronomic Breathing,Fixed-Rate Breathing 
263.368,71.7703,M12_hrv,Metronomic Breathing,Fixed-Rate Breathing 
264.204,64.9351,M12_hrv,Metronomic Breathing,Fixed-Rate Breathing 
265.128,76.1421,M12_hrv,Metronomic Breathing,Fixed-Rate Breathing 
265.916,75.0,M12_hrv,Metronomic Breathing,Fixed-Rate Breathing 
266.716,68.4931,M12_hrv,Metronomic Breathing,Fixed-Rate Breathing 
267.592,67.5676,M12_hrv,Metronomic Breathing,Fixed-Rate Breathing 
268.48,66.6667,M12_hrv,Metronomic Breathing,Fixed-Rate Breathing 
269.38,74.6269,M12_hrv,Metronomic Breathing,Fixed-Rate Breathing 
270.184,72.4638,M12_hrv,Metronomic Breathing,Fixed-Rate Breathing 
271.012,64.9351,M12_hrv,Metronomic Breathing,Fixed-Rate Breathing 
271.936,65.7895,M12_hrv,Metronomic Breathing,Fixed-Rate Breathing 
272.848,73.8916,M12_hrv,Metronomic Breathing,Fixed-Rate Breathing 
273.66,72.4638,M12_hrv,Metronomic Breathing,Fixed-Rate Breathing 
274.488,74.2574,M12_hrv,Metronomic Breathing,Fixed-Rate Breathing 
275.296,70.0935,M12_hrv,Metronomic Breathing,Fixed-Rate Breathing 
276.152,65.7895,M12_hrv,Metronomic Breathing,Fixed-Rate Breathing 
277.064,70.0935,M12_hrv,Metronomic Breathing,Fixed-Rate Breathing 
277.92,71.09,M12_hrv,Metronomic Breathing,Fixed-Rate Breathing 
278.764,70.7547,M12_hrv,Metronomic Breathing,Fixed-Rate Breathing 
279.612,64.9351,M12_hrv,Metronomic Breathing,Fixed-Rate Breathing 
280.536,68.4931,M12_hrv,Metronomic Breathing,Fixed-Rate Breathing 
281.412,72.8155,M12_hrv,Metronomic Breathing,Fixed-Rate Breathing 
282.236,74.2574,M12_hrv,Metronomic Breathing,Fixed-Rate Breathing 
283.044,71.7703,M12_hrv,Metronomic Breathing,Fixed-Rate Breathing 
283.88,66.9643,M12_hrv,Metronomic Breathing,Fixed-Rate Breathing 
284.776,69.4444,M12_hrv,Metronomic Breathing,Fixed-Rate Breathing 
285.64,70.7547,M12_hrv,Metronomic Breathing,Fixed-Rate Breathing 
286.488,71.09,M12_hrv,Metronomic Breathing,Fixed-Rate Breathing 
287.332,66.9643,M12_hrv,Metronomic Breathing,Fixed-Rate Breathing 
288.228,66.3717,M12_hrv,Metronomic Breathing,Fixed-Rate Breathing 
289.132,67.5676,M12_hrv,Metronomic Breathing,Fixed-Rate Breathing 
290.02,74.2574,M12_hrv,Metronomic Breathing,Fixed-Rate Breathing 
290.828,73.8916,M12_hrv,Metronomic Breathing,Fixed-Rate Breathing 
291.64,69.1244,M12_hrv,Metronomic Breathing,Fixed-Rate Breathing 
292.508,69.1244,M12_hrv,Metronomic Breathing,Fixed-Rate Breathing 
293.376,68.1818,M12_hrv,Metronomic Breathing,Fixed-Rate Breathing 
294.256,76.1421,M12_hrv,Metronomic Breathing,Fixed-Rate Breathing 
295.044,73.8916,M12_hrv,Metronomic Breathing,Fixed-Rate Breathing 
295.856,66.9643,M12_hrv,Metronomic Breathing,Fixed-Rate Breathing 
296.752,64.9351,M12_hrv,Metronomic Breathing,Fixed-Rate Breathing 
297.676,73.1707,M12_hrv,Metronomic Breathing,Fixed-Rate Breathing 
298.496,70.0935,M12_hrv,Metronomic Breathing,Fixed-Rate Breathing 
299.352,67.8733,M12_hrv,Metronomic Breathing,Fixed-Rate Breathing 
300.236,60.9756,M12_hrv,Metronomic Breathing,Fixed-Rate Breathing 
301.22,64.1026,M12_hrv,Metronomic Breathing,Fixed-Rate Breathing 
302.156,67.8733,M12_hrv,Metronomic Breathing,Fixed-Rate Breathing 
303.04,74.6269,M12_hrv,Metronomic Breathing,Fixed-Rate Breathing 
303.844,64.1026,M12_hrv,Metronomic Breathing,Fixed-Rate Breathing 
304.78,65.5022,M12_hrv,Metronomic Breathing,Fixed-Rate Breathing 
305.696,65.5022,M12_hrv,Metronomic Breathing,Fixed-Rate Breathing 
306.612,74.6269,M12_hrv,Metronomic Breathing,Fixed-Rate Breathing 
307.416,73.1707,M12_hrv,Metronomic Breathing,Fixed-Rate Breathing 
308.236,70.4225,M12_hrv,Metronomic Breathing,Fixed-Rate Breathing 
309.088,63.8298,M12_hrv,Metronomic Breathing,Fixed-Rate Breathing 
310.028,64.6552,M12_hrv,Metronomic Breathing,Fixed-Rate Breathing 
310.956,74.6269,M12_hrv,Metronomic Breathing,Fixed-Rate Breathing 
311.76,71.7703,M12_hrv,Metronomic Breathing,Fixed-Rate Breathing 
312.596,70.7547,M12_hrv,Metronomic Breathing,Fixed-Rate Breathing 
313.444,61.7284,M12_hrv,Metronomic Breathing,Fixed-Rate Breathing 
314.416,63.8298,M12_hrv,Metronomic Breathing,Fixed-Rate Breathing 
315.356,73.8916,M12_hrv,Metronomic Breathing,Fixed-Rate Breathing 
316.168,72.8155,M12_hrv,Metronomic Breathing,Fixed-Rate Breathing 
316.992,66.3717,M12_hrv,Metronomic Breathing,Fixed-Rate Breathing 
317.896,66.6667,M12_hrv,Metronomic Breathing,Fixed-Rate Breathing 
318.796,69.1244,M12_hrv,Metronomic Breathing,Fixed-Rate Breathing 
319.664,71.09,M12_hrv,Metronomic Breathing,Fixed-Rate Breathing 
320.508,67.5676,M12_hrv,Metronomic Breathing,Fixed-Rate Breathing 
321.396,64.3777,M12_hrv,Metronomic Breathing,Fixed-Rate Breathing 
322.328,65.5022,M12_hrv,Metronomic Breathing,Fixed-Rate Breathing 
323.244,73.5294,M12_hrv,Metronomic Breathing,Fixed-Rate Breathing 
324.06,72.1154,M12_hrv,Metronomic Breathing,Fixed-Rate Breathing 
324.892,67.8733,M12_hrv,Metronomic Breathing,Fixed-Rate Breathing 
325.776,66.6667,M12_hrv,Metronomic Breathing,Fixed-Rate Breathing 
326.676,64.9351,M12_hrv,Metronomic Breathing,Fixed-Rate Breathing 
327.6,72.4638,M12_hrv,Metronomic Breathing,Fixed-Rate Breathing 
328.428,73.5294,M12_hrv,Metronomic Breathing,Fixed-Rate Breathing 
329.244,66.9643,M12_hrv,Metronomic Breathing,Fixed-Rate Breathing 
330.14,66.9643,M12_hrv,Metronomic Breathing,Fixed-Rate Breathing 
331.036,69.7674,M12_hrv,Metronomic Breathing,Fixed-Rate Breathing 
331.896,76.9231,M12_hrv,Metronomic Breathing,Fixed-Rate Breathing 
332.676,78.9474,M12_hrv,Metronomic Breathing,Fixed-Rate Breathing 
333.436,76.5306,M12_hrv,Metronomic Breathing,Fixed-Rate Breathing 
334.22,71.09,M12_hrv,Metronomic Breathing,Fixed-Rate Breathing 
335.064,65.2174,M12_hrv,Metronomic Breathing,Fixed-Rate Breathing 
335.984,70.7547,M12_hrv,Metronomic Breathing,Fixed-Rate Breathing 
336.832,75.0,M12_hrv,Metronomic Breathing,Fixed-Rate Breathing 
337.632,71.09,M12_hrv,Metronomic Breathing,Fixed-Rate Breathing 
338.476,67.5676,M12_hrv,Metronomic Breathing,Fixed-Rate Breathing 
339.364,71.4286,M12_hrv,Metronomic Breathing,Fixed-Rate Breathing 
340.204,71.7703,M12_hrv,Metronomic Breathing,Fixed-Rate Breathing 
341.04,71.7703,M12_hrv,Metronomic Breathing,Fixed-Rate Breathing 
341.876,66.6667,M12_hrv,Metronomic Breathing,Fixed-Rate Breathing 
342.776,69.7674,M12_hrv,Metronomic Breathing,Fixed-Rate Breathing 
343.636,71.4286,M12_hrv,Metronomic Breathing,Fixed-Rate Breathing 
344.476,73.5294,M12_hrv,Metronomic Breathing,Fixed-Rate Breathing 
345.292,72.4638,M12_hrv,Metronomic Breathing,Fixed-Rate Breathing 
346.12,68.4931,M12_hrv,Metronomic Breathing,Fixed-Rate Breathing 
346.996,67.2646,M12_hrv,Metronomic Breathing,Fixed-Rate Breathing 
347.888,75.0,M12_hrv,Metronomic Breathing,Fixed-Rate Breathing 
348.688,75.3769,M12_hrv,Metronomic Breathing,Fixed-Rate Breathing 
349.484,70.4225,M12_hrv,Metronomic Breathing,Fixed-Rate Breathing 
350.336,70.0935,M12_hrv,Metronomic Breathing,Fixed-Rate Breathing 
351.192,73.5294,M12_hrv,Metronomic Breathing,Fixed-Rate Breathing 
352.008,78.534,M12_hrv,Metronomic Breathing,Fixed-Rate Breathing 
352.772,78.9474,M12_hrv,Metronomic Breathing,Fixed-Rate Breathing 
353.532,78.125,M12_hrv,Metronomic Breathing,Fixed-Rate Breathing 
354.3,71.4286,M12_hrv,Metronomic Breathing,Fixed-Rate Breathing 
355.14,71.4286,M12_hrv,Metronomic Breathing,Fixed-Rate Breathing 
355.98,73.8916,M12_hrv,Metronomic Breathing,Fixed-Rate Breathing 
356.792,76.9231,M12_hrv,Metronomic Breathing,Fixed-Rate Breathing 
357.572,73.1707,M12_hrv,Metronomic Breathing,Fixed-Rate Breathing 
358.392,70.4225,M12_hrv,Metronomic Breathing,Fixed-Rate Breathing 
359.244,69.1244,M12_hrv,Metronomic Breathing,Fixed-Rate Breathing 
360.112,72.8155,M12_hrv,Metronomic Breathing,Fixed-Rate Breathing 
360.936,76.5306,M12_hrv,Metronomic Breathing,Fixed-Rate Breathing 
361.72,74.2574,M12_hrv,Metronomic Breathing,Fixed-Rate Breathing 
362.528,72.4638,M12_hrv,Metronomic Breathing,Fixed-Rate Breathing 
363.356,73.5294,M12_hrv,Metronomic Breathing,Fixed-Rate Breathing 
364.172,74.6269,M12_hrv,Metronomic Breathing,Fixed-Rate Breathing 
364.976,77.7202,M12_hrv,Metronomic Breathing,Fixed-Rate Breathing 
365.748,75.0,M12_hrv,Metronomic Breathing,Fixed-Rate Breathing 
366.548,71.09,M12_hrv,Metronomic Breathing,Fixed-Rate Breathing 
367.392,71.09,M12_hrv,Metronomic Breathing,Fixed-Rate Breathing 
368.236,75.3769,M12_hrv,Metronomic Breathing,Fixed-Rate Breathing 
369.032,77.7202,M12_hrv,Metronomic Breathing,Fixed-Rate Breathing 
369.804,75.0,M12_hrv,Metronomic Breathing,Fixed-Rate Breathing 
370.604,71.09,M12_hrv,Metronomic Breathing,Fixed-Rate Breathing 
371.448,71.4286,M12_hrv,Metronomic Breathing,Fixed-Rate Breathing 
372.288,75.7576,M12_hrv,Metronomic Breathing,Fixed-Rate Breathing 
373.08,78.125,M12_hrv,Metronomic Breathing,Fixed-Rate Breathing 
373.848,75.7576,M12_hrv,Metronomic Breathing,Fixed-Rate Breathing 
374.64,72.1154,M12_hrv,Metronomic Breathing,Fixed-Rate Breathing 
375.472,70.7547,M12_hrv,Metronomic Breathing,Fixed-Rate Breathing 
376.32,73.5294,M12_hrv,Metronomic Breathing,Fixed-Rate Breathing 
377.136,75.3769,M12_hrv,Metronomic Breathing,Fixed-Rate Breathing 
377.932,71.09,M12_hrv,Metronomic Breathing,Fixed-Rate Breathing 
378.776,69.1244,M12_hrv,Metronomic Breathing,Fixed-Rate Breathing 
379.644,71.09,M12_hrv,Metronomic Breathing,Fixed-Rate Breathing 
380.488,76.5306,M12_hrv,Metronomic Breathing,Fixed-Rate Breathing 
381.272,76.9231,M12_hrv,Metronomic Breathing,Fixed-Rate Breathing 
382.052,73.5294,M12_hrv,Metronomic Breathing,Fixed-Rate Breathing 
382.868,69.4444,M12_hrv,Metronomic Breathing,Fixed-Rate Breathing 
383.732,72.1154,M12_hrv,Metronomic Breathing,Fixed-Rate Breathing 
384.564,77.7202,M12_hrv,Metronomic Breathing,Fixed-Rate Breathing 
385.336,76.5306,M12_hrv,Metronomic Breathing,Fixed-Rate Breathing 
386.12,71.09,M12_hrv,Metronomic Breathing,Fixed-Rate Breathing 
386.964,68.8073,M12_hrv,Metronomic Breathing,Fixed-Rate Breathing 
387.836,73.8916,M12_hrv,Metronomic Breathing,Fixed-Rate Breathing 
388.648,76.9231,M12_hrv,Metronomic Breathing,Fixed-Rate Breathing 
389.428,74.6269,M12_hrv,Metronomic Breathing,Fixed-Rate Breathing 
390.232,69.7674,M12_hrv,Metronomic Breathing,Fixed-Rate Breathing 
391.092,69.4444,M12_hrv,Metronomic Breathing,Fixed-Rate Breathing 
391.956,73.1707,M12_hrv,Metronomic Breathing,Fixed-Rate Breathing 
392.776,74.2574,M12_hrv,Metronomic Breathing,Fixed-Rate Breathing 
393.584,68.4931,M12_hrv,Metronomic Breathing,Fixed-Rate Breathing 
394.46,67.8733,M12_hrv,Metronomic Breathing,Fixed-Rate Breathing 
395.344,67.5676,M12_hrv,Metronomic Breathing,Fixed-Rate Breathing 
396.232,74.2574,M12_hrv,Metronomic Breathing,Fixed-Rate Breathing 
397.04,73.5294,M12_hrv,Metronomic Breathing,Fixed-Rate Breathing 
397.856,67.2646,M12_hrv,Metronomic Breathing,Fixed-Rate Breathing 
398.748,67.8733,M12_hrv,Metronomic Breathing,Fixed-Rate Breathing 
399.632,69.4444,M12_hrv,Metronomic Breathing,Fixed-Rate Breathing 
400.496,77.3196,M12_hrv,Metronomic Breathing,Fixed-Rate Breathing 
401.272,76.1421,M12_hrv,Metronomic Breathing,Fixed-Rate Breathing 
402.06,71.09,M12_hrv,Metronomic Breathing,Fixed-Rate Breathing 
402.904,71.4286,M12_hrv,Metronomic Breathing,Fixed-Rate Breathing 
403.744,69.7674,M12_hrv,Metronomic Breathing,Fixed-Rate Breathing 
404.604,73.1707,M12_hrv,Metronomic Breathing,Fixed-Rate Breathing 
405.424,74.6269,M12_hrv,Metronomic Breathing,Fixed-Rate Breathing 
406.228,72.1154,M12_hrv,Metronomic Breathing,Fixed-Rate Breathing 
407.06,68.4931,M12_hrv,Metronomic Breathing,Fixed-Rate Breathing 
407.936,69.7674,M12_hrv,Metronomic Breathing,Fixed-Rate Breathing 
408.796,76.5306,M12_hrv,Metronomic Breathing,Fixed-Rate Breathing 
409.58,70.0935,M12_hrv,Metronomic Breathing,Fixed-Rate Breathing 
410.436,71.4286,M12_hrv,Metronomic Breathing,Fixed-Rate Breathing 
411.276,67.5676,M12_hrv,Metronomic Breathing,Fixed-Rate Breathing 
412.164,70.4225,M12_hrv,Metronomic Breathing,Fixed-Rate Breathing 
413.016,75.7576,M12_hrv,Metronomic Breathing,Fixed-Rate Breathing 
413.808,70.7547,M12_hrv,Metronomic Breathing,Fixed-Rate Breathing 
414.656,68.8073,M12_hrv,Metronomic Breathing,Fixed-Rate Breathing 
415.528,66.3717,M12_hrv,Metronomic Breathing,Fixed-Rate Breathing 
416.432,69.4444,M12_hrv,Metronomic Breathing,Fixed-Rate Breathing 
417.296,73.8916,M12_hrv,Metronomic Breathing,Fixed-Rate Breathing 
418.108,67.2646,M12_hrv,Metronomic Breathing,Fixed-Rate Breathing 
419.0,65.5022,M12_hrv,Metronomic Breathing,Fixed-Rate Breathing 
419.916,66.9643,M12_hrv,Metronomic Breathing,Fixed-Rate Breathing 
420.812,74.2574,M12_hrv,Metronomic Breathing,Fixed-Rate Breathing 
421.62,70.4225,M12_hrv,Metronomic Breathing,Fixed-Rate Breathing 
422.472,69.7674,M12_hrv,Metronomic Breathing,Fixed-Rate Breathing 
423.332,67.5676,M12_hrv,Metronomic Breathing,Fixed-Rate Breathing 
424.22,66.6667,M12_hrv,Metronomic Breathing,Fixed-Rate Breathing 
425.12,71.09,M12_hrv,Metronomic Breathing,Fixed-Rate Breathing 
425.964,76.9231,M12_hrv,Metronomic Breathing,Fixed-Rate Breathing 
426.744,69.7674,M12_hrv,Metronomic Breathing,Fixed-Rate Breathing 
427.604,68.1818,M12_hrv,Metronomic Breathing,Fixed-Rate Breathing 
428.484,66.9643,M12_hrv,Metronomic Breathing,Fixed-Rate Breathing 
429.38,71.09,M12_hrv,Metronomic Breathing,Fixed-Rate Breathing 
430.224,73.1707,M12_hrv,Metronomic Breathing,Fixed-Rate Breathing 
431.044,75.3769,M12_hrv,Metronomic Breathing,Fixed-Rate Breathing 
431.84,70.4225,M12_hrv,Metronomic Breathing,Fixed-Rate Breathing 
432.692,64.3777,M12_hrv,Metronomic Breathing,Fixed-Rate Breathing 
433.624,70.4225,M12_hrv,Metronomic Breathing,Fixed-Rate Breathing 
434.476,76.1421,M12_hrv,Metronomic Breathing,Fixed-Rate Breathing 
435.264,69.1244,M12_hrv,Metronomic Breathing,Fixed-Rate Breathing 
436.132,67.2646,M12_hrv,Metronomic Breathing,Fixed-Rate Breathing 
437.024,68.8073,M12_hrv,Metronomic Breathing,Fixed-Rate Breathing 
437.896,72.1154,M12_hrv,Metronomic Breathing,Fixed-Rate Breathing 
438.728,73.5294,M12_hrv,Metronomic Breathing,Fixed-Rate Breathing 
439.544,71.4286,M12_hrv,Metronomic Breathing,Fixed-Rate Breathing 
440.384,68.8073,M12_hrv,Metronomic Breathing,Fixed-Rate Breathing 
441.256,72.4638,M12_hrv,Metronomic Breathing,Fixed-Rate Breathing 
442.084,71.09,M12_hrv,Metronomic Breathing,Fixed-Rate Breathing 
442.928,66.9643,M12_hrv,Metronomic Breathing,Fixed-Rate Breathing 
443.824,66.3717,M12_hrv,Metronomic Breathing,Fixed-Rate Breathing 
444.728,71.7703,M12_hrv,Metronomic Breathing,Fixed-Rate Breathing 
445.564,73.1707,M12_hrv,Metronomic Breathing,Fixed-Rate Breathing 
446.384,73.5294,M12_hrv,Metronomic Breathing,Fixed-Rate Breathing 
447.2,72.4638,M12_hrv,Metronomic Breathing,Fixed-Rate Breathing 
448.028,66.6667,M12_hrv,Metronomic Breathing,Fixed-Rate Breathing 
448.928,71.4286,M12_hrv,Metronomic Breathing,Fixed-Rate Breathing 
449.768,72.4638,M12_hrv,Metronomic Breathing,Fixed-Rate Breathing 
450.596,73.1707,M12_hrv,Metronomic Breathing,Fixed-Rate Breathing 
451.416,68.4931,M12_hrv,Metronomic Breathing,Fixed-Rate Breathing 
452.292,64.9351,M12_hrv,Metronomic Breathing,Fixed-Rate Breathing 
453.216,75.0,M12_hrv,Metronomic Breathing,Fixed-Rate Breathing 
454.016,72.4638,M12_hrv,Metronomic Breathing,Fixed-Rate Breathing 
454.844,67.8733,M12_hrv,Metronomic Breathing,Fixed-Rate Breathing 
455.728,68.1818,M12_hrv,Metronomic Breathing,Fixed-Rate Breathing 
456.608,67.5676,M12_hrv,Metronomic Breathing,Fixed-Rate Breathing 
457.496,74.2574,M12_hrv,Metronomic Breathing,Fixed-Rate Breathing 
458.304,73.5294,M12_hrv,Metronomic Breathing,Fixed-Rate Breathing 
459.12,72.1154,M12_hrv,Metronomic Breathing,Fixed-Rate Breathing 
459.952,66.3717,M12_hrv,Metronomic Breathing,Fixed-Rate Breathing 
460.856,70.4225,M12_hrv,Metronomic Breathing,Fixed-Rate Breathing 
461.708,76.5306,M12_hrv,Metronomic Breathing,Fixed-Rate Breathing 
462.492,69.7674,M12_hrv,Metronomic Breathing,Fixed-Rate Breathing 
463.352,71.4286,M12_hrv,Metronomic Breathing,Fixed-Rate Breathing 
464.192,70.0935,M12_hrv,Metronomic Breathing,Fixed-Rate Breathing 
465.048,69.1244,M12_hrv,Metronomic Breathing,Fixed-Rate Breathing 
465.916,71.7703,M12_hrv,Metronomic Breathing,Fixed-Rate Breathing 
466.752,70.7547,M12_hrv,Metronomic Breathing,Fixed-Rate Breathing 
467.6,67.2646,M12_hrv,Metronomic Breathing,Fixed-Rate Breathing 
468.492,66.3717,M12_hrv,Metronomic Breathing,Fixed-Rate Breathing 
469.396,73.8916,M12_hrv,Metronomic Breathing,Fixed-Rate Breathing 
470.208,69.7674,M12_hrv,Metronomic Breathing,Fixed-Rate Breathing 
471.068,68.4931,M12_hrv,Metronomic Breathing,Fixed-Rate Breathing 
471.944,66.0793,M12_hrv,Metronomic Breathing,Fixed-Rate Breathing 
472.852,66.3717,M12_hrv,Metronomic Breathing,Fixed-Rate Breathing 
473.756,69.4444,M12_hrv,Metronomic Breathing,Fixed-Rate Breathing 
474.62,71.09,M12_hrv,Metronomic Breathing,Fixed-Rate Breathing 
475.464,69.7674,M12_hrv,Metronomic Breathing,Fixed-Rate Breathing 
476.324,64.6552,M12_hrv,Metronomic Breathing,Fixed-Rate Breathing 
477.252,67.2646,M12_hrv,Metronomic Breathing,Fixed-Rate Breathing 
478.144,71.09,M12_hrv,Metronomic Breathing,Fixed-Rate Breathing 
478.988,77.3196,M12_hrv,Metronomic Breathing,Fixed-Rate Breathing 
479.764,75.0,M12_hrv,Metronomic Breathing,Fixed-Rate Breathing 
480.564,68.8073,M12_hrv,Metronomic Breathing,Fixed-Rate Breathing 
481.436,66.6667,M12_hrv,Metronomic Breathing,Fixed-Rate Breathing 
482.336,65.5022,M12_hrv,Metronomic Breathing,Fixed-Rate Breathing 
483.252,74.2574,M12_hrv,Metronomic Breathing,Fixed-Rate Breathing 
484.06,69.7674,M12_hrv,Metronomic Breathing,Fixed-Rate Breathing 
484.92,66.3717,M12_hrv,Metronomic Breathing,Fixed-Rate Breathing 
485.824,66.6667,M12_hrv,Metronomic Breathing,Fixed-Rate Breathing 
486.724,68.1818,M12_hrv,Metronomic Breathing,Fixed-Rate Breathing 
487.604,69.1244,M12_hrv,Metronomic Breathing,Fixed-Rate Breathing 
488.472,66.9643,M12_hrv,Metronomic Breathing,Fixed-Rate Breathing 
489.368,65.2174,M12_hrv,Metronomic Breathing,Fixed-Rate Breathing 
490.288,68.8073,M12_hrv,Metronomic Breathing,Fixed-Rate Breathing 
491.16,70.0935,M12_hrv,Metronomic Breathing,Fixed-Rate Breathing 
492.016,67.2646,M12_hrv,Metronomic Breathing,Fixed-Rate Breathing 
492.908,65.5022,M12_hrv,Metronomic Breathing,Fixed-Rate Breathing 
493.824,65.7895,M12_hrv,Metronomic Breathing,Fixed-Rate Breathing 
494.736,70.4225,M12_hrv,Metronomic Breathing,Fixed-Rate Breathing 
495.588,71.7703,M12_hrv,Metronomic Breathing,Fixed-Rate Breathing 
496.424,64.1026,M12_hrv,Metronomic Breathing,Fixed-Rate Breathing 
497.36,66.3717,M12_hrv,Metronomic Breathing,Fixed-Rate Breathing 
498.264,73.5294,M12_hrv,Metronomic Breathing,Fixed-Rate Breathing 
499.08,70.0935,M12_hrv,Metronomic Breathing,Fixed-Rate Breathing 
499.936,68.1818,M12_hrv,Metronomic Breathing,Fixed-Rate Breathing 
500.816,64.9351,M12_hrv,Metronomic Breathing,Fixed-Rate Breathing 
501.74,62.5,M12_hrv,Metronomic Breathing,Fixed-Rate Breathing 
502.7,69.1244,M12_hrv,Metronomic Breathing,Fixed-Rate Breathing 
503.568,71.09,M12_hrv,Metronomic Breathing,Fixed-Rate Breathing 
504.412,67.8733,M12_hrv,Metronomic Breathing,Fixed-Rate Breathing 
505.296,69.1244,M12_hrv,Metronomic Breathing,Fixed-Rate Breathing 
506.164,67.5676,M12_hrv,Metronomic Breathing,Fixed-Rate Breathing 
507.052,75.3769,M12_hrv,Metronomic Breathing,Fixed-Rate Breathing 
507.848,71.7703,M12_hrv,Metronomic Breathing,Fixed-Rate Breathing 
508.684,71.7703,M12_hrv,Metronomic Breathing,Fixed-Rate Breathing 
509.52,67.5676,M12_hrv,Metronomic Breathing,Fixed-Rate Breathing 
510.408,64.3777,M12_hrv,Metronomic Breathing,Fixed-Rate Breathing 
511.34,68.8073,M12_hrv,Metronomic Breathing,Fixed-Rate Breathing 
512.212,70.0935,M12_hrv,Metronomic Breathing,Fixed-Rate Breathing 
513.068,63.5593,M12_hrv,Metronomic Breathing,Fixed-Rate Breathing 
514.012,65.7895,M12_hrv,Metronomic Breathing,Fixed-Rate Breathing 
514.924,73.5294,M12_hrv,Metronomic Breathing,Fixed-Rate Breathing 
515.74,71.4286,M12_hrv,Metronomic Breathing,Fixed-Rate Breathing 
516.58,70.4225,M12_hrv,Metronomic Breathing,Fixed-Rate Breathing 
517.432,63.5593,M12_hrv,Metronomic Breathing,Fixed-Rate Breathing 
518.376,67.5676,M12_hrv,Metronomic Breathing,Fixed-Rate Breathing 
519.264,74.6269,M12_hrv,Metronomic Breathing,Fixed-Rate Breathing 
520.068,67.2646,M12_hrv,Metronomic Breathing,Fixed-Rate Breathing 
520.96,67.2646,M12_hrv,Metronomic Breathing,Fixed-Rate Breathing 
521.852,64.3777,M12_hrv,Metronomic Breathing,Fixed-Rate Breathing 
522.784,69.1244,M12_hrv,Metronomic Breathing,Fixed-Rate Breathing 
523.652,74.2574,M12_hrv,Metronomic Breathing,Fixed-Rate Breathing 
524.46,65.7895,M12_hrv,Metronomic Breathing,Fixed-Rate Breathing 
525.372,66.3717,M12_hrv,Metronomic Breathing,Fixed-Rate Breathing 
526.276,67.2646,M12_hrv,Metronomic Breathing,Fixed-Rate Breathing 
527.168,75.0,M12_hrv,Metronomic Breathing,Fixed-Rate Breathing 
527.968,66.6667,M12_hrv,Metronomic Breathing,Fixed-Rate Breathing 
528.868,65.7895,M12_hrv,Metronomic Breathing,Fixed-Rate Breathing 
529.78,64.1026,M12_hrv,Metronomic Breathing,Fixed-Rate Breathing 
530.716,73.8916,M12_hrv,Metronomic Breathing,Fixed-Rate Breathing 
531.528,71.09,M12_hrv,Metronomic Breathing,Fixed-Rate Breathing 
532.372,69.7674,M12_hrv,Metronomic Breathing,Fixed-Rate Breathing 
533.232,61.4754,M12_hrv,Metronomic Breathing,Fixed-Rate Breathing 
534.208,64.3777,M12_hrv,Metronomic Breathing,Fixed-Rate Breathing 
535.14,71.7703,M12_hrv,Metronomic Breathing,Fixed-Rate Breathing 
535.976,69.7674,M12_hrv,Metronomic Breathing,Fixed-Rate Breathing 
536.836,68.1818,M12_hrv,Metronomic Breathing,Fixed-Rate Breathing 
537.716,63.2911,M12_hrv,Metronomic Breathing,Fixed-Rate Breathing 
538.664,63.0252,M12_hrv,Metronomic Breathing,Fixed-Rate Breathing 
539.616,69.7674,M12_hrv,Metronomic Breathing,Fixed-Rate Breathing 
540.476,71.4286,M12_hrv,Metronomic Breathing,Fixed-Rate Breathing 
541.316,71.09,M12_hrv,Metronomic Breathing,Fixed-Rate Breathing 
542.16,66.0793,M12_hrv,Metronomic Breathing,Fixed-Rate Breathing 
543.068,66.9643,M12_hrv,Metronomic Breathing,Fixed-Rate Breathing 
543.964,74.6269,M12_hrv,Metronomic Breathing,Fixed-Rate Breathing 
544.768,71.09,M12_hrv,Metronomic Breathing,Fixed-Rate Breathing 
545.612,69.1244,M12_hrv,Metronomic Breathing,Fixed-Rate Breathing 
546.48,63.8298,M12_hrv,Metronomic Breathing,Fixed-Rate Breathing 
547.42,63.5593,M12_hrv,Metronomic Breathing,Fixed-Rate Breathing 
548.364,67.2646,M12_hrv,Metronomic Breathing,Fixed-Rate Breathing 
549.256,68.1818,M12_hrv,Metronomic Breathing,Fixed-Rate Breathing 
550.136,67.5676,M12_hrv,Metronomic Breathing,Fixed-Rate Breathing 
551.024,66.3717,M12_hrv,Metronomic Breathing,Fixed-Rate Breathing 
551.928,66.9643,M12_hrv,Metronomic Breathing,Fixed-Rate Breathing 
552.824,71.09,M12_hrv,Metronomic Breathing,Fixed-Rate Breathing 
553.668,72.1154,M12_hrv,Metronomic Breathing,Fixed-Rate Breathing 
554.5,64.6552,M12_hrv,Metronomic Breathing,Fixed-Rate Breathing 
555.428,66.0793,M12_hrv,Metronomic Breathing,Fixed-Rate Breathing 
556.336,70.4225,M12_hrv,Metronomic Breathing,Fixed-Rate Breathing 
557.188,76.1421,M12_hrv,Metronomic Breathing,Fixed-Rate Breathing 
557.976,66.9643,M12_hrv,Metronomic Breathing,Fixed-Rate Breathing 
558.872,65.5022,M12_hrv,Metronomic Breathing,Fixed-Rate Breathing 
559.788,65.7895,M12_hrv,Metronomic Breathing,Fixed-Rate Breathing 
560.7,73.8916,M12_hrv,Metronomic Breathing,Fixed-Rate Breathing 
561.512,70.0935,M12_hrv,Metronomic Breathing,Fixed-Rate Breathing 
562.368,64.9351,M12_hrv,Metronomic Breathing,Fixed-Rate Breathing 
563.292,64.1026,M12_hrv,Metronomic Breathing,Fixed-Rate Breathing 
564.228,69.4444,M12_hrv,Metronomic Breathing,Fixed-Rate Breathing 
565.092,72.4638,M12_hrv,Metronomic Breathing,Fixed-Rate Breathing 
565.92,75.0,M12_hrv,Metronomic Breathing,Fixed-Rate Breathing 
566.72,68.8073,M12_hrv,Metronomic Breathing,Fixed-Rate Breathing 
567.592,68.1818,M12_hrv,Metronomic Breathing,Fixed-Rate Breathing 
568.472,70.0935,M12_hrv,Metronomic Breathing,Fixed-Rate Breathing 
569.328,75.7576,M12_hrv,Metronomic Breathing,Fixed-Rate Breathing 
570.12,66.6667,M12_hrv,Metronomic Breathing,Fixed-Rate Breathing 
571.02,66.6667,M12_hrv,Metronomic Breathing,Fixed-Rate Breathing 
571.92,66.3717,M12_hrv,Metronomic Breathing,Fixed-Rate Breathing 
572.824,74.6269,M12_hrv,Metronomic Breathing,Fixed-Rate Breathing 
573.628,71.4286,M12_hrv,Metronomic Breathing,Fixed-Rate Breathing 
574.468,63.8298,M12_hrv,Metronomic Breathing,Fixed-Rate Breathing 
575.408,67.2646,M12_hrv,Metronomic Breathing,Fixed-Rate Breathing 
576.3,77.3196,M12_hrv,Metronomic Breathing,Fixed-Rate Breathing 
577.076,74.6269,M12_hrv,Metronomic Breathing,Fixed-Rate Breathing 
577.88,74.2574,M12_hrv,Metronomic Breathing,Fixed-Rate Breathing 
578.688,69.1244,M12_hrv,Metronomic Breathing,Fixed-Rate Breathing 
579.556,69.7674,M12_hrv,Metronomic Breathing,Fixed-Rate Breathing 
580.416,70.4225,M12_hrv,Metronomic Breathing,Fixed-Rate Breathing 
581.268,75.0,M12_hrv,Metronomic Breathing,Fixed-Rate Breathing 
582.068,74.2574,M12_hrv,Metronomic Breathing,Fixed-Rate Breathing 
582.876,72.1154,M12_hrv,Metronomic Breathing,Fixed-Rate Breathing 
583.708,69.7674,M12_hrv,Metronomic Breathing,Fixed-Rate Breathing 
584.568,69.7674,M12_hrv,Metronomic Breathing,Fixed-Rate Breathing 
585.428,73.5294,M12_hrv,Metronomic Breathing,Fixed-Rate Breathing 
586.244,74.6269,M12_hrv,Metronomic Breathing,Fixed-Rate Breathing 
587.048,72.1154,M12_hrv,Metronomic Breathing,Fixed-Rate Breathing 
587.88,66.9643,M12_hrv,Metronomic Breathing,Fixed-Rate Breathing 
588.776,72.8155,M12_hrv,Metronomic Breathing,Fixed-Rate Breathing 
589.6,78.125,M12_hrv,Metronomic Breathing,Fixed-Rate Breathing 
590.368,71.4286,M12_hrv,Metronomic Breathing,Fixed-Rate Breathing 
591.208,72.1154,M12_hrv,Metronomic Breathing,Fixed-Rate Breathing 
592.04,70.4225,M12_hrv,Metronomic Breathing,Fixed-Rate Breathing 
592.892,73.8916,M12_hrv,Metronomic Breathing,Fixed-Rate Breathing 
593.704,75.0,M12_hrv,Metronomic Breathing,Fixed-Rate Breathing 
594.504,71.4286,M12_hrv,Metronomic Breathing,Fixed-Rate Breathing 
595.344,69.1244,M12_hrv,Metronomic Breathing,Fixed-Rate Breathing 
596.212,68.4931,M12_hrv,Metronomic Breathing,Fixed-Rate Breathing 
597.088,75.3769,M12_hrv,Metronomic Breathing,Fixed-Rate Breathing 
597.884,69.4444,M12_hrv,Metronomic Breathing,Fixed-Rate Breathing 
598.748,70.4225,M12_hrv,Metronomic Breathing,Fixed-Rate Breathing 
