Time,HeartRate,Subject,Group,State
2.028,43.1035,M7_hrv,Metronomic Breathing,Fixed-Rate Breathing 
3.42,45.045,M7_hrv,Metronomic Breathing,Fixed-Rate Breathing 
4.752,44.2478,M7_hrv,Metronomic Breathing,Fixed-Rate Breathing 
6.108,57.9151,M7_hrv,Metronomic Breathing,Fixed-Rate Breathing 
7.144,48.8599,M7_hrv,Metronomic Breathing,Fixed-Rate Breathing 
8.372,43.3526,M7_hrv,Metronomic Breathing,Fixed-Rate Breathing 
9.756,44.7761,M7_hrv,Metronomic Breathing,Fixed-Rate Breathing 
11.096,44.7761,M7_hrv,Metronomic Breathing,Fixed-Rate Breathing 
12.436,42.6136,M7_hrv,Metronomic Breathing,Fixed-Rate Breathing 
13.844,44.5104,M7_hrv,Metronomic Breathing,Fixed-Rate Breathing 
15.192,43.1035,M7_hrv,Metronomic Breathing,Fixed-Rate Breathing 
16.584,49.6689,M7_hrv,Metronomic Breathing,Fixed-Rate Breathing 
17.792,45.5927,M7_hrv,Metronomic Breathing,Fixed-Rate Breathing 
19.108,47.3186,M7_hrv,Metronomic Breathing,Fixed-Rate Breathing 
20.376,48.0769,M7_hrv,Metronomic Breathing,Fixed-Rate Breathing 
21.624,43.7318,M7_hrv,Metronomic Breathing,Fixed-Rate Breathing 
22.996,50.0,M7_hrv,Metronomic Breathing,Fixed-Rate Breathing 
24.196,46.1538,M7_hrv,Metronomic Breathing,Fixed-Rate Breathing 
25.496,44.3787,M7_hrv,Metronomic Breathing,Fixed-Rate Breathing 
26.848,49.6689,M7_hrv,Metronomic Breathing,Fixed-Rate Breathing 
28.056,45.8716,M7_hrv,Metronomic Breathing,Fixed-Rate Breathing 
29.364,44.2478,M7_hrv,Metronomic Breathing,Fixed-Rate Breathing 
30.72,49.3421,M7_hrv,Metronomic Breathing,Fixed-Rate Breathing 
31.936,47.9233,M7_hrv,Metronomic Breathing,Fixed-Rate Breathing 
33.188,43.7318,M7_hrv,Metronomic Breathing,Fixed-Rate Breathing 
34.56,47.7707,M7_hrv,Metronomic Breathing,Fixed-Rate Breathing 
35.816,44.7761,M7_hrv,Metronomic Breathing,Fixed-Rate Breathing 
37.156,48.8599,M7_hrv,Metronomic Breathing,Fixed-Rate Breathing 
38.384,47.4684,M7_hrv,Metronomic Breathing,Fixed-Rate Breathing 
39.648,46.1538,M7_hrv,Metronomic Breathing,Fixed-Rate Breathing 
40.948,47.0219,M7_hrv,Metronomic Breathing,Fixed-Rate Breathing 
42.224,45.1807,M7_hrv,Metronomic Breathing,Fixed-Rate Breathing 
43.552,52.8169,M7_hrv,Metronomic Breathing,Fixed-Rate Breathing 
44.688,50.0,M7_hrv,Metronomic Breathing,Fixed-Rate Breathing 
45.888,45.4545,M7_hrv,Metronomic Breathing,Fixed-Rate Breathing 
47.208,50.0,M7_hrv,Metronomic Breathing,Fixed-Rate Breathing 
48.408,50.8475,M7_hrv,Metronomic Breathing,Fixed-Rate Breathing 
49.588,45.4545,M7_hrv,Metronomic Breathing,Fixed-Rate Breathing 
50.908,48.3871,M7_hrv,Metronomic Breathing,Fixed-Rate Breathing 
52.148,51.9031,M7_hrv,Metronomic Breathing,Fixed-Rate Breathing 
53.304,45.3172,M7_hrv,Metronomic Breathing,Fixed-Rate Breathing 
54.628,46.2963,M7_hrv,Metronomic Breathing,Fixed-Rate Breathing 
55.924,52.8169,M7_hrv,Metronomic Breathing,Fixed-Rate Breathing 
57.06,44.7761,M7_hrv,Metronomic Breathing,Fixed-Rate Breathing 
58.4,43.4783,M7_hrv,Metronomic Breathing,Fixed-Rate Breathing 
59.78,49.0196,M7_hrv,Metronomic Breathing,Fixed-Rate Breathing 
61.004,44.6429,M7_hrv,Metronomic Breathing,Fixed-Rate Breathing 
62.348,43.6046,M7_hrv,Metronomic Breathing,Fixed-Rate Breathing 
63.724,49.6689,M7_hrv,Metronomic Breathing,Fixed-Rate Breathing 
64.932,47.4684,M7_hrv,Metronomic Breathing,Fixed-Rate Breathing 
66.196,42.735,M7_hrv,Metronomic Breathing,Fixed-Rate Breathing 
67.6,47.7707,M7_hrv,Metronomic Breathing,Fixed-Rate Breathing 
68.856,47.4684,M7_hrv,Metronomic Breathing,Fixed-Rate Breathing 
70.12,43.9883,M7_hrv,Metronomic Breathing,Fixed-Rate Breathing 
71.484,45.5927,M7_hrv,Metronomic Breathing,Fixed-Rate Breathing 
72.8,46.1538,M7_hrv,Metronomic Breathing,Fixed-Rate Breathing 
74.1,43.3526,M7_hrv,Metronomic Breathing,Fixed-Rate Breathing 
75.484,43.2277,M7_hrv,Metronomic Breathing,Fixed-Rate Breathing 
76.872,49.6689,M7_hrv,Metronomic Breathing,Fixed-Rate Breathing 
78.08,44.2478,M7_hrv,Metronomic Breathing,Fixed-Rate Breathing 
79.436,43.9883,M7_hrv,Metronomic Breathing,Fixed-Rate Breathing 
80.8,49.505,M7_hrv,Metronomic Breathing,Fixed-Rate Breathing 
82.012,45.045,M7_hrv,Metronomic Breathing,Fixed-Rate Breathing 
83.344,42.8571,M7_hrv,Metronomic Breathing,Fixed-Rate Breathing 
84.744,49.3421,M7_hrv,Metronomic Breathing,Fixed-Rate Breathing 
85.96,44.1176,M7_hrv,Metronomic Breathing,Fixed-Rate Breathing 
87.32,42.735,M7_hrv,Metronomic Breathing,Fixed-Rate Breathing 
88.724,48.5437,M7_hrv,Metronomic Breathing,Fixed-Rate Breathing 
89.96,44.5104,M7_hrv,Metronomic Breathing,Fixed-Rate Breathing 
91.308,43.3526,M7_hrv,Metronomic Breathing,Fixed-Rate Breathing 
92.692,50.5051,M7_hrv,Metronomic Breathing,Fixed-Rate Breathing 
93.88,47.619,M7_hrv,Metronomic Breathing,Fixed-Rate Breathing 
95.14,42.735,M7_hrv,Metronomic Breathing,Fixed-Rate Breathing 
96.544,47.4684,M7_hrv,Metronomic Breathing,Fixed-Rate Breathing 
97.808,47.9233,M7_hrv,Metronomic Breathing,Fixed-Rate Breathing 
99.06,42.3729,M7_hrv,Metronomic Breathing,Fixed-Rate Breathing 
100.476,44.6429,M7_hrv,Metronomic Breathing,Fixed-Rate Breathing 
101.82,46.4396,M7_hrv,Metronomic Breathing,Fixed-Rate Breathing 
103.112,42.4929,M7_hrv,Metronomic Breathing,Fixed-Rate Breathing 
104.524,45.045,M7_hrv,Metronomic Breathing,Fixed-Rate Breathing 
105.856,48.5437,M7_hrv,Metronomic Breathing,Fixed-Rate Breathing 
107.092,43.3526,M7_hrv,Metronomic Breathing,Fixed-Rate Breathing 
108.476,44.5104,M7_hrv,Metronomic Breathing,Fixed-Rate Breathing 
109.824,49.3421,M7_hrv,Metronomic Breathing,Fixed-Rate Breathing 
111.04,42.9799,M7_hrv,Metronomic Breathing,Fixed-Rate Breathing 
112.436,43.9883,M7_hrv,Metronomic Breathing,Fixed-Rate Breathing 
113.8,48.8599,M7_hrv,Metronomic Breathing,Fixed-Rate Breathing 
115.028,44.2478,M7_hrv,Metronomic Breathing,Fixed-Rate Breathing 
116.384,42.8571,M7_hrv,Metronomic Breathing,Fixed-Rate Breathing 
117.784,47.7707,M7_hrv,Metronomic Breathing,Fixed-Rate Breathing 
119.04,44.7761,M7_hrv,Metronomic Breathing,Fixed-Rate Breathing 
120.38,42.3729,M7_hrv,Metronomic Breathing,Fixed-Rate Breathing 
121.796,49.0196,M7_hrv,Metronomic Breathing,Fixed-Rate Breathing 
123.02,45.8716,M7_hrv,Metronomic Breathing,Fixed-Rate Breathing 
124.328,43.2277,M7_hrv,Metronomic Breathing,Fixed-Rate Breathing 
125.716,48.3871,M7_hrv,Metronomic Breathing,Fixed-Rate Breathing 
126.956,46.875,M7_hrv,Metronomic Breathing,Fixed-Rate Breathing 
128.236,41.7827,M7_hrv,Metronomic Breathing,Fixed-Rate Breathing 
129.672,47.619,M7_hrv,Metronomic Breathing,Fixed-Rate Breathing 
130.932,46.2963,M7_hrv,Metronomic Breathing,Fixed-Rate Breathing 
132.228,42.6136,M7_hrv,Metronomic Breathing,Fixed-Rate Breathing 
133.636,47.9233,M7_hrv,Metronomic Breathing,Fixed-Rate Breathing 
134.888,47.4684,M7_hrv,Metronomic Breathing,Fixed-Rate Breathing 
136.152,42.3729,M7_hrv,Metronomic Breathing,Fixed-Rate Breathing 
137.568,47.619,M7_hrv,Metronomic Breathing,Fixed-Rate Breathing 
138.828,44.3787,M7_hrv,Metronomic Breathing,Fixed-Rate Breathing 
140.18,43.6046,M7_hrv,Metronomic Breathing,Fixed-Rate Breathing 
141.556,49.505,M7_hrv,Metronomic Breathing,Fixed-Rate Breathing 
142.768,45.4545,M7_hrv,Metronomic Breathing,Fixed-Rate Breathing 
144.088,42.8571,M7_hrv,Metronomic Breathing,Fixed-Rate Breathing 
145.488,48.2315,M7_hrv,Metronomic Breathing,Fixed-Rate Breathing 
146.732,46.5839,M7_hrv,Metronomic Breathing,Fixed-Rate Breathing 
148.02,43.6046,M7_hrv,Metronomic Breathing,Fixed-Rate Breathing 
149.396,44.2478,M7_hrv,Metronomic Breathing,Fixed-Rate Breathing 
150.752,50.8475,M7_hrv,Metronomic Breathing,Fixed-Rate Breathing 
151.932,45.7317,M7_hrv,Metronomic Breathing,Fixed-Rate Breathing 
153.244,43.2277,M7_hrv,Metronomic Breathing,Fixed-Rate Breathing 
154.632,49.0196,M7_hrv,Metronomic Breathing,Fixed-Rate Breathing 
155.856,47.9233,M7_hrv,Metronomic Breathing,Fixed-Rate Breathing 
157.108,43.4783,M7_hrv,Metronomic Breathing,Fixed-Rate Breathing 
158.488,48.0769,M7_hrv,Metronomic Breathing,Fixed-Rate Breathing 
159.736,49.6689,M7_hrv,Metronomic Breathing,Fixed-Rate Breathing 
160.944,44.3787,M7_hrv,Metronomic Breathing,Fixed-Rate Breathing 
162.296,47.4684,M7_hrv,Metronomic Breathing,Fixed-Rate Breathing 
163.56,53.3808,M7_hrv,Metronomic Breathing,Fixed-Rate Breathing 
164.684,45.7317,M7_hrv,Metronomic Breathing,Fixed-Rate Breathing 
165.996,43.4783,M7_hrv,Metronomic Breathing,Fixed-Rate Breathing 
167.376,48.7013,M7_hrv,Metronomic Breathing,Fixed-Rate Breathing 
168.608,44.5104,M7_hrv,Metronomic Breathing,Fixed-Rate Breathing 
169.956,45.8716,M7_hrv,Metronomic Breathing,Fixed-Rate Breathing 
171.264,49.3421,M7_hrv,Metronomic Breathing,Fixed-Rate Breathing 
172.48,44.2478,M7_hrv,Metronomic Breathing,Fixed-Rate Breathing 
173.836,42.2535,M7_hrv,Metronomic Breathing,Fixed-Rate Breathing 
175.256,48.5437,M7_hrv,Metronomic Breathing,Fixed-Rate Breathing 
176.492,52.2648,M7_hrv,Metronomic Breathing,Fixed-Rate Breathing 
177.64,45.7317,M7_hrv,Metronomic Breathing,Fixed-Rate Breathing 
178.952,46.0123,M7_hrv,Metronomic Breathing,Fixed-Rate Breathing 
180.256,51.1945,M7_hrv,Metronomic Breathing,Fixed-Rate Breathing 
181.428,47.0219,M7_hrv,Metronomic Breathing,Fixed-Rate Breathing 
182.704,44.1176,M7_hrv,Metronomic Breathing,Fixed-Rate Breathing 
184.064,51.0204,M7_hrv,Metronomic Breathing,Fixed-Rate Breathing 
185.24,47.9233,M7_hrv,Metronomic Breathing,Fixed-Rate Breathing 
186.492,43.9883,M7_hrv,Metronomic Breathing,Fixed-Rate Breathing 
187.856,49.505,M7_hrv,Metronomic Breathing,Fixed-Rate Breathing 
189.068,46.4396,M7_hrv,Metronomic Breathing,Fixed-Rate Breathing 
190.36,42.8571,M7_hrv,Metronomic Breathing,Fixed-Rate Breathing 
191.76,48.7013,M7_hrv,Metronomic Breathing,Fixed-Rate Breathing 
192.992,46.5839,M7_hrv,Metronomic Breathing,Fixed-Rate Breathing 
194.28,44.3787,M7_hrv,Metronomic Breathing,Fixed-Rate Breathing 
195.632,49.6689,M7_hrv,Metronomic Breathing,Fixed-Rate Breathing 
196.84,49.6689,M7_hrv,Metronomic Breathing,Fixed-Rate Breathing 
198.048,44.2478,M7_hrv,Metronomic Breathing,Fixed-Rate Breathing 
199.404,46.729,M7_hrv,Metronomic Breathing,Fixed-Rate Breathing 
200.688,50.0,M7_hrv,Metronomic Breathing,Fixed-Rate Breathing 
201.888,45.045,M7_hrv,Metronomic Breathing,Fixed-Rate Breathing 
203.22,47.0219,M7_hrv,Metronomic Breathing,Fixed-Rate Breathing 
204.496,50.5051,M7_hrv,Metronomic Breathing,Fixed-Rate Breathing 
205.684,45.5927,M7_hrv,Metronomic Breathing,Fixed-Rate Breathing 
207.0,44.7761,M7_hrv,Metronomic Breathing,Fixed-Rate Breathing 
208.34,49.1803,M7_hrv,Metronomic Breathing,Fixed-Rate Breathing 
209.56,53.3808,M7_hrv,Metronomic Breathing,Fixed-Rate Breathing 
210.684,45.045,M7_hrv,Metronomic Breathing,Fixed-Rate Breathing 
212.016,46.729,M7_hrv,Metronomic Breathing,Fixed-Rate Breathing 
213.3,48.7013,M7_hrv,Metronomic Breathing,Fixed-Rate Breathing 
214.532,44.2478,M7_hrv,Metronomic Breathing,Fixed-Rate Breathing 
215.888,46.4396,M7_hrv,Metronomic Breathing,Fixed-Rate Breathing 
217.18,48.3871,M7_hrv,Metronomic Breathing,Fixed-Rate Breathing 
218.42,45.045,M7_hrv,Metronomic Breathing,Fixed-Rate Breathing 
219.752,46.1538,M7_hrv,Metronomic Breathing,Fixed-Rate Breathing 
221.052,49.8339,M7_hrv,Metronomic Breathing,Fixed-Rate Breathing 
222.256,44.3787,M7_hrv,Metronomic Breathing,Fixed-Rate Breathing 
223.608,45.7317,M7_hrv,Metronomic Breathing,Fixed-Rate Breathing 
224.92,49.6689,M7_hrv,Metronomic Breathing,Fixed-Rate Breathing 
226.128,46.875,M7_hrv,Metronomic Breathing,Fixed-Rate Breathing 
227.408,43.7318,M7_hrv,Metronomic Breathing,Fixed-Rate Breathing 
228.78,50.1672,M7_hrv,Metronomic Breathing,Fixed-Rate Breathing 
229.976,47.619,M7_hrv,Metronomic Breathing,Fixed-Rate Breathing 
231.236,44.7761,M7_hrv,Metronomic Breathing,Fixed-Rate Breathing 
232.576,49.1803,M7_hrv,Metronomic Breathing,Fixed-Rate Breathing 
233.796,47.619,M7_hrv,Metronomic Breathing,Fixed-Rate Breathing 
235.056,45.1807,M7_hrv,Metronomic Breathing,Fixed-Rate Breathing 
236.384,50.5051,M7_hrv,Metronomic Breathing,Fixed-Rate Breathing 
237.572,50.5051,M7_hrv,Metronomic Breathing,Fixed-Rate Breathing 
238.76,44.6429,M7_hrv,Metronomic Breathing,Fixed-Rate Breathing 
240.104,47.4684,M7_hrv,Metronomic Breathing,Fixed-Rate Breathing 
241.368,45.7317,M7_hrv,Metronomic Breathing,Fixed-Rate Breathing 
242.68,50.5051,M7_hrv,Metronomic Breathing,Fixed-Rate Breathing 
243.868,46.875,M7_hrv,Metronomic Breathing,Fixed-Rate Breathing 
245.148,45.1807,M7_hrv,Metronomic Breathing,Fixed-Rate Breathing 
246.476,51.3699,M7_hrv,Metronomic Breathing,Fixed-Rate Breathing 
247.644,44.5104,M7_hrv,Metronomic Breathing,Fixed-Rate Breathing 
248.992,44.7761,M7_hrv,Metronomic Breathing,Fixed-Rate Breathing 
250.332,52.0833,M7_hrv,Metronomic Breathing,Fixed-Rate Breathing 
251.484,45.1807,M7_hrv,Metronomic Breathing,Fixed-Rate Breathing 
252.812,43.2277,M7_hrv,Metronomic Breathing,Fixed-Rate Breathing 
254.2,51.7241,M7_hrv,Metronomic Breathing,Fixed-Rate Breathing 
255.36,45.4545,M7_hrv,Metronomic Breathing,Fixed-Rate Breathing 
256.68,43.3526,M7_hrv,Metronomic Breathing,Fixed-Rate Breathing 
258.064,49.8339,M7_hrv,Metronomic Breathing,Fixed-Rate Breathing 
259.268,45.1807,M7_hrv,Metronomic Breathing,Fixed-Rate Breathing 
260.596,43.3526,M7_hrv,Metronomic Breathing,Fixed-Rate Breathing 
261.98,48.3871,M7_hrv,Metronomic Breathing,Fixed-Rate Breathing 
263.22,49.8339,M7_hrv,Metronomic Breathing,Fixed-Rate Breathing 
264.424,43.7318,M7_hrv,Metronomic Breathing,Fixed-Rate Breathing 
265.796,48.8599,M7_hrv,Metronomic Breathing,Fixed-Rate Breathing 
267.024,47.0219,M7_hrv,Metronomic Breathing,Fixed-Rate Breathing 
268.3,48.7013,M7_hrv,Metronomic Breathing,Fixed-Rate Breathing 
269.532,45.7317,M7_hrv,Metronomic Breathing,Fixed-Rate Breathing 
270.844,47.9233,M7_hrv,Metronomic Breathing,Fixed-Rate Breathing 
272.096,44.1176,M7_hrv,Metronomic Breathing,Fixed-Rate Breathing 
273.456,44.7761,M7_hrv,Metronomic Breathing,Fixed-Rate Breathing 
274.796,48.3871,M7_hrv,Metronomic Breathing,Fixed-Rate Breathing 
276.036,44.2478,M7_hrv,Metronomic Breathing,Fixed-Rate Breathing 
277.392,47.4684,M7_hrv,Metronomic Breathing,Fixed-Rate Breathing 
278.656,48.5437,M7_hrv,Metronomic Breathing,Fixed-Rate Breathing 
279.892,44.2478,M7_hrv,Metronomic Breathing,Fixed-Rate Breathing 
281.248,50.3356,M7_hrv,Metronomic Breathing,Fixed-Rate Breathing 
282.44,48.2315,M7_hrv,Metronomic Breathing,Fixed-Rate Breathing 
283.684,44.7761,M7_hrv,Metronomic Breathing,Fixed-Rate Breathing 
285.024,45.045,M7_hrv,Metronomic Breathing,Fixed-Rate Breathing 
286.356,51.3699,M7_hrv,Metronomic Breathing,Fixed-Rate Breathing 
287.524,47.3186,M7_hrv,Metronomic Breathing,Fixed-Rate Breathing 
288.792,44.1176,M7_hrv,Metronomic Breathing,Fixed-Rate Breathing 
290.152,48.0769,M7_hrv,Metronomic Breathing,Fixed-Rate Breathing 
291.4,51.1945,M7_hrv,Metronomic Breathing,Fixed-Rate Breathing 
292.572,45.4545,M7_hrv,Metronomic Breathing,Fixed-Rate Breathing 
293.892,47.619,M7_hrv,Metronomic Breathing,Fixed-Rate Breathing 
295.152,48.0769,M7_hrv,Metronomic Breathing,Fixed-Rate Breathing 
296.4,45.8716,M7_hrv,Metronomic Breathing,Fixed-Rate Breathing 
297.708,55.9701,M7_hrv,Metronomic Breathing,Fixed-Rate Breathing 
298.78,45.8716,M7_hrv,Metronomic Breathing,Fixed-Rate Breathing 
300.088,55.3506,M7_hrv,Metronomic Breathing,Fixed-Rate Breathing 
301.172,47.0219,M7_hrv,Metronomic Breathing,Fixed-Rate Breathing 
302.448,44.3787,M7_hrv,Metronomic Breathing,Fixed-Rate Breathing 
303.8,53.3808,M7_hrv,Metronomic Breathing,Fixed-Rate Breathing 
304.924,47.4684,M7_hrv,Metronomic Breathing,Fixed-Rate Breathing 
306.188,44.2478,M7_hrv,Metronomic Breathing,Fixed-Rate Breathing 
307.544,53.7634,M7_hrv,Metronomic Breathing,Fixed-Rate Breathing 
308.66,49.3421,M7_hrv,Metronomic Breathing,Fixed-Rate Breathing 
309.876,42.9799,M7_hrv,Metronomic Breathing,Fixed-Rate Breathing 
311.272,50.0,M7_hrv,Metronomic Breathing,Fixed-Rate Breathing 
312.472,51.3699,M7_hrv,Metronomic Breathing,Fixed-Rate Breathing 
313.64,44.9102,M7_hrv,Metronomic Breathing,Fixed-Rate Breathing 
314.976,48.5437,M7_hrv,Metronomic Breathing,Fixed-Rate Breathing 
316.212,51.1945,M7_hrv,Metronomic Breathing,Fixed-Rate Breathing 
317.384,43.7318,M7_hrv,Metronomic Breathing,Fixed-Rate Breathing 
318.756,48.2315,M7_hrv,Metronomic Breathing,Fixed-Rate Breathing 
320.0,52.0833,M7_hrv,Metronomic Breathing,Fixed-Rate Breathing 
321.152,44.3787,M7_hrv,Metronomic Breathing,Fixed-Rate Breathing 
322.504,46.4396,M7_hrv,Metronomic Breathing,Fixed-Rate Breathing 
323.796,53.5714,M7_hrv,Metronomic Breathing,Fixed-Rate Breathing 
324.916,44.7761,M7_hrv,Metronomic Breathing,Fixed-Rate Breathing 
326.256,43.2277,M7_hrv,Metronomic Breathing,Fixed-Rate Breathing 
327.644,50.6757,M7_hrv,Metronomic Breathing,Fixed-Rate Breathing 
328.828,47.1698,M7_hrv,Metronomic Breathing,Fixed-Rate Breathing 
330.1,43.3526,M7_hrv,Metronomic Breathing,Fixed-Rate Breathing 
331.484,48.7013,M7_hrv,Metronomic Breathing,Fixed-Rate Breathing 
332.716,52.2648,M7_hrv,Metronomic Breathing,Fixed-Rate Breathing 
333.864,44.9102,M7_hrv,Metronomic Breathing,Fixed-Rate Breathing 
335.2,52.6316,M7_hrv,Metronomic Breathing,Fixed-Rate Breathing 
336.34,48.5437,M7_hrv,Metronomic Breathing,Fixed-Rate Breathing 
337.576,45.4545,M7_hrv,Metronomic Breathing,Fixed-Rate Breathing 
338.896,49.3421,M7_hrv,Metronomic Breathing,Fixed-Rate Breathing 
340.112,49.505,M7_hrv,Metronomic Breathing,Fixed-Rate Breathing 
341.324,51.1945,M7_hrv,Metronomic Breathing,Fixed-Rate Breathing 
342.496,44.5104,M7_hrv,Metronomic Breathing,Fixed-Rate Breathing 
343.844,45.7317,M7_hrv,Metronomic Breathing,Fixed-Rate Breathing 
345.156,49.8339,M7_hrv,Metronomic Breathing,Fixed-Rate Breathing 
346.36,46.4396,M7_hrv,Metronomic Breathing,Fixed-Rate Breathing 
347.652,45.045,M7_hrv,Metronomic Breathing,Fixed-Rate Breathing 
348.984,52.8169,M7_hrv,Metronomic Breathing,Fixed-Rate Breathing 
350.12,49.6689,M7_hrv,Metronomic Breathing,Fixed-Rate Breathing 
351.328,47.9233,M7_hrv,Metronomic Breathing,Fixed-Rate Breathing 
352.58,50.5051,M7_hrv,Metronomic Breathing,Fixed-Rate Breathing 
353.768,48.8599,M7_hrv,Metronomic Breathing,Fixed-Rate Breathing 
354.996,45.7317,M7_hrv,Metronomic Breathing,Fixed-Rate Breathing 
356.308,48.0769,M7_hrv,Metronomic Breathing,Fixed-Rate Breathing 
357.556,47.1698,M7_hrv,Metronomic Breathing,Fixed-Rate Breathing 
358.828,45.8716,M7_hrv,Metronomic Breathing,Fixed-Rate Breathing 
360.136,47.619,M7_hrv,Metronomic Breathing,Fixed-Rate Breathing 
361.396,48.0769,M7_hrv,Metronomic Breathing,Fixed-Rate Breathing 
362.644,46.2963,M7_hrv,Metronomic Breathing,Fixed-Rate Breathing 
363.94,47.0219,M7_hrv,Metronomic Breathing,Fixed-Rate Breathing 
365.216,48.8599,M7_hrv,Metronomic Breathing,Fixed-Rate Breathing 
366.444,46.5839,M7_hrv,Metronomic Breathing,Fixed-Rate Breathing 
367.732,48.2315,M7_hrv,Metronomic Breathing,Fixed-Rate Breathing 
368.976,50.8475,M7_hrv,Metronomic Breathing,Fixed-Rate Breathing 
370.156,48.3871,M7_hrv,Metronomic Breathing,Fixed-Rate Breathing 
371.396,44.7761,M7_hrv,Metronomic Breathing,Fixed-Rate Breathing 
372.736,50.6757,M7_hrv,Metronomic Breathing,Fixed-Rate Breathing 
373.92,50.0,M7_hrv,Metronomic Breathing,Fixed-Rate Breathing 
375.12,46.0123,M7_hrv,Metronomic Breathing,Fixed-Rate Breathing 
376.424,51.9031,M7_hrv,Metronomic Breathing,Fixed-Rate Breathing 
377.58,52.8169,M7_hrv,Metronomic Breathing,Fixed-Rate Breathing 
378.716,46.4396,M7_hrv,Metronomic Breathing,Fixed-Rate Breathing 
380.008,47.0219,M7_hrv,Metronomic Breathing,Fixed-Rate Breathing 
381.284,52.4476,M7_hrv,Metronomic Breathing,Fixed-Rate Breathing 
382.428,53.7634,M7_hrv,Metronomic Breathing,Fixed-Rate Breathing 
383.544,46.4396,M7_hrv,Metronomic Breathing,Fixed-Rate Breathing 
384.836,45.5927,M7_hrv,Metronomic Breathing,Fixed-Rate Breathing 
386.152,51.3699,M7_hrv,Metronomic Breathing,Fixed-Rate Breathing 
387.32,47.1698,M7_hrv,Metronomic Breathing,Fixed-Rate Breathing 
388.592,45.045,M7_hrv,Metronomic Breathing,Fixed-Rate Breathing 
389.924,50.1672,M7_hrv,Metronomic Breathing,Fixed-Rate Breathing 
391.12,48.8599,M7_hrv,Metronomic Breathing,Fixed-Rate Breathing 
392.348,45.3172,M7_hrv,Metronomic Breathing,Fixed-Rate Breathing 
393.672,52.8169,M7_hrv,Metronomic Breathing,Fixed-Rate Breathing 
394.808,46.5839,M7_hrv,Metronomic Breathing,Fixed-Rate Breathing 
396.096,45.8716,M7_hrv,Metronomic Breathing,Fixed-Rate Breathing 
397.404,47.619,M7_hrv,Metronomic Breathing,Fixed-Rate Breathing 
398.664,45.8716,M7_hrv,Metronomic Breathing,Fixed-Rate Breathing 
399.972,52.0833,M7_hrv,Metronomic Breathing,Fixed-Rate Breathing 
401.124,45.7317,M7_hrv,Metronomic Breathing,Fixed-Rate Breathing 
402.436,49.3421,M7_hrv,Metronomic Breathing,Fixed-Rate Breathing 
403.652,45.5927,M7_hrv,Metronomic Breathing,Fixed-Rate Breathing 
404.968,44.7761,M7_hrv,Metronomic Breathing,Fixed-Rate Breathing 
406.308,49.8339,M7_hrv,Metronomic Breathing,Fixed-Rate Breathing 
407.512,45.8716,M7_hrv,Metronomic Breathing,Fixed-Rate Breathing 
408.82,44.1176,M7_hrv,Metronomic Breathing,Fixed-Rate Breathing 
410.18,48.2315,M7_hrv,Metronomic Breathing,Fixed-Rate Breathing 
411.424,47.0219,M7_hrv,Metronomic Breathing,Fixed-Rate Breathing 
412.7,43.2277,M7_hrv,Metronomic Breathing,Fixed-Rate Breathing 
414.088,47.619,M7_hrv,Metronomic Breathing,Fixed-Rate Breathing 
415.348,46.729,M7_hrv,Metronomic Breathing,Fixed-Rate Breathing 
416.632,43.6046,M7_hrv,Metronomic Breathing,Fixed-Rate Breathing 
418.008,47.1698,M7_hrv,Metronomic Breathing,Fixed-Rate Breathing 
419.28,45.4545,M7_hrv,Metronomic Breathing,Fixed-Rate Breathing 
420.6,44.5104,M7_hrv,Metronomic Breathing,Fixed-Rate Breathing 
421.948,49.3421,M7_hrv,Metronomic Breathing,Fixed-Rate Breathing 
423.164,47.0219,M7_hrv,Metronomic Breathing,Fixed-Rate Breathing 
424.44,45.4545,M7_hrv,Metronomic Breathing,Fixed-Rate Breathing 
425.76,50.3356,M7_hrv,Metronomic Breathing,Fixed-Rate Breathing 
426.952,53.3808,M7_hrv,Metronomic Breathing,Fixed-Rate Breathing 
428.076,45.4545,M7_hrv,Metronomic Breathing,Fixed-Rate Breathing 
429.396,44.2478,M7_hrv,Metronomic Breathing,Fixed-Rate Breathing 
430.752,52.2648,M7_hrv,Metronomic Breathing,Fixed-Rate Breathing 
431.9,47.7707,M7_hrv,Metronomic Breathing,Fixed-Rate Breathing 
433.156,44.7761,M7_hrv,Metronomic Breathing,Fixed-Rate Breathing 
434.496,52.2648,M7_hrv,Metronomic Breathing,Fixed-Rate Breathing 
435.644,46.729,M7_hrv,Metronomic Breathing,Fixed-Rate Breathing 
436.928,44.5104,M7_hrv,Metronomic Breathing,Fixed-Rate Breathing 
438.276,54.9451,M7_hrv,Metronomic Breathing,Fixed-Rate Breathing 
439.368,50.0,M7_hrv,Metronomic Breathing,Fixed-Rate Breathing 
440.568,43.4783,M7_hrv,Metronomic Breathing,Fixed-Rate Breathing 
441.948,47.1698,M7_hrv,Metronomic Breathing,Fixed-Rate Breathing 
443.22,52.6316,M7_hrv,Metronomic Breathing,Fixed-Rate Breathing 
444.36,46.2963,M7_hrv,Metronomic Breathing,Fixed-Rate Breathing 
445.656,45.7317,M7_hrv,Metronomic Breathing,Fixed-Rate Breathing 
446.968,51.3699,M7_hrv,Metronomic Breathing,Fixed-Rate Breathing 
448.136,46.2963,M7_hrv,Metronomic Breathing,Fixed-Rate Breathing 
449.432,44.5104,M7_hrv,Metronomic Breathing,Fixed-Rate Breathing 
450.78,49.505,M7_hrv,Metronomic Breathing,Fixed-Rate Breathing 
451.992,46.729,M7_hrv,Metronomic Breathing,Fixed-Rate Breathing 
453.276,44.9102,M7_hrv,Metronomic Breathing,Fixed-Rate Breathing 
454.612,52.4476,M7_hrv,Metronomic Breathing,Fixed-Rate Breathing 
455.756,49.8339,M7_hrv,Metronomic Breathing,Fixed-Rate Breathing 
456.96,44.3787,M7_hrv,Metronomic Breathing,Fixed-Rate Breathing 
458.312,44.7761,M7_hrv,Metronomic Breathing,Fixed-Rate Breathing 
459.652,51.5464,M7_hrv,Metronomic Breathing,Fixed-Rate Breathing 
460.816,46.2963,M7_hrv,Metronomic Breathing,Fixed-Rate Breathing 
462.112,44.1176,M7_hrv,Metronomic Breathing,Fixed-Rate Breathing 
463.472,48.5437,M7_hrv,Metronomic Breathing,Fixed-Rate Breathing 
464.708,48.0769,M7_hrv,Metronomic Breathing,Fixed-Rate Breathing 
465.956,44.6429,M7_hrv,Metronomic Breathing,Fixed-Rate Breathing 
467.3,47.1698,M7_hrv,Metronomic Breathing,Fixed-Rate Breathing 
468.572,46.4396,M7_hrv,Metronomic Breathing,Fixed-Rate Breathing 
469.864,44.9102,M7_hrv,Metronomic Breathing,Fixed-Rate Breathing 
471.2,51.0204,M7_hrv,Metronomic Breathing,Fixed-Rate Breathing 
472.376,47.0219,M7_hrv,Metronomic Breathing,Fixed-Rate Breathing 
473.652,45.1807,M7_hrv,Metronomic Breathing,Fixed-Rate Breathing 
474.98,48.2315,M7_hrv,Metronomic Breathing,Fixed-Rate Breathing 
476.224,46.1538,M7_hrv,Metronomic Breathing,Fixed-Rate Breathing 
477.524,45.8716,M7_hrv,Metronomic Breathing,Fixed-Rate Breathing 
478.832,53.1915,M7_hrv,Metronomic Breathing,Fixed-Rate Breathing 
479.96,53.5714,M7_hrv,Metronomic Breathing,Fixed-Rate Breathing 
481.08,44.7761,M7_hrv,Metronomic Breathing,Fixed-Rate Breathing 
482.42,46.729,M7_hrv,Metronomic Breathing,Fixed-Rate Breathing 
483.704,48.3871,M7_hrv,Metronomic Breathing,Fixed-Rate Breathing 
484.944,44.9102,M7_hrv,Metronomic Breathing,Fixed-Rate Breathing 
486.28,50.3356,M7_hrv,Metronomic Breathing,Fixed-Rate Breathing 
487.472,55.3506,M7_hrv,Metronomic Breathing,Fixed-Rate Breathing 
488.556,61.2245,M7_hrv,Metronomic Breathing,Fixed-Rate Breathing 
489.536,61.9835,M7_hrv,Metronomic Breathing,Fixed-Rate Breathing 
490.504,61.2245,M7_hrv,Metronomic Breathing,Fixed-Rate Breathing 
491.484,44.7761,M7_hrv,Metronomic Breathing,Fixed-Rate Breathing 
492.824,52.8169,M7_hrv,Metronomic Breathing,Fixed-Rate Breathing 
493.96,50.3356,M7_hrv,Metronomic Breathing,Fixed-Rate Breathing 
495.152,46.4396,M7_hrv,Metronomic Breathing,Fixed-Rate Breathing 
496.444,49.3421,M7_hrv,Metronomic Breathing,Fixed-Rate Breathing 
497.66,48.0769,M7_hrv,Metronomic Breathing,Fixed-Rate Breathing 
498.908,46.0123,M7_hrv,Metronomic Breathing,Fixed-Rate Breathing 
500.212,48.0769,M7_hrv,Metronomic Breathing,Fixed-Rate Breathing 
501.46,45.7317,M7_hrv,Metronomic Breathing,Fixed-Rate Breathing 
502.772,45.1807,M7_hrv,Metronomic Breathing,Fixed-Rate Breathing 
504.1,48.2315,M7_hrv,Metronomic Breathing,Fixed-Rate Breathing 
505.344,47.0219,M7_hrv,Metronomic Breathing,Fixed-Rate Breathing 
506.62,45.5927,M7_hrv,Metronomic Breathing,Fixed-Rate Breathing 
507.936,47.1698,M7_hrv,Metronomic Breathing,Fixed-Rate Breathing 
509.208,48.3871,M7_hrv,Metronomic Breathing,Fixed-Rate Breathing 
510.448,46.1538,M7_hrv,Metronomic Breathing,Fixed-Rate Breathing 
511.748,44.9102,M7_hrv,Metronomic Breathing,Fixed-Rate Breathing 
513.084,47.7707,M7_hrv,Metronomic Breathing,Fixed-Rate Breathing 
514.34,48.8599,M7_hrv,Metronomic Breathing,Fixed-Rate Breathing 
515.568,47.619,M7_hrv,Metronomic Breathing,Fixed-Rate Breathing 
516.828,47.3186,M7_hrv,Metronomic Breathing,Fixed-Rate Breathing 
518.096,50.5051,M7_hrv,Metronomic Breathing,Fixed-Rate Breathing 
519.284,46.729,M7_hrv,Metronomic Breathing,Fixed-Rate Breathing 
520.568,44.6429,M7_hrv,Metronomic Breathing,Fixed-Rate Breathing 
521.912,49.3421,M7_hrv,Metronomic Breathing,Fixed-Rate Breathing 
523.128,46.5839,M7_hrv,Metronomic Breathing,Fixed-Rate Breathing 
524.416,45.5927,M7_hrv,Metronomic Breathing,Fixed-Rate Breathing 
525.732,46.4396,M7_hrv,Metronomic Breathing,Fixed-Rate Breathing 
527.024,46.0123,M7_hrv,Metronomic Breathing,Fixed-Rate Breathing 
528.328,46.1538,M7_hrv,Metronomic Breathing,Fixed-Rate Breathing 
529.628,45.045,M7_hrv,Metronomic Breathing,Fixed-Rate Breathing 
530.96,45.1807,M7_hrv,Metronomic Breathing,Fixed-Rate Breathing 
532.288,45.4545,M7_hrv,Metronomic Breathing,Fixed-Rate Breathing 
533.608,50.3356,M7_hrv,Metronomic Breathing,Fixed-Rate Breathing 
534.8,46.1538,M7_hrv,Metronomic Breathing,Fixed-Rate Breathing 
536.1,44.5104,M7_hrv,Metronomic Breathing,Fixed-Rate Breathing 
537.448,47.7707,M7_hrv,Metronomic Breathing,Fixed-Rate Breathing 
538.704,46.5839,M7_hrv,Metronomic Breathing,Fixed-Rate Breathing 
539.992,45.8716,M7_hrv,Metronomic Breathing,Fixed-Rate Breathing 
541.3,49.0196,M7_hrv,Metronomic Breathing,Fixed-Rate Breathing 
542.524,46.2963,M7_hrv,Metronomic Breathing,Fixed-Rate Breathing 
543.82,44.5104,M7_hrv,Metronomic Breathing,Fixed-Rate Breathing 
545.168,45.5927,M7_hrv,Metronomic Breathing,Fixed-Rate Breathing 
546.484,47.9233,M7_hrv,Metronomic Breathing,Fixed-Rate Breathing 
547.736,43.9883,M7_hrv,Metronomic Breathing,Fixed-Rate Breathing 
549.1,47.619,M7_hrv,Metronomic Breathing,Fixed-Rate Breathing 
550.36,47.7707,M7_hrv,Metronomic Breathing,Fixed-Rate Breathing 
551.616,46.4396,M7_hrv,Metronomic Breathing,Fixed-Rate Breathing 
552.908,44.9102,M7_hrv,Metronomic Breathing,Fixed-Rate Breathing 
554.244,49.1803,M7_hrv,Metronomic Breathing,Fixed-Rate Breathing 
555.464,50.6757,M7_hrv,Metronomic Breathing,Fixed-Rate Breathing 
556.648,46.4396,M7_hrv,Metronomic Breathing,Fixed-Rate Breathing 
557.94,46.5839,M7_hrv,Metronomic Breathing,Fixed-Rate Breathing 
559.228,50.0,M7_hrv,Metronomic Breathing,Fixed-Rate Breathing 
560.428,46.0123,M7_hrv,Metronomic Breathing,Fixed-Rate Breathing 
561.732,48.0769,M7_hrv,Metronomic Breathing,Fixed-Rate Breathing 
562.98,50.5051,M7_hrv,Metronomic Breathing,Fixed-Rate Breathing 
564.168,45.8716,M7_hrv,Metronomic Breathing,Fixed-Rate Breathing 
565.476,44.3787,M7_hrv,Metronomic Breathing,Fixed-Rate Breathing 
566.828,48.7013,M7_hrv,Metronomic Breathing,Fixed-Rate Breathing 
568.06,46.1538,M7_hrv,Metronomic Breathing,Fixed-Rate Breathing 
569.36,45.4545,M7_hrv,Metronomic Breathing,Fixed-Rate Breathing 
570.68,46.4396,M7_hrv,Metronomic Breathing,Fixed-Rate Breathing 
571.972,45.3172,M7_hrv,Metronomic Breathing,Fixed-Rate Breathing 
573.296,46.5839,M7_hrv,Metronomic Breathing,Fixed-Rate Breathing 
574.584,48.0769,M7_hrv,Metronomic Breathing,Fixed-Rate Breathing 
575.832,45.7317,M7_hrv,Metronomic Breathing,Fixed-Rate Breathing 
577.144,45.8716,M7_hrv,Metronomic Breathing,Fixed-Rate Breathing 
578.452,47.1698,M7_hrv,Metronomic Breathing,Fixed-Rate Breathing 
579.724,45.5927,M7_hrv,Metronomic Breathing,Fixed-Rate Breathing 
581.04,46.4396,M7_hrv,Metronomic Breathing,Fixed-Rate Breathing 
582.332,51.9031,M7_hrv,Metronomic Breathing,Fixed-Rate Breathing 
583.488,54.7445,M7_hrv,Metronomic Breathing,Fixed-Rate Breathing 
584.584,53.7634,M7_hrv,Metronomic Breathing,Fixed-Rate Breathing 
585.7,45.8716,M7_hrv,Metronomic Breathing,Fixed-Rate Breathing 
587.008,48.7013,M7_hrv,Metronomic Breathing,Fixed-Rate Breathing 
588.24,49.3421,M7_hrv,Metronomic Breathing,Fixed-Rate Breathing 
589.456,47.3186,M7_hrv,Metronomic Breathing,Fixed-Rate Breathing 
590.724,48.0769,M7_hrv,Metronomic Breathing,Fixed-Rate Breathing 
591.972,51.9031,M7_hrv,Metronomic Breathing,Fixed-Rate Breathing 
593.128,49.6689,M7_hrv,Metronomic Breathing,Fixed-Rate Breathing 
594.336,49.1803,M7_hrv,Metronomic Breathing,Fixed-Rate Breathing 
595.556,51.5464,M7_hrv,Metronomic Breathing,Fixed-Rate Breathing 
596.72,46.5839,M7_hrv,Metronomic Breathing,Fixed-Rate Breathing 
598.008,45.8716,M7_hrv,Metronomic Breathing,Fixed-Rate Breathing 
