Time,HeartRate,Subject,Group,State
1.636,59.5238,M5_hrv,Metronomic Breathing,Fixed-Rate Breathing 
2.644,55.1471,M5_hrv,Metronomic Breathing,Fixed-Rate Breathing 
3.732,60.4839,M5_hrv,Metronomic Breathing,Fixed-Rate Breathing 
4.724,67.5676,M5_hrv,Metronomic Breathing,Fixed-Rate Breathing 
5.612,70.0935,M5_hrv,Metronomic Breathing,Fixed-Rate Breathing 
6.468,59.2885,M5_hrv,Metronomic Breathing,Fixed-Rate Breathing 
7.48,55.3506,M5_hrv,Metronomic Breathing,Fixed-Rate Breathing 
8.564,60.9756,M5_hrv,Metronomic Breathing,Fixed-Rate Breathing 
9.548,71.4286,M5_hrv,Metronomic Breathing,Fixed-Rate Breathing 
10.388,65.2174,M5_hrv,Metronomic Breathing,Fixed-Rate Breathing 
11.308,61.2245,M5_hrv,Metronomic Breathing,Fixed-Rate Breathing 
12.288,67.2646,M5_hrv,Metronomic Breathing,Fixed-Rate Breathing 
13.18,62.2407,M5_hrv,Metronomic Breathing,Fixed-Rate Breathing 
14.144,89.8204,M5_hrv,Metronomic Breathing,Fixed-Rate Breathing 
14.812,75.0,M5_hrv,Metronomic Breathing,Fixed-Rate Breathing 
15.612,72.4638,M5_hrv,Metronomic Breathing,Fixed-Rate Breathing 
16.44,68.1818,M5_hrv,Metronomic Breathing,Fixed-Rate Breathing 
17.32,73.8916,M5_hrv,Metronomic Breathing,Fixed-Rate Breathing 
18.132,72.4638,M5_hrv,Metronomic Breathing,Fixed-Rate Breathing 
18.96,68.1818,M5_hrv,Metronomic Breathing,Fixed-Rate Breathing 
19.84,67.8733,M5_hrv,Metronomic Breathing,Fixed-Rate Breathing 
20.724,68.1818,M5_hrv,Metronomic Breathing,Fixed-Rate Breathing 
21.604,62.5,M5_hrv,Metronomic Breathing,Fixed-Rate Breathing 
22.564,54.7445,M5_hrv,Metronomic Breathing,Fixed-Rate Breathing 
23.66,53.5714,M5_hrv,Metronomic Breathing,Fixed-Rate Breathing 
24.78,56.1798,M5_hrv,Metronomic Breathing,Fixed-Rate Breathing 
25.848,54.5455,M5_hrv,Metronomic Breathing,Fixed-Rate Breathing 
26.948,49.3421,M5_hrv,Metronomic Breathing,Fixed-Rate Breathing 
28.164,53.7634,M5_hrv,Metronomic Breathing,Fixed-Rate Breathing 
29.28,52.0833,M5_hrv,Metronomic Breathing,Fixed-Rate Breathing 
30.432,49.0196,M5_hrv,Metronomic Breathing,Fixed-Rate Breathing 
31.656,47.4684,M5_hrv,Metronomic Breathing,Fixed-Rate Breathing 
32.92,50.1672,M5_hrv,Metronomic Breathing,Fixed-Rate Breathing 
34.116,49.505,M5_hrv,Metronomic Breathing,Fixed-Rate Breathing 
35.328,48.7013,M5_hrv,Metronomic Breathing,Fixed-Rate Breathing 
36.56,51.7241,M5_hrv,Metronomic Breathing,Fixed-Rate Breathing 
37.72,53.0035,M5_hrv,Metronomic Breathing,Fixed-Rate Breathing 
38.852,46.4396,M5_hrv,Metronomic Breathing,Fixed-Rate Breathing 
40.144,47.1698,M5_hrv,Metronomic Breathing,Fixed-Rate Breathing 
41.416,52.0833,M5_hrv,Metronomic Breathing,Fixed-Rate Breathing 
42.568,49.1803,M5_hrv,Metronomic Breathing,Fixed-Rate Breathing 
43.788,49.3421,M5_hrv,Metronomic Breathing,Fixed-Rate Breathing 
45.004,52.0833,M5_hrv,Metronomic Breathing,Fixed-Rate Breathing 
46.156,52.8169,M5_hrv,Metronomic Breathing,Fixed-Rate Breathing 
47.292,48.0769,M5_hrv,Metronomic Breathing,Fixed-Rate Breathing 
48.54,50.8475,M5_hrv,Metronomic Breathing,Fixed-Rate Breathing 
49.72,55.1471,M5_hrv,Metronomic Breathing,Fixed-Rate Breathing 
50.808,49.6689,M5_hrv,Metronomic Breathing,Fixed-Rate Breathing 
52.016,50.0,M5_hrv,Metronomic Breathing,Fixed-Rate Breathing 
53.216,53.1915,M5_hrv,Metronomic Breathing,Fixed-Rate Breathing 
54.344,54.5455,M5_hrv,Metronomic Breathing,Fixed-Rate Breathing 
55.444,48.3871,M5_hrv,Metronomic Breathing,Fixed-Rate Breathing 
56.684,49.0196,M5_hrv,Metronomic Breathing,Fixed-Rate Breathing 
57.908,54.1516,M5_hrv,Metronomic Breathing,Fixed-Rate Breathing 
59.016,50.8475,M5_hrv,Metronomic Breathing,Fixed-Rate Breathing 
60.196,54.9451,M5_hrv,Metronomic Breathing,Fixed-Rate Breathing 
61.288,67.8733,M5_hrv,Metronomic Breathing,Fixed-Rate Breathing 
62.172,72.1154,M5_hrv,Metronomic Breathing,Fixed-Rate Breathing 
63.004,67.5676,M5_hrv,Metronomic Breathing,Fixed-Rate Breathing 
63.892,46.1538,M5_hrv,Metronomic Breathing,Fixed-Rate Breathing 
65.192,51.7241,M5_hrv,Metronomic Breathing,Fixed-Rate Breathing 
66.352,58.8235,M5_hrv,Metronomic Breathing,Fixed-Rate Breathing 
67.372,56.1798,M5_hrv,Metronomic Breathing,Fixed-Rate Breathing 
68.44,49.6689,M5_hrv,Metronomic Breathing,Fixed-Rate Breathing 
69.648,50.8475,M5_hrv,Metronomic Breathing,Fixed-Rate Breathing 
70.828,55.7621,M5_hrv,Metronomic Breathing,Fixed-Rate Breathing 
71.904,54.1516,M5_hrv,Metronomic Breathing,Fixed-Rate Breathing 
73.012,52.0833,M5_hrv,Metronomic Breathing,Fixed-Rate Breathing 
74.164,55.5556,M5_hrv,Metronomic Breathing,Fixed-Rate Breathing 
75.244,60.9756,M5_hrv,Metronomic Breathing,Fixed-Rate Breathing 
76.228,51.5464,M5_hrv,Metronomic Breathing,Fixed-Rate Breathing 
77.392,47.619,M5_hrv,Metronomic Breathing,Fixed-Rate Breathing 
78.652,53.7634,M5_hrv,Metronomic Breathing,Fixed-Rate Breathing 
79.768,53.7634,M5_hrv,Metronomic Breathing,Fixed-Rate Breathing 
80.884,49.505,M5_hrv,Metronomic Breathing,Fixed-Rate Breathing 
82.096,51.7241,M5_hrv,Metronomic Breathing,Fixed-Rate Breathing 
83.256,55.5556,M5_hrv,Metronomic Breathing,Fixed-Rate Breathing 
84.336,55.1471,M5_hrv,Metronomic Breathing,Fixed-Rate Breathing 
85.424,52.6316,M5_hrv,Metronomic Breathing,Fixed-Rate Breathing 
86.564,56.6038,M5_hrv,Metronomic Breathing,Fixed-Rate Breathing 
87.624,60.4839,M5_hrv,Metronomic Breathing,Fixed-Rate Breathing 
88.616,59.2885,M5_hrv,Metronomic Breathing,Fixed-Rate Breathing 
89.628,62.5,M5_hrv,Metronomic Breathing,Fixed-Rate Breathing 
90.588,70.0935,M5_hrv,Metronomic Breathing,Fixed-Rate Breathing 
91.444,60.4839,M5_hrv,Metronomic Breathing,Fixed-Rate Breathing 
92.436,50.1672,M5_hrv,Metronomic Breathing,Fixed-Rate Breathing 
93.632,50.6757,M5_hrv,Metronomic Breathing,Fixed-Rate Breathing 
94.816,55.5556,M5_hrv,Metronomic Breathing,Fixed-Rate Breathing 
95.896,60.4839,M5_hrv,Metronomic Breathing,Fixed-Rate Breathing 
96.888,55.5556,M5_hrv,Metronomic Breathing,Fixed-Rate Breathing 
97.968,54.5455,M5_hrv,Metronomic Breathing,Fixed-Rate Breathing 
99.068,56.1798,M5_hrv,Metronomic Breathing,Fixed-Rate Breathing 
100.136,59.2885,M5_hrv,Metronomic Breathing,Fixed-Rate Breathing 
101.148,55.3506,M5_hrv,Metronomic Breathing,Fixed-Rate Breathing 
102.232,53.9568,M5_hrv,Metronomic Breathing,Fixed-Rate Breathing 
103.344,57.2519,M5_hrv,Metronomic Breathing,Fixed-Rate Breathing 
104.392,61.4754,M5_hrv,Metronomic Breathing,Fixed-Rate Breathing 
105.368,53.5714,M5_hrv,Metronomic Breathing,Fixed-Rate Breathing 
106.488,48.8599,M5_hrv,Metronomic Breathing,Fixed-Rate Breathing 
107.716,53.9568,M5_hrv,Metronomic Breathing,Fixed-Rate Breathing 
108.828,56.1798,M5_hrv,Metronomic Breathing,Fixed-Rate Breathing 
109.896,50.6757,M5_hrv,Metronomic Breathing,Fixed-Rate Breathing 
111.08,51.7241,M5_hrv,Metronomic Breathing,Fixed-Rate Breathing 
112.24,55.9701,M5_hrv,Metronomic Breathing,Fixed-Rate Breathing 
113.312,54.1516,M5_hrv,Metronomic Breathing,Fixed-Rate Breathing 
114.42,50.6757,M5_hrv,Metronomic Breathing,Fixed-Rate Breathing 
115.604,53.1915,M5_hrv,Metronomic Breathing,Fixed-Rate Breathing 
116.732,55.5556,M5_hrv,Metronomic Breathing,Fixed-Rate Breathing 
117.812,51.3699,M5_hrv,Metronomic Breathing,Fixed-Rate Breathing 
118.98,50.1672,M5_hrv,Metronomic Breathing,Fixed-Rate Breathing 
120.176,52.2648,M5_hrv,Metronomic Breathing,Fixed-Rate Breathing 
121.324,50.8475,M5_hrv,Metronomic Breathing,Fixed-Rate Breathing 
122.504,50.1672,M5_hrv,Metronomic Breathing,Fixed-Rate Breathing 
123.7,56.6038,M5_hrv,Metronomic Breathing,Fixed-Rate Breathing 
124.76,58.8235,M5_hrv,Metronomic Breathing,Fixed-Rate Breathing 
125.78,47.7707,M5_hrv,Metronomic Breathing,Fixed-Rate Breathing 
127.036,47.619,M5_hrv,Metronomic Breathing,Fixed-Rate Breathing 
128.296,53.1915,M5_hrv,Metronomic Breathing,Fixed-Rate Breathing 
129.424,54.7445,M5_hrv,Metronomic Breathing,Fixed-Rate Breathing 
130.52,50.6757,M5_hrv,Metronomic Breathing,Fixed-Rate Breathing 
131.704,53.3808,M5_hrv,Metronomic Breathing,Fixed-Rate Breathing 
132.828,57.6923,M5_hrv,Metronomic Breathing,Fixed-Rate Breathing 
133.868,55.9701,M5_hrv,Metronomic Breathing,Fixed-Rate Breathing 
134.94,50.8475,M5_hrv,Metronomic Breathing,Fixed-Rate Breathing 
136.12,52.8169,M5_hrv,Metronomic Breathing,Fixed-Rate Breathing 
137.256,59.761,M5_hrv,Metronomic Breathing,Fixed-Rate Breathing 
138.26,62.2407,M5_hrv,Metronomic Breathing,Fixed-Rate Breathing 
139.224,49.8339,M5_hrv,Metronomic Breathing,Fixed-Rate Breathing 
140.428,52.4476,M5_hrv,Metronomic Breathing,Fixed-Rate Breathing 
141.572,58.3658,M5_hrv,Metronomic Breathing,Fixed-Rate Breathing 
142.6,58.1395,M5_hrv,Metronomic Breathing,Fixed-Rate Breathing 
143.632,55.7621,M5_hrv,Metronomic Breathing,Fixed-Rate Breathing 
144.708,66.6667,M5_hrv,Metronomic Breathing,Fixed-Rate Breathing 
145.608,63.8298,M5_hrv,Metronomic Breathing,Fixed-Rate Breathing 
146.548,51.7241,M5_hrv,Metronomic Breathing,Fixed-Rate Breathing 
147.708,48.3871,M5_hrv,Metronomic Breathing,Fixed-Rate Breathing 
148.948,50.8475,M5_hrv,Metronomic Breathing,Fixed-Rate Breathing 
150.128,56.6038,M5_hrv,Metronomic Breathing,Fixed-Rate Breathing 
151.188,51.9031,M5_hrv,Metronomic Breathing,Fixed-Rate Breathing 
152.344,51.1945,M5_hrv,Metronomic Breathing,Fixed-Rate Breathing 
153.516,54.1516,M5_hrv,Metronomic Breathing,Fixed-Rate Breathing 
154.624,58.8235,M5_hrv,Metronomic Breathing,Fixed-Rate Breathing 
155.644,52.8169,M5_hrv,Metronomic Breathing,Fixed-Rate Breathing 
156.78,52.0833,M5_hrv,Metronomic Breathing,Fixed-Rate Breathing 
157.932,55.7621,M5_hrv,Metronomic Breathing,Fixed-Rate Breathing 
159.008,56.8182,M5_hrv,Metronomic Breathing,Fixed-Rate Breathing 
160.064,47.0219,M5_hrv,Metronomic Breathing,Fixed-Rate Breathing 
161.34,47.7707,M5_hrv,Metronomic Breathing,Fixed-Rate Breathing 
162.596,52.4476,M5_hrv,Metronomic Breathing,Fixed-Rate Breathing 
163.74,53.3808,M5_hrv,Metronomic Breathing,Fixed-Rate Breathing 
164.864,49.0196,M5_hrv,Metronomic Breathing,Fixed-Rate Breathing 
166.088,52.0833,M5_hrv,Metronomic Breathing,Fixed-Rate Breathing 
167.24,57.4713,M5_hrv,Metronomic Breathing,Fixed-Rate Breathing 
168.284,49.0196,M5_hrv,Metronomic Breathing,Fixed-Rate Breathing 
169.508,48.8599,M5_hrv,Metronomic Breathing,Fixed-Rate Breathing 
170.736,52.8169,M5_hrv,Metronomic Breathing,Fixed-Rate Breathing 
171.872,54.7445,M5_hrv,Metronomic Breathing,Fixed-Rate Breathing 
172.968,48.2315,M5_hrv,Metronomic Breathing,Fixed-Rate Breathing 
174.212,49.6689,M5_hrv,Metronomic Breathing,Fixed-Rate Breathing 
175.42,55.3506,M5_hrv,Metronomic Breathing,Fixed-Rate Breathing 
176.504,49.505,M5_hrv,Metronomic Breathing,Fixed-Rate Breathing 
177.716,50.5051,M5_hrv,Metronomic Breathing,Fixed-Rate Breathing 
178.904,57.6923,M5_hrv,Metronomic Breathing,Fixed-Rate Breathing 
179.944,57.4713,M5_hrv,Metronomic Breathing,Fixed-Rate Breathing 
180.988,50.0,M5_hrv,Metronomic Breathing,Fixed-Rate Breathing 
182.188,52.0833,M5_hrv,Metronomic Breathing,Fixed-Rate Breathing 
183.34,59.2885,M5_hrv,Metronomic Breathing,Fixed-Rate Breathing 
184.352,51.5464,M5_hrv,Metronomic Breathing,Fixed-Rate Breathing 
185.516,50.8475,M5_hrv,Metronomic Breathing,Fixed-Rate Breathing 
186.696,54.9451,M5_hrv,Metronomic Breathing,Fixed-Rate Breathing 
187.788,55.3506,M5_hrv,Metronomic Breathing,Fixed-Rate Breathing 
188.872,49.8339,M5_hrv,Metronomic Breathing,Fixed-Rate Breathing 
190.076,52.8169,M5_hrv,Metronomic Breathing,Fixed-Rate Breathing 
191.212,60.0,M5_hrv,Metronomic Breathing,Fixed-Rate Breathing 
192.212,53.1915,M5_hrv,Metronomic Breathing,Fixed-Rate Breathing 
193.34,50.8475,M5_hrv,Metronomic Breathing,Fixed-Rate Breathing 
194.52,51.5464,M5_hrv,Metronomic Breathing,Fixed-Rate Breathing 
195.684,56.6038,M5_hrv,Metronomic Breathing,Fixed-Rate Breathing 
196.744,52.0833,M5_hrv,Metronomic Breathing,Fixed-Rate Breathing 
197.896,51.9031,M5_hrv,Metronomic Breathing,Fixed-Rate Breathing 
199.052,56.6038,M5_hrv,Metronomic Breathing,Fixed-Rate Breathing 
200.112,58.8235,M5_hrv,Metronomic Breathing,Fixed-Rate Breathing 
201.132,49.6689,M5_hrv,Metronomic Breathing,Fixed-Rate Breathing 
202.34,51.9031,M5_hrv,Metronomic Breathing,Fixed-Rate Breathing 
203.496,59.2885,M5_hrv,Metronomic Breathing,Fixed-Rate Breathing 
204.508,60.0,M5_hrv,Metronomic Breathing,Fixed-Rate Breathing 
205.508,52.8169,M5_hrv,Metronomic Breathing,Fixed-Rate Breathing 
206.644,51.5464,M5_hrv,Metronomic Breathing,Fixed-Rate Breathing 
207.808,56.391,M5_hrv,Metronomic Breathing,Fixed-Rate Breathing 
208.872,58.1395,M5_hrv,Metronomic Breathing,Fixed-Rate Breathing 
209.904,51.0204,M5_hrv,Metronomic Breathing,Fixed-Rate Breathing 
211.08,50.8475,M5_hrv,Metronomic Breathing,Fixed-Rate Breathing 
212.26,58.1395,M5_hrv,Metronomic Breathing,Fixed-Rate Breathing 
213.292,52.6316,M5_hrv,Metronomic Breathing,Fixed-Rate Breathing 
214.432,49.6689,M5_hrv,Metronomic Breathing,Fixed-Rate Breathing 
215.64,51.9031,M5_hrv,Metronomic Breathing,Fixed-Rate Breathing 
216.796,55.9701,M5_hrv,Metronomic Breathing,Fixed-Rate Breathing 
217.868,50.5051,M5_hrv,Metronomic Breathing,Fixed-Rate Breathing 
219.056,51.5464,M5_hrv,Metronomic Breathing,Fixed-Rate Breathing 
220.22,55.9701,M5_hrv,Metronomic Breathing,Fixed-Rate Breathing 
221.292,60.0,M5_hrv,Metronomic Breathing,Fixed-Rate Breathing 
222.292,51.1945,M5_hrv,Metronomic Breathing,Fixed-Rate Breathing 
223.464,50.1672,M5_hrv,Metronomic Breathing,Fixed-Rate Breathing 
224.66,56.391,M5_hrv,Metronomic Breathing,Fixed-Rate Breathing 
225.724,56.6038,M5_hrv,Metronomic Breathing,Fixed-Rate Breathing 
226.784,49.8339,M5_hrv,Metronomic Breathing,Fixed-Rate Breathing 
227.988,50.1672,M5_hrv,Metronomic Breathing,Fixed-Rate Breathing 
229.184,55.9701,M5_hrv,Metronomic Breathing,Fixed-Rate Breathing 
230.256,54.3478,M5_hrv,Metronomic Breathing,Fixed-Rate Breathing 
231.36,49.8339,M5_hrv,Metronomic Breathing,Fixed-Rate Breathing 
232.564,51.7241,M5_hrv,Metronomic Breathing,Fixed-Rate Breathing 
233.724,57.6923,M5_hrv,Metronomic Breathing,Fixed-Rate Breathing 
234.764,51.7241,M5_hrv,Metronomic Breathing,Fixed-Rate Breathing 
235.924,50.6757,M5_hrv,Metronomic Breathing,Fixed-Rate Breathing 
237.108,55.1471,M5_hrv,Metronomic Breathing,Fixed-Rate Breathing 
238.196,56.391,M5_hrv,Metronomic Breathing,Fixed-Rate Breathing 
239.26,50.1672,M5_hrv,Metronomic Breathing,Fixed-Rate Breathing 
240.456,51.3699,M5_hrv,Metronomic Breathing,Fixed-Rate Breathing 
241.624,57.2519,M5_hrv,Metronomic Breathing,Fixed-Rate Breathing 
242.672,53.5714,M5_hrv,Metronomic Breathing,Fixed-Rate Breathing 
243.792,48.2315,M5_hrv,Metronomic Breathing,Fixed-Rate Breathing 
245.036,49.1803,M5_hrv,Metronomic Breathing,Fixed-Rate Breathing 
246.256,55.9701,M5_hrv,Metronomic Breathing,Fixed-Rate Breathing 
247.328,52.2648,M5_hrv,Metronomic Breathing,Fixed-Rate Breathing 
248.476,48.8599,M5_hrv,Metronomic Breathing,Fixed-Rate Breathing 
249.704,47.9233,M5_hrv,Metronomic Breathing,Fixed-Rate Breathing 
250.956,49.6689,M5_hrv,Metronomic Breathing,Fixed-Rate Breathing 
252.164,47.9233,M5_hrv,Metronomic Breathing,Fixed-Rate Breathing 
253.416,53.0035,M5_hrv,Metronomic Breathing,Fixed-Rate Breathing 
254.548,50.3356,M5_hrv,Metronomic Breathing,Fixed-Rate Breathing 
255.74,49.505,M5_hrv,Metronomic Breathing,Fixed-Rate Breathing 
256.952,52.6316,M5_hrv,Metronomic Breathing,Fixed-Rate Breathing 
258.092,55.1471,M5_hrv,Metronomic Breathing,Fixed-Rate Breathing 
259.18,50.5051,M5_hrv,Metronomic Breathing,Fixed-Rate Breathing 
260.368,50.1672,M5_hrv,Metronomic Breathing,Fixed-Rate Breathing 
261.564,51.5464,M5_hrv,Metronomic Breathing,Fixed-Rate Breathing 
262.728,52.6316,M5_hrv,Metronomic Breathing,Fixed-Rate Breathing 
263.868,49.6689,M5_hrv,Metronomic Breathing,Fixed-Rate Breathing 
265.076,51.0204,M5_hrv,Metronomic Breathing,Fixed-Rate Breathing 
266.252,55.1471,M5_hrv,Metronomic Breathing,Fixed-Rate Breathing 
267.34,54.3478,M5_hrv,Metronomic Breathing,Fixed-Rate Breathing 
268.444,48.7013,M5_hrv,Metronomic Breathing,Fixed-Rate Breathing 
269.676,51.1945,M5_hrv,Metronomic Breathing,Fixed-Rate Breathing 
270.848,54.3478,M5_hrv,Metronomic Breathing,Fixed-Rate Breathing 
271.952,50.5051,M5_hrv,Metronomic Breathing,Fixed-Rate Breathing 
273.14,49.505,M5_hrv,Metronomic Breathing,Fixed-Rate Breathing 
274.352,54.5455,M5_hrv,Metronomic Breathing,Fixed-Rate Breathing 
275.452,54.1516,M5_hrv,Metronomic Breathing,Fixed-Rate Breathing 
276.56,48.0769,M5_hrv,Metronomic Breathing,Fixed-Rate Breathing 
277.808,50.1672,M5_hrv,Metronomic Breathing,Fixed-Rate Breathing 
279.004,55.3506,M5_hrv,Metronomic Breathing,Fixed-Rate Breathing 
280.088,53.7634,M5_hrv,Metronomic Breathing,Fixed-Rate Breathing 
281.204,47.619,M5_hrv,Metronomic Breathing,Fixed-Rate Breathing 
282.464,52.2648,M5_hrv,Metronomic Breathing,Fixed-Rate Breathing 
283.612,55.1471,M5_hrv,Metronomic Breathing,Fixed-Rate Breathing 
284.7,50.3356,M5_hrv,Metronomic Breathing,Fixed-Rate Breathing 
285.892,48.7013,M5_hrv,Metronomic Breathing,Fixed-Rate Breathing 
287.124,53.5714,M5_hrv,Metronomic Breathing,Fixed-Rate Breathing 
288.244,53.5714,M5_hrv,Metronomic Breathing,Fixed-Rate Breathing 
289.364,49.8339,M5_hrv,Metronomic Breathing,Fixed-Rate Breathing 
290.568,53.5714,M5_hrv,Metronomic Breathing,Fixed-Rate Breathing 
291.688,54.7445,M5_hrv,Metronomic Breathing,Fixed-Rate Breathing 
292.784,48.5437,M5_hrv,Metronomic Breathing,Fixed-Rate Breathing 
294.02,49.505,M5_hrv,Metronomic Breathing,Fixed-Rate Breathing 
295.232,55.5556,M5_hrv,Metronomic Breathing,Fixed-Rate Breathing 
296.312,53.5714,M5_hrv,Metronomic Breathing,Fixed-Rate Breathing 
297.432,47.7707,M5_hrv,Metronomic Breathing,Fixed-Rate Breathing 
298.688,48.5437,M5_hrv,Metronomic Breathing,Fixed-Rate Breathing 
299.924,54.9451,M5_hrv,Metronomic Breathing,Fixed-Rate Breathing 
301.016,55.9701,M5_hrv,Metronomic Breathing,Fixed-Rate Breathing 
302.088,47.4684,M5_hrv,Metronomic Breathing,Fixed-Rate Breathing 
303.352,50.5051,M5_hrv,Metronomic Breathing,Fixed-Rate Breathing 
304.54,53.3808,M5_hrv,Metronomic Breathing,Fixed-Rate Breathing 
305.664,49.505,M5_hrv,Metronomic Breathing,Fixed-Rate Breathing 
306.876,50.8475,M5_hrv,Metronomic Breathing,Fixed-Rate Breathing 
308.056,55.9701,M5_hrv,Metronomic Breathing,Fixed-Rate Breathing 
309.128,54.9451,M5_hrv,Metronomic Breathing,Fixed-Rate Breathing 
310.22,48.8599,M5_hrv,Metronomic Breathing,Fixed-Rate Breathing 
311.448,51.9031,M5_hrv,Metronomic Breathing,Fixed-Rate Breathing 
312.604,54.7445,M5_hrv,Metronomic Breathing,Fixed-Rate Breathing 
313.7,48.8599,M5_hrv,Metronomic Breathing,Fixed-Rate Breathing 
314.928,48.3871,M5_hrv,Metronomic Breathing,Fixed-Rate Breathing 
316.168,54.5455,M5_hrv,Metronomic Breathing,Fixed-Rate Breathing 
317.268,56.1798,M5_hrv,Metronomic Breathing,Fixed-Rate Breathing 
318.336,49.1803,M5_hrv,Metronomic Breathing,Fixed-Rate Breathing 
319.556,49.0196,M5_hrv,Metronomic Breathing,Fixed-Rate Breathing 
320.78,54.9451,M5_hrv,Metronomic Breathing,Fixed-Rate Breathing 
321.872,51.1945,M5_hrv,Metronomic Breathing,Fixed-Rate Breathing 
323.044,48.5437,M5_hrv,Metronomic Breathing,Fixed-Rate Breathing 
324.28,53.5714,M5_hrv,Metronomic Breathing,Fixed-Rate Breathing 
325.4,56.1798,M5_hrv,Metronomic Breathing,Fixed-Rate Breathing 
326.468,49.1803,M5_hrv,Metronomic Breathing,Fixed-Rate Breathing 
327.688,49.3421,M5_hrv,Metronomic Breathing,Fixed-Rate Breathing 
328.904,57.0342,M5_hrv,Metronomic Breathing,Fixed-Rate Breathing 
329.956,54.5455,M5_hrv,Metronomic Breathing,Fixed-Rate Breathing 
331.056,48.3871,M5_hrv,Metronomic Breathing,Fixed-Rate Breathing 
332.296,54.5455,M5_hrv,Metronomic Breathing,Fixed-Rate Breathing 
333.396,60.0,M5_hrv,Metronomic Breathing,Fixed-Rate Breathing 
334.396,47.1698,M5_hrv,Metronomic Breathing,Fixed-Rate Breathing 
335.668,49.1803,M5_hrv,Metronomic Breathing,Fixed-Rate Breathing 
336.888,50.8475,M5_hrv,Metronomic Breathing,Fixed-Rate Breathing 
338.068,49.505,M5_hrv,Metronomic Breathing,Fixed-Rate Breathing 
339.28,50.1672,M5_hrv,Metronomic Breathing,Fixed-Rate Breathing 
340.476,49.6689,M5_hrv,Metronomic Breathing,Fixed-Rate Breathing 
341.684,52.0833,M5_hrv,Metronomic Breathing,Fixed-Rate Breathing 
342.836,51.7241,M5_hrv,Metronomic Breathing,Fixed-Rate Breathing 
343.996,47.9233,M5_hrv,Metronomic Breathing,Fixed-Rate Breathing 
345.248,50.1672,M5_hrv,Metronomic Breathing,Fixed-Rate Breathing 
346.444,54.5455,M5_hrv,Metronomic Breathing,Fixed-Rate Breathing 
347.544,50.0,M5_hrv,Metronomic Breathing,Fixed-Rate Breathing 
348.744,49.8339,M5_hrv,Metronomic Breathing,Fixed-Rate Breathing 
349.948,56.391,M5_hrv,Metronomic Breathing,Fixed-Rate Breathing 
351.012,53.3808,M5_hrv,Metronomic Breathing,Fixed-Rate Breathing 
352.136,55.3506,M5_hrv,Metronomic Breathing,Fixed-Rate Breathing 
353.22,58.5937,M5_hrv,Metronomic Breathing,Fixed-Rate Breathing 
354.244,58.3658,M5_hrv,Metronomic Breathing,Fixed-Rate Breathing 
355.272,54.7445,M5_hrv,Metronomic Breathing,Fixed-Rate Breathing 
356.368,65.7895,M5_hrv,Metronomic Breathing,Fixed-Rate Breathing 
357.28,65.2174,M5_hrv,Metronomic Breathing,Fixed-Rate Breathing 
358.2,65.5022,M5_hrv,Metronomic Breathing,Fixed-Rate Breathing 
359.116,63.0252,M5_hrv,Metronomic Breathing,Fixed-Rate Breathing 
360.068,51.7241,M5_hrv,Metronomic Breathing,Fixed-Rate Breathing 
361.228,50.8475,M5_hrv,Metronomic Breathing,Fixed-Rate Breathing 
362.408,55.7621,M5_hrv,Metronomic Breathing,Fixed-Rate Breathing 
363.484,57.0342,M5_hrv,Metronomic Breathing,Fixed-Rate Breathing 
364.536,53.5714,M5_hrv,Metronomic Breathing,Fixed-Rate Breathing 
365.656,54.5455,M5_hrv,Metronomic Breathing,Fixed-Rate Breathing 
366.756,56.6038,M5_hrv,Metronomic Breathing,Fixed-Rate Breathing 
367.816,55.1471,M5_hrv,Metronomic Breathing,Fixed-Rate Breathing 
368.904,48.3871,M5_hrv,Metronomic Breathing,Fixed-Rate Breathing 
370.144,49.3421,M5_hrv,Metronomic Breathing,Fixed-Rate Breathing 
371.36,51.3699,M5_hrv,Metronomic Breathing,Fixed-Rate Breathing 
372.528,49.6689,M5_hrv,Metronomic Breathing,Fixed-Rate Breathing 
373.736,49.3421,M5_hrv,Metronomic Breathing,Fixed-Rate Breathing 
374.952,50.5051,M5_hrv,Metronomic Breathing,Fixed-Rate Breathing 
376.14,50.6757,M5_hrv,Metronomic Breathing,Fixed-Rate Breathing 
377.324,46.729,M5_hrv,Metronomic Breathing,Fixed-Rate Breathing 
378.608,48.3871,M5_hrv,Metronomic Breathing,Fixed-Rate Breathing 
379.848,51.3699,M5_hrv,Metronomic Breathing,Fixed-Rate Breathing 
381.016,48.3871,M5_hrv,Metronomic Breathing,Fixed-Rate Breathing 
382.256,48.7013,M5_hrv,Metronomic Breathing,Fixed-Rate Breathing 
383.488,50.1672,M5_hrv,Metronomic Breathing,Fixed-Rate Breathing 
384.684,50.0,M5_hrv,Metronomic Breathing,Fixed-Rate Breathing 
385.884,47.1698,M5_hrv,Metronomic Breathing,Fixed-Rate Breathing 
387.156,51.5464,M5_hrv,Metronomic Breathing,Fixed-Rate Breathing 
388.32,54.7445,M5_hrv,Metronomic Breathing,Fixed-Rate Breathing 
389.416,45.4545,M5_hrv,Metronomic Breathing,Fixed-Rate Breathing 
390.736,46.5839,M5_hrv,Metronomic Breathing,Fixed-Rate Breathing 
392.024,50.6757,M5_hrv,Metronomic Breathing,Fixed-Rate Breathing 
393.208,48.2315,M5_hrv,Metronomic Breathing,Fixed-Rate Breathing 
394.452,48.5437,M5_hrv,Metronomic Breathing,Fixed-Rate Breathing 
395.688,51.9031,M5_hrv,Metronomic Breathing,Fixed-Rate Breathing 
396.844,51.7241,M5_hrv,Metronomic Breathing,Fixed-Rate Breathing 
398.004,48.0769,M5_hrv,Metronomic Breathing,Fixed-Rate Breathing 
399.252,50.1672,M5_hrv,Metronomic Breathing,Fixed-Rate Breathing 
400.448,53.5714,M5_hrv,Metronomic Breathing,Fixed-Rate Breathing 
401.568,49.6689,M5_hrv,Metronomic Breathing,Fixed-Rate Breathing 
402.776,50.1672,M5_hrv,Metronomic Breathing,Fixed-Rate Breathing 
403.972,53.1915,M5_hrv,Metronomic Breathing,Fixed-Rate Breathing 
405.1,55.5556,M5_hrv,Metronomic Breathing,Fixed-Rate Breathing 
406.18,50.6757,M5_hrv,Metronomic Breathing,Fixed-Rate Breathing 
407.364,50.8475,M5_hrv,Metronomic Breathing,Fixed-Rate Breathing 
408.544,54.5455,M5_hrv,Metronomic Breathing,Fixed-Rate Breathing 
409.644,51.3699,M5_hrv,Metronomic Breathing,Fixed-Rate Breathing 
410.812,48.0769,M5_hrv,Metronomic Breathing,Fixed-Rate Breathing 
412.06,51.0204,M5_hrv,Metronomic Breathing,Fixed-Rate Breathing 
413.236,52.6316,M5_hrv,Metronomic Breathing,Fixed-Rate Breathing 
414.376,47.619,M5_hrv,Metronomic Breathing,Fixed-Rate Breathing 
415.636,47.619,M5_hrv,Metronomic Breathing,Fixed-Rate Breathing 
416.896,50.0,M5_hrv,Metronomic Breathing,Fixed-Rate Breathing 
418.096,48.3871,M5_hrv,Metronomic Breathing,Fixed-Rate Breathing 
419.336,49.6689,M5_hrv,Metronomic Breathing,Fixed-Rate Breathing 
420.544,51.7241,M5_hrv,Metronomic Breathing,Fixed-Rate Breathing 
421.704,55.7621,M5_hrv,Metronomic Breathing,Fixed-Rate Breathing 
422.78,44.7761,M5_hrv,Metronomic Breathing,Fixed-Rate Breathing 
424.12,46.2963,M5_hrv,Metronomic Breathing,Fixed-Rate Breathing 
425.416,53.5714,M5_hrv,Metronomic Breathing,Fixed-Rate Breathing 
426.536,51.5464,M5_hrv,Metronomic Breathing,Fixed-Rate Breathing 
427.7,50.0,M5_hrv,Metronomic Breathing,Fixed-Rate Breathing 
428.9,55.7621,M5_hrv,Metronomic Breathing,Fixed-Rate Breathing 
429.976,60.9756,M5_hrv,Metronomic Breathing,Fixed-Rate Breathing 
430.96,57.4713,M5_hrv,Metronomic Breathing,Fixed-Rate Breathing 
432.004,56.1798,M5_hrv,Metronomic Breathing,Fixed-Rate Breathing 
433.072,60.9756,M5_hrv,Metronomic Breathing,Fixed-Rate Breathing 
434.056,63.8298,M5_hrv,Metronomic Breathing,Fixed-Rate Breathing 
434.996,56.8182,M5_hrv,Metronomic Breathing,Fixed-Rate Breathing 
436.052,52.6316,M5_hrv,Metronomic Breathing,Fixed-Rate Breathing 
437.192,59.761,M5_hrv,Metronomic Breathing,Fixed-Rate Breathing 
438.196,63.5593,M5_hrv,Metronomic Breathing,Fixed-Rate Breathing 
439.14,54.7445,M5_hrv,Metronomic Breathing,Fixed-Rate Breathing 
440.236,52.4476,M5_hrv,Metronomic Breathing,Fixed-Rate Breathing 
441.38,59.0551,M5_hrv,Metronomic Breathing,Fixed-Rate Breathing 
442.396,63.2911,M5_hrv,Metronomic Breathing,Fixed-Rate Breathing 
443.344,55.5556,M5_hrv,Metronomic Breathing,Fixed-Rate Breathing 
444.424,53.7634,M5_hrv,Metronomic Breathing,Fixed-Rate Breathing 
445.54,59.5238,M5_hrv,Metronomic Breathing,Fixed-Rate Breathing 
446.548,61.9835,M5_hrv,Metronomic Breathing,Fixed-Rate Breathing 
447.516,53.0035,M5_hrv,Metronomic Breathing,Fixed-Rate Breathing 
448.648,52.6316,M5_hrv,Metronomic Breathing,Fixed-Rate Breathing 
449.788,57.2519,M5_hrv,Metronomic Breathing,Fixed-Rate Breathing 
450.836,61.9835,M5_hrv,Metronomic Breathing,Fixed-Rate Breathing 
451.804,54.5455,M5_hrv,Metronomic Breathing,Fixed-Rate Breathing 
452.904,52.4476,M5_hrv,Metronomic Breathing,Fixed-Rate Breathing 
454.048,60.0,M5_hrv,Metronomic Breathing,Fixed-Rate Breathing 
455.048,59.2885,M5_hrv,Metronomic Breathing,Fixed-Rate Breathing 
456.06,56.8182,M5_hrv,Metronomic Breathing,Fixed-Rate Breathing 
457.116,52.8169,M5_hrv,Metronomic Breathing,Fixed-Rate Breathing 
458.252,58.5937,M5_hrv,Metronomic Breathing,Fixed-Rate Breathing 
459.276,59.5238,M5_hrv,Metronomic Breathing,Fixed-Rate Breathing 
460.284,51.3699,M5_hrv,Metronomic Breathing,Fixed-Rate Breathing 
461.452,53.9568,M5_hrv,Metronomic Breathing,Fixed-Rate Breathing 
462.564,61.4754,M5_hrv,Metronomic Breathing,Fixed-Rate Breathing 
463.54,56.1798,M5_hrv,Metronomic Breathing,Fixed-Rate Breathing 
464.608,47.7707,M5_hrv,Metronomic Breathing,Fixed-Rate Breathing 
465.864,51.1945,M5_hrv,Metronomic Breathing,Fixed-Rate Breathing 
467.036,57.2519,M5_hrv,Metronomic Breathing,Fixed-Rate Breathing 
468.084,53.1915,M5_hrv,Metronomic Breathing,Fixed-Rate Breathing 
469.212,49.8339,M5_hrv,Metronomic Breathing,Fixed-Rate Breathing 
470.416,56.391,M5_hrv,Metronomic Breathing,Fixed-Rate Breathing 
471.48,54.3478,M5_hrv,Metronomic Breathing,Fixed-Rate Breathing 
472.584,49.0196,M5_hrv,Metronomic Breathing,Fixed-Rate Breathing 
473.808,52.8169,M5_hrv,Metronomic Breathing,Fixed-Rate Breathing 
474.944,54.5455,M5_hrv,Metronomic Breathing,Fixed-Rate Breathing 
476.044,47.0219,M5_hrv,Metronomic Breathing,Fixed-Rate Breathing 
477.32,47.9233,M5_hrv,Metronomic Breathing,Fixed-Rate Breathing 
478.572,52.2648,M5_hrv,Metronomic Breathing,Fixed-Rate Breathing 
479.72,55.3506,M5_hrv,Metronomic Breathing,Fixed-Rate Breathing 
480.804,49.8339,M5_hrv,Metronomic Breathing,Fixed-Rate Breathing 
482.008,47.619,M5_hrv,Metronomic Breathing,Fixed-Rate Breathing 
483.268,51.0204,M5_hrv,Metronomic Breathing,Fixed-Rate Breathing 
484.444,52.0833,M5_hrv,Metronomic Breathing,Fixed-Rate Breathing 
485.596,46.5839,M5_hrv,Metronomic Breathing,Fixed-Rate Breathing 
486.884,48.5437,M5_hrv,Metronomic Breathing,Fixed-Rate Breathing 
488.12,52.8169,M5_hrv,Metronomic Breathing,Fixed-Rate Breathing 
489.256,50.3356,M5_hrv,Metronomic Breathing,Fixed-Rate Breathing 
490.448,49.0196,M5_hrv,Metronomic Breathing,Fixed-Rate Breathing 
491.672,51.9031,M5_hrv,Metronomic Breathing,Fixed-Rate Breathing 
492.828,54.7445,M5_hrv,Metronomic Breathing,Fixed-Rate Breathing 
493.924,44.1176,M5_hrv,Metronomic Breathing,Fixed-Rate Breathing 
495.284,46.4396,M5_hrv,Metronomic Breathing,Fixed-Rate Breathing 
496.576,48.8599,M5_hrv,Metronomic Breathing,Fixed-Rate Breathing 
497.804,47.9233,M5_hrv,Metronomic Breathing,Fixed-Rate Breathing 
499.056,49.0196,M5_hrv,Metronomic Breathing,Fixed-Rate Breathing 
500.28,54.5455,M5_hrv,Metronomic Breathing,Fixed-Rate Breathing 
501.38,52.0833,M5_hrv,Metronomic Breathing,Fixed-Rate Breathing 
502.532,50.6757,M5_hrv,Metronomic Breathing,Fixed-Rate Breathing 
503.716,58.5937,M5_hrv,Metronomic Breathing,Fixed-Rate Breathing 
504.74,62.2407,M5_hrv,Metronomic Breathing,Fixed-Rate Breathing 
505.704,53.9568,M5_hrv,Metronomic Breathing,Fixed-Rate Breathing 
506.816,52.0833,M5_hrv,Metronomic Breathing,Fixed-Rate Breathing 
507.968,66.6667,M5_hrv,Metronomic Breathing,Fixed-Rate Breathing 
508.868,68.4931,M5_hrv,Metronomic Breathing,Fixed-Rate Breathing 
509.744,60.4839,M5_hrv,Metronomic Breathing,Fixed-Rate Breathing 
510.736,46.1538,M5_hrv,Metronomic Breathing,Fixed-Rate Breathing 
512.036,50.6757,M5_hrv,Metronomic Breathing,Fixed-Rate Breathing 
513.22,60.4839,M5_hrv,Metronomic Breathing,Fixed-Rate Breathing 
514.212,55.3506,M5_hrv,Metronomic Breathing,Fixed-Rate Breathing 
515.296,51.7241,M5_hrv,Metronomic Breathing,Fixed-Rate Breathing 
516.456,55.3506,M5_hrv,Metronomic Breathing,Fixed-Rate Breathing 
517.54,58.8235,M5_hrv,Metronomic Breathing,Fixed-Rate Breathing 
518.56,51.3699,M5_hrv,Metronomic Breathing,Fixed-Rate Breathing 
519.728,52.2648,M5_hrv,Metronomic Breathing,Fixed-Rate Breathing 
520.876,60.4839,M5_hrv,Metronomic Breathing,Fixed-Rate Breathing 
521.868,59.2885,M5_hrv,Metronomic Breathing,Fixed-Rate Breathing 
522.88,47.4684,M5_hrv,Metronomic Breathing,Fixed-Rate Breathing 
524.144,51.1945,M5_hrv,Metronomic Breathing,Fixed-Rate Breathing 
525.316,56.8182,M5_hrv,Metronomic Breathing,Fixed-Rate Breathing 
526.372,49.1803,M5_hrv,Metronomic Breathing,Fixed-Rate Breathing 
527.592,46.0123,M5_hrv,Metronomic Breathing,Fixed-Rate Breathing 
528.896,53.1915,M5_hrv,Metronomic Breathing,Fixed-Rate Breathing 
530.024,52.0833,M5_hrv,Metronomic Breathing,Fixed-Rate Breathing 
531.176,46.4396,M5_hrv,Metronomic Breathing,Fixed-Rate Breathing 
532.468,47.4684,M5_hrv,Metronomic Breathing,Fixed-Rate Breathing 
533.732,51.3699,M5_hrv,Metronomic Breathing,Fixed-Rate Breathing 
534.9,47.0219,M5_hrv,Metronomic Breathing,Fixed-Rate Breathing 
536.176,46.875,M5_hrv,Metronomic Breathing,Fixed-Rate Breathing 
537.456,48.7013,M5_hrv,Metronomic Breathing,Fixed-Rate Breathing 
538.688,53.0035,M5_hrv,Metronomic Breathing,Fixed-Rate Breathing 
539.82,45.8716,M5_hrv,Metronomic Breathing,Fixed-Rate Breathing 
541.128,47.4684,M5_hrv,Metronomic Breathing,Fixed-Rate Breathing 
542.392,48.5437,M5_hrv,Metronomic Breathing,Fixed-Rate Breathing 
543.628,49.0196,M5_hrv,Metronomic Breathing,Fixed-Rate Breathing 
544.852,46.0123,M5_hrv,Metronomic Breathing,Fixed-Rate Breathing 
546.156,48.5437,M5_hrv,Metronomic Breathing,Fixed-Rate Breathing 
547.392,51.3699,M5_hrv,Metronomic Breathing,Fixed-Rate Breathing 
548.56,45.4545,M5_hrv,Metronomic Breathing,Fixed-Rate Breathing 
549.88,49.8339,M5_hrv,Metronomic Breathing,Fixed-Rate Breathing 
551.084,54.7445,M5_hrv,Metronomic Breathing,Fixed-Rate Breathing 
552.18,47.7707,M5_hrv,Metronomic Breathing,Fixed-Rate Breathing 
553.436,49.0196,M5_hrv,Metronomic Breathing,Fixed-Rate Breathing 
554.66,55.7621,M5_hrv,Metronomic Breathing,Fixed-Rate Breathing 
555.736,49.0196,M5_hrv,Metronomic Breathing,Fixed-Rate Breathing 
556.96,47.619,M5_hrv,Metronomic Breathing,Fixed-Rate Breathing 
558.22,54.3478,M5_hrv,Metronomic Breathing,Fixed-Rate Breathing 
559.324,55.3506,M5_hrv,Metronomic Breathing,Fixed-Rate Breathing 
560.408,45.5927,M5_hrv,Metronomic Breathing,Fixed-Rate Breathing 
561.724,47.9233,M5_hrv,Metronomic Breathing,Fixed-Rate Breathing 
562.976,54.5455,M5_hrv,Metronomic Breathing,Fixed-Rate Breathing 
564.076,49.505,M5_hrv,Metronomic Breathing,Fixed-Rate Breathing 
565.288,47.619,M5_hrv,Metronomic Breathing,Fixed-Rate Breathing 
566.548,53.1915,M5_hrv,Metronomic Breathing,Fixed-Rate Breathing 
567.676,50.3356,M5_hrv,Metronomic Breathing,Fixed-Rate Breathing 
568.868,46.729,M5_hrv,Metronomic Breathing,Fixed-Rate Breathing 
570.152,51.1945,M5_hrv,Metronomic Breathing,Fixed-Rate Breathing 
571.324,54.7445,M5_hrv,Metronomic Breathing,Fixed-Rate Breathing 
572.42,44.6429,M5_hrv,Metronomic Breathing,Fixed-Rate Breathing 
573.764,46.0123,M5_hrv,Metronomic Breathing,Fixed-Rate Breathing 
575.068,53.7634,M5_hrv,Metronomic Breathing,Fixed-Rate Breathing 
576.184,50.0,M5_hrv,Metronomic Breathing,Fixed-Rate Breathing 
577.384,49.1803,M5_hrv,Metronomic Breathing,Fixed-Rate Breathing 
578.604,49.1803,M5_hrv,Metronomic Breathing,Fixed-Rate Breathing 
579.824,54.9451,M5_hrv,Metronomic Breathing,Fixed-Rate Breathing 
580.916,46.1538,M5_hrv,Metronomic Breathing,Fixed-Rate Breathing 
582.216,45.1807,M5_hrv,Metronomic Breathing,Fixed-Rate Breathing 
583.544,49.8339,M5_hrv,Metronomic Breathing,Fixed-Rate Breathing 
584.748,50.5051,M5_hrv,Metronomic Breathing,Fixed-Rate Breathing 
585.936,46.5839,M5_hrv,Metronomic Breathing,Fixed-Rate Breathing 
587.224,50.5051,M5_hrv,Metronomic Breathing,Fixed-Rate Breathing 
588.412,54.7445,M5_hrv,Metronomic Breathing,Fixed-Rate Breathing 
589.508,49.6689,M5_hrv,Metronomic Breathing,Fixed-Rate Breathing 
590.716,49.1803,M5_hrv,Metronomic Breathing,Fixed-Rate Breathing 
591.936,53.9568,M5_hrv,Metronomic Breathing,Fixed-Rate Breathing 
593.048,54.1516,M5_hrv,Metronomic Breathing,Fixed-Rate Breathing 
594.156,50.6757,M5_hrv,Metronomic Breathing,Fixed-Rate Breathing 
595.34,50.0,M5_hrv,Metronomic Breathing,Fixed-Rate Breathing 
596.54,54.3478,M5_hrv,Metronomic Breathing,Fixed-Rate Breathing 
597.644,49.0196,M5_hrv,Metronomic Breathing,Fixed-Rate Breathing 
