Time,HeartRate,Subject,Group,State
1.312,64.9351,M6_hrv,Metronomic Breathing,Fixed-Rate Breathing 
2.236,63.5593,M6_hrv,Metronomic Breathing,Fixed-Rate Breathing 
3.18,62.7615,M6_hrv,Metronomic Breathing,Fixed-Rate Breathing 
4.136,61.7284,M6_hrv,Metronomic Breathing,Fixed-Rate Breathing 
5.108,62.7615,M6_hrv,Metronomic Breathing,Fixed-Rate Breathing 
6.064,60.4839,M6_hrv,Metronomic Breathing,Fixed-Rate Breathing 
7.056,61.4754,M6_hrv,Metronomic Breathing,Fixed-Rate Breathing 
8.032,64.6552,M6_hrv,Metronomic Breathing,Fixed-Rate Breathing 
8.96,61.9835,M6_hrv,Metronomic Breathing,Fixed-Rate Breathing 
9.928,62.7615,M6_hrv,Metronomic Breathing,Fixed-Rate Breathing 
10.884,62.5,M6_hrv,Metronomic Breathing,Fixed-Rate Breathing 
11.844,60.9756,M6_hrv,Metronomic Breathing,Fixed-Rate Breathing 
12.828,63.2911,M6_hrv,Metronomic Breathing,Fixed-Rate Breathing 
13.776,62.5,M6_hrv,Metronomic Breathing,Fixed-Rate Breathing 
14.736,63.5593,M6_hrv,Metronomic Breathing,Fixed-Rate Breathing 
15.68,68.1818,M6_hrv,Metronomic Breathing,Fixed-Rate Breathing 
16.56,66.6667,M6_hrv,Metronomic Breathing,Fixed-Rate Breathing 
17.46,68.8073,M6_hrv,Metronomic Breathing,Fixed-Rate Breathing 
18.332,66.9643,M6_hrv,Metronomic Breathing,Fixed-Rate Breathing 
19.228,66.6667,M6_hrv,Metronomic Breathing,Fixed-Rate Breathing 
20.128,65.7895,M6_hrv,Metronomic Breathing,Fixed-Rate Breathing 
21.04,63.2911,M6_hrv,Metronomic Breathing,Fixed-Rate Breathing 
21.988,62.7615,M6_hrv,Metronomic Breathing,Fixed-Rate Breathing 
22.944,63.5593,M6_hrv,Metronomic Breathing,Fixed-Rate Breathing 
23.888,63.2911,M6_hrv,Metronomic Breathing,Fixed-Rate Breathing 
24.836,59.761,M6_hrv,Metronomic Breathing,Fixed-Rate Breathing 
25.84,60.241,M6_hrv,Metronomic Breathing,Fixed-Rate Breathing 
26.836,62.5,M6_hrv,Metronomic Breathing,Fixed-Rate Breathing 
27.796,62.2407,M6_hrv,Metronomic Breathing,Fixed-Rate Breathing 
28.76,61.4754,M6_hrv,Metronomic Breathing,Fixed-Rate Breathing 
29.736,63.8298,M6_hrv,Metronomic Breathing,Fixed-Rate Breathing 
30.676,65.2174,M6_hrv,Metronomic Breathing,Fixed-Rate Breathing 
31.596,61.7284,M6_hrv,Metronomic Breathing,Fixed-Rate Breathing 
32.568,66.0793,M6_hrv,Metronomic Breathing,Fixed-Rate Breathing 
33.476,61.7284,M6_hrv,Metronomic Breathing,Fixed-Rate Breathing 
34.448,60.9756,M6_hrv,Metronomic Breathing,Fixed-Rate Breathing 
35.432,60.241,M6_hrv,Metronomic Breathing,Fixed-Rate Breathing 
36.428,64.1026,M6_hrv,Metronomic Breathing,Fixed-Rate Breathing 
37.364,60.7287,M6_hrv,Metronomic Breathing,Fixed-Rate Breathing 
38.352,60.0,M6_hrv,Metronomic Breathing,Fixed-Rate Breathing 
39.352,61.2245,M6_hrv,Metronomic Breathing,Fixed-Rate Breathing 
40.332,58.5937,M6_hrv,Metronomic Breathing,Fixed-Rate Breathing 
41.356,57.0342,M6_hrv,Metronomic Breathing,Fixed-Rate Breathing 
42.408,58.8235,M6_hrv,Metronomic Breathing,Fixed-Rate Breathing 
43.428,57.4713,M6_hrv,Metronomic Breathing,Fixed-Rate Breathing 
44.472,57.4713,M6_hrv,Metronomic Breathing,Fixed-Rate Breathing 
45.516,56.8182,M6_hrv,Metronomic Breathing,Fixed-Rate Breathing 
46.572,56.391,M6_hrv,Metronomic Breathing,Fixed-Rate Breathing 
47.636,59.0551,M6_hrv,Metronomic Breathing,Fixed-Rate Breathing 
48.652,59.2885,M6_hrv,Metronomic Breathing,Fixed-Rate Breathing 
49.664,58.8235,M6_hrv,Metronomic Breathing,Fixed-Rate Breathing 
50.684,59.5238,M6_hrv,Metronomic Breathing,Fixed-Rate Breathing 
51.692,58.8235,M6_hrv,Metronomic Breathing,Fixed-Rate Breathing 
52.712,59.761,M6_hrv,Metronomic Breathing,Fixed-Rate Breathing 
53.716,58.8235,M6_hrv,Metronomic Breathing,Fixed-Rate Breathing 
54.736,57.6923,M6_hrv,Metronomic Breathing,Fixed-Rate Breathing 
55.776,60.9756,M6_hrv,Metronomic Breathing,Fixed-Rate Breathing 
56.76,59.2885,M6_hrv,Metronomic Breathing,Fixed-Rate Breathing 
57.772,57.9151,M6_hrv,Metronomic Breathing,Fixed-Rate Breathing 
58.808,57.9151,M6_hrv,Metronomic Breathing,Fixed-Rate Breathing 
59.844,61.9835,M6_hrv,Metronomic Breathing,Fixed-Rate Breathing 
60.812,60.4839,M6_hrv,Metronomic Breathing,Fixed-Rate Breathing 
61.804,58.5937,M6_hrv,Metronomic Breathing,Fixed-Rate Breathing 
62.828,60.0,M6_hrv,Metronomic Breathing,Fixed-Rate Breathing 
63.828,64.1026,M6_hrv,Metronomic Breathing,Fixed-Rate Breathing 
64.764,62.2407,M6_hrv,Metronomic Breathing,Fixed-Rate Breathing 
65.728,59.2885,M6_hrv,Metronomic Breathing,Fixed-Rate Breathing 
66.74,59.5238,M6_hrv,Metronomic Breathing,Fixed-Rate Breathing 
67.748,61.4754,M6_hrv,Metronomic Breathing,Fixed-Rate Breathing 
68.724,61.9835,M6_hrv,Metronomic Breathing,Fixed-Rate Breathing 
69.692,60.0,M6_hrv,Metronomic Breathing,Fixed-Rate Breathing 
70.692,59.761,M6_hrv,Metronomic Breathing,Fixed-Rate Breathing 
71.696,63.0252,M6_hrv,Metronomic Breathing,Fixed-Rate Breathing 
72.648,61.2245,M6_hrv,Metronomic Breathing,Fixed-Rate Breathing 
73.628,60.4839,M6_hrv,Metronomic Breathing,Fixed-Rate Breathing 
74.62,65.5022,M6_hrv,Metronomic Breathing,Fixed-Rate Breathing 
75.536,68.4931,M6_hrv,Metronomic Breathing,Fixed-Rate Breathing 
76.412,68.8073,M6_hrv,Metronomic Breathing,Fixed-Rate Breathing 
77.284,64.1026,M6_hrv,Metronomic Breathing,Fixed-Rate Breathing 
78.22,61.4754,M6_hrv,Metronomic Breathing,Fixed-Rate Breathing 
79.196,61.2245,M6_hrv,Metronomic Breathing,Fixed-Rate Breathing 
80.176,60.9756,M6_hrv,Metronomic Breathing,Fixed-Rate Breathing 
81.16,62.5,M6_hrv,Metronomic Breathing,Fixed-Rate Breathing 
82.12,63.8298,M6_hrv,Metronomic Breathing,Fixed-Rate Breathing 
83.06,62.2407,M6_hrv,Metronomic Breathing,Fixed-Rate Breathing 
84.024,61.2245,M6_hrv,Metronomic Breathing,Fixed-Rate Breathing 
85.004,61.4754,M6_hrv,Metronomic Breathing,Fixed-Rate Breathing 
85.98,65.2174,M6_hrv,Metronomic Breathing,Fixed-Rate Breathing 
86.9,63.5593,M6_hrv,Metronomic Breathing,Fixed-Rate Breathing 
87.844,62.7615,M6_hrv,Metronomic Breathing,Fixed-Rate Breathing 
88.8,62.7615,M6_hrv,Metronomic Breathing,Fixed-Rate Breathing 
89.756,64.1026,M6_hrv,Metronomic Breathing,Fixed-Rate Breathing 
90.692,63.5593,M6_hrv,Metronomic Breathing,Fixed-Rate Breathing 
91.636,61.9835,M6_hrv,Metronomic Breathing,Fixed-Rate Breathing 
92.604,60.7287,M6_hrv,Metronomic Breathing,Fixed-Rate Breathing 
93.592,62.5,M6_hrv,Metronomic Breathing,Fixed-Rate Breathing 
94.552,64.1026,M6_hrv,Metronomic Breathing,Fixed-Rate Breathing 
95.488,61.9835,M6_hrv,Metronomic Breathing,Fixed-Rate Breathing 
96.456,61.9835,M6_hrv,Metronomic Breathing,Fixed-Rate Breathing 
97.424,63.8298,M6_hrv,Metronomic Breathing,Fixed-Rate Breathing 
98.364,63.5593,M6_hrv,Metronomic Breathing,Fixed-Rate Breathing 
99.308,60.7287,M6_hrv,Metronomic Breathing,Fixed-Rate Breathing 
100.296,60.4839,M6_hrv,Metronomic Breathing,Fixed-Rate Breathing 
101.288,62.5,M6_hrv,Metronomic Breathing,Fixed-Rate Breathing 
102.248,65.5022,M6_hrv,Metronomic Breathing,Fixed-Rate Breathing 
103.164,63.8298,M6_hrv,Metronomic Breathing,Fixed-Rate Breathing 
104.104,62.2407,M6_hrv,Metronomic Breathing,Fixed-Rate Breathing 
105.068,61.9835,M6_hrv,Metronomic Breathing,Fixed-Rate Breathing 
106.036,66.3717,M6_hrv,Metronomic Breathing,Fixed-Rate Breathing 
106.94,63.0252,M6_hrv,Metronomic Breathing,Fixed-Rate Breathing 
107.892,61.4754,M6_hrv,Metronomic Breathing,Fixed-Rate Breathing 
108.868,63.0252,M6_hrv,Metronomic Breathing,Fixed-Rate Breathing 
109.82,62.2407,M6_hrv,Metronomic Breathing,Fixed-Rate Breathing 
110.784,62.5,M6_hrv,Metronomic Breathing,Fixed-Rate Breathing 
111.744,61.7284,M6_hrv,Metronomic Breathing,Fixed-Rate Breathing 
112.716,63.5593,M6_hrv,Metronomic Breathing,Fixed-Rate Breathing 
113.66,61.9835,M6_hrv,Metronomic Breathing,Fixed-Rate Breathing 
114.628,62.7615,M6_hrv,Metronomic Breathing,Fixed-Rate Breathing 
115.584,63.8298,M6_hrv,Metronomic Breathing,Fixed-Rate Breathing 
116.524,70.0935,M6_hrv,Metronomic Breathing,Fixed-Rate Breathing 
117.38,66.3717,M6_hrv,Metronomic Breathing,Fixed-Rate Breathing 
118.284,68.8073,M6_hrv,Metronomic Breathing,Fixed-Rate Breathing 
119.156,67.5676,M6_hrv,Metronomic Breathing,Fixed-Rate Breathing 
120.044,65.7895,M6_hrv,Metronomic Breathing,Fixed-Rate Breathing 
120.956,66.0793,M6_hrv,Metronomic Breathing,Fixed-Rate Breathing 
121.864,68.1818,M6_hrv,Metronomic Breathing,Fixed-Rate Breathing 
122.744,65.5022,M6_hrv,Metronomic Breathing,Fixed-Rate Breathing 
123.66,63.8298,M6_hrv,Metronomic Breathing,Fixed-Rate Breathing 
124.6,68.8073,M6_hrv,Metronomic Breathing,Fixed-Rate Breathing 
125.472,71.09,M6_hrv,Metronomic Breathing,Fixed-Rate Breathing 
126.316,65.2174,M6_hrv,Metronomic Breathing,Fixed-Rate Breathing 
127.236,61.7284,M6_hrv,Metronomic Breathing,Fixed-Rate Breathing 
128.208,60.7287,M6_hrv,Metronomic Breathing,Fixed-Rate Breathing 
129.196,61.9835,M6_hrv,Metronomic Breathing,Fixed-Rate Breathing 
130.164,66.3717,M6_hrv,Metronomic Breathing,Fixed-Rate Breathing 
131.068,63.2911,M6_hrv,Metronomic Breathing,Fixed-Rate Breathing 
132.016,61.9835,M6_hrv,Metronomic Breathing,Fixed-Rate Breathing 
132.984,62.5,M6_hrv,Metronomic Breathing,Fixed-Rate Breathing 
133.944,64.3777,M6_hrv,Metronomic Breathing,Fixed-Rate Breathing 
134.876,64.9351,M6_hrv,Metronomic Breathing,Fixed-Rate Breathing 
135.8,60.4839,M6_hrv,Metronomic Breathing,Fixed-Rate Breathing 
136.792,60.7287,M6_hrv,Metronomic Breathing,Fixed-Rate Breathing 
137.78,63.2911,M6_hrv,Metronomic Breathing,Fixed-Rate Breathing 
138.728,63.0252,M6_hrv,Metronomic Breathing,Fixed-Rate Breathing 
139.68,61.2245,M6_hrv,Metronomic Breathing,Fixed-Rate Breathing 
140.66,61.4754,M6_hrv,Metronomic Breathing,Fixed-Rate Breathing 
141.636,62.2407,M6_hrv,Metronomic Breathing,Fixed-Rate Breathing 
142.6,62.5,M6_hrv,Metronomic Breathing,Fixed-Rate Breathing 
143.56,61.4754,M6_hrv,Metronomic Breathing,Fixed-Rate Breathing 
144.536,60.7287,M6_hrv,Metronomic Breathing,Fixed-Rate Breathing 
145.524,60.4839,M6_hrv,Metronomic Breathing,Fixed-Rate Breathing 
146.516,63.2911,M6_hrv,Metronomic Breathing,Fixed-Rate Breathing 
147.464,61.7284,M6_hrv,Metronomic Breathing,Fixed-Rate Breathing 
148.436,64.3777,M6_hrv,Metronomic Breathing,Fixed-Rate Breathing 
149.368,61.2245,M6_hrv,Metronomic Breathing,Fixed-Rate Breathing 
150.348,65.2174,M6_hrv,Metronomic Breathing,Fixed-Rate Breathing 
151.268,64.6552,M6_hrv,Metronomic Breathing,Fixed-Rate Breathing 
152.196,60.4839,M6_hrv,Metronomic Breathing,Fixed-Rate Breathing 
153.188,65.7895,M6_hrv,Metronomic Breathing,Fixed-Rate Breathing 
154.1,63.0252,M6_hrv,Metronomic Breathing,Fixed-Rate Breathing 
155.052,61.9835,M6_hrv,Metronomic Breathing,Fixed-Rate Breathing 
156.02,66.0793,M6_hrv,Metronomic Breathing,Fixed-Rate Breathing 
156.928,61.7284,M6_hrv,Metronomic Breathing,Fixed-Rate Breathing 
157.9,60.4839,M6_hrv,Metronomic Breathing,Fixed-Rate Breathing 
158.892,63.5593,M6_hrv,Metronomic Breathing,Fixed-Rate Breathing 
159.836,61.2245,M6_hrv,Metronomic Breathing,Fixed-Rate Breathing 
160.816,61.2245,M6_hrv,Metronomic Breathing,Fixed-Rate Breathing 
161.796,61.4754,M6_hrv,Metronomic Breathing,Fixed-Rate Breathing 
162.772,62.2407,M6_hrv,Metronomic Breathing,Fixed-Rate Breathing 
163.736,62.5,M6_hrv,Metronomic Breathing,Fixed-Rate Breathing 
164.696,60.241,M6_hrv,Metronomic Breathing,Fixed-Rate Breathing 
165.692,58.8235,M6_hrv,Metronomic Breathing,Fixed-Rate Breathing 
166.712,57.0342,M6_hrv,Metronomic Breathing,Fixed-Rate Breathing 
167.764,61.9835,M6_hrv,Metronomic Breathing,Fixed-Rate Breathing 
168.732,59.5238,M6_hrv,Metronomic Breathing,Fixed-Rate Breathing 
169.74,58.1395,M6_hrv,Metronomic Breathing,Fixed-Rate Breathing 
170.772,58.3658,M6_hrv,Metronomic Breathing,Fixed-Rate Breathing 
171.8,61.2245,M6_hrv,Metronomic Breathing,Fixed-Rate Breathing 
172.78,60.9756,M6_hrv,Metronomic Breathing,Fixed-Rate Breathing 
173.764,61.4754,M6_hrv,Metronomic Breathing,Fixed-Rate Breathing 
174.74,60.7287,M6_hrv,Metronomic Breathing,Fixed-Rate Breathing 
175.728,65.5022,M6_hrv,Metronomic Breathing,Fixed-Rate Breathing 
176.644,61.2245,M6_hrv,Metronomic Breathing,Fixed-Rate Breathing 
177.624,61.7284,M6_hrv,Metronomic Breathing,Fixed-Rate Breathing 
178.596,63.5593,M6_hrv,Metronomic Breathing,Fixed-Rate Breathing 
179.54,64.3777,M6_hrv,Metronomic Breathing,Fixed-Rate Breathing 
180.472,60.9756,M6_hrv,Metronomic Breathing,Fixed-Rate Breathing 
181.456,61.2245,M6_hrv,Metronomic Breathing,Fixed-Rate Breathing 
182.436,63.2911,M6_hrv,Metronomic Breathing,Fixed-Rate Breathing 
183.384,66.3717,M6_hrv,Metronomic Breathing,Fixed-Rate Breathing 
184.288,63.0252,M6_hrv,Metronomic Breathing,Fixed-Rate Breathing 
185.24,61.4754,M6_hrv,Metronomic Breathing,Fixed-Rate Breathing 
186.216,60.0,M6_hrv,Metronomic Breathing,Fixed-Rate Breathing 
187.216,63.2911,M6_hrv,Metronomic Breathing,Fixed-Rate Breathing 
188.164,60.9756,M6_hrv,Metronomic Breathing,Fixed-Rate Breathing 
189.148,60.0,M6_hrv,Metronomic Breathing,Fixed-Rate Breathing 
190.148,64.9351,M6_hrv,Metronomic Breathing,Fixed-Rate Breathing 
191.072,61.9835,M6_hrv,Metronomic Breathing,Fixed-Rate Breathing 
192.04,60.9756,M6_hrv,Metronomic Breathing,Fixed-Rate Breathing 
193.024,61.7284,M6_hrv,Metronomic Breathing,Fixed-Rate Breathing 
193.996,61.2245,M6_hrv,Metronomic Breathing,Fixed-Rate Breathing 
194.976,60.9756,M6_hrv,Metronomic Breathing,Fixed-Rate Breathing 
195.96,63.8298,M6_hrv,Metronomic Breathing,Fixed-Rate Breathing 
196.9,61.4754,M6_hrv,Metronomic Breathing,Fixed-Rate Breathing 
197.876,60.0,M6_hrv,Metronomic Breathing,Fixed-Rate Breathing 
198.876,60.241,M6_hrv,Metronomic Breathing,Fixed-Rate Breathing 
199.872,64.3777,M6_hrv,Metronomic Breathing,Fixed-Rate Breathing 
200.804,60.9756,M6_hrv,Metronomic Breathing,Fixed-Rate Breathing 
201.788,61.2245,M6_hrv,Metronomic Breathing,Fixed-Rate Breathing 
202.768,62.5,M6_hrv,Metronomic Breathing,Fixed-Rate Breathing 
203.728,64.1026,M6_hrv,Metronomic Breathing,Fixed-Rate Breathing 
204.664,60.0,M6_hrv,Metronomic Breathing,Fixed-Rate Breathing 
205.664,59.5238,M6_hrv,Metronomic Breathing,Fixed-Rate Breathing 
206.672,60.0,M6_hrv,Metronomic Breathing,Fixed-Rate Breathing 
207.672,63.2911,M6_hrv,Metronomic Breathing,Fixed-Rate Breathing 
208.62,59.761,M6_hrv,Metronomic Breathing,Fixed-Rate Breathing 
209.624,58.5937,M6_hrv,Metronomic Breathing,Fixed-Rate Breathing 
210.648,60.0,M6_hrv,Metronomic Breathing,Fixed-Rate Breathing 
211.648,62.7615,M6_hrv,Metronomic Breathing,Fixed-Rate Breathing 
212.604,58.8235,M6_hrv,Metronomic Breathing,Fixed-Rate Breathing 
213.624,58.8235,M6_hrv,Metronomic Breathing,Fixed-Rate Breathing 
214.644,57.9151,M6_hrv,Metronomic Breathing,Fixed-Rate Breathing 
215.68,61.9835,M6_hrv,Metronomic Breathing,Fixed-Rate Breathing 
216.648,59.2885,M6_hrv,Metronomic Breathing,Fixed-Rate Breathing 
217.66,57.6923,M6_hrv,Metronomic Breathing,Fixed-Rate Breathing 
218.7,56.6038,M6_hrv,Metronomic Breathing,Fixed-Rate Breathing 
219.76,56.1798,M6_hrv,Metronomic Breathing,Fixed-Rate Breathing 
220.828,57.0342,M6_hrv,Metronomic Breathing,Fixed-Rate Breathing 
221.88,61.7284,M6_hrv,Metronomic Breathing,Fixed-Rate Breathing 
222.852,57.9151,M6_hrv,Metronomic Breathing,Fixed-Rate Breathing 
223.888,57.6923,M6_hrv,Metronomic Breathing,Fixed-Rate Breathing 
224.928,59.0551,M6_hrv,Metronomic Breathing,Fixed-Rate Breathing 
225.944,62.5,M6_hrv,Metronomic Breathing,Fixed-Rate Breathing 
226.904,60.241,M6_hrv,Metronomic Breathing,Fixed-Rate Breathing 
227.9,60.9756,M6_hrv,Metronomic Breathing,Fixed-Rate Breathing 
228.884,61.4754,M6_hrv,Metronomic Breathing,Fixed-Rate Breathing 
229.86,62.7615,M6_hrv,Metronomic Breathing,Fixed-Rate Breathing 
230.816,59.5238,M6_hrv,Metronomic Breathing,Fixed-Rate Breathing 
231.824,59.761,M6_hrv,Metronomic Breathing,Fixed-Rate Breathing 
232.828,64.9351,M6_hrv,Metronomic Breathing,Fixed-Rate Breathing 
233.752,64.1026,M6_hrv,Metronomic Breathing,Fixed-Rate Breathing 
234.688,62.5,M6_hrv,Metronomic Breathing,Fixed-Rate Breathing 
235.648,63.2911,M6_hrv,Metronomic Breathing,Fixed-Rate Breathing 
236.596,65.5022,M6_hrv,Metronomic Breathing,Fixed-Rate Breathing 
237.512,64.1026,M6_hrv,Metronomic Breathing,Fixed-Rate Breathing 
238.448,62.5,M6_hrv,Metronomic Breathing,Fixed-Rate Breathing 
239.408,61.2245,M6_hrv,Metronomic Breathing,Fixed-Rate Breathing 
240.388,62.7615,M6_hrv,Metronomic Breathing,Fixed-Rate Breathing 
241.344,67.5676,M6_hrv,Metronomic Breathing,Fixed-Rate Breathing 
242.232,63.5593,M6_hrv,Metronomic Breathing,Fixed-Rate Breathing 
243.176,62.2407,M6_hrv,Metronomic Breathing,Fixed-Rate Breathing 
244.14,61.4754,M6_hrv,Metronomic Breathing,Fixed-Rate Breathing 
245.116,65.2174,M6_hrv,Metronomic Breathing,Fixed-Rate Breathing 
246.036,62.5,M6_hrv,Metronomic Breathing,Fixed-Rate Breathing 
246.996,62.2407,M6_hrv,Metronomic Breathing,Fixed-Rate Breathing 
247.96,60.9756,M6_hrv,Metronomic Breathing,Fixed-Rate Breathing 
248.944,65.2174,M6_hrv,Metronomic Breathing,Fixed-Rate Breathing 
249.864,62.7615,M6_hrv,Metronomic Breathing,Fixed-Rate Breathing 
250.82,60.4839,M6_hrv,Metronomic Breathing,Fixed-Rate Breathing 
251.812,60.241,M6_hrv,Metronomic Breathing,Fixed-Rate Breathing 
252.808,62.2407,M6_hrv,Metronomic Breathing,Fixed-Rate Breathing 
253.772,63.2911,M6_hrv,Metronomic Breathing,Fixed-Rate Breathing 
254.72,60.4839,M6_hrv,Metronomic Breathing,Fixed-Rate Breathing 
255.712,59.2885,M6_hrv,Metronomic Breathing,Fixed-Rate Breathing 
256.724,59.5238,M6_hrv,Metronomic Breathing,Fixed-Rate Breathing 
257.732,64.1026,M6_hrv,Metronomic Breathing,Fixed-Rate Breathing 
258.668,60.241,M6_hrv,Metronomic Breathing,Fixed-Rate Breathing 
259.664,60.0,M6_hrv,Metronomic Breathing,Fixed-Rate Breathing 
260.664,60.0,M6_hrv,Metronomic Breathing,Fixed-Rate Breathing 
261.664,65.2174,M6_hrv,Metronomic Breathing,Fixed-Rate Breathing 
262.584,59.5238,M6_hrv,Metronomic Breathing,Fixed-Rate Breathing 
263.592,58.3658,M6_hrv,Metronomic Breathing,Fixed-Rate Breathing 
264.62,57.4713,M6_hrv,Metronomic Breathing,Fixed-Rate Breathing 
265.664,57.9151,M6_hrv,Metronomic Breathing,Fixed-Rate Breathing 
266.7,62.2407,M6_hrv,Metronomic Breathing,Fixed-Rate Breathing 
267.664,58.3658,M6_hrv,Metronomic Breathing,Fixed-Rate Breathing 
268.692,58.3658,M6_hrv,Metronomic Breathing,Fixed-Rate Breathing 
269.72,60.4839,M6_hrv,Metronomic Breathing,Fixed-Rate Breathing 
270.712,66.3717,M6_hrv,Metronomic Breathing,Fixed-Rate Breathing 
271.616,61.2245,M6_hrv,Metronomic Breathing,Fixed-Rate Breathing 
272.596,60.9756,M6_hrv,Metronomic Breathing,Fixed-Rate Breathing 
273.58,60.241,M6_hrv,Metronomic Breathing,Fixed-Rate Breathing 
274.576,66.0793,M6_hrv,Metronomic Breathing,Fixed-Rate Breathing 
275.484,61.7284,M6_hrv,Metronomic Breathing,Fixed-Rate Breathing 
276.456,60.7287,M6_hrv,Metronomic Breathing,Fixed-Rate Breathing 
277.444,61.2245,M6_hrv,Metronomic Breathing,Fixed-Rate Breathing 
278.424,64.1026,M6_hrv,Metronomic Breathing,Fixed-Rate Breathing 
279.36,60.9756,M6_hrv,Metronomic Breathing,Fixed-Rate Breathing 
280.344,60.9756,M6_hrv,Metronomic Breathing,Fixed-Rate Breathing 
281.328,60.9756,M6_hrv,Metronomic Breathing,Fixed-Rate Breathing 
282.312,65.5022,M6_hrv,Metronomic Breathing,Fixed-Rate Breathing 
283.228,60.4839,M6_hrv,Metronomic Breathing,Fixed-Rate Breathing 
284.22,60.9756,M6_hrv,Metronomic Breathing,Fixed-Rate Breathing 
285.204,61.2245,M6_hrv,Metronomic Breathing,Fixed-Rate Breathing 
286.184,65.2174,M6_hrv,Metronomic Breathing,Fixed-Rate Breathing 
287.104,61.9835,M6_hrv,Metronomic Breathing,Fixed-Rate Breathing 
288.072,61.7284,M6_hrv,Metronomic Breathing,Fixed-Rate Breathing 
289.044,62.5,M6_hrv,Metronomic Breathing,Fixed-Rate Breathing 
290.004,64.9351,M6_hrv,Metronomic Breathing,Fixed-Rate Breathing 
290.928,63.5593,M6_hrv,Metronomic Breathing,Fixed-Rate Breathing 
291.872,62.2407,M6_hrv,Metronomic Breathing,Fixed-Rate Breathing 
292.836,62.5,M6_hrv,Metronomic Breathing,Fixed-Rate Breathing 
293.796,63.0252,M6_hrv,Metronomic Breathing,Fixed-Rate Breathing 
294.748,64.1026,M6_hrv,Metronomic Breathing,Fixed-Rate Breathing 
295.684,61.4754,M6_hrv,Metronomic Breathing,Fixed-Rate Breathing 
296.66,61.2245,M6_hrv,Metronomic Breathing,Fixed-Rate Breathing 
297.64,62.2407,M6_hrv,Metronomic Breathing,Fixed-Rate Breathing 
298.604,61.4754,M6_hrv,Metronomic Breathing,Fixed-Rate Breathing 
299.58,59.2885,M6_hrv,Metronomic Breathing,Fixed-Rate Breathing 
300.592,58.8235,M6_hrv,Metronomic Breathing,Fixed-Rate Breathing 
301.612,60.4839,M6_hrv,Metronomic Breathing,Fixed-Rate Breathing 
302.604,62.2407,M6_hrv,Metronomic Breathing,Fixed-Rate Breathing 
303.568,60.0,M6_hrv,Metronomic Breathing,Fixed-Rate Breathing 
304.568,60.241,M6_hrv,Metronomic Breathing,Fixed-Rate Breathing 
305.564,61.7284,M6_hrv,Metronomic Breathing,Fixed-Rate Breathing 
306.536,66.6667,M6_hrv,Metronomic Breathing,Fixed-Rate Breathing 
307.436,65.5022,M6_hrv,Metronomic Breathing,Fixed-Rate Breathing 
308.352,64.3777,M6_hrv,Metronomic Breathing,Fixed-Rate Breathing 
309.284,61.9835,M6_hrv,Metronomic Breathing,Fixed-Rate Breathing 
310.252,60.4839,M6_hrv,Metronomic Breathing,Fixed-Rate Breathing 
311.244,60.241,M6_hrv,Metronomic Breathing,Fixed-Rate Breathing 
312.24,64.1026,M6_hrv,Metronomic Breathing,Fixed-Rate Breathing 
313.176,61.9835,M6_hrv,Metronomic Breathing,Fixed-Rate Breathing 
314.144,60.4839,M6_hrv,Metronomic Breathing,Fixed-Rate Breathing 
315.136,60.0,M6_hrv,Metronomic Breathing,Fixed-Rate Breathing 
316.136,61.7284,M6_hrv,Metronomic Breathing,Fixed-Rate Breathing 
317.108,61.4754,M6_hrv,Metronomic Breathing,Fixed-Rate Breathing 
318.084,60.4839,M6_hrv,Metronomic Breathing,Fixed-Rate Breathing 
319.076,59.0551,M6_hrv,Metronomic Breathing,Fixed-Rate Breathing 
320.092,65.7895,M6_hrv,Metronomic Breathing,Fixed-Rate Breathing 
321.004,61.9835,M6_hrv,Metronomic Breathing,Fixed-Rate Breathing 
321.972,60.241,M6_hrv,Metronomic Breathing,Fixed-Rate Breathing 
322.968,58.5937,M6_hrv,Metronomic Breathing,Fixed-Rate Breathing 
323.992,64.3777,M6_hrv,Metronomic Breathing,Fixed-Rate Breathing 
324.924,59.5238,M6_hrv,Metronomic Breathing,Fixed-Rate Breathing 
325.932,59.0551,M6_hrv,Metronomic Breathing,Fixed-Rate Breathing 
326.948,59.2885,M6_hrv,Metronomic Breathing,Fixed-Rate Breathing 
327.96,60.7287,M6_hrv,Metronomic Breathing,Fixed-Rate Breathing 
328.948,61.7284,M6_hrv,Metronomic Breathing,Fixed-Rate Breathing 
329.92,58.3658,M6_hrv,Metronomic Breathing,Fixed-Rate Breathing 
330.948,57.2519,M6_hrv,Metronomic Breathing,Fixed-Rate Breathing 
331.996,62.2407,M6_hrv,Metronomic Breathing,Fixed-Rate Breathing 
332.96,58.8235,M6_hrv,Metronomic Breathing,Fixed-Rate Breathing 
333.98,58.1395,M6_hrv,Metronomic Breathing,Fixed-Rate Breathing 
335.012,58.1395,M6_hrv,Metronomic Breathing,Fixed-Rate Breathing 
336.044,60.9756,M6_hrv,Metronomic Breathing,Fixed-Rate Breathing 
337.028,60.9756,M6_hrv,Metronomic Breathing,Fixed-Rate Breathing 
338.012,58.3658,M6_hrv,Metronomic Breathing,Fixed-Rate Breathing 
339.04,58.8235,M6_hrv,Metronomic Breathing,Fixed-Rate Breathing 
340.06,63.8298,M6_hrv,Metronomic Breathing,Fixed-Rate Breathing 
341.0,57.9151,M6_hrv,Metronomic Breathing,Fixed-Rate Breathing 
342.036,57.4713,M6_hrv,Metronomic Breathing,Fixed-Rate Breathing 
343.08,58.5937,M6_hrv,Metronomic Breathing,Fixed-Rate Breathing 
344.104,64.1026,M6_hrv,Metronomic Breathing,Fixed-Rate Breathing 
345.04,59.2885,M6_hrv,Metronomic Breathing,Fixed-Rate Breathing 
346.052,58.3658,M6_hrv,Metronomic Breathing,Fixed-Rate Breathing 
347.08,59.2885,M6_hrv,Metronomic Breathing,Fixed-Rate Breathing 
348.092,62.5,M6_hrv,Metronomic Breathing,Fixed-Rate Breathing 
349.052,60.0,M6_hrv,Metronomic Breathing,Fixed-Rate Breathing 
350.052,59.2885,M6_hrv,Metronomic Breathing,Fixed-Rate Breathing 
351.064,60.9756,M6_hrv,Metronomic Breathing,Fixed-Rate Breathing 
352.048,64.3777,M6_hrv,Metronomic Breathing,Fixed-Rate Breathing 
352.98,60.9756,M6_hrv,Metronomic Breathing,Fixed-Rate Breathing 
353.964,60.0,M6_hrv,Metronomic Breathing,Fixed-Rate Breathing 
354.964,59.5238,M6_hrv,Metronomic Breathing,Fixed-Rate Breathing 
355.972,59.5238,M6_hrv,Metronomic Breathing,Fixed-Rate Breathing 
356.98,63.0252,M6_hrv,Metronomic Breathing,Fixed-Rate Breathing 
357.932,61.4754,M6_hrv,Metronomic Breathing,Fixed-Rate Breathing 
358.908,60.241,M6_hrv,Metronomic Breathing,Fixed-Rate Breathing 
359.904,60.0,M6_hrv,Metronomic Breathing,Fixed-Rate Breathing 
360.904,62.7615,M6_hrv,Metronomic Breathing,Fixed-Rate Breathing 
361.86,61.2245,M6_hrv,Metronomic Breathing,Fixed-Rate Breathing 
362.84,61.4754,M6_hrv,Metronomic Breathing,Fixed-Rate Breathing 
363.816,61.2245,M6_hrv,Metronomic Breathing,Fixed-Rate Breathing 
364.796,62.7615,M6_hrv,Metronomic Breathing,Fixed-Rate Breathing 
365.752,64.1026,M6_hrv,Metronomic Breathing,Fixed-Rate Breathing 
366.688,62.2407,M6_hrv,Metronomic Breathing,Fixed-Rate Breathing 
367.652,60.4839,M6_hrv,Metronomic Breathing,Fixed-Rate Breathing 
368.644,60.9756,M6_hrv,Metronomic Breathing,Fixed-Rate Breathing 
369.628,61.4754,M6_hrv,Metronomic Breathing,Fixed-Rate Breathing 
370.604,60.4839,M6_hrv,Metronomic Breathing,Fixed-Rate Breathing 
371.596,61.2245,M6_hrv,Metronomic Breathing,Fixed-Rate Breathing 
372.576,64.6552,M6_hrv,Metronomic Breathing,Fixed-Rate Breathing 
373.504,61.2245,M6_hrv,Metronomic Breathing,Fixed-Rate Breathing 
374.484,59.2885,M6_hrv,Metronomic Breathing,Fixed-Rate Breathing 
375.496,60.0,M6_hrv,Metronomic Breathing,Fixed-Rate Breathing 
376.496,61.7284,M6_hrv,Metronomic Breathing,Fixed-Rate Breathing 
377.468,63.0252,M6_hrv,Metronomic Breathing,Fixed-Rate Breathing 
378.42,61.7284,M6_hrv,Metronomic Breathing,Fixed-Rate Breathing 
379.392,60.7287,M6_hrv,Metronomic Breathing,Fixed-Rate Breathing 
380.38,63.2911,M6_hrv,Metronomic Breathing,Fixed-Rate Breathing 
381.328,63.0252,M6_hrv,Metronomic Breathing,Fixed-Rate Breathing 
382.28,64.1026,M6_hrv,Metronomic Breathing,Fixed-Rate Breathing 
383.216,62.5,M6_hrv,Metronomic Breathing,Fixed-Rate Breathing 
384.176,61.7284,M6_hrv,Metronomic Breathing,Fixed-Rate Breathing 
385.148,63.2911,M6_hrv,Metronomic Breathing,Fixed-Rate Breathing 
386.096,63.2911,M6_hrv,Metronomic Breathing,Fixed-Rate Breathing 
387.044,62.7615,M6_hrv,Metronomic Breathing,Fixed-Rate Breathing 
388.0,61.9835,M6_hrv,Metronomic Breathing,Fixed-Rate Breathing 
388.968,62.7615,M6_hrv,Metronomic Breathing,Fixed-Rate Breathing 
389.924,63.0252,M6_hrv,Metronomic Breathing,Fixed-Rate Breathing 
390.876,65.5022,M6_hrv,Metronomic Breathing,Fixed-Rate Breathing 
391.792,63.8298,M6_hrv,Metronomic Breathing,Fixed-Rate Breathing 
392.732,65.7895,M6_hrv,Metronomic Breathing,Fixed-Rate Breathing 
393.644,65.7895,M6_hrv,Metronomic Breathing,Fixed-Rate Breathing 
394.556,69.1244,M6_hrv,Metronomic Breathing,Fixed-Rate Breathing 
395.424,63.8298,M6_hrv,Metronomic Breathing,Fixed-Rate Breathing 
396.364,64.1026,M6_hrv,Metronomic Breathing,Fixed-Rate Breathing 
397.3,66.0793,M6_hrv,Metronomic Breathing,Fixed-Rate Breathing 
398.208,71.09,M6_hrv,Metronomic Breathing,Fixed-Rate Breathing 
399.052,73.8916,M6_hrv,Metronomic Breathing,Fixed-Rate Breathing 
399.864,63.0252,M6_hrv,Metronomic Breathing,Fixed-Rate Breathing 
400.816,64.3777,M6_hrv,Metronomic Breathing,Fixed-Rate Breathing 
401.748,63.5593,M6_hrv,Metronomic Breathing,Fixed-Rate Breathing 
402.692,61.9835,M6_hrv,Metronomic Breathing,Fixed-Rate Breathing 
403.66,67.5676,M6_hrv,Metronomic Breathing,Fixed-Rate Breathing 
404.548,62.5,M6_hrv,Metronomic Breathing,Fixed-Rate Breathing 
405.508,61.2245,M6_hrv,Metronomic Breathing,Fixed-Rate Breathing 
406.488,61.2245,M6_hrv,Metronomic Breathing,Fixed-Rate Breathing 
407.468,65.7895,M6_hrv,Metronomic Breathing,Fixed-Rate Breathing 
408.38,64.3777,M6_hrv,Metronomic Breathing,Fixed-Rate Breathing 
409.312,61.9835,M6_hrv,Metronomic Breathing,Fixed-Rate Breathing 
410.28,60.4839,M6_hrv,Metronomic Breathing,Fixed-Rate Breathing 
411.272,66.3717,M6_hrv,Metronomic Breathing,Fixed-Rate Breathing 
412.176,61.7284,M6_hrv,Metronomic Breathing,Fixed-Rate Breathing 
413.148,60.4839,M6_hrv,Metronomic Breathing,Fixed-Rate Breathing 
414.14,60.4839,M6_hrv,Metronomic Breathing,Fixed-Rate Breathing 
415.132,67.2646,M6_hrv,Metronomic Breathing,Fixed-Rate Breathing 
416.024,68.1818,M6_hrv,Metronomic Breathing,Fixed-Rate Breathing 
416.904,62.2407,M6_hrv,Metronomic Breathing,Fixed-Rate Breathing 
417.868,61.9835,M6_hrv,Metronomic Breathing,Fixed-Rate Breathing 
418.836,60.7287,M6_hrv,Metronomic Breathing,Fixed-Rate Breathing 
419.824,62.2407,M6_hrv,Metronomic Breathing,Fixed-Rate Breathing 
420.788,60.0,M6_hrv,Metronomic Breathing,Fixed-Rate Breathing 
421.788,58.8235,M6_hrv,Metronomic Breathing,Fixed-Rate Breathing 
422.808,59.0551,M6_hrv,Metronomic Breathing,Fixed-Rate Breathing 
423.824,61.4754,M6_hrv,Metronomic Breathing,Fixed-Rate Breathing 
424.8,57.2519,M6_hrv,Metronomic Breathing,Fixed-Rate Breathing 
425.848,56.8182,M6_hrv,Metronomic Breathing,Fixed-Rate Breathing 
426.904,56.391,M6_hrv,Metronomic Breathing,Fixed-Rate Breathing 
427.968,61.2245,M6_hrv,Metronomic Breathing,Fixed-Rate Breathing 
428.948,56.8182,M6_hrv,Metronomic Breathing,Fixed-Rate Breathing 
430.004,55.9701,M6_hrv,Metronomic Breathing,Fixed-Rate Breathing 
431.076,56.1798,M6_hrv,Metronomic Breathing,Fixed-Rate Breathing 
432.144,60.9756,M6_hrv,Metronomic Breathing,Fixed-Rate Breathing 
433.128,56.1798,M6_hrv,Metronomic Breathing,Fixed-Rate Breathing 
434.196,55.9701,M6_hrv,Metronomic Breathing,Fixed-Rate Breathing 
435.268,57.0342,M6_hrv,Metronomic Breathing,Fixed-Rate Breathing 
436.32,60.241,M6_hrv,Metronomic Breathing,Fixed-Rate Breathing 
437.316,58.1395,M6_hrv,Metronomic Breathing,Fixed-Rate Breathing 
438.348,57.4713,M6_hrv,Metronomic Breathing,Fixed-Rate Breathing 
439.392,58.1395,M6_hrv,Metronomic Breathing,Fixed-Rate Breathing 
440.424,59.2885,M6_hrv,Metronomic Breathing,Fixed-Rate Breathing 
441.436,58.8235,M6_hrv,Metronomic Breathing,Fixed-Rate Breathing 
442.456,57.9151,M6_hrv,Metronomic Breathing,Fixed-Rate Breathing 
443.492,59.2885,M6_hrv,Metronomic Breathing,Fixed-Rate Breathing 
444.504,59.0551,M6_hrv,Metronomic Breathing,Fixed-Rate Breathing 
445.52,57.2519,M6_hrv,Metronomic Breathing,Fixed-Rate Breathing 
446.568,57.2519,M6_hrv,Metronomic Breathing,Fixed-Rate Breathing 
447.616,61.2245,M6_hrv,Metronomic Breathing,Fixed-Rate Breathing 
448.596,59.0551,M6_hrv,Metronomic Breathing,Fixed-Rate Breathing 
449.612,61.2245,M6_hrv,Metronomic Breathing,Fixed-Rate Breathing 
450.592,59.0551,M6_hrv,Metronomic Breathing,Fixed-Rate Breathing 
451.608,64.3777,M6_hrv,Metronomic Breathing,Fixed-Rate Breathing 
452.54,59.761,M6_hrv,Metronomic Breathing,Fixed-Rate Breathing 
453.544,59.0551,M6_hrv,Metronomic Breathing,Fixed-Rate Breathing 
454.56,59.2885,M6_hrv,Metronomic Breathing,Fixed-Rate Breathing 
455.572,63.2911,M6_hrv,Metronomic Breathing,Fixed-Rate Breathing 
456.52,59.5238,M6_hrv,Metronomic Breathing,Fixed-Rate Breathing 
457.528,58.3658,M6_hrv,Metronomic Breathing,Fixed-Rate Breathing 
458.556,58.5937,M6_hrv,Metronomic Breathing,Fixed-Rate Breathing 
459.58,60.7287,M6_hrv,Metronomic Breathing,Fixed-Rate Breathing 
460.568,59.761,M6_hrv,Metronomic Breathing,Fixed-Rate Breathing 
461.572,60.4839,M6_hrv,Metronomic Breathing,Fixed-Rate Breathing 
462.564,60.4839,M6_hrv,Metronomic Breathing,Fixed-Rate Breathing 
463.556,60.9756,M6_hrv,Metronomic Breathing,Fixed-Rate Breathing 
464.54,61.9835,M6_hrv,Metronomic Breathing,Fixed-Rate Breathing 
465.508,60.9756,M6_hrv,Metronomic Breathing,Fixed-Rate Breathing 
466.492,60.0,M6_hrv,Metronomic Breathing,Fixed-Rate Breathing 
467.492,60.0,M6_hrv,Metronomic Breathing,Fixed-Rate Breathing 
468.492,64.6552,M6_hrv,Metronomic Breathing,Fixed-Rate Breathing 
469.42,61.2245,M6_hrv,Metronomic Breathing,Fixed-Rate Breathing 
470.4,59.761,M6_hrv,Metronomic Breathing,Fixed-Rate Breathing 
471.404,62.2407,M6_hrv,Metronomic Breathing,Fixed-Rate Breathing 
472.368,60.7287,M6_hrv,Metronomic Breathing,Fixed-Rate Breathing 
473.356,60.4839,M6_hrv,Metronomic Breathing,Fixed-Rate Breathing 
474.348,60.9756,M6_hrv,Metronomic Breathing,Fixed-Rate Breathing 
475.332,60.241,M6_hrv,Metronomic Breathing,Fixed-Rate Breathing 
476.328,65.7895,M6_hrv,Metronomic Breathing,Fixed-Rate Breathing 
477.24,64.3777,M6_hrv,Metronomic Breathing,Fixed-Rate Breathing 
478.172,62.7615,M6_hrv,Metronomic Breathing,Fixed-Rate Breathing 
479.128,68.1818,M6_hrv,Metronomic Breathing,Fixed-Rate Breathing 
480.008,68.8073,M6_hrv,Metronomic Breathing,Fixed-Rate Breathing 
480.88,69.4444,M6_hrv,Metronomic Breathing,Fixed-Rate Breathing 
481.744,65.2174,M6_hrv,Metronomic Breathing,Fixed-Rate Breathing 
482.664,63.2911,M6_hrv,Metronomic Breathing,Fixed-Rate Breathing 
483.612,61.4754,M6_hrv,Metronomic Breathing,Fixed-Rate Breathing 
484.588,63.5593,M6_hrv,Metronomic Breathing,Fixed-Rate Breathing 
485.532,61.9835,M6_hrv,Metronomic Breathing,Fixed-Rate Breathing 
486.5,61.4754,M6_hrv,Metronomic Breathing,Fixed-Rate Breathing 
487.476,62.2407,M6_hrv,Metronomic Breathing,Fixed-Rate Breathing 
488.44,61.2245,M6_hrv,Metronomic Breathing,Fixed-Rate Breathing 
489.42,64.9351,M6_hrv,Metronomic Breathing,Fixed-Rate Breathing 
490.344,63.0252,M6_hrv,Metronomic Breathing,Fixed-Rate Breathing 
491.296,60.241,M6_hrv,Metronomic Breathing,Fixed-Rate Breathing 
492.292,58.5937,M6_hrv,Metronomic Breathing,Fixed-Rate Breathing 
493.316,64.3777,M6_hrv,Metronomic Breathing,Fixed-Rate Breathing 
494.248,59.761,M6_hrv,Metronomic Breathing,Fixed-Rate Breathing 
495.252,58.5937,M6_hrv,Metronomic Breathing,Fixed-Rate Breathing 
496.276,60.9756,M6_hrv,Metronomic Breathing,Fixed-Rate Breathing 
497.26,60.0,M6_hrv,Metronomic Breathing,Fixed-Rate Breathing 
498.26,59.0551,M6_hrv,Metronomic Breathing,Fixed-Rate Breathing 
499.276,58.3658,M6_hrv,Metronomic Breathing,Fixed-Rate Breathing 
500.304,64.1026,M6_hrv,Metronomic Breathing,Fixed-Rate Breathing 
501.24,59.761,M6_hrv,Metronomic Breathing,Fixed-Rate Breathing 
502.244,58.8235,M6_hrv,Metronomic Breathing,Fixed-Rate Breathing 
503.264,58.1395,M6_hrv,Metronomic Breathing,Fixed-Rate Breathing 
504.296,64.9351,M6_hrv,Metronomic Breathing,Fixed-Rate Breathing 
505.22,59.2885,M6_hrv,Metronomic Breathing,Fixed-Rate Breathing 
506.232,57.9151,M6_hrv,Metronomic Breathing,Fixed-Rate Breathing 
507.268,57.4713,M6_hrv,Metronomic Breathing,Fixed-Rate Breathing 
508.312,59.0551,M6_hrv,Metronomic Breathing,Fixed-Rate Breathing 
509.328,59.0551,M6_hrv,Metronomic Breathing,Fixed-Rate Breathing 
510.344,58.5937,M6_hrv,Metronomic Breathing,Fixed-Rate Breathing 
511.368,59.0551,M6_hrv,Metronomic Breathing,Fixed-Rate Breathing 
512.384,59.761,M6_hrv,Metronomic Breathing,Fixed-Rate Breathing 
513.388,62.5,M6_hrv,Metronomic Breathing,Fixed-Rate Breathing 
514.348,60.241,M6_hrv,Metronomic Breathing,Fixed-Rate Breathing 
515.344,61.9835,M6_hrv,Metronomic Breathing,Fixed-Rate Breathing 
516.312,60.7287,M6_hrv,Metronomic Breathing,Fixed-Rate Breathing 
517.3,62.7615,M6_hrv,Metronomic Breathing,Fixed-Rate Breathing 
518.256,63.5593,M6_hrv,Metronomic Breathing,Fixed-Rate Breathing 
519.2,63.5593,M6_hrv,Metronomic Breathing,Fixed-Rate Breathing 
520.144,61.7284,M6_hrv,Metronomic Breathing,Fixed-Rate Breathing 
521.116,62.2407,M6_hrv,Metronomic Breathing,Fixed-Rate Breathing 
522.08,63.2911,M6_hrv,Metronomic Breathing,Fixed-Rate Breathing 
523.028,65.2174,M6_hrv,Metronomic Breathing,Fixed-Rate Breathing 
523.948,61.4754,M6_hrv,Metronomic Breathing,Fixed-Rate Breathing 
524.924,60.241,M6_hrv,Metronomic Breathing,Fixed-Rate Breathing 
525.92,60.9756,M6_hrv,Metronomic Breathing,Fixed-Rate Breathing 
526.904,63.8298,M6_hrv,Metronomic Breathing,Fixed-Rate Breathing 
527.844,60.9756,M6_hrv,Metronomic Breathing,Fixed-Rate Breathing 
528.828,60.241,M6_hrv,Metronomic Breathing,Fixed-Rate Breathing 
529.824,62.5,M6_hrv,Metronomic Breathing,Fixed-Rate Breathing 
530.784,62.2407,M6_hrv,Metronomic Breathing,Fixed-Rate Breathing 
531.748,61.4754,M6_hrv,Metronomic Breathing,Fixed-Rate Breathing 
532.724,61.4754,M6_hrv,Metronomic Breathing,Fixed-Rate Breathing 
533.7,66.0793,M6_hrv,Metronomic Breathing,Fixed-Rate Breathing 
534.608,63.2911,M6_hrv,Metronomic Breathing,Fixed-Rate Breathing 
535.556,63.2911,M6_hrv,Metronomic Breathing,Fixed-Rate Breathing 
536.504,61.9835,M6_hrv,Metronomic Breathing,Fixed-Rate Breathing 
537.472,63.2911,M6_hrv,Metronomic Breathing,Fixed-Rate Breathing 
538.42,65.2174,M6_hrv,Metronomic Breathing,Fixed-Rate Breathing 
539.34,62.5,M6_hrv,Metronomic Breathing,Fixed-Rate Breathing 
540.3,62.7615,M6_hrv,Metronomic Breathing,Fixed-Rate Breathing 
541.256,63.2911,M6_hrv,Metronomic Breathing,Fixed-Rate Breathing 
542.204,65.2174,M6_hrv,Metronomic Breathing,Fixed-Rate Breathing 
543.124,61.9835,M6_hrv,Metronomic Breathing,Fixed-Rate Breathing 
544.092,62.7615,M6_hrv,Metronomic Breathing,Fixed-Rate Breathing 
545.048,64.1026,M6_hrv,Metronomic Breathing,Fixed-Rate Breathing 
545.984,66.6667,M6_hrv,Metronomic Breathing,Fixed-Rate Breathing 
546.884,65.7895,M6_hrv,Metronomic Breathing,Fixed-Rate Breathing 
547.796,68.8073,M6_hrv,Metronomic Breathing,Fixed-Rate Breathing 
548.668,61.2245,M6_hrv,Metronomic Breathing,Fixed-Rate Breathing 
549.648,61.2245,M6_hrv,Metronomic Breathing,Fixed-Rate Breathing 
550.628,66.0793,M6_hrv,Metronomic Breathing,Fixed-Rate Breathing 
551.536,60.9756,M6_hrv,Metronomic Breathing,Fixed-Rate Breathing 
552.52,60.241,M6_hrv,Metronomic Breathing,Fixed-Rate Breathing 
553.516,60.0,M6_hrv,Metronomic Breathing,Fixed-Rate Breathing 
554.516,64.1026,M6_hrv,Metronomic Breathing,Fixed-Rate Breathing 
555.452,58.3658,M6_hrv,Metronomic Breathing,Fixed-Rate Breathing 
556.48,60.9756,M6_hrv,Metronomic Breathing,Fixed-Rate Breathing 
557.464,66.9643,M6_hrv,Metronomic Breathing,Fixed-Rate Breathing 
558.36,67.2646,M6_hrv,Metronomic Breathing,Fixed-Rate Breathing 
559.252,61.7284,M6_hrv,Metronomic Breathing,Fixed-Rate Breathing 
560.224,64.6552,M6_hrv,Metronomic Breathing,Fixed-Rate Breathing 
561.152,60.4839,M6_hrv,Metronomic Breathing,Fixed-Rate Breathing 
562.144,58.3658,M6_hrv,Metronomic Breathing,Fixed-Rate Breathing 
563.172,61.7284,M6_hrv,Metronomic Breathing,Fixed-Rate Breathing 
564.144,60.4839,M6_hrv,Metronomic Breathing,Fixed-Rate Breathing 
565.136,60.0,M6_hrv,Metronomic Breathing,Fixed-Rate Breathing 
566.136,58.5937,M6_hrv,Metronomic Breathing,Fixed-Rate Breathing 
567.16,59.2885,M6_hrv,Metronomic Breathing,Fixed-Rate Breathing 
568.172,59.0551,M6_hrv,Metronomic Breathing,Fixed-Rate Breathing 
569.188,57.6923,M6_hrv,Metronomic Breathing,Fixed-Rate Breathing 
570.228,57.9151,M6_hrv,Metronomic Breathing,Fixed-Rate Breathing 
571.264,65.2174,M6_hrv,Metronomic Breathing,Fixed-Rate Breathing 
572.184,63.2911,M6_hrv,Metronomic Breathing,Fixed-Rate Breathing 
573.132,60.9756,M6_hrv,Metronomic Breathing,Fixed-Rate Breathing 
574.116,62.5,M6_hrv,Metronomic Breathing,Fixed-Rate Breathing 
575.076,63.8298,M6_hrv,Metronomic Breathing,Fixed-Rate Breathing 
576.016,67.8733,M6_hrv,Metronomic Breathing,Fixed-Rate Breathing 
576.9,61.7284,M6_hrv,Metronomic Breathing,Fixed-Rate Breathing 
577.872,60.9756,M6_hrv,Metronomic Breathing,Fixed-Rate Breathing 
578.856,62.7615,M6_hrv,Metronomic Breathing,Fixed-Rate Breathing 
579.812,63.5593,M6_hrv,Metronomic Breathing,Fixed-Rate Breathing 
580.756,60.4839,M6_hrv,Metronomic Breathing,Fixed-Rate Breathing 
581.748,59.5238,M6_hrv,Metronomic Breathing,Fixed-Rate Breathing 
582.756,59.5238,M6_hrv,Metronomic Breathing,Fixed-Rate Breathing 
583.764,61.2245,M6_hrv,Metronomic Breathing,Fixed-Rate Breathing 
584.744,58.1395,M6_hrv,Metronomic Breathing,Fixed-Rate Breathing 
585.776,58.8235,M6_hrv,Metronomic Breathing,Fixed-Rate Breathing 
586.796,58.3658,M6_hrv,Metronomic Breathing,Fixed-Rate Breathing 
587.824,60.7287,M6_hrv,Metronomic Breathing,Fixed-Rate Breathing 
588.812,61.7284,M6_hrv,Metronomic Breathing,Fixed-Rate Breathing 
589.784,59.761,M6_hrv,Metronomic Breathing,Fixed-Rate Breathing 
590.788,59.761,M6_hrv,Metronomic Breathing,Fixed-Rate Breathing 
591.792,60.241,M6_hrv,Metronomic Breathing,Fixed-Rate Breathing 
592.788,62.7615,M6_hrv,Metronomic Breathing,Fixed-Rate Breathing 
593.744,59.0551,M6_hrv,Metronomic Breathing,Fixed-Rate Breathing 
594.76,59.5238,M6_hrv,Metronomic Breathing,Fixed-Rate Breathing 
595.768,63.2911,M6_hrv,Metronomic Breathing,Fixed-Rate Breathing 
596.716,64.3777,M6_hrv,Metronomic Breathing,Fixed-Rate Breathing 
597.648,62.5,M6_hrv,Metronomic Breathing,Fixed-Rate Breathing 
598.608,60.9756,M6_hrv,Metronomic Breathing,Fixed-Rate Breathing 
