Time,HeartRate,Subject,Group,State
1.336,78.125,M8_hrv,Metronomic Breathing,Fixed-Rate Breathing 
2.104,77.3196,M8_hrv,Metronomic Breathing,Fixed-Rate Breathing 
2.88,75.0,M8_hrv,Metronomic Breathing,Fixed-Rate Breathing 
3.68,71.09,M8_hrv,Metronomic Breathing,Fixed-Rate Breathing 
4.524,69.4444,M8_hrv,Metronomic Breathing,Fixed-Rate Breathing 
5.388,70.0935,M8_hrv,Metronomic Breathing,Fixed-Rate Breathing 
6.244,73.5294,M8_hrv,Metronomic Breathing,Fixed-Rate Breathing 
7.06,73.8916,M8_hrv,Metronomic Breathing,Fixed-Rate Breathing 
7.872,73.8916,M8_hrv,Metronomic Breathing,Fixed-Rate Breathing 
8.684,75.0,M8_hrv,Metronomic Breathing,Fixed-Rate Breathing 
9.484,75.3769,M8_hrv,Metronomic Breathing,Fixed-Rate Breathing 
10.28,74.6269,M8_hrv,Metronomic Breathing,Fixed-Rate Breathing 
11.084,71.7703,M8_hrv,Metronomic Breathing,Fixed-Rate Breathing 
11.92,71.4286,M8_hrv,Metronomic Breathing,Fixed-Rate Breathing 
12.76,72.4638,M8_hrv,Metronomic Breathing,Fixed-Rate Breathing 
13.588,71.4286,M8_hrv,Metronomic Breathing,Fixed-Rate Breathing 
14.428,69.7674,M8_hrv,Metronomic Breathing,Fixed-Rate Breathing 
15.288,73.1707,M8_hrv,Metronomic Breathing,Fixed-Rate Breathing 
16.108,74.2574,M8_hrv,Metronomic Breathing,Fixed-Rate Breathing 
16.916,72.1154,M8_hrv,Metronomic Breathing,Fixed-Rate Breathing 
17.748,71.09,M8_hrv,Metronomic Breathing,Fixed-Rate Breathing 
18.592,72.4638,M8_hrv,Metronomic Breathing,Fixed-Rate Breathing 
19.42,74.2574,M8_hrv,Metronomic Breathing,Fixed-Rate Breathing 
20.228,75.0,M8_hrv,Metronomic Breathing,Fixed-Rate Breathing 
21.028,74.2574,M8_hrv,Metronomic Breathing,Fixed-Rate Breathing 
21.836,72.8155,M8_hrv,Metronomic Breathing,Fixed-Rate Breathing 
22.66,72.4638,M8_hrv,Metronomic Breathing,Fixed-Rate Breathing 
23.488,74.6269,M8_hrv,Metronomic Breathing,Fixed-Rate Breathing 
24.292,74.6269,M8_hrv,Metronomic Breathing,Fixed-Rate Breathing 
25.096,73.5294,M8_hrv,Metronomic Breathing,Fixed-Rate Breathing 
25.912,72.8155,M8_hrv,Metronomic Breathing,Fixed-Rate Breathing 
26.736,73.8916,M8_hrv,Metronomic Breathing,Fixed-Rate Breathing 
27.548,75.3769,M8_hrv,Metronomic Breathing,Fixed-Rate Breathing 
28.344,75.3769,M8_hrv,Metronomic Breathing,Fixed-Rate Breathing 
29.14,74.2574,M8_hrv,Metronomic Breathing,Fixed-Rate Breathing 
29.948,73.5294,M8_hrv,Metronomic Breathing,Fixed-Rate Breathing 
30.764,73.5294,M8_hrv,Metronomic Breathing,Fixed-Rate Breathing 
31.58,74.6269,M8_hrv,Metronomic Breathing,Fixed-Rate Breathing 
32.384,75.0,M8_hrv,Metronomic Breathing,Fixed-Rate Breathing 
33.184,73.1707,M8_hrv,Metronomic Breathing,Fixed-Rate Breathing 
34.004,71.4286,M8_hrv,Metronomic Breathing,Fixed-Rate Breathing 
34.844,73.1707,M8_hrv,Metronomic Breathing,Fixed-Rate Breathing 
35.664,74.2574,M8_hrv,Metronomic Breathing,Fixed-Rate Breathing 
36.472,74.6269,M8_hrv,Metronomic Breathing,Fixed-Rate Breathing 
37.276,73.8916,M8_hrv,Metronomic Breathing,Fixed-Rate Breathing 
38.088,72.1154,M8_hrv,Metronomic Breathing,Fixed-Rate Breathing 
38.92,73.5294,M8_hrv,Metronomic Breathing,Fixed-Rate Breathing 
39.736,74.6269,M8_hrv,Metronomic Breathing,Fixed-Rate Breathing 
40.54,74.6269,M8_hrv,Metronomic Breathing,Fixed-Rate Breathing 
41.344,72.8155,M8_hrv,Metronomic Breathing,Fixed-Rate Breathing 
42.168,71.7703,M8_hrv,Metronomic Breathing,Fixed-Rate Breathing 
43.004,72.4638,M8_hrv,Metronomic Breathing,Fixed-Rate Breathing 
43.832,73.5294,M8_hrv,Metronomic Breathing,Fixed-Rate Breathing 
44.648,73.5294,M8_hrv,Metronomic Breathing,Fixed-Rate Breathing 
45.464,71.4286,M8_hrv,Metronomic Breathing,Fixed-Rate Breathing 
46.304,70.4225,M8_hrv,Metronomic Breathing,Fixed-Rate Breathing 
47.156,72.4638,M8_hrv,Metronomic Breathing,Fixed-Rate Breathing 
47.984,74.6269,M8_hrv,Metronomic Breathing,Fixed-Rate Breathing 
48.788,74.6269,M8_hrv,Metronomic Breathing,Fixed-Rate Breathing 
49.592,73.8916,M8_hrv,Metronomic Breathing,Fixed-Rate Breathing 
50.404,72.1154,M8_hrv,Metronomic Breathing,Fixed-Rate Breathing 
51.236,74.2574,M8_hrv,Metronomic Breathing,Fixed-Rate Breathing 
52.044,75.0,M8_hrv,Metronomic Breathing,Fixed-Rate Breathing 
52.844,74.6269,M8_hrv,Metronomic Breathing,Fixed-Rate Breathing 
53.648,73.8916,M8_hrv,Metronomic Breathing,Fixed-Rate Breathing 
54.46,72.8155,M8_hrv,Metronomic Breathing,Fixed-Rate Breathing 
55.284,72.1154,M8_hrv,Metronomic Breathing,Fixed-Rate Breathing 
56.116,73.1707,M8_hrv,Metronomic Breathing,Fixed-Rate Breathing 
56.936,72.8155,M8_hrv,Metronomic Breathing,Fixed-Rate Breathing 
57.76,72.1154,M8_hrv,Metronomic Breathing,Fixed-Rate Breathing 
58.592,70.4225,M8_hrv,Metronomic Breathing,Fixed-Rate Breathing 
59.444,71.4286,M8_hrv,Metronomic Breathing,Fixed-Rate Breathing 
60.284,73.5294,M8_hrv,Metronomic Breathing,Fixed-Rate Breathing 
61.1,72.8155,M8_hrv,Metronomic Breathing,Fixed-Rate Breathing 
61.924,71.4286,M8_hrv,Metronomic Breathing,Fixed-Rate Breathing 
62.764,72.4638,M8_hrv,Metronomic Breathing,Fixed-Rate Breathing 
63.592,73.5294,M8_hrv,Metronomic Breathing,Fixed-Rate Breathing 
64.408,73.8916,M8_hrv,Metronomic Breathing,Fixed-Rate Breathing 
65.22,73.1707,M8_hrv,Metronomic Breathing,Fixed-Rate Breathing 
66.04,70.4225,M8_hrv,Metronomic Breathing,Fixed-Rate Breathing 
66.892,70.7547,M8_hrv,Metronomic Breathing,Fixed-Rate Breathing 
67.74,72.1154,M8_hrv,Metronomic Breathing,Fixed-Rate Breathing 
68.572,73.5294,M8_hrv,Metronomic Breathing,Fixed-Rate Breathing 
69.388,72.8155,M8_hrv,Metronomic Breathing,Fixed-Rate Breathing 
70.212,71.09,M8_hrv,Metronomic Breathing,Fixed-Rate Breathing 
71.056,69.7674,M8_hrv,Metronomic Breathing,Fixed-Rate Breathing 
71.916,71.7703,M8_hrv,Metronomic Breathing,Fixed-Rate Breathing 
72.752,73.1707,M8_hrv,Metronomic Breathing,Fixed-Rate Breathing 
73.572,71.09,M8_hrv,Metronomic Breathing,Fixed-Rate Breathing 
74.416,69.4444,M8_hrv,Metronomic Breathing,Fixed-Rate Breathing 
75.28,70.4225,M8_hrv,Metronomic Breathing,Fixed-Rate Breathing 
76.132,73.1707,M8_hrv,Metronomic Breathing,Fixed-Rate Breathing 
76.952,75.3769,M8_hrv,Metronomic Breathing,Fixed-Rate Breathing 
77.748,74.2574,M8_hrv,Metronomic Breathing,Fixed-Rate Breathing 
78.556,74.2574,M8_hrv,Metronomic Breathing,Fixed-Rate Breathing 
79.364,74.6269,M8_hrv,Metronomic Breathing,Fixed-Rate Breathing 
80.168,75.0,M8_hrv,Metronomic Breathing,Fixed-Rate Breathing 
80.968,73.8916,M8_hrv,Metronomic Breathing,Fixed-Rate Breathing 
81.78,72.1154,M8_hrv,Metronomic Breathing,Fixed-Rate Breathing 
82.612,70.7547,M8_hrv,Metronomic Breathing,Fixed-Rate Breathing 
83.46,72.1154,M8_hrv,Metronomic Breathing,Fixed-Rate Breathing 
84.292,74.2574,M8_hrv,Metronomic Breathing,Fixed-Rate Breathing 
85.1,75.3769,M8_hrv,Metronomic Breathing,Fixed-Rate Breathing 
85.896,74.6269,M8_hrv,Metronomic Breathing,Fixed-Rate Breathing 
86.7,73.8916,M8_hrv,Metronomic Breathing,Fixed-Rate Breathing 
87.512,75.0,M8_hrv,Metronomic Breathing,Fixed-Rate Breathing 
88.312,75.3769,M8_hrv,Metronomic Breathing,Fixed-Rate Breathing 
89.108,76.1421,M8_hrv,Metronomic Breathing,Fixed-Rate Breathing 
89.896,74.6269,M8_hrv,Metronomic Breathing,Fixed-Rate Breathing 
90.7,73.1707,M8_hrv,Metronomic Breathing,Fixed-Rate Breathing 
91.52,73.1707,M8_hrv,Metronomic Breathing,Fixed-Rate Breathing 
92.34,74.6269,M8_hrv,Metronomic Breathing,Fixed-Rate Breathing 
93.144,75.3769,M8_hrv,Metronomic Breathing,Fixed-Rate Breathing 
93.94,74.2574,M8_hrv,Metronomic Breathing,Fixed-Rate Breathing 
94.748,73.5294,M8_hrv,Metronomic Breathing,Fixed-Rate Breathing 
95.564,74.6269,M8_hrv,Metronomic Breathing,Fixed-Rate Breathing 
96.368,75.7576,M8_hrv,Metronomic Breathing,Fixed-Rate Breathing 
97.16,77.7202,M8_hrv,Metronomic Breathing,Fixed-Rate Breathing 
97.932,77.3196,M8_hrv,Metronomic Breathing,Fixed-Rate Breathing 
98.708,75.3769,M8_hrv,Metronomic Breathing,Fixed-Rate Breathing 
99.504,75.0,M8_hrv,Metronomic Breathing,Fixed-Rate Breathing 
100.304,75.0,M8_hrv,Metronomic Breathing,Fixed-Rate Breathing 
101.104,76.1421,M8_hrv,Metronomic Breathing,Fixed-Rate Breathing 
101.892,76.5306,M8_hrv,Metronomic Breathing,Fixed-Rate Breathing 
102.676,74.2574,M8_hrv,Metronomic Breathing,Fixed-Rate Breathing 
103.484,73.5294,M8_hrv,Metronomic Breathing,Fixed-Rate Breathing 
104.3,73.1707,M8_hrv,Metronomic Breathing,Fixed-Rate Breathing 
105.12,74.2574,M8_hrv,Metronomic Breathing,Fixed-Rate Breathing 
105.928,74.2574,M8_hrv,Metronomic Breathing,Fixed-Rate Breathing 
106.736,74.2574,M8_hrv,Metronomic Breathing,Fixed-Rate Breathing 
107.544,72.1154,M8_hrv,Metronomic Breathing,Fixed-Rate Breathing 
108.376,70.7547,M8_hrv,Metronomic Breathing,Fixed-Rate Breathing 
109.224,72.1154,M8_hrv,Metronomic Breathing,Fixed-Rate Breathing 
110.056,72.8155,M8_hrv,Metronomic Breathing,Fixed-Rate Breathing 
110.88,71.7703,M8_hrv,Metronomic Breathing,Fixed-Rate Breathing 
111.716,70.0935,M8_hrv,Metronomic Breathing,Fixed-Rate Breathing 
112.572,71.7703,M8_hrv,Metronomic Breathing,Fixed-Rate Breathing 
113.408,73.5294,M8_hrv,Metronomic Breathing,Fixed-Rate Breathing 
114.224,73.1707,M8_hrv,Metronomic Breathing,Fixed-Rate Breathing 
115.044,72.8155,M8_hrv,Metronomic Breathing,Fixed-Rate Breathing 
115.868,72.8155,M8_hrv,Metronomic Breathing,Fixed-Rate Breathing 
116.692,74.2574,M8_hrv,Metronomic Breathing,Fixed-Rate Breathing 
117.5,75.7576,M8_hrv,Metronomic Breathing,Fixed-Rate Breathing 
118.292,73.5294,M8_hrv,Metronomic Breathing,Fixed-Rate Breathing 
119.108,70.7547,M8_hrv,Metronomic Breathing,Fixed-Rate Breathing 
119.956,68.4931,M8_hrv,Metronomic Breathing,Fixed-Rate Breathing 
120.832,69.1244,M8_hrv,Metronomic Breathing,Fixed-Rate Breathing 
121.7,71.7703,M8_hrv,Metronomic Breathing,Fixed-Rate Breathing 
122.536,71.7703,M8_hrv,Metronomic Breathing,Fixed-Rate Breathing 
123.372,69.4444,M8_hrv,Metronomic Breathing,Fixed-Rate Breathing 
124.236,68.4931,M8_hrv,Metronomic Breathing,Fixed-Rate Breathing 
125.112,70.0935,M8_hrv,Metronomic Breathing,Fixed-Rate Breathing 
125.968,72.8155,M8_hrv,Metronomic Breathing,Fixed-Rate Breathing 
126.792,76.1421,M8_hrv,Metronomic Breathing,Fixed-Rate Breathing 
127.58,75.7576,M8_hrv,Metronomic Breathing,Fixed-Rate Breathing 
128.372,75.3769,M8_hrv,Metronomic Breathing,Fixed-Rate Breathing 
129.168,76.1421,M8_hrv,Metronomic Breathing,Fixed-Rate Breathing 
129.956,76.1421,M8_hrv,Metronomic Breathing,Fixed-Rate Breathing 
130.744,73.5294,M8_hrv,Metronomic Breathing,Fixed-Rate Breathing 
131.56,71.7703,M8_hrv,Metronomic Breathing,Fixed-Rate Breathing 
132.396,72.4638,M8_hrv,Metronomic Breathing,Fixed-Rate Breathing 
133.224,74.2574,M8_hrv,Metronomic Breathing,Fixed-Rate Breathing 
134.032,74.6269,M8_hrv,Metronomic Breathing,Fixed-Rate Breathing 
134.836,73.5294,M8_hrv,Metronomic Breathing,Fixed-Rate Breathing 
135.652,72.8155,M8_hrv,Metronomic Breathing,Fixed-Rate Breathing 
136.476,73.8916,M8_hrv,Metronomic Breathing,Fixed-Rate Breathing 
137.288,75.3769,M8_hrv,Metronomic Breathing,Fixed-Rate Breathing 
138.084,75.7576,M8_hrv,Metronomic Breathing,Fixed-Rate Breathing 
138.876,73.8916,M8_hrv,Metronomic Breathing,Fixed-Rate Breathing 
139.688,72.4638,M8_hrv,Metronomic Breathing,Fixed-Rate Breathing 
140.516,72.8155,M8_hrv,Metronomic Breathing,Fixed-Rate Breathing 
141.34,75.3769,M8_hrv,Metronomic Breathing,Fixed-Rate Breathing 
142.136,76.5306,M8_hrv,Metronomic Breathing,Fixed-Rate Breathing 
142.92,75.3769,M8_hrv,Metronomic Breathing,Fixed-Rate Breathing 
143.716,73.1707,M8_hrv,Metronomic Breathing,Fixed-Rate Breathing 
144.536,72.4638,M8_hrv,Metronomic Breathing,Fixed-Rate Breathing 
145.364,73.8916,M8_hrv,Metronomic Breathing,Fixed-Rate Breathing 
146.176,76.5306,M8_hrv,Metronomic Breathing,Fixed-Rate Breathing 
146.96,75.3769,M8_hrv,Metronomic Breathing,Fixed-Rate Breathing 
147.756,73.1707,M8_hrv,Metronomic Breathing,Fixed-Rate Breathing 
148.576,72.4638,M8_hrv,Metronomic Breathing,Fixed-Rate Breathing 
149.404,73.8916,M8_hrv,Metronomic Breathing,Fixed-Rate Breathing 
150.216,76.5306,M8_hrv,Metronomic Breathing,Fixed-Rate Breathing 
151.0,78.125,M8_hrv,Metronomic Breathing,Fixed-Rate Breathing 
151.768,78.9474,M8_hrv,Metronomic Breathing,Fixed-Rate Breathing 
152.528,76.5306,M8_hrv,Metronomic Breathing,Fixed-Rate Breathing 
153.312,75.3769,M8_hrv,Metronomic Breathing,Fixed-Rate Breathing 
154.108,77.7202,M8_hrv,Metronomic Breathing,Fixed-Rate Breathing 
154.88,78.125,M8_hrv,Metronomic Breathing,Fixed-Rate Breathing 
155.648,77.7202,M8_hrv,Metronomic Breathing,Fixed-Rate Breathing 
156.42,75.0,M8_hrv,Metronomic Breathing,Fixed-Rate Breathing 
157.22,74.6269,M8_hrv,Metronomic Breathing,Fixed-Rate Breathing 
158.024,76.5306,M8_hrv,Metronomic Breathing,Fixed-Rate Breathing 
158.808,77.3196,M8_hrv,Metronomic Breathing,Fixed-Rate Breathing 
159.584,76.1421,M8_hrv,Metronomic Breathing,Fixed-Rate Breathing 
160.372,74.2574,M8_hrv,Metronomic Breathing,Fixed-Rate Breathing 
161.18,73.5294,M8_hrv,Metronomic Breathing,Fixed-Rate Breathing 
161.996,75.3769,M8_hrv,Metronomic Breathing,Fixed-Rate Breathing 
162.792,77.3196,M8_hrv,Metronomic Breathing,Fixed-Rate Breathing 
163.568,77.3196,M8_hrv,Metronomic Breathing,Fixed-Rate Breathing 
164.344,75.7576,M8_hrv,Metronomic Breathing,Fixed-Rate Breathing 
165.136,75.0,M8_hrv,Metronomic Breathing,Fixed-Rate Breathing 
165.936,77.7202,M8_hrv,Metronomic Breathing,Fixed-Rate Breathing 
166.708,77.3196,M8_hrv,Metronomic Breathing,Fixed-Rate Breathing 
167.484,75.0,M8_hrv,Metronomic Breathing,Fixed-Rate Breathing 
168.284,73.1707,M8_hrv,Metronomic Breathing,Fixed-Rate Breathing 
169.104,73.1707,M8_hrv,Metronomic Breathing,Fixed-Rate Breathing 
169.924,76.5306,M8_hrv,Metronomic Breathing,Fixed-Rate Breathing 
170.708,78.534,M8_hrv,Metronomic Breathing,Fixed-Rate Breathing 
171.472,76.9231,M8_hrv,Metronomic Breathing,Fixed-Rate Breathing 
172.252,75.0,M8_hrv,Metronomic Breathing,Fixed-Rate Breathing 
173.052,73.8916,M8_hrv,Metronomic Breathing,Fixed-Rate Breathing 
173.864,75.7576,M8_hrv,Metronomic Breathing,Fixed-Rate Breathing 
174.656,78.534,M8_hrv,Metronomic Breathing,Fixed-Rate Breathing 
175.42,78.534,M8_hrv,Metronomic Breathing,Fixed-Rate Breathing 
176.184,76.9231,M8_hrv,Metronomic Breathing,Fixed-Rate Breathing 
176.964,75.3769,M8_hrv,Metronomic Breathing,Fixed-Rate Breathing 
177.76,74.6269,M8_hrv,Metronomic Breathing,Fixed-Rate Breathing 
178.564,77.7202,M8_hrv,Metronomic Breathing,Fixed-Rate Breathing 
179.336,79.7872,M8_hrv,Metronomic Breathing,Fixed-Rate Breathing 
180.088,78.9474,M8_hrv,Metronomic Breathing,Fixed-Rate Breathing 
180.848,76.9231,M8_hrv,Metronomic Breathing,Fixed-Rate Breathing 
181.628,76.1421,M8_hrv,Metronomic Breathing,Fixed-Rate Breathing 
182.416,77.3196,M8_hrv,Metronomic Breathing,Fixed-Rate Breathing 
183.192,78.9474,M8_hrv,Metronomic Breathing,Fixed-Rate Breathing 
183.952,77.3196,M8_hrv,Metronomic Breathing,Fixed-Rate Breathing 
184.728,73.5294,M8_hrv,Metronomic Breathing,Fixed-Rate Breathing 
185.544,72.8155,M8_hrv,Metronomic Breathing,Fixed-Rate Breathing 
186.368,74.2574,M8_hrv,Metronomic Breathing,Fixed-Rate Breathing 
187.176,77.7202,M8_hrv,Metronomic Breathing,Fixed-Rate Breathing 
187.948,77.3196,M8_hrv,Metronomic Breathing,Fixed-Rate Breathing 
188.724,75.0,M8_hrv,Metronomic Breathing,Fixed-Rate Breathing 
189.524,75.3769,M8_hrv,Metronomic Breathing,Fixed-Rate Breathing 
190.32,76.5306,M8_hrv,Metronomic Breathing,Fixed-Rate Breathing 
191.104,78.9474,M8_hrv,Metronomic Breathing,Fixed-Rate Breathing 
191.864,80.6452,M8_hrv,Metronomic Breathing,Fixed-Rate Breathing 
192.608,78.534,M8_hrv,Metronomic Breathing,Fixed-Rate Breathing 
193.372,77.7202,M8_hrv,Metronomic Breathing,Fixed-Rate Breathing 
194.144,78.125,M8_hrv,Metronomic Breathing,Fixed-Rate Breathing 
194.912,79.7872,M8_hrv,Metronomic Breathing,Fixed-Rate Breathing 
195.664,81.5217,M8_hrv,Metronomic Breathing,Fixed-Rate Breathing 
196.4,82.4176,M8_hrv,Metronomic Breathing,Fixed-Rate Breathing 
197.128,80.6452,M8_hrv,Metronomic Breathing,Fixed-Rate Breathing 
197.872,78.9474,M8_hrv,Metronomic Breathing,Fixed-Rate Breathing 
198.632,78.125,M8_hrv,Metronomic Breathing,Fixed-Rate Breathing 
199.4,81.0811,M8_hrv,Metronomic Breathing,Fixed-Rate Breathing 
200.14,80.2139,M8_hrv,Metronomic Breathing,Fixed-Rate Breathing 
200.888,78.534,M8_hrv,Metronomic Breathing,Fixed-Rate Breathing 
201.652,76.9231,M8_hrv,Metronomic Breathing,Fixed-Rate Breathing 
202.432,76.5306,M8_hrv,Metronomic Breathing,Fixed-Rate Breathing 
203.216,78.9474,M8_hrv,Metronomic Breathing,Fixed-Rate Breathing 
203.976,80.6452,M8_hrv,Metronomic Breathing,Fixed-Rate Breathing 
204.72,82.4176,M8_hrv,Metronomic Breathing,Fixed-Rate Breathing 
205.448,80.6452,M8_hrv,Metronomic Breathing,Fixed-Rate Breathing 
206.192,79.7872,M8_hrv,Metronomic Breathing,Fixed-Rate Breathing 
206.944,80.2139,M8_hrv,Metronomic Breathing,Fixed-Rate Breathing 
207.692,82.4176,M8_hrv,Metronomic Breathing,Fixed-Rate Breathing 
208.42,82.4176,M8_hrv,Metronomic Breathing,Fixed-Rate Breathing 
209.148,80.6452,M8_hrv,Metronomic Breathing,Fixed-Rate Breathing 
209.892,78.534,M8_hrv,Metronomic Breathing,Fixed-Rate Breathing 
210.656,77.3196,M8_hrv,Metronomic Breathing,Fixed-Rate Breathing 
211.432,78.9474,M8_hrv,Metronomic Breathing,Fixed-Rate Breathing 
212.192,81.0811,M8_hrv,Metronomic Breathing,Fixed-Rate Breathing 
212.932,81.0811,M8_hrv,Metronomic Breathing,Fixed-Rate Breathing 
213.672,78.534,M8_hrv,Metronomic Breathing,Fixed-Rate Breathing 
214.436,78.125,M8_hrv,Metronomic Breathing,Fixed-Rate Breathing 
215.204,78.125,M8_hrv,Metronomic Breathing,Fixed-Rate Breathing 
215.972,79.3651,M8_hrv,Metronomic Breathing,Fixed-Rate Breathing 
216.728,79.7872,M8_hrv,Metronomic Breathing,Fixed-Rate Breathing 
217.48,77.3196,M8_hrv,Metronomic Breathing,Fixed-Rate Breathing 
218.256,75.0,M8_hrv,Metronomic Breathing,Fixed-Rate Breathing 
219.056,74.6269,M8_hrv,Metronomic Breathing,Fixed-Rate Breathing 
219.86,78.125,M8_hrv,Metronomic Breathing,Fixed-Rate Breathing 
220.628,78.125,M8_hrv,Metronomic Breathing,Fixed-Rate Breathing 
221.396,75.0,M8_hrv,Metronomic Breathing,Fixed-Rate Breathing 
222.196,73.5294,M8_hrv,Metronomic Breathing,Fixed-Rate Breathing 
223.012,73.8916,M8_hrv,Metronomic Breathing,Fixed-Rate Breathing 
223.824,75.0,M8_hrv,Metronomic Breathing,Fixed-Rate Breathing 
224.624,77.7202,M8_hrv,Metronomic Breathing,Fixed-Rate Breathing 
225.396,78.534,M8_hrv,Metronomic Breathing,Fixed-Rate Breathing 
226.16,76.5306,M8_hrv,Metronomic Breathing,Fixed-Rate Breathing 
226.944,75.0,M8_hrv,Metronomic Breathing,Fixed-Rate Breathing 
227.744,77.3196,M8_hrv,Metronomic Breathing,Fixed-Rate Breathing 
228.52,76.1421,M8_hrv,Metronomic Breathing,Fixed-Rate Breathing 
229.308,73.5294,M8_hrv,Metronomic Breathing,Fixed-Rate Breathing 
230.124,73.1707,M8_hrv,Metronomic Breathing,Fixed-Rate Breathing 
230.944,75.0,M8_hrv,Metronomic Breathing,Fixed-Rate Breathing 
231.744,76.9231,M8_hrv,Metronomic Breathing,Fixed-Rate Breathing 
232.524,78.534,M8_hrv,Metronomic Breathing,Fixed-Rate Breathing 
233.288,82.8729,M8_hrv,Metronomic Breathing,Fixed-Rate Breathing 
234.012,85.2273,M8_hrv,Metronomic Breathing,Fixed-Rate Breathing 
234.716,88.2353,M8_hrv,Metronomic Breathing,Fixed-Rate Breathing 
235.396,90.9091,M8_hrv,Metronomic Breathing,Fixed-Rate Breathing 
236.056,92.0245,M8_hrv,Metronomic Breathing,Fixed-Rate Breathing 
236.708,90.3615,M8_hrv,Metronomic Breathing,Fixed-Rate Breathing 
237.372,88.2353,M8_hrv,Metronomic Breathing,Fixed-Rate Breathing 
238.052,84.7458,M8_hrv,Metronomic Breathing,Fixed-Rate Breathing 
238.76,81.9672,M8_hrv,Metronomic Breathing,Fixed-Rate Breathing 
239.492,81.5217,M8_hrv,Metronomic Breathing,Fixed-Rate Breathing 
240.228,81.9672,M8_hrv,Metronomic Breathing,Fixed-Rate Breathing 
240.96,79.3651,M8_hrv,Metronomic Breathing,Fixed-Rate Breathing 
241.716,78.534,M8_hrv,Metronomic Breathing,Fixed-Rate Breathing 
242.48,78.9474,M8_hrv,Metronomic Breathing,Fixed-Rate Breathing 
243.24,80.6452,M8_hrv,Metronomic Breathing,Fixed-Rate Breathing 
243.984,81.9672,M8_hrv,Metronomic Breathing,Fixed-Rate Breathing 
244.716,81.5217,M8_hrv,Metronomic Breathing,Fixed-Rate Breathing 
245.452,79.7872,M8_hrv,Metronomic Breathing,Fixed-Rate Breathing 
246.204,78.9474,M8_hrv,Metronomic Breathing,Fixed-Rate Breathing 
246.964,77.7202,M8_hrv,Metronomic Breathing,Fixed-Rate Breathing 
247.736,79.7872,M8_hrv,Metronomic Breathing,Fixed-Rate Breathing 
248.488,80.2139,M8_hrv,Metronomic Breathing,Fixed-Rate Breathing 
249.236,79.3651,M8_hrv,Metronomic Breathing,Fixed-Rate Breathing 
249.992,76.9231,M8_hrv,Metronomic Breathing,Fixed-Rate Breathing 
250.772,75.0,M8_hrv,Metronomic Breathing,Fixed-Rate Breathing 
251.572,75.3769,M8_hrv,Metronomic Breathing,Fixed-Rate Breathing 
252.368,77.7202,M8_hrv,Metronomic Breathing,Fixed-Rate Breathing 
253.14,77.7202,M8_hrv,Metronomic Breathing,Fixed-Rate Breathing 
253.912,76.5306,M8_hrv,Metronomic Breathing,Fixed-Rate Breathing 
254.696,76.9231,M8_hrv,Metronomic Breathing,Fixed-Rate Breathing 
255.476,76.5306,M8_hrv,Metronomic Breathing,Fixed-Rate Breathing 
256.26,79.7872,M8_hrv,Metronomic Breathing,Fixed-Rate Breathing 
257.012,79.7872,M8_hrv,Metronomic Breathing,Fixed-Rate Breathing 
257.764,78.9474,M8_hrv,Metronomic Breathing,Fixed-Rate Breathing 
258.524,77.7202,M8_hrv,Metronomic Breathing,Fixed-Rate Breathing 
259.296,77.3196,M8_hrv,Metronomic Breathing,Fixed-Rate Breathing 
260.072,79.7872,M8_hrv,Metronomic Breathing,Fixed-Rate Breathing 
260.824,79.7872,M8_hrv,Metronomic Breathing,Fixed-Rate Breathing 
261.576,77.7202,M8_hrv,Metronomic Breathing,Fixed-Rate Breathing 
262.348,76.5306,M8_hrv,Metronomic Breathing,Fixed-Rate Breathing 
263.132,77.7202,M8_hrv,Metronomic Breathing,Fixed-Rate Breathing 
263.904,78.534,M8_hrv,Metronomic Breathing,Fixed-Rate Breathing 
264.668,78.9474,M8_hrv,Metronomic Breathing,Fixed-Rate Breathing 
265.428,77.3196,M8_hrv,Metronomic Breathing,Fixed-Rate Breathing 
266.204,76.5306,M8_hrv,Metronomic Breathing,Fixed-Rate Breathing 
266.988,76.1421,M8_hrv,Metronomic Breathing,Fixed-Rate Breathing 
267.776,78.125,M8_hrv,Metronomic Breathing,Fixed-Rate Breathing 
268.544,76.1421,M8_hrv,Metronomic Breathing,Fixed-Rate Breathing 
269.332,74.6269,M8_hrv,Metronomic Breathing,Fixed-Rate Breathing 
270.136,75.3769,M8_hrv,Metronomic Breathing,Fixed-Rate Breathing 
270.932,77.3196,M8_hrv,Metronomic Breathing,Fixed-Rate Breathing 
271.708,78.534,M8_hrv,Metronomic Breathing,Fixed-Rate Breathing 
272.472,80.2139,M8_hrv,Metronomic Breathing,Fixed-Rate Breathing 
273.22,82.4176,M8_hrv,Metronomic Breathing,Fixed-Rate Breathing 
273.948,84.2697,M8_hrv,Metronomic Breathing,Fixed-Rate Breathing 
274.66,85.2273,M8_hrv,Metronomic Breathing,Fixed-Rate Breathing 
275.364,84.2697,M8_hrv,Metronomic Breathing,Fixed-Rate Breathing 
276.076,81.9672,M8_hrv,Metronomic Breathing,Fixed-Rate Breathing 
276.808,81.0811,M8_hrv,Metronomic Breathing,Fixed-Rate Breathing 
277.548,81.9672,M8_hrv,Metronomic Breathing,Fixed-Rate Breathing 
278.28,79.3651,M8_hrv,Metronomic Breathing,Fixed-Rate Breathing 
279.036,77.7202,M8_hrv,Metronomic Breathing,Fixed-Rate Breathing 
279.808,78.534,M8_hrv,Metronomic Breathing,Fixed-Rate Breathing 
280.572,80.6452,M8_hrv,Metronomic Breathing,Fixed-Rate Breathing 
281.316,81.9672,M8_hrv,Metronomic Breathing,Fixed-Rate Breathing 
282.048,80.6452,M8_hrv,Metronomic Breathing,Fixed-Rate Breathing 
282.792,81.0811,M8_hrv,Metronomic Breathing,Fixed-Rate Breathing 
283.532,81.9672,M8_hrv,Metronomic Breathing,Fixed-Rate Breathing 
284.264,83.7989,M8_hrv,Metronomic Breathing,Fixed-Rate Breathing 
284.98,85.7143,M8_hrv,Metronomic Breathing,Fixed-Rate Breathing 
285.68,85.7143,M8_hrv,Metronomic Breathing,Fixed-Rate Breathing 
286.38,85.7143,M8_hrv,Metronomic Breathing,Fixed-Rate Breathing 
287.08,85.2273,M8_hrv,Metronomic Breathing,Fixed-Rate Breathing 
287.784,86.2069,M8_hrv,Metronomic Breathing,Fixed-Rate Breathing 
288.48,86.7052,M8_hrv,Metronomic Breathing,Fixed-Rate Breathing 
289.172,86.7052,M8_hrv,Metronomic Breathing,Fixed-Rate Breathing 
289.864,86.7052,M8_hrv,Metronomic Breathing,Fixed-Rate Breathing 
290.556,85.7143,M8_hrv,Metronomic Breathing,Fixed-Rate Breathing 
291.256,84.7458,M8_hrv,Metronomic Breathing,Fixed-Rate Breathing 
291.964,84.7458,M8_hrv,Metronomic Breathing,Fixed-Rate Breathing 
292.672,85.7143,M8_hrv,Metronomic Breathing,Fixed-Rate Breathing 
293.372,86.7052,M8_hrv,Metronomic Breathing,Fixed-Rate Breathing 
294.064,86.2069,M8_hrv,Metronomic Breathing,Fixed-Rate Breathing 
294.76,84.7458,M8_hrv,Metronomic Breathing,Fixed-Rate Breathing 
295.468,84.2697,M8_hrv,Metronomic Breathing,Fixed-Rate Breathing 
296.18,83.7989,M8_hrv,Metronomic Breathing,Fixed-Rate Breathing 
296.896,84.2697,M8_hrv,Metronomic Breathing,Fixed-Rate Breathing 
297.608,84.7458,M8_hrv,Metronomic Breathing,Fixed-Rate Breathing 
298.316,83.7989,M8_hrv,Metronomic Breathing,Fixed-Rate Breathing 
299.032,81.5217,M8_hrv,Metronomic Breathing,Fixed-Rate Breathing 
299.768,81.9672,M8_hrv,Metronomic Breathing,Fixed-Rate Breathing 
300.5,82.4176,M8_hrv,Metronomic Breathing,Fixed-Rate Breathing 
301.228,84.2697,M8_hrv,Metronomic Breathing,Fixed-Rate Breathing 
301.94,85.2273,M8_hrv,Metronomic Breathing,Fixed-Rate Breathing 
302.644,84.7458,M8_hrv,Metronomic Breathing,Fixed-Rate Breathing 
303.352,84.2697,M8_hrv,Metronomic Breathing,Fixed-Rate Breathing 
304.064,82.8729,M8_hrv,Metronomic Breathing,Fixed-Rate Breathing 
304.788,82.8729,M8_hrv,Metronomic Breathing,Fixed-Rate Breathing 
305.512,82.4176,M8_hrv,Metronomic Breathing,Fixed-Rate Breathing 
306.24,82.4176,M8_hrv,Metronomic Breathing,Fixed-Rate Breathing 
306.968,80.6452,M8_hrv,Metronomic Breathing,Fixed-Rate Breathing 
307.712,79.3651,M8_hrv,Metronomic Breathing,Fixed-Rate Breathing 
308.468,78.9474,M8_hrv,Metronomic Breathing,Fixed-Rate Breathing 
309.228,80.6452,M8_hrv,Metronomic Breathing,Fixed-Rate Breathing 
309.972,81.5217,M8_hrv,Metronomic Breathing,Fixed-Rate Breathing 
310.708,81.0811,M8_hrv,Metronomic Breathing,Fixed-Rate Breathing 
311.448,80.6452,M8_hrv,Metronomic Breathing,Fixed-Rate Breathing 
312.192,80.6452,M8_hrv,Metronomic Breathing,Fixed-Rate Breathing 
312.936,81.5217,M8_hrv,Metronomic Breathing,Fixed-Rate Breathing 
313.672,82.8729,M8_hrv,Metronomic Breathing,Fixed-Rate Breathing 
314.396,84.2697,M8_hrv,Metronomic Breathing,Fixed-Rate Breathing 
315.108,83.7989,M8_hrv,Metronomic Breathing,Fixed-Rate Breathing 
315.824,83.3333,M8_hrv,Metronomic Breathing,Fixed-Rate Breathing 
316.544,82.8729,M8_hrv,Metronomic Breathing,Fixed-Rate Breathing 
317.268,83.3333,M8_hrv,Metronomic Breathing,Fixed-Rate Breathing 
317.988,84.2697,M8_hrv,Metronomic Breathing,Fixed-Rate Breathing 
318.7,84.7458,M8_hrv,Metronomic Breathing,Fixed-Rate Breathing 
319.408,84.7458,M8_hrv,Metronomic Breathing,Fixed-Rate Breathing 
320.116,82.4176,M8_hrv,Metronomic Breathing,Fixed-Rate Breathing 
320.844,81.9672,M8_hrv,Metronomic Breathing,Fixed-Rate Breathing 
321.576,82.8729,M8_hrv,Metronomic Breathing,Fixed-Rate Breathing 
322.3,83.3333,M8_hrv,Metronomic Breathing,Fixed-Rate Breathing 
323.02,82.8729,M8_hrv,Metronomic Breathing,Fixed-Rate Breathing 
323.744,81.0811,M8_hrv,Metronomic Breathing,Fixed-Rate Breathing 
324.484,80.6452,M8_hrv,Metronomic Breathing,Fixed-Rate Breathing 
325.228,81.0811,M8_hrv,Metronomic Breathing,Fixed-Rate Breathing 
325.968,82.8729,M8_hrv,Metronomic Breathing,Fixed-Rate Breathing 
326.692,82.8729,M8_hrv,Metronomic Breathing,Fixed-Rate Breathing 
327.416,80.6452,M8_hrv,Metronomic Breathing,Fixed-Rate Breathing 
328.16,79.7872,M8_hrv,Metronomic Breathing,Fixed-Rate Breathing 
328.912,79.7872,M8_hrv,Metronomic Breathing,Fixed-Rate Breathing 
329.664,82.4176,M8_hrv,Metronomic Breathing,Fixed-Rate Breathing 
330.392,82.8729,M8_hrv,Metronomic Breathing,Fixed-Rate Breathing 
331.116,83.7989,M8_hrv,Metronomic Breathing,Fixed-Rate Breathing 
331.832,82.4176,M8_hrv,Metronomic Breathing,Fixed-Rate Breathing 
332.56,81.9672,M8_hrv,Metronomic Breathing,Fixed-Rate Breathing 
333.292,82.8729,M8_hrv,Metronomic Breathing,Fixed-Rate Breathing 
334.016,83.3333,M8_hrv,Metronomic Breathing,Fixed-Rate Breathing 
334.736,84.7458,M8_hrv,Metronomic Breathing,Fixed-Rate Breathing 
335.444,83.3333,M8_hrv,Metronomic Breathing,Fixed-Rate Breathing 
336.164,82.8729,M8_hrv,Metronomic Breathing,Fixed-Rate Breathing 
336.888,81.9672,M8_hrv,Metronomic Breathing,Fixed-Rate Breathing 
337.62,82.4176,M8_hrv,Metronomic Breathing,Fixed-Rate Breathing 
338.348,83.7989,M8_hrv,Metronomic Breathing,Fixed-Rate Breathing 
339.064,83.3333,M8_hrv,Metronomic Breathing,Fixed-Rate Breathing 
339.784,82.8729,M8_hrv,Metronomic Breathing,Fixed-Rate Breathing 
340.508,82.4176,M8_hrv,Metronomic Breathing,Fixed-Rate Breathing 
341.236,82.4176,M8_hrv,Metronomic Breathing,Fixed-Rate Breathing 
341.964,83.3333,M8_hrv,Metronomic Breathing,Fixed-Rate Breathing 
342.684,83.3333,M8_hrv,Metronomic Breathing,Fixed-Rate Breathing 
343.404,81.0811,M8_hrv,Metronomic Breathing,Fixed-Rate Breathing 
344.144,80.6452,M8_hrv,Metronomic Breathing,Fixed-Rate Breathing 
344.888,80.6452,M8_hrv,Metronomic Breathing,Fixed-Rate Breathing 
345.632,82.4176,M8_hrv,Metronomic Breathing,Fixed-Rate Breathing 
346.36,82.8729,M8_hrv,Metronomic Breathing,Fixed-Rate Breathing 
347.084,82.4176,M8_hrv,Metronomic Breathing,Fixed-Rate Breathing 
347.812,81.0811,M8_hrv,Metronomic Breathing,Fixed-Rate Breathing 
348.552,81.5217,M8_hrv,Metronomic Breathing,Fixed-Rate Breathing 
349.288,81.5217,M8_hrv,Metronomic Breathing,Fixed-Rate Breathing 
350.024,83.7989,M8_hrv,Metronomic Breathing,Fixed-Rate Breathing 
350.74,82.8729,M8_hrv,Metronomic Breathing,Fixed-Rate Breathing 
351.464,81.5217,M8_hrv,Metronomic Breathing,Fixed-Rate Breathing 
352.2,81.0811,M8_hrv,Metronomic Breathing,Fixed-Rate Breathing 
352.94,81.5217,M8_hrv,Metronomic Breathing,Fixed-Rate Breathing 
353.676,82.8729,M8_hrv,Metronomic Breathing,Fixed-Rate Breathing 
354.4,82.8729,M8_hrv,Metronomic Breathing,Fixed-Rate Breathing 
355.124,81.5217,M8_hrv,Metronomic Breathing,Fixed-Rate Breathing 
355.86,80.6452,M8_hrv,Metronomic Breathing,Fixed-Rate Breathing 
356.604,80.2139,M8_hrv,Metronomic Breathing,Fixed-Rate Breathing 
357.352,79.7872,M8_hrv,Metronomic Breathing,Fixed-Rate Breathing 
358.104,81.5217,M8_hrv,Metronomic Breathing,Fixed-Rate Breathing 
358.84,81.5217,M8_hrv,Metronomic Breathing,Fixed-Rate Breathing 
359.576,81.0811,M8_hrv,Metronomic Breathing,Fixed-Rate Breathing 
360.316,80.2139,M8_hrv,Metronomic Breathing,Fixed-Rate Breathing 
361.064,79.7872,M8_hrv,Metronomic Breathing,Fixed-Rate Breathing 
361.816,80.6452,M8_hrv,Metronomic Breathing,Fixed-Rate Breathing 
362.56,81.9672,M8_hrv,Metronomic Breathing,Fixed-Rate Breathing 
363.292,81.5217,M8_hrv,Metronomic Breathing,Fixed-Rate Breathing 
364.028,80.6452,M8_hrv,Metronomic Breathing,Fixed-Rate Breathing 
364.772,79.7872,M8_hrv,Metronomic Breathing,Fixed-Rate Breathing 
365.524,80.6452,M8_hrv,Metronomic Breathing,Fixed-Rate Breathing 
366.268,81.5217,M8_hrv,Metronomic Breathing,Fixed-Rate Breathing 
367.004,83.7989,M8_hrv,Metronomic Breathing,Fixed-Rate Breathing 
367.72,84.2697,M8_hrv,Metronomic Breathing,Fixed-Rate Breathing 
368.432,83.3333,M8_hrv,Metronomic Breathing,Fixed-Rate Breathing 
369.152,81.9672,M8_hrv,Metronomic Breathing,Fixed-Rate Breathing 
369.884,81.5217,M8_hrv,Metronomic Breathing,Fixed-Rate Breathing 
370.62,81.5217,M8_hrv,Metronomic Breathing,Fixed-Rate Breathing 
371.356,81.9672,M8_hrv,Metronomic Breathing,Fixed-Rate Breathing 
372.088,81.5217,M8_hrv,Metronomic Breathing,Fixed-Rate Breathing 
372.824,79.3651,M8_hrv,Metronomic Breathing,Fixed-Rate Breathing 
373.58,79.3651,M8_hrv,Metronomic Breathing,Fixed-Rate Breathing 
374.336,80.2139,M8_hrv,Metronomic Breathing,Fixed-Rate Breathing 
375.084,81.9672,M8_hrv,Metronomic Breathing,Fixed-Rate Breathing 
375.816,81.9672,M8_hrv,Metronomic Breathing,Fixed-Rate Breathing 
376.548,81.5217,M8_hrv,Metronomic Breathing,Fixed-Rate Breathing 
377.284,82.8729,M8_hrv,Metronomic Breathing,Fixed-Rate Breathing 
378.008,84.7458,M8_hrv,Metronomic Breathing,Fixed-Rate Breathing 
378.716,87.2093,M8_hrv,Metronomic Breathing,Fixed-Rate Breathing 
379.404,88.7574,M8_hrv,Metronomic Breathing,Fixed-Rate Breathing 
380.08,89.2857,M8_hrv,Metronomic Breathing,Fixed-Rate Breathing 
380.752,89.2857,M8_hrv,Metronomic Breathing,Fixed-Rate Breathing 
381.424,87.7193,M8_hrv,Metronomic Breathing,Fixed-Rate Breathing 
382.108,85.2273,M8_hrv,Metronomic Breathing,Fixed-Rate Breathing 
382.812,82.8729,M8_hrv,Metronomic Breathing,Fixed-Rate Breathing 
383.536,82.8729,M8_hrv,Metronomic Breathing,Fixed-Rate Breathing 
384.26,81.9672,M8_hrv,Metronomic Breathing,Fixed-Rate Breathing 
384.992,80.2139,M8_hrv,Metronomic Breathing,Fixed-Rate Breathing 
385.74,79.3651,M8_hrv,Metronomic Breathing,Fixed-Rate Breathing 
386.496,79.7872,M8_hrv,Metronomic Breathing,Fixed-Rate Breathing 
387.248,81.5217,M8_hrv,Metronomic Breathing,Fixed-Rate Breathing 
387.984,82.4176,M8_hrv,Metronomic Breathing,Fixed-Rate Breathing 
388.712,81.9672,M8_hrv,Metronomic Breathing,Fixed-Rate Breathing 
389.444,81.9672,M8_hrv,Metronomic Breathing,Fixed-Rate Breathing 
390.176,81.0811,M8_hrv,Metronomic Breathing,Fixed-Rate Breathing 
390.916,80.2139,M8_hrv,Metronomic Breathing,Fixed-Rate Breathing 
391.664,80.6452,M8_hrv,Metronomic Breathing,Fixed-Rate Breathing 
392.408,80.2139,M8_hrv,Metronomic Breathing,Fixed-Rate Breathing 
393.156,77.7202,M8_hrv,Metronomic Breathing,Fixed-Rate Breathing 
393.928,77.7202,M8_hrv,Metronomic Breathing,Fixed-Rate Breathing 
394.7,78.534,M8_hrv,Metronomic Breathing,Fixed-Rate Breathing 
395.464,80.2139,M8_hrv,Metronomic Breathing,Fixed-Rate Breathing 
396.212,81.0811,M8_hrv,Metronomic Breathing,Fixed-Rate Breathing 
396.952,79.7872,M8_hrv,Metronomic Breathing,Fixed-Rate Breathing 
397.704,77.7202,M8_hrv,Metronomic Breathing,Fixed-Rate Breathing 
398.476,78.125,M8_hrv,Metronomic Breathing,Fixed-Rate Breathing 
399.244,78.125,M8_hrv,Metronomic Breathing,Fixed-Rate Breathing 
400.012,78.534,M8_hrv,Metronomic Breathing,Fixed-Rate Breathing 
400.776,77.7202,M8_hrv,Metronomic Breathing,Fixed-Rate Breathing 
401.548,77.7202,M8_hrv,Metronomic Breathing,Fixed-Rate Breathing 
402.32,77.3196,M8_hrv,Metronomic Breathing,Fixed-Rate Breathing 
403.096,77.7202,M8_hrv,Metronomic Breathing,Fixed-Rate Breathing 
403.868,79.7872,M8_hrv,Metronomic Breathing,Fixed-Rate Breathing 
404.62,79.7872,M8_hrv,Metronomic Breathing,Fixed-Rate Breathing 
405.372,78.125,M8_hrv,Metronomic Breathing,Fixed-Rate Breathing 
406.14,77.7202,M8_hrv,Metronomic Breathing,Fixed-Rate Breathing 
406.912,77.7202,M8_hrv,Metronomic Breathing,Fixed-Rate Breathing 
407.684,78.125,M8_hrv,Metronomic Breathing,Fixed-Rate Breathing 
408.452,75.3769,M8_hrv,Metronomic Breathing,Fixed-Rate Breathing 
409.248,74.6269,M8_hrv,Metronomic Breathing,Fixed-Rate Breathing 
410.052,75.7576,M8_hrv,Metronomic Breathing,Fixed-Rate Breathing 
410.844,76.1421,M8_hrv,Metronomic Breathing,Fixed-Rate Breathing 
411.632,77.7202,M8_hrv,Metronomic Breathing,Fixed-Rate Breathing 
412.404,78.9474,M8_hrv,Metronomic Breathing,Fixed-Rate Breathing 
413.164,77.7202,M8_hrv,Metronomic Breathing,Fixed-Rate Breathing 
413.936,76.5306,M8_hrv,Metronomic Breathing,Fixed-Rate Breathing 
414.72,76.1421,M8_hrv,Metronomic Breathing,Fixed-Rate Breathing 
415.508,76.9231,M8_hrv,Metronomic Breathing,Fixed-Rate Breathing 
416.288,78.125,M8_hrv,Metronomic Breathing,Fixed-Rate Breathing 
417.056,78.125,M8_hrv,Metronomic Breathing,Fixed-Rate Breathing 
417.824,76.5306,M8_hrv,Metronomic Breathing,Fixed-Rate Breathing 
418.608,76.5306,M8_hrv,Metronomic Breathing,Fixed-Rate Breathing 
419.392,76.5306,M8_hrv,Metronomic Breathing,Fixed-Rate Breathing 
420.176,76.9231,M8_hrv,Metronomic Breathing,Fixed-Rate Breathing 
420.956,78.534,M8_hrv,Metronomic Breathing,Fixed-Rate Breathing 
421.72,78.534,M8_hrv,Metronomic Breathing,Fixed-Rate Breathing 
422.484,77.3196,M8_hrv,Metronomic Breathing,Fixed-Rate Breathing 
423.26,76.9231,M8_hrv,Metronomic Breathing,Fixed-Rate Breathing 
424.04,76.9231,M8_hrv,Metronomic Breathing,Fixed-Rate Breathing 
424.82,76.5306,M8_hrv,Metronomic Breathing,Fixed-Rate Breathing 
425.604,77.7202,M8_hrv,Metronomic Breathing,Fixed-Rate Breathing 
426.376,78.9474,M8_hrv,Metronomic Breathing,Fixed-Rate Breathing 
427.136,78.125,M8_hrv,Metronomic Breathing,Fixed-Rate Breathing 
427.904,76.9231,M8_hrv,Metronomic Breathing,Fixed-Rate Breathing 
428.684,76.9231,M8_hrv,Metronomic Breathing,Fixed-Rate Breathing 
429.464,77.3196,M8_hrv,Metronomic Breathing,Fixed-Rate Breathing 
430.24,78.534,M8_hrv,Metronomic Breathing,Fixed-Rate Breathing 
431.004,78.9474,M8_hrv,Metronomic Breathing,Fixed-Rate Breathing 
431.764,78.125,M8_hrv,Metronomic Breathing,Fixed-Rate Breathing 
432.532,75.7576,M8_hrv,Metronomic Breathing,Fixed-Rate Breathing 
433.324,74.2574,M8_hrv,Metronomic Breathing,Fixed-Rate Breathing 
434.132,73.1707,M8_hrv,Metronomic Breathing,Fixed-Rate Breathing 
434.952,76.1421,M8_hrv,Metronomic Breathing,Fixed-Rate Breathing 
435.74,75.7576,M8_hrv,Metronomic Breathing,Fixed-Rate Breathing 
436.532,73.5294,M8_hrv,Metronomic Breathing,Fixed-Rate Breathing 
437.348,75.0,M8_hrv,Metronomic Breathing,Fixed-Rate Breathing 
438.148,74.2574,M8_hrv,Metronomic Breathing,Fixed-Rate Breathing 
438.956,75.0,M8_hrv,Metronomic Breathing,Fixed-Rate Breathing 
439.756,76.1421,M8_hrv,Metronomic Breathing,Fixed-Rate Breathing 
440.544,78.125,M8_hrv,Metronomic Breathing,Fixed-Rate Breathing 
441.312,78.9474,M8_hrv,Metronomic Breathing,Fixed-Rate Breathing 
442.072,77.3196,M8_hrv,Metronomic Breathing,Fixed-Rate Breathing 
442.848,75.0,M8_hrv,Metronomic Breathing,Fixed-Rate Breathing 
443.648,73.5294,M8_hrv,Metronomic Breathing,Fixed-Rate Breathing 
444.464,74.2574,M8_hrv,Metronomic Breathing,Fixed-Rate Breathing 
445.272,76.1421,M8_hrv,Metronomic Breathing,Fixed-Rate Breathing 
446.06,76.9231,M8_hrv,Metronomic Breathing,Fixed-Rate Breathing 
446.84,76.1421,M8_hrv,Metronomic Breathing,Fixed-Rate Breathing 
447.628,75.3769,M8_hrv,Metronomic Breathing,Fixed-Rate Breathing 
448.424,75.3769,M8_hrv,Metronomic Breathing,Fixed-Rate Breathing 
449.22,76.9231,M8_hrv,Metronomic Breathing,Fixed-Rate Breathing 
450.0,77.3196,M8_hrv,Metronomic Breathing,Fixed-Rate Breathing 
450.776,75.7576,M8_hrv,Metronomic Breathing,Fixed-Rate Breathing 
451.568,76.1421,M8_hrv,Metronomic Breathing,Fixed-Rate Breathing 
452.356,76.5306,M8_hrv,Metronomic Breathing,Fixed-Rate Breathing 
453.14,78.125,M8_hrv,Metronomic Breathing,Fixed-Rate Breathing 
453.908,80.6452,M8_hrv,Metronomic Breathing,Fixed-Rate Breathing 
454.652,80.2139,M8_hrv,Metronomic Breathing,Fixed-Rate Breathing 
455.4,79.7872,M8_hrv,Metronomic Breathing,Fixed-Rate Breathing 
456.152,78.534,M8_hrv,Metronomic Breathing,Fixed-Rate Breathing 
456.916,78.534,M8_hrv,Metronomic Breathing,Fixed-Rate Breathing 
457.68,79.7872,M8_hrv,Metronomic Breathing,Fixed-Rate Breathing 
458.432,79.3651,M8_hrv,Metronomic Breathing,Fixed-Rate Breathing 
459.188,76.9231,M8_hrv,Metronomic Breathing,Fixed-Rate Breathing 
459.968,76.1421,M8_hrv,Metronomic Breathing,Fixed-Rate Breathing 
460.756,76.1421,M8_hrv,Metronomic Breathing,Fixed-Rate Breathing 
461.544,77.7202,M8_hrv,Metronomic Breathing,Fixed-Rate Breathing 
462.316,77.7202,M8_hrv,Metronomic Breathing,Fixed-Rate Breathing 
463.088,77.3196,M8_hrv,Metronomic Breathing,Fixed-Rate Breathing 
463.864,77.3196,M8_hrv,Metronomic Breathing,Fixed-Rate Breathing 
464.64,78.125,M8_hrv,Metronomic Breathing,Fixed-Rate Breathing 
465.408,78.125,M8_hrv,Metronomic Breathing,Fixed-Rate Breathing 
466.176,77.3196,M8_hrv,Metronomic Breathing,Fixed-Rate Breathing 
466.952,74.6269,M8_hrv,Metronomic Breathing,Fixed-Rate Breathing 
467.756,74.2574,M8_hrv,Metronomic Breathing,Fixed-Rate Breathing 
468.564,74.2574,M8_hrv,Metronomic Breathing,Fixed-Rate Breathing 
469.372,76.1421,M8_hrv,Metronomic Breathing,Fixed-Rate Breathing 
470.16,76.9231,M8_hrv,Metronomic Breathing,Fixed-Rate Breathing 
470.94,75.3769,M8_hrv,Metronomic Breathing,Fixed-Rate Breathing 
471.736,75.3769,M8_hrv,Metronomic Breathing,Fixed-Rate Breathing 
472.532,74.2574,M8_hrv,Metronomic Breathing,Fixed-Rate Breathing 
473.34,75.3769,M8_hrv,Metronomic Breathing,Fixed-Rate Breathing 
474.136,76.9231,M8_hrv,Metronomic Breathing,Fixed-Rate Breathing 
474.916,76.5306,M8_hrv,Metronomic Breathing,Fixed-Rate Breathing 
475.7,75.3769,M8_hrv,Metronomic Breathing,Fixed-Rate Breathing 
476.496,75.7576,M8_hrv,Metronomic Breathing,Fixed-Rate Breathing 
477.288,75.0,M8_hrv,Metronomic Breathing,Fixed-Rate Breathing 
478.088,77.3196,M8_hrv,Metronomic Breathing,Fixed-Rate Breathing 
478.864,77.7202,M8_hrv,Metronomic Breathing,Fixed-Rate Breathing 
479.636,76.1421,M8_hrv,Metronomic Breathing,Fixed-Rate Breathing 
480.424,74.6269,M8_hrv,Metronomic Breathing,Fixed-Rate Breathing 
481.228,73.1707,M8_hrv,Metronomic Breathing,Fixed-Rate Breathing 
482.048,75.3769,M8_hrv,Metronomic Breathing,Fixed-Rate Breathing 
482.844,76.5306,M8_hrv,Metronomic Breathing,Fixed-Rate Breathing 
483.628,75.3769,M8_hrv,Metronomic Breathing,Fixed-Rate Breathing 
484.424,73.8916,M8_hrv,Metronomic Breathing,Fixed-Rate Breathing 
485.236,72.4638,M8_hrv,Metronomic Breathing,Fixed-Rate Breathing 
486.064,73.5294,M8_hrv,Metronomic Breathing,Fixed-Rate Breathing 
486.88,75.3769,M8_hrv,Metronomic Breathing,Fixed-Rate Breathing 
487.676,76.1421,M8_hrv,Metronomic Breathing,Fixed-Rate Breathing 
488.464,74.2574,M8_hrv,Metronomic Breathing,Fixed-Rate Breathing 
489.272,72.8155,M8_hrv,Metronomic Breathing,Fixed-Rate Breathing 
490.096,72.8155,M8_hrv,Metronomic Breathing,Fixed-Rate Breathing 
490.92,75.0,M8_hrv,Metronomic Breathing,Fixed-Rate Breathing 
491.72,74.6269,M8_hrv,Metronomic Breathing,Fixed-Rate Breathing 
492.524,72.4638,M8_hrv,Metronomic Breathing,Fixed-Rate Breathing 
493.352,71.7703,M8_hrv,Metronomic Breathing,Fixed-Rate Breathing 
494.188,72.1154,M8_hrv,Metronomic Breathing,Fixed-Rate Breathing 
495.02,75.0,M8_hrv,Metronomic Breathing,Fixed-Rate Breathing 
495.82,75.7576,M8_hrv,Metronomic Breathing,Fixed-Rate Breathing 
496.612,75.0,M8_hrv,Metronomic Breathing,Fixed-Rate Breathing 
497.412,75.0,M8_hrv,Metronomic Breathing,Fixed-Rate Breathing 
498.212,75.0,M8_hrv,Metronomic Breathing,Fixed-Rate Breathing 
499.012,77.3196,M8_hrv,Metronomic Breathing,Fixed-Rate Breathing 
499.788,76.9231,M8_hrv,Metronomic Breathing,Fixed-Rate Breathing 
500.568,75.0,M8_hrv,Metronomic Breathing,Fixed-Rate Breathing 
501.368,73.1707,M8_hrv,Metronomic Breathing,Fixed-Rate Breathing 
502.188,73.1707,M8_hrv,Metronomic Breathing,Fixed-Rate Breathing 
503.008,75.3769,M8_hrv,Metronomic Breathing,Fixed-Rate Breathing 
503.804,75.0,M8_hrv,Metronomic Breathing,Fixed-Rate Breathing 
504.604,73.8916,M8_hrv,Metronomic Breathing,Fixed-Rate Breathing 
505.416,73.5294,M8_hrv,Metronomic Breathing,Fixed-Rate Breathing 
506.232,73.8916,M8_hrv,Metronomic Breathing,Fixed-Rate Breathing 
507.044,75.7576,M8_hrv,Metronomic Breathing,Fixed-Rate Breathing 
507.836,76.1421,M8_hrv,Metronomic Breathing,Fixed-Rate Breathing 
508.624,74.6269,M8_hrv,Metronomic Breathing,Fixed-Rate Breathing 
509.428,74.2574,M8_hrv,Metronomic Breathing,Fixed-Rate Breathing 
510.236,73.5294,M8_hrv,Metronomic Breathing,Fixed-Rate Breathing 
511.052,75.0,M8_hrv,Metronomic Breathing,Fixed-Rate Breathing 
511.852,76.1421,M8_hrv,Metronomic Breathing,Fixed-Rate Breathing 
512.64,75.3769,M8_hrv,Metronomic Breathing,Fixed-Rate Breathing 
513.436,76.1421,M8_hrv,Metronomic Breathing,Fixed-Rate Breathing 
514.224,76.5306,M8_hrv,Metronomic Breathing,Fixed-Rate Breathing 
515.008,76.9231,M8_hrv,Metronomic Breathing,Fixed-Rate Breathing 
515.788,76.5306,M8_hrv,Metronomic Breathing,Fixed-Rate Breathing 
516.572,75.3769,M8_hrv,Metronomic Breathing,Fixed-Rate Breathing 
517.368,73.5294,M8_hrv,Metronomic Breathing,Fixed-Rate Breathing 
518.184,73.8916,M8_hrv,Metronomic Breathing,Fixed-Rate Breathing 
518.996,75.0,M8_hrv,Metronomic Breathing,Fixed-Rate Breathing 
519.796,76.1421,M8_hrv,Metronomic Breathing,Fixed-Rate Breathing 
520.584,74.6269,M8_hrv,Metronomic Breathing,Fixed-Rate Breathing 
521.388,73.8916,M8_hrv,Metronomic Breathing,Fixed-Rate Breathing 
522.2,73.1707,M8_hrv,Metronomic Breathing,Fixed-Rate Breathing 
523.02,75.0,M8_hrv,Metronomic Breathing,Fixed-Rate Breathing 
523.82,76.9231,M8_hrv,Metronomic Breathing,Fixed-Rate Breathing 
524.6,76.1421,M8_hrv,Metronomic Breathing,Fixed-Rate Breathing 
525.388,77.3196,M8_hrv,Metronomic Breathing,Fixed-Rate Breathing 
526.164,78.534,M8_hrv,Metronomic Breathing,Fixed-Rate Breathing 
526.928,81.0811,M8_hrv,Metronomic Breathing,Fixed-Rate Breathing 
527.668,81.0811,M8_hrv,Metronomic Breathing,Fixed-Rate Breathing 
528.408,79.7872,M8_hrv,Metronomic Breathing,Fixed-Rate Breathing 
529.16,78.534,M8_hrv,Metronomic Breathing,Fixed-Rate Breathing 
529.924,75.7576,M8_hrv,Metronomic Breathing,Fixed-Rate Breathing 
530.716,75.7576,M8_hrv,Metronomic Breathing,Fixed-Rate Breathing 
531.508,75.7576,M8_hrv,Metronomic Breathing,Fixed-Rate Breathing 
532.3,79.3651,M8_hrv,Metronomic Breathing,Fixed-Rate Breathing 
533.056,81.9672,M8_hrv,Metronomic Breathing,Fixed-Rate Breathing 
533.788,85.7143,M8_hrv,Metronomic Breathing,Fixed-Rate Breathing 
534.488,87.2093,M8_hrv,Metronomic Breathing,Fixed-Rate Breathing 
535.176,87.7193,M8_hrv,Metronomic Breathing,Fixed-Rate Breathing 
535.86,87.2093,M8_hrv,Metronomic Breathing,Fixed-Rate Breathing 
536.548,85.2273,M8_hrv,Metronomic Breathing,Fixed-Rate Breathing 
537.252,83.3333,M8_hrv,Metronomic Breathing,Fixed-Rate Breathing 
537.972,82.4176,M8_hrv,Metronomic Breathing,Fixed-Rate Breathing 
538.7,83.7989,M8_hrv,Metronomic Breathing,Fixed-Rate Breathing 
539.416,82.8729,M8_hrv,Metronomic Breathing,Fixed-Rate Breathing 
540.14,81.9672,M8_hrv,Metronomic Breathing,Fixed-Rate Breathing 
540.872,80.6452,M8_hrv,Metronomic Breathing,Fixed-Rate Breathing 
541.616,80.2139,M8_hrv,Metronomic Breathing,Fixed-Rate Breathing 
542.364,79.3651,M8_hrv,Metronomic Breathing,Fixed-Rate Breathing 
543.12,79.3651,M8_hrv,Metronomic Breathing,Fixed-Rate Breathing 
543.876,78.534,M8_hrv,Metronomic Breathing,Fixed-Rate Breathing 
544.64,75.3769,M8_hrv,Metronomic Breathing,Fixed-Rate Breathing 
545.436,74.6269,M8_hrv,Metronomic Breathing,Fixed-Rate Breathing 
546.24,73.5294,M8_hrv,Metronomic Breathing,Fixed-Rate Breathing 
547.056,75.0,M8_hrv,Metronomic Breathing,Fixed-Rate Breathing 
547.856,75.7576,M8_hrv,Metronomic Breathing,Fixed-Rate Breathing 
548.648,74.6269,M8_hrv,Metronomic Breathing,Fixed-Rate Breathing 
549.452,74.6269,M8_hrv,Metronomic Breathing,Fixed-Rate Breathing 
550.256,75.0,M8_hrv,Metronomic Breathing,Fixed-Rate Breathing 
551.056,76.1421,M8_hrv,Metronomic Breathing,Fixed-Rate Breathing 
551.844,77.3196,M8_hrv,Metronomic Breathing,Fixed-Rate Breathing 
552.62,76.5306,M8_hrv,Metronomic Breathing,Fixed-Rate Breathing 
553.404,75.0,M8_hrv,Metronomic Breathing,Fixed-Rate Breathing 
554.204,74.2574,M8_hrv,Metronomic Breathing,Fixed-Rate Breathing 
555.012,74.6269,M8_hrv,Metronomic Breathing,Fixed-Rate Breathing 
555.816,76.5306,M8_hrv,Metronomic Breathing,Fixed-Rate Breathing 
556.6,76.9231,M8_hrv,Metronomic Breathing,Fixed-Rate Breathing 
557.38,75.7576,M8_hrv,Metronomic Breathing,Fixed-Rate Breathing 
558.172,75.3769,M8_hrv,Metronomic Breathing,Fixed-Rate Breathing 
558.968,75.0,M8_hrv,Metronomic Breathing,Fixed-Rate Breathing 
559.768,75.0,M8_hrv,Metronomic Breathing,Fixed-Rate Breathing 
560.568,77.3196,M8_hrv,Metronomic Breathing,Fixed-Rate Breathing 
561.344,77.3196,M8_hrv,Metronomic Breathing,Fixed-Rate Breathing 
562.12,75.0,M8_hrv,Metronomic Breathing,Fixed-Rate Breathing 
562.92,74.2574,M8_hrv,Metronomic Breathing,Fixed-Rate Breathing 
563.728,73.5294,M8_hrv,Metronomic Breathing,Fixed-Rate Breathing 
564.544,75.0,M8_hrv,Metronomic Breathing,Fixed-Rate Breathing 
565.344,75.3769,M8_hrv,Metronomic Breathing,Fixed-Rate Breathing 
566.14,73.8916,M8_hrv,Metronomic Breathing,Fixed-Rate Breathing 
566.952,73.1707,M8_hrv,Metronomic Breathing,Fixed-Rate Breathing 
567.772,73.5294,M8_hrv,Metronomic Breathing,Fixed-Rate Breathing 
568.588,76.1421,M8_hrv,Metronomic Breathing,Fixed-Rate Breathing 
569.376,75.3769,M8_hrv,Metronomic Breathing,Fixed-Rate Breathing 
570.172,73.8916,M8_hrv,Metronomic Breathing,Fixed-Rate Breathing 
570.984,75.0,M8_hrv,Metronomic Breathing,Fixed-Rate Breathing 
571.784,75.0,M8_hrv,Metronomic Breathing,Fixed-Rate Breathing 
572.584,75.7576,M8_hrv,Metronomic Breathing,Fixed-Rate Breathing 
573.376,78.9474,M8_hrv,Metronomic Breathing,Fixed-Rate Breathing 
574.136,79.3651,M8_hrv,Metronomic Breathing,Fixed-Rate Breathing 
574.892,77.7202,M8_hrv,Metronomic Breathing,Fixed-Rate Breathing 
575.664,76.1421,M8_hrv,Metronomic Breathing,Fixed-Rate Breathing 
576.452,76.9231,M8_hrv,Metronomic Breathing,Fixed-Rate Breathing 
577.232,77.3196,M8_hrv,Metronomic Breathing,Fixed-Rate Breathing 
578.008,76.1421,M8_hrv,Metronomic Breathing,Fixed-Rate Breathing 
578.796,75.0,M8_hrv,Metronomic Breathing,Fixed-Rate Breathing 
579.596,73.8916,M8_hrv,Metronomic Breathing,Fixed-Rate Breathing 
580.408,74.2574,M8_hrv,Metronomic Breathing,Fixed-Rate Breathing 
581.216,75.3769,M8_hrv,Metronomic Breathing,Fixed-Rate Breathing 
582.012,78.125,M8_hrv,Metronomic Breathing,Fixed-Rate Breathing 
582.78,77.3196,M8_hrv,Metronomic Breathing,Fixed-Rate Breathing 
583.556,75.3769,M8_hrv,Metronomic Breathing,Fixed-Rate Breathing 
584.352,73.8916,M8_hrv,Metronomic Breathing,Fixed-Rate Breathing 
585.164,75.7576,M8_hrv,Metronomic Breathing,Fixed-Rate Breathing 
585.956,76.1421,M8_hrv,Metronomic Breathing,Fixed-Rate Breathing 
586.744,73.8916,M8_hrv,Metronomic Breathing,Fixed-Rate Breathing 
587.556,73.1707,M8_hrv,Metronomic Breathing,Fixed-Rate Breathing 
588.376,72.8155,M8_hrv,Metronomic Breathing,Fixed-Rate Breathing 
589.2,75.3769,M8_hrv,Metronomic Breathing,Fixed-Rate Breathing 
589.996,76.5306,M8_hrv,Metronomic Breathing,Fixed-Rate Breathing 
590.78,75.7576,M8_hrv,Metronomic Breathing,Fixed-Rate Breathing 
591.572,75.3769,M8_hrv,Metronomic Breathing,Fixed-Rate Breathing 
592.368,76.1421,M8_hrv,Metronomic Breathing,Fixed-Rate Breathing 
593.156,77.7202,M8_hrv,Metronomic Breathing,Fixed-Rate Breathing 
593.928,76.9231,M8_hrv,Metronomic Breathing,Fixed-Rate Breathing 
594.708,75.7576,M8_hrv,Metronomic Breathing,Fixed-Rate Breathing 
595.5,74.2574,M8_hrv,Metronomic Breathing,Fixed-Rate Breathing 
596.308,75.3769,M8_hrv,Metronomic Breathing,Fixed-Rate Breathing 
597.104,76.1421,M8_hrv,Metronomic Breathing,Fixed-Rate Breathing 
597.892,76.1421,M8_hrv,Metronomic Breathing,Fixed-Rate Breathing 
598.68,74.2574,M8_hrv,Metronomic Breathing,Fixed-Rate Breathing 
