Time,HeartRate,Subject,Group,State
1.192,75.3769,M11_hrv,Metronomic Breathing,Fixed-Rate Breathing 
1.988,82.4176,M11_hrv,Metronomic Breathing,Fixed-Rate Breathing 
2.716,84.2697,M11_hrv,Metronomic Breathing,Fixed-Rate Breathing 
3.428,81.9672,M11_hrv,Metronomic Breathing,Fixed-Rate Breathing 
4.16,77.7202,M11_hrv,Metronomic Breathing,Fixed-Rate Breathing 
4.932,74.2574,M11_hrv,Metronomic Breathing,Fixed-Rate Breathing 
5.74,74.6269,M11_hrv,Metronomic Breathing,Fixed-Rate Breathing 
6.544,79.3651,M11_hrv,Metronomic Breathing,Fixed-Rate Breathing 
7.3,83.3333,M11_hrv,Metronomic Breathing,Fixed-Rate Breathing 
8.02,79.7872,M11_hrv,Metronomic Breathing,Fixed-Rate Breathing 
8.772,71.4286,M11_hrv,Metronomic Breathing,Fixed-Rate Breathing 
9.612,69.7674,M11_hrv,Metronomic Breathing,Fixed-Rate Breathing 
10.472,70.0935,M11_hrv,Metronomic Breathing,Fixed-Rate Breathing 
11.328,68.8073,M11_hrv,Metronomic Breathing,Fixed-Rate Breathing 
12.2,73.5294,M11_hrv,Metronomic Breathing,Fixed-Rate Breathing 
13.016,79.3651,M11_hrv,Metronomic Breathing,Fixed-Rate Breathing 
13.772,79.7872,M11_hrv,Metronomic Breathing,Fixed-Rate Breathing 
14.524,75.0,M11_hrv,Metronomic Breathing,Fixed-Rate Breathing 
15.324,67.8733,M11_hrv,Metronomic Breathing,Fixed-Rate Breathing 
16.208,70.0935,M11_hrv,Metronomic Breathing,Fixed-Rate Breathing 
17.064,74.6269,M11_hrv,Metronomic Breathing,Fixed-Rate Breathing 
17.868,76.1421,M11_hrv,Metronomic Breathing,Fixed-Rate Breathing 
18.656,70.7547,M11_hrv,Metronomic Breathing,Fixed-Rate Breathing 
19.504,66.3717,M11_hrv,Metronomic Breathing,Fixed-Rate Breathing 
20.408,71.7703,M11_hrv,Metronomic Breathing,Fixed-Rate Breathing 
21.244,75.7576,M11_hrv,Metronomic Breathing,Fixed-Rate Breathing 
22.036,76.5306,M11_hrv,Metronomic Breathing,Fixed-Rate Breathing 
22.82,68.4931,M11_hrv,Metronomic Breathing,Fixed-Rate Breathing 
23.696,64.3777,M11_hrv,Metronomic Breathing,Fixed-Rate Breathing 
24.628,68.1818,M11_hrv,Metronomic Breathing,Fixed-Rate Breathing 
25.508,72.8155,M11_hrv,Metronomic Breathing,Fixed-Rate Breathing 
26.332,71.09,M11_hrv,Metronomic Breathing,Fixed-Rate Breathing 
27.176,63.8298,M11_hrv,Metronomic Breathing,Fixed-Rate Breathing 
28.116,65.2174,M11_hrv,Metronomic Breathing,Fixed-Rate Breathing 
29.036,72.4638,M11_hrv,Metronomic Breathing,Fixed-Rate Breathing 
29.864,76.9231,M11_hrv,Metronomic Breathing,Fixed-Rate Breathing 
30.644,69.1244,M11_hrv,Metronomic Breathing,Fixed-Rate Breathing 
31.512,63.5593,M11_hrv,Metronomic Breathing,Fixed-Rate Breathing 
32.456,66.3717,M11_hrv,Metronomic Breathing,Fixed-Rate Breathing 
33.36,72.1154,M11_hrv,Metronomic Breathing,Fixed-Rate Breathing 
34.192,74.6269,M11_hrv,Metronomic Breathing,Fixed-Rate Breathing 
34.996,66.0793,M11_hrv,Metronomic Breathing,Fixed-Rate Breathing 
35.904,62.5,M11_hrv,Metronomic Breathing,Fixed-Rate Breathing 
36.864,69.7674,M11_hrv,Metronomic Breathing,Fixed-Rate Breathing 
37.724,75.7576,M11_hrv,Metronomic Breathing,Fixed-Rate Breathing 
38.516,73.1707,M11_hrv,Metronomic Breathing,Fixed-Rate Breathing 
39.336,66.9643,M11_hrv,Metronomic Breathing,Fixed-Rate Breathing 
40.232,64.1026,M11_hrv,Metronomic Breathing,Fixed-Rate Breathing 
41.168,69.1244,M11_hrv,Metronomic Breathing,Fixed-Rate Breathing 
42.036,74.6269,M11_hrv,Metronomic Breathing,Fixed-Rate Breathing 
42.84,70.4225,M11_hrv,Metronomic Breathing,Fixed-Rate Breathing 
43.692,65.2174,M11_hrv,Metronomic Breathing,Fixed-Rate Breathing 
44.612,67.2646,M11_hrv,Metronomic Breathing,Fixed-Rate Breathing 
45.504,72.4638,M11_hrv,Metronomic Breathing,Fixed-Rate Breathing 
46.332,75.0,M11_hrv,Metronomic Breathing,Fixed-Rate Breathing 
47.132,71.09,M11_hrv,Metronomic Breathing,Fixed-Rate Breathing 
47.976,65.7895,M11_hrv,Metronomic Breathing,Fixed-Rate Breathing 
48.888,78.125,M11_hrv,Metronomic Breathing,Fixed-Rate Breathing 
49.656,80.6452,M11_hrv,Metronomic Breathing,Fixed-Rate Breathing 
50.4,78.125,M11_hrv,Metronomic Breathing,Fixed-Rate Breathing 
51.168,70.7547,M11_hrv,Metronomic Breathing,Fixed-Rate Breathing 
52.016,66.6667,M11_hrv,Metronomic Breathing,Fixed-Rate Breathing 
52.916,67.2646,M11_hrv,Metronomic Breathing,Fixed-Rate Breathing 
53.808,72.1154,M11_hrv,Metronomic Breathing,Fixed-Rate Breathing 
54.64,75.0,M11_hrv,Metronomic Breathing,Fixed-Rate Breathing 
55.44,68.8073,M11_hrv,Metronomic Breathing,Fixed-Rate Breathing 
56.312,64.9351,M11_hrv,Metronomic Breathing,Fixed-Rate Breathing 
57.236,70.4225,M11_hrv,Metronomic Breathing,Fixed-Rate Breathing 
58.088,74.6269,M11_hrv,Metronomic Breathing,Fixed-Rate Breathing 
58.892,78.125,M11_hrv,Metronomic Breathing,Fixed-Rate Breathing 
59.66,72.8155,M11_hrv,Metronomic Breathing,Fixed-Rate Breathing 
60.484,67.5676,M11_hrv,Metronomic Breathing,Fixed-Rate Breathing 
61.372,75.0,M11_hrv,Metronomic Breathing,Fixed-Rate Breathing 
62.172,81.0811,M11_hrv,Metronomic Breathing,Fixed-Rate Breathing 
62.912,78.534,M11_hrv,Metronomic Breathing,Fixed-Rate Breathing 
63.676,72.1154,M11_hrv,Metronomic Breathing,Fixed-Rate Breathing 
64.508,66.6667,M11_hrv,Metronomic Breathing,Fixed-Rate Breathing 
65.408,65.5022,M11_hrv,Metronomic Breathing,Fixed-Rate Breathing 
66.324,70.0935,M11_hrv,Metronomic Breathing,Fixed-Rate Breathing 
67.18,73.1707,M11_hrv,Metronomic Breathing,Fixed-Rate Breathing 
68.0,67.2646,M11_hrv,Metronomic Breathing,Fixed-Rate Breathing 
68.892,64.6552,M11_hrv,Metronomic Breathing,Fixed-Rate Breathing 
69.82,77.3196,M11_hrv,Metronomic Breathing,Fixed-Rate Breathing 
70.596,79.3651,M11_hrv,Metronomic Breathing,Fixed-Rate Breathing 
71.352,77.7202,M11_hrv,Metronomic Breathing,Fixed-Rate Breathing 
72.124,65.7895,M11_hrv,Metronomic Breathing,Fixed-Rate Breathing 
73.036,62.5,M11_hrv,Metronomic Breathing,Fixed-Rate Breathing 
73.996,66.0793,M11_hrv,Metronomic Breathing,Fixed-Rate Breathing 
74.904,69.7674,M11_hrv,Metronomic Breathing,Fixed-Rate Breathing 
75.764,65.5022,M11_hrv,Metronomic Breathing,Fixed-Rate Breathing 
76.68,62.2407,M11_hrv,Metronomic Breathing,Fixed-Rate Breathing 
77.644,65.7895,M11_hrv,Metronomic Breathing,Fixed-Rate Breathing 
78.556,71.7703,M11_hrv,Metronomic Breathing,Fixed-Rate Breathing 
79.392,70.0935,M11_hrv,Metronomic Breathing,Fixed-Rate Breathing 
80.248,64.1026,M11_hrv,Metronomic Breathing,Fixed-Rate Breathing 
81.184,63.2911,M11_hrv,Metronomic Breathing,Fixed-Rate Breathing 
82.132,70.7547,M11_hrv,Metronomic Breathing,Fixed-Rate Breathing 
82.98,73.1707,M11_hrv,Metronomic Breathing,Fixed-Rate Breathing 
83.8,69.1244,M11_hrv,Metronomic Breathing,Fixed-Rate Breathing 
84.668,63.8298,M11_hrv,Metronomic Breathing,Fixed-Rate Breathing 
85.608,65.2174,M11_hrv,Metronomic Breathing,Fixed-Rate Breathing 
86.528,70.0935,M11_hrv,Metronomic Breathing,Fixed-Rate Breathing 
87.384,72.1154,M11_hrv,Metronomic Breathing,Fixed-Rate Breathing 
88.216,64.3777,M11_hrv,Metronomic Breathing,Fixed-Rate Breathing 
89.148,62.7615,M11_hrv,Metronomic Breathing,Fixed-Rate Breathing 
90.104,69.4444,M11_hrv,Metronomic Breathing,Fixed-Rate Breathing 
90.968,72.8155,M11_hrv,Metronomic Breathing,Fixed-Rate Breathing 
91.792,66.6667,M11_hrv,Metronomic Breathing,Fixed-Rate Breathing 
92.692,61.7284,M11_hrv,Metronomic Breathing,Fixed-Rate Breathing 
93.664,67.5676,M11_hrv,Metronomic Breathing,Fixed-Rate Breathing 
94.552,72.4638,M11_hrv,Metronomic Breathing,Fixed-Rate Breathing 
95.38,72.4638,M11_hrv,Metronomic Breathing,Fixed-Rate Breathing 
96.208,65.5022,M11_hrv,Metronomic Breathing,Fixed-Rate Breathing 
97.124,63.5593,M11_hrv,Metronomic Breathing,Fixed-Rate Breathing 
98.068,78.125,M11_hrv,Metronomic Breathing,Fixed-Rate Breathing 
98.836,78.125,M11_hrv,Metronomic Breathing,Fixed-Rate Breathing 
99.604,75.3769,M11_hrv,Metronomic Breathing,Fixed-Rate Breathing 
100.4,67.2646,M11_hrv,Metronomic Breathing,Fixed-Rate Breathing 
101.292,62.5,M11_hrv,Metronomic Breathing,Fixed-Rate Breathing 
102.252,67.5676,M11_hrv,Metronomic Breathing,Fixed-Rate Breathing 
103.14,72.8155,M11_hrv,Metronomic Breathing,Fixed-Rate Breathing 
103.964,69.4444,M11_hrv,Metronomic Breathing,Fixed-Rate Breathing 
104.828,64.3777,M11_hrv,Metronomic Breathing,Fixed-Rate Breathing 
105.76,63.5593,M11_hrv,Metronomic Breathing,Fixed-Rate Breathing 
106.704,70.4225,M11_hrv,Metronomic Breathing,Fixed-Rate Breathing 
107.556,74.6269,M11_hrv,Metronomic Breathing,Fixed-Rate Breathing 
108.36,69.4444,M11_hrv,Metronomic Breathing,Fixed-Rate Breathing 
109.224,64.9351,M11_hrv,Metronomic Breathing,Fixed-Rate Breathing 
110.148,67.2646,M11_hrv,Metronomic Breathing,Fixed-Rate Breathing 
111.04,71.7703,M11_hrv,Metronomic Breathing,Fixed-Rate Breathing 
111.876,70.4225,M11_hrv,Metronomic Breathing,Fixed-Rate Breathing 
112.728,63.0252,M11_hrv,Metronomic Breathing,Fixed-Rate Breathing 
113.68,62.7615,M11_hrv,Metronomic Breathing,Fixed-Rate Breathing 
114.636,65.5022,M11_hrv,Metronomic Breathing,Fixed-Rate Breathing 
115.552,67.8733,M11_hrv,Metronomic Breathing,Fixed-Rate Breathing 
116.436,66.6667,M11_hrv,Metronomic Breathing,Fixed-Rate Breathing 
117.336,64.6552,M11_hrv,Metronomic Breathing,Fixed-Rate Breathing 
118.264,64.1026,M11_hrv,Metronomic Breathing,Fixed-Rate Breathing 
119.2,64.3777,M11_hrv,Metronomic Breathing,Fixed-Rate Breathing 
120.132,61.9835,M11_hrv,Metronomic Breathing,Fixed-Rate Breathing 
121.1,60.9756,M11_hrv,Metronomic Breathing,Fixed-Rate Breathing 
122.084,63.0252,M11_hrv,Metronomic Breathing,Fixed-Rate Breathing 
123.036,65.7895,M11_hrv,Metronomic Breathing,Fixed-Rate Breathing 
123.948,66.3717,M11_hrv,Metronomic Breathing,Fixed-Rate Breathing 
124.852,63.5593,M11_hrv,Metronomic Breathing,Fixed-Rate Breathing 
125.796,61.9835,M11_hrv,Metronomic Breathing,Fixed-Rate Breathing 
126.764,64.6552,M11_hrv,Metronomic Breathing,Fixed-Rate Breathing 
127.692,67.5676,M11_hrv,Metronomic Breathing,Fixed-Rate Breathing 
128.58,68.4931,M11_hrv,Metronomic Breathing,Fixed-Rate Breathing 
129.456,66.3717,M11_hrv,Metronomic Breathing,Fixed-Rate Breathing 
130.36,66.0793,M11_hrv,Metronomic Breathing,Fixed-Rate Breathing 
131.268,75.7576,M11_hrv,Metronomic Breathing,Fixed-Rate Breathing 
132.06,75.7576,M11_hrv,Metronomic Breathing,Fixed-Rate Breathing 
132.852,71.09,M11_hrv,Metronomic Breathing,Fixed-Rate Breathing 
133.696,66.6667,M11_hrv,Metronomic Breathing,Fixed-Rate Breathing 
134.596,63.0252,M11_hrv,Metronomic Breathing,Fixed-Rate Breathing 
135.548,65.2174,M11_hrv,Metronomic Breathing,Fixed-Rate Breathing 
136.468,66.9643,M11_hrv,Metronomic Breathing,Fixed-Rate Breathing 
137.364,65.7895,M11_hrv,Metronomic Breathing,Fixed-Rate Breathing 
138.276,63.5593,M11_hrv,Metronomic Breathing,Fixed-Rate Breathing 
139.22,64.1026,M11_hrv,Metronomic Breathing,Fixed-Rate Breathing 
140.156,67.5676,M11_hrv,Metronomic Breathing,Fixed-Rate Breathing 
141.044,68.4931,M11_hrv,Metronomic Breathing,Fixed-Rate Breathing 
141.92,66.6667,M11_hrv,Metronomic Breathing,Fixed-Rate Breathing 
142.82,65.5022,M11_hrv,Metronomic Breathing,Fixed-Rate Breathing 
143.736,67.5676,M11_hrv,Metronomic Breathing,Fixed-Rate Breathing 
144.624,69.1244,M11_hrv,Metronomic Breathing,Fixed-Rate Breathing 
145.492,67.2646,M11_hrv,Metronomic Breathing,Fixed-Rate Breathing 
146.384,65.7895,M11_hrv,Metronomic Breathing,Fixed-Rate Breathing 
147.296,65.7895,M11_hrv,Metronomic Breathing,Fixed-Rate Breathing 
148.208,68.1818,M11_hrv,Metronomic Breathing,Fixed-Rate Breathing 
149.088,69.4444,M11_hrv,Metronomic Breathing,Fixed-Rate Breathing 
149.952,66.9643,M11_hrv,Metronomic Breathing,Fixed-Rate Breathing 
150.848,64.6552,M11_hrv,Metronomic Breathing,Fixed-Rate Breathing 
151.776,70.0935,M11_hrv,Metronomic Breathing,Fixed-Rate Breathing 
152.632,73.1707,M11_hrv,Metronomic Breathing,Fixed-Rate Breathing 
153.452,68.4931,M11_hrv,Metronomic Breathing,Fixed-Rate Breathing 
154.328,65.2174,M11_hrv,Metronomic Breathing,Fixed-Rate Breathing 
155.248,64.3777,M11_hrv,Metronomic Breathing,Fixed-Rate Breathing 
156.18,70.7547,M11_hrv,Metronomic Breathing,Fixed-Rate Breathing 
157.028,71.09,M11_hrv,Metronomic Breathing,Fixed-Rate Breathing 
157.872,66.9643,M11_hrv,Metronomic Breathing,Fixed-Rate Breathing 
158.768,64.9351,M11_hrv,Metronomic Breathing,Fixed-Rate Breathing 
159.692,70.0935,M11_hrv,Metronomic Breathing,Fixed-Rate Breathing 
160.548,75.3769,M11_hrv,Metronomic Breathing,Fixed-Rate Breathing 
161.344,71.09,M11_hrv,Metronomic Breathing,Fixed-Rate Breathing 
162.188,67.5676,M11_hrv,Metronomic Breathing,Fixed-Rate Breathing 
163.076,76.9231,M11_hrv,Metronomic Breathing,Fixed-Rate Breathing 
163.856,78.125,M11_hrv,Metronomic Breathing,Fixed-Rate Breathing 
164.624,73.1707,M11_hrv,Metronomic Breathing,Fixed-Rate Breathing 
165.444,66.9643,M11_hrv,Metronomic Breathing,Fixed-Rate Breathing 
166.34,64.3777,M11_hrv,Metronomic Breathing,Fixed-Rate Breathing 
167.272,70.0935,M11_hrv,Metronomic Breathing,Fixed-Rate Breathing 
168.128,74.2574,M11_hrv,Metronomic Breathing,Fixed-Rate Breathing 
168.936,69.7674,M11_hrv,Metronomic Breathing,Fixed-Rate Breathing 
169.796,63.8298,M11_hrv,Metronomic Breathing,Fixed-Rate Breathing 
170.736,64.9351,M11_hrv,Metronomic Breathing,Fixed-Rate Breathing 
171.66,69.4444,M11_hrv,Metronomic Breathing,Fixed-Rate Breathing 
172.524,71.7703,M11_hrv,Metronomic Breathing,Fixed-Rate Breathing 
173.36,67.8733,M11_hrv,Metronomic Breathing,Fixed-Rate Breathing 
174.244,64.6552,M11_hrv,Metronomic Breathing,Fixed-Rate Breathing 
175.172,69.4444,M11_hrv,Metronomic Breathing,Fixed-Rate Breathing 
176.036,71.09,M11_hrv,Metronomic Breathing,Fixed-Rate Breathing 
176.88,66.0793,M11_hrv,Metronomic Breathing,Fixed-Rate Breathing 
177.788,63.2911,M11_hrv,Metronomic Breathing,Fixed-Rate Breathing 
178.736,66.3717,M11_hrv,Metronomic Breathing,Fixed-Rate Breathing 
179.64,70.7547,M11_hrv,Metronomic Breathing,Fixed-Rate Breathing 
180.488,69.4444,M11_hrv,Metronomic Breathing,Fixed-Rate Breathing 
181.352,64.9351,M11_hrv,Metronomic Breathing,Fixed-Rate Breathing 
182.276,61.9835,M11_hrv,Metronomic Breathing,Fixed-Rate Breathing 
183.244,64.1026,M11_hrv,Metronomic Breathing,Fixed-Rate Breathing 
184.18,66.9643,M11_hrv,Metronomic Breathing,Fixed-Rate Breathing 
185.076,66.9643,M11_hrv,Metronomic Breathing,Fixed-Rate Breathing 
185.972,64.1026,M11_hrv,Metronomic Breathing,Fixed-Rate Breathing 
186.908,60.4839,M11_hrv,Metronomic Breathing,Fixed-Rate Breathing 
187.9,62.2407,M11_hrv,Metronomic Breathing,Fixed-Rate Breathing 
188.864,66.6667,M11_hrv,Metronomic Breathing,Fixed-Rate Breathing 
189.764,68.4931,M11_hrv,Metronomic Breathing,Fixed-Rate Breathing 
190.64,64.1026,M11_hrv,Metronomic Breathing,Fixed-Rate Breathing 
191.576,61.9835,M11_hrv,Metronomic Breathing,Fixed-Rate Breathing 
192.544,64.6552,M11_hrv,Metronomic Breathing,Fixed-Rate Breathing 
193.472,71.4286,M11_hrv,Metronomic Breathing,Fixed-Rate Breathing 
194.312,72.8155,M11_hrv,Metronomic Breathing,Fixed-Rate Breathing 
195.136,66.0793,M11_hrv,Metronomic Breathing,Fixed-Rate Breathing 
196.044,64.1026,M11_hrv,Metronomic Breathing,Fixed-Rate Breathing 
196.98,76.9231,M11_hrv,Metronomic Breathing,Fixed-Rate Breathing 
197.76,76.9231,M11_hrv,Metronomic Breathing,Fixed-Rate Breathing 
198.54,68.4931,M11_hrv,Metronomic Breathing,Fixed-Rate Breathing 
199.416,64.1026,M11_hrv,Metronomic Breathing,Fixed-Rate Breathing 
200.352,67.2646,M11_hrv,Metronomic Breathing,Fixed-Rate Breathing 
201.244,74.2574,M11_hrv,Metronomic Breathing,Fixed-Rate Breathing 
202.052,73.8916,M11_hrv,Metronomic Breathing,Fixed-Rate Breathing 
202.864,64.3777,M11_hrv,Metronomic Breathing,Fixed-Rate Breathing 
203.796,63.8298,M11_hrv,Metronomic Breathing,Fixed-Rate Breathing 
204.736,66.9643,M11_hrv,Metronomic Breathing,Fixed-Rate Breathing 
205.632,70.7547,M11_hrv,Metronomic Breathing,Fixed-Rate Breathing 
206.48,71.09,M11_hrv,Metronomic Breathing,Fixed-Rate Breathing 
207.324,64.3777,M11_hrv,Metronomic Breathing,Fixed-Rate Breathing 
208.256,66.6667,M11_hrv,Metronomic Breathing,Fixed-Rate Breathing 
209.156,71.7703,M11_hrv,Metronomic Breathing,Fixed-Rate Breathing 
209.992,72.1154,M11_hrv,Metronomic Breathing,Fixed-Rate Breathing 
210.824,67.2646,M11_hrv,Metronomic Breathing,Fixed-Rate Breathing 
211.716,63.0252,M11_hrv,Metronomic Breathing,Fixed-Rate Breathing 
212.668,67.2646,M11_hrv,Metronomic Breathing,Fixed-Rate Breathing 
213.56,71.09,M11_hrv,Metronomic Breathing,Fixed-Rate Breathing 
214.404,67.2646,M11_hrv,Metronomic Breathing,Fixed-Rate Breathing 
215.296,61.7284,M11_hrv,Metronomic Breathing,Fixed-Rate Breathing 
216.268,61.4754,M11_hrv,Metronomic Breathing,Fixed-Rate Breathing 
217.244,66.3717,M11_hrv,Metronomic Breathing,Fixed-Rate Breathing 
218.148,67.5676,M11_hrv,Metronomic Breathing,Fixed-Rate Breathing 
219.036,63.5593,M11_hrv,Metronomic Breathing,Fixed-Rate Breathing 
219.98,62.7615,M11_hrv,Metronomic Breathing,Fixed-Rate Breathing 
220.936,63.2911,M11_hrv,Metronomic Breathing,Fixed-Rate Breathing 
221.884,64.3777,M11_hrv,Metronomic Breathing,Fixed-Rate Breathing 
222.816,63.2911,M11_hrv,Metronomic Breathing,Fixed-Rate Breathing 
223.764,60.7287,M11_hrv,Metronomic Breathing,Fixed-Rate Breathing 
224.752,62.2407,M11_hrv,Metronomic Breathing,Fixed-Rate Breathing 
225.716,65.5022,M11_hrv,Metronomic Breathing,Fixed-Rate Breathing 
226.632,66.3717,M11_hrv,Metronomic Breathing,Fixed-Rate Breathing 
227.536,63.0252,M11_hrv,Metronomic Breathing,Fixed-Rate Breathing 
228.488,63.2911,M11_hrv,Metronomic Breathing,Fixed-Rate Breathing 
229.436,68.8073,M11_hrv,Metronomic Breathing,Fixed-Rate Breathing 
230.308,73.5294,M11_hrv,Metronomic Breathing,Fixed-Rate Breathing 
231.124,70.4225,M11_hrv,Metronomic Breathing,Fixed-Rate Breathing 
231.976,64.3777,M11_hrv,Metronomic Breathing,Fixed-Rate Breathing 
232.908,61.4754,M11_hrv,Metronomic Breathing,Fixed-Rate Breathing 
233.884,62.7615,M11_hrv,Metronomic Breathing,Fixed-Rate Breathing 
234.84,64.3777,M11_hrv,Metronomic Breathing,Fixed-Rate Breathing 
235.772,62.5,M11_hrv,Metronomic Breathing,Fixed-Rate Breathing 
236.732,61.9835,M11_hrv,Metronomic Breathing,Fixed-Rate Breathing 
237.7,64.9351,M11_hrv,Metronomic Breathing,Fixed-Rate Breathing 
238.624,67.2646,M11_hrv,Metronomic Breathing,Fixed-Rate Breathing 
239.516,64.9351,M11_hrv,Metronomic Breathing,Fixed-Rate Breathing 
240.44,64.3777,M11_hrv,Metronomic Breathing,Fixed-Rate Breathing 
241.372,65.2174,M11_hrv,Metronomic Breathing,Fixed-Rate Breathing 
242.292,66.6667,M11_hrv,Metronomic Breathing,Fixed-Rate Breathing 
243.192,66.9643,M11_hrv,Metronomic Breathing,Fixed-Rate Breathing 
244.088,64.6552,M11_hrv,Metronomic Breathing,Fixed-Rate Breathing 
245.016,62.7615,M11_hrv,Metronomic Breathing,Fixed-Rate Breathing 
245.972,66.0793,M11_hrv,Metronomic Breathing,Fixed-Rate Breathing 
246.88,66.0793,M11_hrv,Metronomic Breathing,Fixed-Rate Breathing 
247.788,65.5022,M11_hrv,Metronomic Breathing,Fixed-Rate Breathing 
248.704,65.5022,M11_hrv,Metronomic Breathing,Fixed-Rate Breathing 
249.62,67.5676,M11_hrv,Metronomic Breathing,Fixed-Rate Breathing 
250.508,72.4638,M11_hrv,Metronomic Breathing,Fixed-Rate Breathing 
251.336,73.1707,M11_hrv,Metronomic Breathing,Fixed-Rate Breathing 
252.156,76.5306,M11_hrv,Metronomic Breathing,Fixed-Rate Breathing 
252.94,69.4444,M11_hrv,Metronomic Breathing,Fixed-Rate Breathing 
253.804,69.4444,M11_hrv,Metronomic Breathing,Fixed-Rate Breathing 
254.668,70.4225,M11_hrv,Metronomic Breathing,Fixed-Rate Breathing 
255.52,68.4931,M11_hrv,Metronomic Breathing,Fixed-Rate Breathing 
256.396,66.3717,M11_hrv,Metronomic Breathing,Fixed-Rate Breathing 
257.3,66.0793,M11_hrv,Metronomic Breathing,Fixed-Rate Breathing 
258.208,68.8073,M11_hrv,Metronomic Breathing,Fixed-Rate Breathing 
259.08,70.0935,M11_hrv,Metronomic Breathing,Fixed-Rate Breathing 
259.936,67.2646,M11_hrv,Metronomic Breathing,Fixed-Rate Breathing 
260.828,66.9643,M11_hrv,Metronomic Breathing,Fixed-Rate Breathing 
261.724,67.5676,M11_hrv,Metronomic Breathing,Fixed-Rate Breathing 
262.612,69.1244,M11_hrv,Metronomic Breathing,Fixed-Rate Breathing 
263.48,66.6667,M11_hrv,Metronomic Breathing,Fixed-Rate Breathing 
264.38,64.1026,M11_hrv,Metronomic Breathing,Fixed-Rate Breathing 
265.316,66.3717,M11_hrv,Metronomic Breathing,Fixed-Rate Breathing 
266.22,66.9643,M11_hrv,Metronomic Breathing,Fixed-Rate Breathing 
267.116,65.5022,M11_hrv,Metronomic Breathing,Fixed-Rate Breathing 
268.032,63.8298,M11_hrv,Metronomic Breathing,Fixed-Rate Breathing 
268.972,62.7615,M11_hrv,Metronomic Breathing,Fixed-Rate Breathing 
269.928,64.3777,M11_hrv,Metronomic Breathing,Fixed-Rate Breathing 
270.86,64.9351,M11_hrv,Metronomic Breathing,Fixed-Rate Breathing 
271.784,64.1026,M11_hrv,Metronomic Breathing,Fixed-Rate Breathing 
272.72,63.0252,M11_hrv,Metronomic Breathing,Fixed-Rate Breathing 
273.672,65.5022,M11_hrv,Metronomic Breathing,Fixed-Rate Breathing 
274.588,67.5676,M11_hrv,Metronomic Breathing,Fixed-Rate Breathing 
275.476,66.6667,M11_hrv,Metronomic Breathing,Fixed-Rate Breathing 
276.376,66.9643,M11_hrv,Metronomic Breathing,Fixed-Rate Breathing 
277.272,68.4931,M11_hrv,Metronomic Breathing,Fixed-Rate Breathing 
278.148,75.7576,M11_hrv,Metronomic Breathing,Fixed-Rate Breathing 
278.94,72.1154,M11_hrv,Metronomic Breathing,Fixed-Rate Breathing 
279.772,66.9643,M11_hrv,Metronomic Breathing,Fixed-Rate Breathing 
280.668,63.8298,M11_hrv,Metronomic Breathing,Fixed-Rate Breathing 
281.608,63.8298,M11_hrv,Metronomic Breathing,Fixed-Rate Breathing 
282.548,64.6552,M11_hrv,Metronomic Breathing,Fixed-Rate Breathing 
283.476,64.3777,M11_hrv,Metronomic Breathing,Fixed-Rate Breathing 
284.408,62.2407,M11_hrv,Metronomic Breathing,Fixed-Rate Breathing 
285.372,62.2407,M11_hrv,Metronomic Breathing,Fixed-Rate Breathing 
286.336,64.9351,M11_hrv,Metronomic Breathing,Fixed-Rate Breathing 
287.26,65.5022,M11_hrv,Metronomic Breathing,Fixed-Rate Breathing 
288.176,63.5593,M11_hrv,Metronomic Breathing,Fixed-Rate Breathing 
289.12,63.0252,M11_hrv,Metronomic Breathing,Fixed-Rate Breathing 
290.072,62.7615,M11_hrv,Metronomic Breathing,Fixed-Rate Breathing 
291.028,64.1026,M11_hrv,Metronomic Breathing,Fixed-Rate Breathing 
291.964,64.6552,M11_hrv,Metronomic Breathing,Fixed-Rate Breathing 
292.892,63.2911,M11_hrv,Metronomic Breathing,Fixed-Rate Breathing 
293.84,62.2407,M11_hrv,Metronomic Breathing,Fixed-Rate Breathing 
294.804,63.8298,M11_hrv,Metronomic Breathing,Fixed-Rate Breathing 
295.744,64.3777,M11_hrv,Metronomic Breathing,Fixed-Rate Breathing 
296.676,62.5,M11_hrv,Metronomic Breathing,Fixed-Rate Breathing 
297.636,61.4754,M11_hrv,Metronomic Breathing,Fixed-Rate Breathing 
298.612,62.5,M11_hrv,Metronomic Breathing,Fixed-Rate Breathing 
299.572,64.1026,M11_hrv,Metronomic Breathing,Fixed-Rate Breathing 
300.508,62.7615,M11_hrv,Metronomic Breathing,Fixed-Rate Breathing 
301.464,62.5,M11_hrv,Metronomic Breathing,Fixed-Rate Breathing 
302.424,63.2911,M11_hrv,Metronomic Breathing,Fixed-Rate Breathing 
303.372,65.7895,M11_hrv,Metronomic Breathing,Fixed-Rate Breathing 
304.284,66.0793,M11_hrv,Metronomic Breathing,Fixed-Rate Breathing 
305.192,65.5022,M11_hrv,Metronomic Breathing,Fixed-Rate Breathing 
306.108,63.2911,M11_hrv,Metronomic Breathing,Fixed-Rate Breathing 
307.056,71.09,M11_hrv,Metronomic Breathing,Fixed-Rate Breathing 
307.9,72.1154,M11_hrv,Metronomic Breathing,Fixed-Rate Breathing 
308.732,69.4444,M11_hrv,Metronomic Breathing,Fixed-Rate Breathing 
309.596,65.2174,M11_hrv,Metronomic Breathing,Fixed-Rate Breathing 
310.516,62.2407,M11_hrv,Metronomic Breathing,Fixed-Rate Breathing 
311.48,64.6552,M11_hrv,Metronomic Breathing,Fixed-Rate Breathing 
312.408,65.2174,M11_hrv,Metronomic Breathing,Fixed-Rate Breathing 
313.328,63.2911,M11_hrv,Metronomic Breathing,Fixed-Rate Breathing 
314.276,62.5,M11_hrv,Metronomic Breathing,Fixed-Rate Breathing 
315.236,64.3777,M11_hrv,Metronomic Breathing,Fixed-Rate Breathing 
316.168,67.2646,M11_hrv,Metronomic Breathing,Fixed-Rate Breathing 
317.06,67.5676,M11_hrv,Metronomic Breathing,Fixed-Rate Breathing 
317.948,65.7895,M11_hrv,Metronomic Breathing,Fixed-Rate Breathing 
318.86,66.3717,M11_hrv,Metronomic Breathing,Fixed-Rate Breathing 
319.764,65.7895,M11_hrv,Metronomic Breathing,Fixed-Rate Breathing 
320.676,66.9643,M11_hrv,Metronomic Breathing,Fixed-Rate Breathing 
321.572,65.2174,M11_hrv,Metronomic Breathing,Fixed-Rate Breathing 
322.492,63.5593,M11_hrv,Metronomic Breathing,Fixed-Rate Breathing 
323.436,64.1026,M11_hrv,Metronomic Breathing,Fixed-Rate Breathing 
324.372,64.3777,M11_hrv,Metronomic Breathing,Fixed-Rate Breathing 
325.304,61.9835,M11_hrv,Metronomic Breathing,Fixed-Rate Breathing 
326.272,61.4754,M11_hrv,Metronomic Breathing,Fixed-Rate Breathing 
327.248,62.7615,M11_hrv,Metronomic Breathing,Fixed-Rate Breathing 
328.204,65.2174,M11_hrv,Metronomic Breathing,Fixed-Rate Breathing 
329.124,66.0793,M11_hrv,Metronomic Breathing,Fixed-Rate Breathing 
330.032,63.0252,M11_hrv,Metronomic Breathing,Fixed-Rate Breathing 
330.984,62.7615,M11_hrv,Metronomic Breathing,Fixed-Rate Breathing 
331.94,65.2174,M11_hrv,Metronomic Breathing,Fixed-Rate Breathing 
332.86,65.5022,M11_hrv,Metronomic Breathing,Fixed-Rate Breathing 
333.776,60.9756,M11_hrv,Metronomic Breathing,Fixed-Rate Breathing 
334.76,60.4839,M11_hrv,Metronomic Breathing,Fixed-Rate Breathing 
335.752,61.9835,M11_hrv,Metronomic Breathing,Fixed-Rate Breathing 
336.72,66.6667,M11_hrv,Metronomic Breathing,Fixed-Rate Breathing 
337.62,67.8733,M11_hrv,Metronomic Breathing,Fixed-Rate Breathing 
338.504,64.6552,M11_hrv,Metronomic Breathing,Fixed-Rate Breathing 
339.432,63.2911,M11_hrv,Metronomic Breathing,Fixed-Rate Breathing 
340.38,65.5022,M11_hrv,Metronomic Breathing,Fixed-Rate Breathing 
341.296,64.6552,M11_hrv,Metronomic Breathing,Fixed-Rate Breathing 
342.224,63.2911,M11_hrv,Metronomic Breathing,Fixed-Rate Breathing 
343.172,64.6552,M11_hrv,Metronomic Breathing,Fixed-Rate Breathing 
344.1,66.6667,M11_hrv,Metronomic Breathing,Fixed-Rate Breathing 
345.0,66.3717,M11_hrv,Metronomic Breathing,Fixed-Rate Breathing 
345.904,63.0252,M11_hrv,Metronomic Breathing,Fixed-Rate Breathing 
346.856,63.8298,M11_hrv,Metronomic Breathing,Fixed-Rate Breathing 
347.796,66.9643,M11_hrv,Metronomic Breathing,Fixed-Rate Breathing 
348.692,67.2646,M11_hrv,Metronomic Breathing,Fixed-Rate Breathing 
349.584,63.8298,M11_hrv,Metronomic Breathing,Fixed-Rate Breathing 
350.524,63.5593,M11_hrv,Metronomic Breathing,Fixed-Rate Breathing 
351.468,64.3777,M11_hrv,Metronomic Breathing,Fixed-Rate Breathing 
352.4,66.3717,M11_hrv,Metronomic Breathing,Fixed-Rate Breathing 
353.304,65.7895,M11_hrv,Metronomic Breathing,Fixed-Rate Breathing 
354.216,64.3777,M11_hrv,Metronomic Breathing,Fixed-Rate Breathing 
355.148,63.8298,M11_hrv,Metronomic Breathing,Fixed-Rate Breathing 
356.088,67.2646,M11_hrv,Metronomic Breathing,Fixed-Rate Breathing 
356.98,66.6667,M11_hrv,Metronomic Breathing,Fixed-Rate Breathing 
357.88,63.0252,M11_hrv,Metronomic Breathing,Fixed-Rate Breathing 
358.832,64.3777,M11_hrv,Metronomic Breathing,Fixed-Rate Breathing 
359.764,65.7895,M11_hrv,Metronomic Breathing,Fixed-Rate Breathing 
360.676,63.5593,M11_hrv,Metronomic Breathing,Fixed-Rate Breathing 
361.62,62.2407,M11_hrv,Metronomic Breathing,Fixed-Rate Breathing 
362.584,62.5,M11_hrv,Metronomic Breathing,Fixed-Rate Breathing 
363.544,64.3777,M11_hrv,Metronomic Breathing,Fixed-Rate Breathing 
364.476,66.3717,M11_hrv,Metronomic Breathing,Fixed-Rate Breathing 
365.38,66.0793,M11_hrv,Metronomic Breathing,Fixed-Rate Breathing 
366.288,63.0252,M11_hrv,Metronomic Breathing,Fixed-Rate Breathing 
367.24,63.2911,M11_hrv,Metronomic Breathing,Fixed-Rate Breathing 
368.188,64.3777,M11_hrv,Metronomic Breathing,Fixed-Rate Breathing 
369.12,66.6667,M11_hrv,Metronomic Breathing,Fixed-Rate Breathing 
370.02,64.6552,M11_hrv,Metronomic Breathing,Fixed-Rate Breathing 
370.948,62.7615,M11_hrv,Metronomic Breathing,Fixed-Rate Breathing 
371.904,63.5593,M11_hrv,Metronomic Breathing,Fixed-Rate Breathing 
372.848,66.6667,M11_hrv,Metronomic Breathing,Fixed-Rate Breathing 
373.748,67.2646,M11_hrv,Metronomic Breathing,Fixed-Rate Breathing 
374.64,64.6552,M11_hrv,Metronomic Breathing,Fixed-Rate Breathing 
375.568,62.7615,M11_hrv,Metronomic Breathing,Fixed-Rate Breathing 
376.524,64.3777,M11_hrv,Metronomic Breathing,Fixed-Rate Breathing 
377.456,66.3717,M11_hrv,Metronomic Breathing,Fixed-Rate Breathing 
378.36,65.2174,M11_hrv,Metronomic Breathing,Fixed-Rate Breathing 
379.28,61.9835,M11_hrv,Metronomic Breathing,Fixed-Rate Breathing 
380.248,62.2407,M11_hrv,Metronomic Breathing,Fixed-Rate Breathing 
381.212,66.0793,M11_hrv,Metronomic Breathing,Fixed-Rate Breathing 
382.12,68.1818,M11_hrv,Metronomic Breathing,Fixed-Rate Breathing 
383.0,65.7895,M11_hrv,Metronomic Breathing,Fixed-Rate Breathing 
383.912,65.7895,M11_hrv,Metronomic Breathing,Fixed-Rate Breathing 
384.824,72.1154,M11_hrv,Metronomic Breathing,Fixed-Rate Breathing 
385.656,71.4286,M11_hrv,Metronomic Breathing,Fixed-Rate Breathing 
386.496,69.4444,M11_hrv,Metronomic Breathing,Fixed-Rate Breathing 
387.36,65.5022,M11_hrv,Metronomic Breathing,Fixed-Rate Breathing 
388.276,63.0252,M11_hrv,Metronomic Breathing,Fixed-Rate Breathing 
389.228,65.7895,M11_hrv,Metronomic Breathing,Fixed-Rate Breathing 
390.14,66.6667,M11_hrv,Metronomic Breathing,Fixed-Rate Breathing 
391.04,64.1026,M11_hrv,Metronomic Breathing,Fixed-Rate Breathing 
391.976,63.8298,M11_hrv,Metronomic Breathing,Fixed-Rate Breathing 
392.916,65.2174,M11_hrv,Metronomic Breathing,Fixed-Rate Breathing 
393.836,68.1818,M11_hrv,Metronomic Breathing,Fixed-Rate Breathing 
394.716,70.4225,M11_hrv,Metronomic Breathing,Fixed-Rate Breathing 
395.568,66.6667,M11_hrv,Metronomic Breathing,Fixed-Rate Breathing 
396.468,64.9351,M11_hrv,Metronomic Breathing,Fixed-Rate Breathing 
397.392,65.5022,M11_hrv,Metronomic Breathing,Fixed-Rate Breathing 
398.308,64.1026,M11_hrv,Metronomic Breathing,Fixed-Rate Breathing 
399.244,62.7615,M11_hrv,Metronomic Breathing,Fixed-Rate Breathing 
400.2,63.2911,M11_hrv,Metronomic Breathing,Fixed-Rate Breathing 
401.148,67.5676,M11_hrv,Metronomic Breathing,Fixed-Rate Breathing 
402.036,69.4444,M11_hrv,Metronomic Breathing,Fixed-Rate Breathing 
402.9,64.3777,M11_hrv,Metronomic Breathing,Fixed-Rate Breathing 
403.832,64.1026,M11_hrv,Metronomic Breathing,Fixed-Rate Breathing 
404.768,65.7895,M11_hrv,Metronomic Breathing,Fixed-Rate Breathing 
405.68,67.2646,M11_hrv,Metronomic Breathing,Fixed-Rate Breathing 
406.572,66.9643,M11_hrv,Metronomic Breathing,Fixed-Rate Breathing 
407.468,62.5,M11_hrv,Metronomic Breathing,Fixed-Rate Breathing 
408.428,62.5,M11_hrv,Metronomic Breathing,Fixed-Rate Breathing 
409.388,64.9351,M11_hrv,Metronomic Breathing,Fixed-Rate Breathing 
410.312,66.0793,M11_hrv,Metronomic Breathing,Fixed-Rate Breathing 
411.22,64.1026,M11_hrv,Metronomic Breathing,Fixed-Rate Breathing 
412.156,63.8298,M11_hrv,Metronomic Breathing,Fixed-Rate Breathing 
413.096,66.0793,M11_hrv,Metronomic Breathing,Fixed-Rate Breathing 
414.004,67.8733,M11_hrv,Metronomic Breathing,Fixed-Rate Breathing 
414.888,66.3717,M11_hrv,Metronomic Breathing,Fixed-Rate Breathing 
415.792,65.2174,M11_hrv,Metronomic Breathing,Fixed-Rate Breathing 
416.712,64.6552,M11_hrv,Metronomic Breathing,Fixed-Rate Breathing 
417.64,66.6667,M11_hrv,Metronomic Breathing,Fixed-Rate Breathing 
418.54,67.5676,M11_hrv,Metronomic Breathing,Fixed-Rate Breathing 
419.428,64.6552,M11_hrv,Metronomic Breathing,Fixed-Rate Breathing 
420.356,62.5,M11_hrv,Metronomic Breathing,Fixed-Rate Breathing 
421.316,63.2911,M11_hrv,Metronomic Breathing,Fixed-Rate Breathing 
422.264,66.6667,M11_hrv,Metronomic Breathing,Fixed-Rate Breathing 
423.164,66.3717,M11_hrv,Metronomic Breathing,Fixed-Rate Breathing 
424.068,63.8298,M11_hrv,Metronomic Breathing,Fixed-Rate Breathing 
425.008,64.1026,M11_hrv,Metronomic Breathing,Fixed-Rate Breathing 
425.944,65.5022,M11_hrv,Metronomic Breathing,Fixed-Rate Breathing 
426.86,67.2646,M11_hrv,Metronomic Breathing,Fixed-Rate Breathing 
427.752,66.0793,M11_hrv,Metronomic Breathing,Fixed-Rate Breathing 
428.66,64.1026,M11_hrv,Metronomic Breathing,Fixed-Rate Breathing 
429.596,64.1026,M11_hrv,Metronomic Breathing,Fixed-Rate Breathing 
430.532,67.2646,M11_hrv,Metronomic Breathing,Fixed-Rate Breathing 
431.424,69.1244,M11_hrv,Metronomic Breathing,Fixed-Rate Breathing 
432.292,66.6667,M11_hrv,Metronomic Breathing,Fixed-Rate Breathing 
433.192,73.1707,M11_hrv,Metronomic Breathing,Fixed-Rate Breathing 
434.012,64.9351,M11_hrv,Metronomic Breathing,Fixed-Rate Breathing 
434.936,66.9643,M11_hrv,Metronomic Breathing,Fixed-Rate Breathing 
435.832,65.2174,M11_hrv,Metronomic Breathing,Fixed-Rate Breathing 
436.752,61.9835,M11_hrv,Metronomic Breathing,Fixed-Rate Breathing 
437.72,62.5,M11_hrv,Metronomic Breathing,Fixed-Rate Breathing 
438.68,64.6552,M11_hrv,Metronomic Breathing,Fixed-Rate Breathing 
439.608,65.2174,M11_hrv,Metronomic Breathing,Fixed-Rate Breathing 
440.528,64.3777,M11_hrv,Metronomic Breathing,Fixed-Rate Breathing 
441.46,64.3777,M11_hrv,Metronomic Breathing,Fixed-Rate Breathing 
442.392,66.0793,M11_hrv,Metronomic Breathing,Fixed-Rate Breathing 
443.3,68.8073,M11_hrv,Metronomic Breathing,Fixed-Rate Breathing 
444.172,68.4931,M11_hrv,Metronomic Breathing,Fixed-Rate Breathing 
445.048,64.6552,M11_hrv,Metronomic Breathing,Fixed-Rate Breathing 
445.976,63.5593,M11_hrv,Metronomic Breathing,Fixed-Rate Breathing 
446.92,65.5022,M11_hrv,Metronomic Breathing,Fixed-Rate Breathing 
447.836,66.3717,M11_hrv,Metronomic Breathing,Fixed-Rate Breathing 
448.74,63.5593,M11_hrv,Metronomic Breathing,Fixed-Rate Breathing 
449.684,62.5,M11_hrv,Metronomic Breathing,Fixed-Rate Breathing 
450.644,65.5022,M11_hrv,Metronomic Breathing,Fixed-Rate Breathing 
451.56,67.8733,M11_hrv,Metronomic Breathing,Fixed-Rate Breathing 
452.444,66.6667,M11_hrv,Metronomic Breathing,Fixed-Rate Breathing 
453.344,64.3777,M11_hrv,Metronomic Breathing,Fixed-Rate Breathing 
454.276,64.9351,M11_hrv,Metronomic Breathing,Fixed-Rate Breathing 
455.2,66.9643,M11_hrv,Metronomic Breathing,Fixed-Rate Breathing 
456.096,64.9351,M11_hrv,Metronomic Breathing,Fixed-Rate Breathing 
457.02,62.5,M11_hrv,Metronomic Breathing,Fixed-Rate Breathing 
457.98,63.5593,M11_hrv,Metronomic Breathing,Fixed-Rate Breathing 
458.924,65.7895,M11_hrv,Metronomic Breathing,Fixed-Rate Breathing 
459.836,64.1026,M11_hrv,Metronomic Breathing,Fixed-Rate Breathing 
460.772,62.7615,M11_hrv,Metronomic Breathing,Fixed-Rate Breathing 
461.728,63.0252,M11_hrv,Metronomic Breathing,Fixed-Rate Breathing 
462.68,66.0793,M11_hrv,Metronomic Breathing,Fixed-Rate Breathing 
463.588,67.5676,M11_hrv,Metronomic Breathing,Fixed-Rate Breathing 
464.476,63.8298,M11_hrv,Metronomic Breathing,Fixed-Rate Breathing 
465.416,61.7284,M11_hrv,Metronomic Breathing,Fixed-Rate Breathing 
466.388,64.3777,M11_hrv,Metronomic Breathing,Fixed-Rate Breathing 
467.32,64.1026,M11_hrv,Metronomic Breathing,Fixed-Rate Breathing 
468.256,63.0252,M11_hrv,Metronomic Breathing,Fixed-Rate Breathing 
469.208,63.8298,M11_hrv,Metronomic Breathing,Fixed-Rate Breathing 
470.148,65.7895,M11_hrv,Metronomic Breathing,Fixed-Rate Breathing 
471.06,66.9643,M11_hrv,Metronomic Breathing,Fixed-Rate Breathing 
471.956,64.3777,M11_hrv,Metronomic Breathing,Fixed-Rate Breathing 
472.888,62.5,M11_hrv,Metronomic Breathing,Fixed-Rate Breathing 
473.848,62.7615,M11_hrv,Metronomic Breathing,Fixed-Rate Breathing 
474.804,65.2174,M11_hrv,Metronomic Breathing,Fixed-Rate Breathing 
475.724,64.3777,M11_hrv,Metronomic Breathing,Fixed-Rate Breathing 
476.656,65.5022,M11_hrv,Metronomic Breathing,Fixed-Rate Breathing 
477.572,63.5593,M11_hrv,Metronomic Breathing,Fixed-Rate Breathing 
478.516,61.7284,M11_hrv,Metronomic Breathing,Fixed-Rate Breathing 
479.488,64.6552,M11_hrv,Metronomic Breathing,Fixed-Rate Breathing 
480.416,66.3717,M11_hrv,Metronomic Breathing,Fixed-Rate Breathing 
481.32,65.2174,M11_hrv,Metronomic Breathing,Fixed-Rate Breathing 
482.24,64.3777,M11_hrv,Metronomic Breathing,Fixed-Rate Breathing 
483.172,73.5294,M11_hrv,Metronomic Breathing,Fixed-Rate Breathing 
483.988,71.09,M11_hrv,Metronomic Breathing,Fixed-Rate Breathing 
484.832,66.9643,M11_hrv,Metronomic Breathing,Fixed-Rate Breathing 
485.728,63.0252,M11_hrv,Metronomic Breathing,Fixed-Rate Breathing 
486.68,63.2911,M11_hrv,Metronomic Breathing,Fixed-Rate Breathing 
487.628,64.9351,M11_hrv,Metronomic Breathing,Fixed-Rate Breathing 
488.552,63.0252,M11_hrv,Metronomic Breathing,Fixed-Rate Breathing 
489.504,62.5,M11_hrv,Metronomic Breathing,Fixed-Rate Breathing 
490.464,63.0252,M11_hrv,Metronomic Breathing,Fixed-Rate Breathing 
491.416,66.9643,M11_hrv,Metronomic Breathing,Fixed-Rate Breathing 
492.312,68.1818,M11_hrv,Metronomic Breathing,Fixed-Rate Breathing 
493.192,65.2174,M11_hrv,Metronomic Breathing,Fixed-Rate Breathing 
494.112,64.9351,M11_hrv,Metronomic Breathing,Fixed-Rate Breathing 
495.036,68.1818,M11_hrv,Metronomic Breathing,Fixed-Rate Breathing 
495.916,70.7547,M11_hrv,Metronomic Breathing,Fixed-Rate Breathing 
496.764,67.8733,M11_hrv,Metronomic Breathing,Fixed-Rate Breathing 
497.648,64.6552,M11_hrv,Metronomic Breathing,Fixed-Rate Breathing 
498.576,64.3777,M11_hrv,Metronomic Breathing,Fixed-Rate Breathing 
499.508,66.9643,M11_hrv,Metronomic Breathing,Fixed-Rate Breathing 
500.404,67.5676,M11_hrv,Metronomic Breathing,Fixed-Rate Breathing 
501.292,65.7895,M11_hrv,Metronomic Breathing,Fixed-Rate Breathing 
502.204,63.8298,M11_hrv,Metronomic Breathing,Fixed-Rate Breathing 
503.144,64.9351,M11_hrv,Metronomic Breathing,Fixed-Rate Breathing 
504.068,66.0793,M11_hrv,Metronomic Breathing,Fixed-Rate Breathing 
504.976,63.5593,M11_hrv,Metronomic Breathing,Fixed-Rate Breathing 
505.92,61.4754,M11_hrv,Metronomic Breathing,Fixed-Rate Breathing 
506.896,62.7615,M11_hrv,Metronomic Breathing,Fixed-Rate Breathing 
507.852,65.7895,M11_hrv,Metronomic Breathing,Fixed-Rate Breathing 
508.764,65.2174,M11_hrv,Metronomic Breathing,Fixed-Rate Breathing 
509.684,64.3777,M11_hrv,Metronomic Breathing,Fixed-Rate Breathing 
510.616,64.6552,M11_hrv,Metronomic Breathing,Fixed-Rate Breathing 
511.544,69.7674,M11_hrv,Metronomic Breathing,Fixed-Rate Breathing 
512.404,78.9474,M11_hrv,Metronomic Breathing,Fixed-Rate Breathing 
513.164,73.8916,M11_hrv,Metronomic Breathing,Fixed-Rate Breathing 
513.976,65.5022,M11_hrv,Metronomic Breathing,Fixed-Rate Breathing 
514.892,65.5022,M11_hrv,Metronomic Breathing,Fixed-Rate Breathing 
515.808,67.8733,M11_hrv,Metronomic Breathing,Fixed-Rate Breathing 
516.692,69.7674,M11_hrv,Metronomic Breathing,Fixed-Rate Breathing 
517.552,69.1244,M11_hrv,Metronomic Breathing,Fixed-Rate Breathing 
518.42,64.9351,M11_hrv,Metronomic Breathing,Fixed-Rate Breathing 
519.344,63.5593,M11_hrv,Metronomic Breathing,Fixed-Rate Breathing 
520.288,64.3777,M11_hrv,Metronomic Breathing,Fixed-Rate Breathing 
521.22,68.1818,M11_hrv,Metronomic Breathing,Fixed-Rate Breathing 
522.1,65.5022,M11_hrv,Metronomic Breathing,Fixed-Rate Breathing 
523.016,63.0252,M11_hrv,Metronomic Breathing,Fixed-Rate Breathing 
523.968,64.3777,M11_hrv,Metronomic Breathing,Fixed-Rate Breathing 
524.9,65.5022,M11_hrv,Metronomic Breathing,Fixed-Rate Breathing 
525.816,64.9351,M11_hrv,Metronomic Breathing,Fixed-Rate Breathing 
526.74,63.5593,M11_hrv,Metronomic Breathing,Fixed-Rate Breathing 
527.684,64.6552,M11_hrv,Metronomic Breathing,Fixed-Rate Breathing 
528.612,66.6667,M11_hrv,Metronomic Breathing,Fixed-Rate Breathing 
529.512,67.5676,M11_hrv,Metronomic Breathing,Fixed-Rate Breathing 
530.4,67.2646,M11_hrv,Metronomic Breathing,Fixed-Rate Breathing 
531.292,65.2174,M11_hrv,Metronomic Breathing,Fixed-Rate Breathing 
532.212,67.2646,M11_hrv,Metronomic Breathing,Fixed-Rate Breathing 
533.104,75.0,M11_hrv,Metronomic Breathing,Fixed-Rate Breathing 
533.904,70.7547,M11_hrv,Metronomic Breathing,Fixed-Rate Breathing 
534.752,67.5676,M11_hrv,Metronomic Breathing,Fixed-Rate Breathing 
535.64,64.6552,M11_hrv,Metronomic Breathing,Fixed-Rate Breathing 
536.568,65.5022,M11_hrv,Metronomic Breathing,Fixed-Rate Breathing 
537.484,66.9643,M11_hrv,Metronomic Breathing,Fixed-Rate Breathing 
538.38,65.5022,M11_hrv,Metronomic Breathing,Fixed-Rate Breathing 
539.296,62.7615,M11_hrv,Metronomic Breathing,Fixed-Rate Breathing 
540.252,63.2911,M11_hrv,Metronomic Breathing,Fixed-Rate Breathing 
541.2,65.7895,M11_hrv,Metronomic Breathing,Fixed-Rate Breathing 
542.112,66.0793,M11_hrv,Metronomic Breathing,Fixed-Rate Breathing 
543.02,62.7615,M11_hrv,Metronomic Breathing,Fixed-Rate Breathing 
543.976,63.0252,M11_hrv,Metronomic Breathing,Fixed-Rate Breathing 
544.928,65.7895,M11_hrv,Metronomic Breathing,Fixed-Rate Breathing 
545.84,65.5022,M11_hrv,Metronomic Breathing,Fixed-Rate Breathing 
546.756,64.1026,M11_hrv,Metronomic Breathing,Fixed-Rate Breathing 
547.692,64.3777,M11_hrv,Metronomic Breathing,Fixed-Rate Breathing 
548.624,66.6667,M11_hrv,Metronomic Breathing,Fixed-Rate Breathing 
549.524,69.1244,M11_hrv,Metronomic Breathing,Fixed-Rate Breathing 
550.392,66.0793,M11_hrv,Metronomic Breathing,Fixed-Rate Breathing 
551.3,65.2174,M11_hrv,Metronomic Breathing,Fixed-Rate Breathing 
552.22,64.6552,M11_hrv,Metronomic Breathing,Fixed-Rate Breathing 
553.148,64.6552,M11_hrv,Metronomic Breathing,Fixed-Rate Breathing 
554.076,66.9643,M11_hrv,Metronomic Breathing,Fixed-Rate Breathing 
554.972,65.7895,M11_hrv,Metronomic Breathing,Fixed-Rate Breathing 
555.884,63.8298,M11_hrv,Metronomic Breathing,Fixed-Rate Breathing 
556.824,64.1026,M11_hrv,Metronomic Breathing,Fixed-Rate Breathing 
557.76,67.2646,M11_hrv,Metronomic Breathing,Fixed-Rate Breathing 
558.652,66.9643,M11_hrv,Metronomic Breathing,Fixed-Rate Breathing 
559.548,64.1026,M11_hrv,Metronomic Breathing,Fixed-Rate Breathing 
560.484,63.2911,M11_hrv,Metronomic Breathing,Fixed-Rate Breathing 
561.432,63.8298,M11_hrv,Metronomic Breathing,Fixed-Rate Breathing 
562.372,63.2911,M11_hrv,Metronomic Breathing,Fixed-Rate Breathing 
563.32,60.7287,M11_hrv,Metronomic Breathing,Fixed-Rate Breathing 
564.308,61.9835,M11_hrv,Metronomic Breathing,Fixed-Rate Breathing 
565.276,65.2174,M11_hrv,Metronomic Breathing,Fixed-Rate Breathing 
566.196,64.6552,M11_hrv,Metronomic Breathing,Fixed-Rate Breathing 
567.124,63.8298,M11_hrv,Metronomic Breathing,Fixed-Rate Breathing 
568.064,64.3777,M11_hrv,Metronomic Breathing,Fixed-Rate Breathing 
568.996,68.8073,M11_hrv,Metronomic Breathing,Fixed-Rate Breathing 
569.868,68.1818,M11_hrv,Metronomic Breathing,Fixed-Rate Breathing 
570.748,64.3777,M11_hrv,Metronomic Breathing,Fixed-Rate Breathing 
571.68,65.2174,M11_hrv,Metronomic Breathing,Fixed-Rate Breathing 
572.6,73.1707,M11_hrv,Metronomic Breathing,Fixed-Rate Breathing 
573.42,72.1154,M11_hrv,Metronomic Breathing,Fixed-Rate Breathing 
574.252,72.8155,M11_hrv,Metronomic Breathing,Fixed-Rate Breathing 
575.076,66.6667,M11_hrv,Metronomic Breathing,Fixed-Rate Breathing 
575.976,65.5022,M11_hrv,Metronomic Breathing,Fixed-Rate Breathing 
576.892,67.8733,M11_hrv,Metronomic Breathing,Fixed-Rate Breathing 
577.776,66.6667,M11_hrv,Metronomic Breathing,Fixed-Rate Breathing 
578.676,65.2174,M11_hrv,Metronomic Breathing,Fixed-Rate Breathing 
579.596,66.9643,M11_hrv,Metronomic Breathing,Fixed-Rate Breathing 
580.492,63.8298,M11_hrv,Metronomic Breathing,Fixed-Rate Breathing 
581.432,64.6552,M11_hrv,Metronomic Breathing,Fixed-Rate Breathing 
582.36,65.5022,M11_hrv,Metronomic Breathing,Fixed-Rate Breathing 
583.276,63.5593,M11_hrv,Metronomic Breathing,Fixed-Rate Breathing 
584.22,64.1026,M11_hrv,Metronomic Breathing,Fixed-Rate Breathing 
585.156,66.0793,M11_hrv,Metronomic Breathing,Fixed-Rate Breathing 
586.064,67.5676,M11_hrv,Metronomic Breathing,Fixed-Rate Breathing 
586.952,66.0793,M11_hrv,Metronomic Breathing,Fixed-Rate Breathing 
587.86,64.9351,M11_hrv,Metronomic Breathing,Fixed-Rate Breathing 
588.784,65.5022,M11_hrv,Metronomic Breathing,Fixed-Rate Breathing 
589.7,68.4931,M11_hrv,Metronomic Breathing,Fixed-Rate Breathing 
590.576,69.7674,M11_hrv,Metronomic Breathing,Fixed-Rate Breathing 
591.436,66.9643,M11_hrv,Metronomic Breathing,Fixed-Rate Breathing 
592.332,65.2174,M11_hrv,Metronomic Breathing,Fixed-Rate Breathing 
593.252,63.8298,M11_hrv,Metronomic Breathing,Fixed-Rate Breathing 
594.192,66.6667,M11_hrv,Metronomic Breathing,Fixed-Rate Breathing 
595.092,69.1244,M11_hrv,Metronomic Breathing,Fixed-Rate Breathing 
595.96,68.1818,M11_hrv,Metronomic Breathing,Fixed-Rate Breathing 
596.84,66.9643,M11_hrv,Metronomic Breathing,Fixed-Rate Breathing 
597.736,66.9643,M11_hrv,Metronomic Breathing,Fixed-Rate Breathing 
598.632,68.4931,M11_hrv,Metronomic Breathing,Fixed-Rate Breathing 
