Time,HeartRate,Subject,Group,State
1.668,58.8235,M9_hrv,Metronomic Breathing,Fixed-Rate Breathing 
2.688,61.2245,M9_hrv,Metronomic Breathing,Fixed-Rate Breathing 
3.668,60.9756,M9_hrv,Metronomic Breathing,Fixed-Rate Breathing 
4.652,59.0551,M9_hrv,Metronomic Breathing,Fixed-Rate Breathing 
5.668,61.9835,M9_hrv,Metronomic Breathing,Fixed-Rate Breathing 
6.636,61.4754,M9_hrv,Metronomic Breathing,Fixed-Rate Breathing 
7.612,63.8298,M9_hrv,Metronomic Breathing,Fixed-Rate Breathing 
8.552,61.4754,M9_hrv,Metronomic Breathing,Fixed-Rate Breathing 
9.528,63.8298,M9_hrv,Metronomic Breathing,Fixed-Rate Breathing 
10.468,66.3717,M9_hrv,Metronomic Breathing,Fixed-Rate Breathing 
11.372,63.0252,M9_hrv,Metronomic Breathing,Fixed-Rate Breathing 
12.324,58.5937,M9_hrv,Metronomic Breathing,Fixed-Rate Breathing 
13.348,58.3658,M9_hrv,Metronomic Breathing,Fixed-Rate Breathing 
14.376,64.1026,M9_hrv,Metronomic Breathing,Fixed-Rate Breathing 
15.312,66.3717,M9_hrv,Metronomic Breathing,Fixed-Rate Breathing 
16.216,63.0252,M9_hrv,Metronomic Breathing,Fixed-Rate Breathing 
17.168,70.7547,M9_hrv,Metronomic Breathing,Fixed-Rate Breathing 
18.016,63.0252,M9_hrv,Metronomic Breathing,Fixed-Rate Breathing 
18.968,57.2519,M9_hrv,Metronomic Breathing,Fixed-Rate Breathing 
20.016,61.2245,M9_hrv,Metronomic Breathing,Fixed-Rate Breathing 
20.996,60.9756,M9_hrv,Metronomic Breathing,Fixed-Rate Breathing 
21.98,57.4713,M9_hrv,Metronomic Breathing,Fixed-Rate Breathing 
23.024,58.5937,M9_hrv,Metronomic Breathing,Fixed-Rate Breathing 
24.048,66.0793,M9_hrv,Metronomic Breathing,Fixed-Rate Breathing 
24.956,62.7615,M9_hrv,Metronomic Breathing,Fixed-Rate Breathing 
25.912,59.5238,M9_hrv,Metronomic Breathing,Fixed-Rate Breathing 
26.92,59.2885,M9_hrv,Metronomic Breathing,Fixed-Rate Breathing 
27.932,62.7615,M9_hrv,Metronomic Breathing,Fixed-Rate Breathing 
28.888,64.6552,M9_hrv,Metronomic Breathing,Fixed-Rate Breathing 
29.816,60.9756,M9_hrv,Metronomic Breathing,Fixed-Rate Breathing 
30.8,58.8235,M9_hrv,Metronomic Breathing,Fixed-Rate Breathing 
31.82,63.0252,M9_hrv,Metronomic Breathing,Fixed-Rate Breathing 
32.772,66.3717,M9_hrv,Metronomic Breathing,Fixed-Rate Breathing 
33.676,63.5593,M9_hrv,Metronomic Breathing,Fixed-Rate Breathing 
34.62,59.761,M9_hrv,Metronomic Breathing,Fixed-Rate Breathing 
35.624,61.4754,M9_hrv,Metronomic Breathing,Fixed-Rate Breathing 
36.6,65.5022,M9_hrv,Metronomic Breathing,Fixed-Rate Breathing 
37.516,66.3717,M9_hrv,Metronomic Breathing,Fixed-Rate Breathing 
38.42,64.9351,M9_hrv,Metronomic Breathing,Fixed-Rate Breathing 
39.344,64.9351,M9_hrv,Metronomic Breathing,Fixed-Rate Breathing 
40.268,66.6667,M9_hrv,Metronomic Breathing,Fixed-Rate Breathing 
41.168,68.1818,M9_hrv,Metronomic Breathing,Fixed-Rate Breathing 
42.048,67.8733,M9_hrv,Metronomic Breathing,Fixed-Rate Breathing 
42.932,62.7615,M9_hrv,Metronomic Breathing,Fixed-Rate Breathing 
43.888,63.2911,M9_hrv,Metronomic Breathing,Fixed-Rate Breathing 
44.836,65.7895,M9_hrv,Metronomic Breathing,Fixed-Rate Breathing 
45.748,64.3777,M9_hrv,Metronomic Breathing,Fixed-Rate Breathing 
46.68,61.9835,M9_hrv,Metronomic Breathing,Fixed-Rate Breathing 
47.648,66.0793,M9_hrv,Metronomic Breathing,Fixed-Rate Breathing 
48.556,70.4225,M9_hrv,Metronomic Breathing,Fixed-Rate Breathing 
49.408,68.1818,M9_hrv,Metronomic Breathing,Fixed-Rate Breathing 
50.288,64.3777,M9_hrv,Metronomic Breathing,Fixed-Rate Breathing 
51.22,63.8298,M9_hrv,Metronomic Breathing,Fixed-Rate Breathing 
52.16,67.2646,M9_hrv,Metronomic Breathing,Fixed-Rate Breathing 
53.052,72.8155,M9_hrv,Metronomic Breathing,Fixed-Rate Breathing 
53.876,72.4638,M9_hrv,Metronomic Breathing,Fixed-Rate Breathing 
54.704,70.0935,M9_hrv,Metronomic Breathing,Fixed-Rate Breathing 
55.56,70.4225,M9_hrv,Metronomic Breathing,Fixed-Rate Breathing 
56.412,74.2574,M9_hrv,Metronomic Breathing,Fixed-Rate Breathing 
57.22,73.1707,M9_hrv,Metronomic Breathing,Fixed-Rate Breathing 
58.04,67.2646,M9_hrv,Metronomic Breathing,Fixed-Rate Breathing 
58.932,66.6667,M9_hrv,Metronomic Breathing,Fixed-Rate Breathing 
59.832,68.1818,M9_hrv,Metronomic Breathing,Fixed-Rate Breathing 
60.712,70.0935,M9_hrv,Metronomic Breathing,Fixed-Rate Breathing 
61.568,68.4931,M9_hrv,Metronomic Breathing,Fixed-Rate Breathing 
62.444,67.8733,M9_hrv,Metronomic Breathing,Fixed-Rate Breathing 
63.328,71.4286,M9_hrv,Metronomic Breathing,Fixed-Rate Breathing 
64.168,76.9231,M9_hrv,Metronomic Breathing,Fixed-Rate Breathing 
64.948,77.7202,M9_hrv,Metronomic Breathing,Fixed-Rate Breathing 
65.72,70.7547,M9_hrv,Metronomic Breathing,Fixed-Rate Breathing 
66.568,63.8298,M9_hrv,Metronomic Breathing,Fixed-Rate Breathing 
67.508,60.7287,M9_hrv,Metronomic Breathing,Fixed-Rate Breathing 
68.496,69.1244,M9_hrv,Metronomic Breathing,Fixed-Rate Breathing 
69.364,74.2574,M9_hrv,Metronomic Breathing,Fixed-Rate Breathing 
70.172,73.8916,M9_hrv,Metronomic Breathing,Fixed-Rate Breathing 
70.984,71.7703,M9_hrv,Metronomic Breathing,Fixed-Rate Breathing 
71.82,72.1154,M9_hrv,Metronomic Breathing,Fixed-Rate Breathing 
72.652,74.2574,M9_hrv,Metronomic Breathing,Fixed-Rate Breathing 
73.46,74.2574,M9_hrv,Metronomic Breathing,Fixed-Rate Breathing 
74.268,70.0935,M9_hrv,Metronomic Breathing,Fixed-Rate Breathing 
75.124,66.0793,M9_hrv,Metronomic Breathing,Fixed-Rate Breathing 
76.032,66.3717,M9_hrv,Metronomic Breathing,Fixed-Rate Breathing 
76.936,72.4638,M9_hrv,Metronomic Breathing,Fixed-Rate Breathing 
77.764,75.7576,M9_hrv,Metronomic Breathing,Fixed-Rate Breathing 
78.556,74.2574,M9_hrv,Metronomic Breathing,Fixed-Rate Breathing 
79.364,74.6269,M9_hrv,Metronomic Breathing,Fixed-Rate Breathing 
80.168,74.2574,M9_hrv,Metronomic Breathing,Fixed-Rate Breathing 
80.976,77.7202,M9_hrv,Metronomic Breathing,Fixed-Rate Breathing 
81.748,78.9474,M9_hrv,Metronomic Breathing,Fixed-Rate Breathing 
82.508,76.9231,M9_hrv,Metronomic Breathing,Fixed-Rate Breathing 
83.288,75.0,M9_hrv,Metronomic Breathing,Fixed-Rate Breathing 
84.088,69.7674,M9_hrv,Metronomic Breathing,Fixed-Rate Breathing 
84.948,74.2574,M9_hrv,Metronomic Breathing,Fixed-Rate Breathing 
85.756,75.0,M9_hrv,Metronomic Breathing,Fixed-Rate Breathing 
86.556,73.5294,M9_hrv,Metronomic Breathing,Fixed-Rate Breathing 
87.372,72.4638,M9_hrv,Metronomic Breathing,Fixed-Rate Breathing 
88.2,75.0,M9_hrv,Metronomic Breathing,Fixed-Rate Breathing 
89.0,72.4638,M9_hrv,Metronomic Breathing,Fixed-Rate Breathing 
89.828,72.8155,M9_hrv,Metronomic Breathing,Fixed-Rate Breathing 
90.652,70.4225,M9_hrv,Metronomic Breathing,Fixed-Rate Breathing 
91.504,71.09,M9_hrv,Metronomic Breathing,Fixed-Rate Breathing 
92.348,71.7703,M9_hrv,Metronomic Breathing,Fixed-Rate Breathing 
93.184,75.3769,M9_hrv,Metronomic Breathing,Fixed-Rate Breathing 
93.98,77.3196,M9_hrv,Metronomic Breathing,Fixed-Rate Breathing 
94.756,74.6269,M9_hrv,Metronomic Breathing,Fixed-Rate Breathing 
95.56,73.1707,M9_hrv,Metronomic Breathing,Fixed-Rate Breathing 
96.38,70.4225,M9_hrv,Metronomic Breathing,Fixed-Rate Breathing 
97.232,70.7547,M9_hrv,Metronomic Breathing,Fixed-Rate Breathing 
98.08,71.7703,M9_hrv,Metronomic Breathing,Fixed-Rate Breathing 
98.916,67.5676,M9_hrv,Metronomic Breathing,Fixed-Rate Breathing 
99.804,65.5022,M9_hrv,Metronomic Breathing,Fixed-Rate Breathing 
100.72,66.3717,M9_hrv,Metronomic Breathing,Fixed-Rate Breathing 
101.624,71.7703,M9_hrv,Metronomic Breathing,Fixed-Rate Breathing 
102.46,73.1707,M9_hrv,Metronomic Breathing,Fixed-Rate Breathing 
103.28,70.4225,M9_hrv,Metronomic Breathing,Fixed-Rate Breathing 
104.132,67.2646,M9_hrv,Metronomic Breathing,Fixed-Rate Breathing 
105.024,67.2646,M9_hrv,Metronomic Breathing,Fixed-Rate Breathing 
105.916,69.4444,M9_hrv,Metronomic Breathing,Fixed-Rate Breathing 
106.78,73.1707,M9_hrv,Metronomic Breathing,Fixed-Rate Breathing 
107.6,73.5294,M9_hrv,Metronomic Breathing,Fixed-Rate Breathing 
108.416,68.8073,M9_hrv,Metronomic Breathing,Fixed-Rate Breathing 
109.288,66.9643,M9_hrv,Metronomic Breathing,Fixed-Rate Breathing 
110.184,68.1818,M9_hrv,Metronomic Breathing,Fixed-Rate Breathing 
111.064,64.6552,M9_hrv,Metronomic Breathing,Fixed-Rate Breathing 
111.992,60.9756,M9_hrv,Metronomic Breathing,Fixed-Rate Breathing 
112.976,61.7284,M9_hrv,Metronomic Breathing,Fixed-Rate Breathing 
113.948,64.6552,M9_hrv,Metronomic Breathing,Fixed-Rate Breathing 
114.876,60.9756,M9_hrv,Metronomic Breathing,Fixed-Rate Breathing 
115.86,62.2407,M9_hrv,Metronomic Breathing,Fixed-Rate Breathing 
116.824,60.241,M9_hrv,Metronomic Breathing,Fixed-Rate Breathing 
117.82,63.0252,M9_hrv,Metronomic Breathing,Fixed-Rate Breathing 
118.772,69.1244,M9_hrv,Metronomic Breathing,Fixed-Rate Breathing 
119.64,70.4225,M9_hrv,Metronomic Breathing,Fixed-Rate Breathing 
120.492,67.8733,M9_hrv,Metronomic Breathing,Fixed-Rate Breathing 
121.376,67.5676,M9_hrv,Metronomic Breathing,Fixed-Rate Breathing 
122.264,68.1818,M9_hrv,Metronomic Breathing,Fixed-Rate Breathing 
123.144,70.7547,M9_hrv,Metronomic Breathing,Fixed-Rate Breathing 
123.992,76.9231,M9_hrv,Metronomic Breathing,Fixed-Rate Breathing 
124.772,70.7547,M9_hrv,Metronomic Breathing,Fixed-Rate Breathing 
125.62,68.8073,M9_hrv,Metronomic Breathing,Fixed-Rate Breathing 
126.492,62.2407,M9_hrv,Metronomic Breathing,Fixed-Rate Breathing 
127.456,59.2885,M9_hrv,Metronomic Breathing,Fixed-Rate Breathing 
128.468,60.4839,M9_hrv,Metronomic Breathing,Fixed-Rate Breathing 
129.46,61.7284,M9_hrv,Metronomic Breathing,Fixed-Rate Breathing 
130.432,69.1244,M9_hrv,Metronomic Breathing,Fixed-Rate Breathing 
131.3,65.7895,M9_hrv,Metronomic Breathing,Fixed-Rate Breathing 
132.212,66.9643,M9_hrv,Metronomic Breathing,Fixed-Rate Breathing 
133.108,66.3717,M9_hrv,Metronomic Breathing,Fixed-Rate Breathing 
134.012,68.8073,M9_hrv,Metronomic Breathing,Fixed-Rate Breathing 
134.884,68.8073,M9_hrv,Metronomic Breathing,Fixed-Rate Breathing 
135.756,65.7895,M9_hrv,Metronomic Breathing,Fixed-Rate Breathing 
136.668,63.8298,M9_hrv,Metronomic Breathing,Fixed-Rate Breathing 
137.608,63.2911,M9_hrv,Metronomic Breathing,Fixed-Rate Breathing 
138.556,64.9351,M9_hrv,Metronomic Breathing,Fixed-Rate Breathing 
139.48,66.9643,M9_hrv,Metronomic Breathing,Fixed-Rate Breathing 
140.376,63.0252,M9_hrv,Metronomic Breathing,Fixed-Rate Breathing 
141.328,60.4839,M9_hrv,Metronomic Breathing,Fixed-Rate Breathing 
142.32,61.7284,M9_hrv,Metronomic Breathing,Fixed-Rate Breathing 
143.292,63.5593,M9_hrv,Metronomic Breathing,Fixed-Rate Breathing 
144.236,63.8298,M9_hrv,Metronomic Breathing,Fixed-Rate Breathing 
145.176,64.6552,M9_hrv,Metronomic Breathing,Fixed-Rate Breathing 
146.104,70.7547,M9_hrv,Metronomic Breathing,Fixed-Rate Breathing 
146.952,72.4638,M9_hrv,Metronomic Breathing,Fixed-Rate Breathing 
147.78,76.1421,M9_hrv,Metronomic Breathing,Fixed-Rate Breathing 
148.568,77.3196,M9_hrv,Metronomic Breathing,Fixed-Rate Breathing 
149.344,75.7576,M9_hrv,Metronomic Breathing,Fixed-Rate Breathing 
150.136,73.8916,M9_hrv,Metronomic Breathing,Fixed-Rate Breathing 
150.948,76.5306,M9_hrv,Metronomic Breathing,Fixed-Rate Breathing 
151.732,73.8916,M9_hrv,Metronomic Breathing,Fixed-Rate Breathing 
152.544,78.9474,M9_hrv,Metronomic Breathing,Fixed-Rate Breathing 
153.304,77.7202,M9_hrv,Metronomic Breathing,Fixed-Rate Breathing 
154.076,77.7202,M9_hrv,Metronomic Breathing,Fixed-Rate Breathing 
154.848,78.125,M9_hrv,Metronomic Breathing,Fixed-Rate Breathing 
155.616,77.7202,M9_hrv,Metronomic Breathing,Fixed-Rate Breathing 
156.388,70.4225,M9_hrv,Metronomic Breathing,Fixed-Rate Breathing 
157.24,67.5676,M9_hrv,Metronomic Breathing,Fixed-Rate Breathing 
158.128,67.5676,M9_hrv,Metronomic Breathing,Fixed-Rate Breathing 
159.016,72.1154,M9_hrv,Metronomic Breathing,Fixed-Rate Breathing 
159.848,78.125,M9_hrv,Metronomic Breathing,Fixed-Rate Breathing 
160.616,73.8916,M9_hrv,Metronomic Breathing,Fixed-Rate Breathing 
161.428,63.2911,M9_hrv,Metronomic Breathing,Fixed-Rate Breathing 
162.376,57.9151,M9_hrv,Metronomic Breathing,Fixed-Rate Breathing 
163.412,57.4713,M9_hrv,Metronomic Breathing,Fixed-Rate Breathing 
164.456,57.2519,M9_hrv,Metronomic Breathing,Fixed-Rate Breathing 
165.504,59.761,M9_hrv,Metronomic Breathing,Fixed-Rate Breathing 
166.508,57.9151,M9_hrv,Metronomic Breathing,Fixed-Rate Breathing 
167.544,63.5593,M9_hrv,Metronomic Breathing,Fixed-Rate Breathing 
168.488,59.2885,M9_hrv,Metronomic Breathing,Fixed-Rate Breathing 
169.5,58.5937,M9_hrv,Metronomic Breathing,Fixed-Rate Breathing 
170.524,58.5937,M9_hrv,Metronomic Breathing,Fixed-Rate Breathing 
171.548,64.3777,M9_hrv,Metronomic Breathing,Fixed-Rate Breathing 
172.48,61.2245,M9_hrv,Metronomic Breathing,Fixed-Rate Breathing 
173.46,57.9151,M9_hrv,Metronomic Breathing,Fixed-Rate Breathing 
174.496,55.7621,M9_hrv,Metronomic Breathing,Fixed-Rate Breathing 
175.572,60.9756,M9_hrv,Metronomic Breathing,Fixed-Rate Breathing 
176.556,60.241,M9_hrv,Metronomic Breathing,Fixed-Rate Breathing 
177.552,66.0793,M9_hrv,Metronomic Breathing,Fixed-Rate Breathing 
178.46,64.9351,M9_hrv,Metronomic Breathing,Fixed-Rate Breathing 
179.384,56.8182,M9_hrv,Metronomic Breathing,Fixed-Rate Breathing 
180.44,64.6552,M9_hrv,Metronomic Breathing,Fixed-Rate Breathing 
181.368,59.2885,M9_hrv,Metronomic Breathing,Fixed-Rate Breathing 
182.38,55.7621,M9_hrv,Metronomic Breathing,Fixed-Rate Breathing 
183.456,57.9151,M9_hrv,Metronomic Breathing,Fixed-Rate Breathing 
184.492,62.5,M9_hrv,Metronomic Breathing,Fixed-Rate Breathing 
185.452,58.5937,M9_hrv,Metronomic Breathing,Fixed-Rate Breathing 
186.476,57.6923,M9_hrv,Metronomic Breathing,Fixed-Rate Breathing 
187.516,63.2911,M9_hrv,Metronomic Breathing,Fixed-Rate Breathing 
188.464,65.2174,M9_hrv,Metronomic Breathing,Fixed-Rate Breathing 
189.384,60.7287,M9_hrv,Metronomic Breathing,Fixed-Rate Breathing 
190.372,60.9756,M9_hrv,Metronomic Breathing,Fixed-Rate Breathing 
191.356,63.0252,M9_hrv,Metronomic Breathing,Fixed-Rate Breathing 
192.308,66.9643,M9_hrv,Metronomic Breathing,Fixed-Rate Breathing 
193.204,61.7284,M9_hrv,Metronomic Breathing,Fixed-Rate Breathing 
194.176,59.2885,M9_hrv,Metronomic Breathing,Fixed-Rate Breathing 
195.188,58.8235,M9_hrv,Metronomic Breathing,Fixed-Rate Breathing 
196.208,64.9351,M9_hrv,Metronomic Breathing,Fixed-Rate Breathing 
197.132,63.0252,M9_hrv,Metronomic Breathing,Fixed-Rate Breathing 
198.084,60.7287,M9_hrv,Metronomic Breathing,Fixed-Rate Breathing 
199.072,59.5238,M9_hrv,Metronomic Breathing,Fixed-Rate Breathing 
200.08,62.5,M9_hrv,Metronomic Breathing,Fixed-Rate Breathing 
201.04,68.4931,M9_hrv,Metronomic Breathing,Fixed-Rate Breathing 
201.916,62.7615,M9_hrv,Metronomic Breathing,Fixed-Rate Breathing 
202.872,59.2885,M9_hrv,Metronomic Breathing,Fixed-Rate Breathing 
203.884,59.0551,M9_hrv,Metronomic Breathing,Fixed-Rate Breathing 
204.9,62.2407,M9_hrv,Metronomic Breathing,Fixed-Rate Breathing 
205.864,60.9756,M9_hrv,Metronomic Breathing,Fixed-Rate Breathing 
206.848,59.0551,M9_hrv,Metronomic Breathing,Fixed-Rate Breathing 
207.864,59.2885,M9_hrv,Metronomic Breathing,Fixed-Rate Breathing 
208.876,62.2407,M9_hrv,Metronomic Breathing,Fixed-Rate Breathing 
209.84,60.9756,M9_hrv,Metronomic Breathing,Fixed-Rate Breathing 
210.824,61.2245,M9_hrv,Metronomic Breathing,Fixed-Rate Breathing 
211.804,63.5593,M9_hrv,Metronomic Breathing,Fixed-Rate Breathing 
212.748,65.7895,M9_hrv,Metronomic Breathing,Fixed-Rate Breathing 
213.66,65.5022,M9_hrv,Metronomic Breathing,Fixed-Rate Breathing 
214.576,60.7287,M9_hrv,Metronomic Breathing,Fixed-Rate Breathing 
215.564,59.0551,M9_hrv,Metronomic Breathing,Fixed-Rate Breathing 
216.58,62.5,M9_hrv,Metronomic Breathing,Fixed-Rate Breathing 
217.54,63.8298,M9_hrv,Metronomic Breathing,Fixed-Rate Breathing 
218.48,60.0,M9_hrv,Metronomic Breathing,Fixed-Rate Breathing 
219.48,59.5238,M9_hrv,Metronomic Breathing,Fixed-Rate Breathing 
220.488,61.4754,M9_hrv,Metronomic Breathing,Fixed-Rate Breathing 
221.464,66.9643,M9_hrv,Metronomic Breathing,Fixed-Rate Breathing 
222.36,67.5676,M9_hrv,Metronomic Breathing,Fixed-Rate Breathing 
223.248,65.7895,M9_hrv,Metronomic Breathing,Fixed-Rate Breathing 
224.16,62.7615,M9_hrv,Metronomic Breathing,Fixed-Rate Breathing 
225.116,60.9756,M9_hrv,Metronomic Breathing,Fixed-Rate Breathing 
226.1,59.5238,M9_hrv,Metronomic Breathing,Fixed-Rate Breathing 
227.108,57.9151,M9_hrv,Metronomic Breathing,Fixed-Rate Breathing 
228.144,58.3658,M9_hrv,Metronomic Breathing,Fixed-Rate Breathing 
229.172,61.7284,M9_hrv,Metronomic Breathing,Fixed-Rate Breathing 
230.144,68.8073,M9_hrv,Metronomic Breathing,Fixed-Rate Breathing 
231.016,66.3717,M9_hrv,Metronomic Breathing,Fixed-Rate Breathing 
231.92,62.5,M9_hrv,Metronomic Breathing,Fixed-Rate Breathing 
232.88,66.3717,M9_hrv,Metronomic Breathing,Fixed-Rate Breathing 
233.784,60.241,M9_hrv,Metronomic Breathing,Fixed-Rate Breathing 
234.78,60.9756,M9_hrv,Metronomic Breathing,Fixed-Rate Breathing 
235.764,62.7615,M9_hrv,Metronomic Breathing,Fixed-Rate Breathing 
236.72,68.1818,M9_hrv,Metronomic Breathing,Fixed-Rate Breathing 
237.6,62.2407,M9_hrv,Metronomic Breathing,Fixed-Rate Breathing 
238.564,59.2885,M9_hrv,Metronomic Breathing,Fixed-Rate Breathing 
239.576,57.4713,M9_hrv,Metronomic Breathing,Fixed-Rate Breathing 
240.62,58.5937,M9_hrv,Metronomic Breathing,Fixed-Rate Breathing 
241.644,63.5593,M9_hrv,Metronomic Breathing,Fixed-Rate Breathing 
242.588,62.5,M9_hrv,Metronomic Breathing,Fixed-Rate Breathing 
243.548,62.7615,M9_hrv,Metronomic Breathing,Fixed-Rate Breathing 
244.504,61.4754,M9_hrv,Metronomic Breathing,Fixed-Rate Breathing 
245.48,64.9351,M9_hrv,Metronomic Breathing,Fixed-Rate Breathing 
246.404,66.9643,M9_hrv,Metronomic Breathing,Fixed-Rate Breathing 
247.3,64.3777,M9_hrv,Metronomic Breathing,Fixed-Rate Breathing 
248.232,60.7287,M9_hrv,Metronomic Breathing,Fixed-Rate Breathing 
249.22,60.9756,M9_hrv,Metronomic Breathing,Fixed-Rate Breathing 
250.204,62.7615,M9_hrv,Metronomic Breathing,Fixed-Rate Breathing 
251.16,61.4754,M9_hrv,Metronomic Breathing,Fixed-Rate Breathing 
252.136,61.2245,M9_hrv,Metronomic Breathing,Fixed-Rate Breathing 
253.116,63.5593,M9_hrv,Metronomic Breathing,Fixed-Rate Breathing 
254.06,64.6552,M9_hrv,Metronomic Breathing,Fixed-Rate Breathing 
254.988,68.4931,M9_hrv,Metronomic Breathing,Fixed-Rate Breathing 
255.864,65.7895,M9_hrv,Metronomic Breathing,Fixed-Rate Breathing 
256.776,65.2174,M9_hrv,Metronomic Breathing,Fixed-Rate Breathing 
257.696,67.8733,M9_hrv,Metronomic Breathing,Fixed-Rate Breathing 
258.58,66.9643,M9_hrv,Metronomic Breathing,Fixed-Rate Breathing 
259.476,62.5,M9_hrv,Metronomic Breathing,Fixed-Rate Breathing 
260.436,59.2885,M9_hrv,Metronomic Breathing,Fixed-Rate Breathing 
261.448,60.4839,M9_hrv,Metronomic Breathing,Fixed-Rate Breathing 
262.44,63.0252,M9_hrv,Metronomic Breathing,Fixed-Rate Breathing 
263.392,60.0,M9_hrv,Metronomic Breathing,Fixed-Rate Breathing 
264.392,62.7615,M9_hrv,Metronomic Breathing,Fixed-Rate Breathing 
265.348,66.6667,M9_hrv,Metronomic Breathing,Fixed-Rate Breathing 
266.248,67.8733,M9_hrv,Metronomic Breathing,Fixed-Rate Breathing 
267.132,65.5022,M9_hrv,Metronomic Breathing,Fixed-Rate Breathing 
268.048,61.4754,M9_hrv,Metronomic Breathing,Fixed-Rate Breathing 
269.024,62.2407,M9_hrv,Metronomic Breathing,Fixed-Rate Breathing 
269.988,66.0793,M9_hrv,Metronomic Breathing,Fixed-Rate Breathing 
270.896,67.8733,M9_hrv,Metronomic Breathing,Fixed-Rate Breathing 
271.78,63.8298,M9_hrv,Metronomic Breathing,Fixed-Rate Breathing 
272.72,62.2407,M9_hrv,Metronomic Breathing,Fixed-Rate Breathing 
273.684,66.0793,M9_hrv,Metronomic Breathing,Fixed-Rate Breathing 
274.592,66.3717,M9_hrv,Metronomic Breathing,Fixed-Rate Breathing 
275.496,64.1026,M9_hrv,Metronomic Breathing,Fixed-Rate Breathing 
276.432,61.7284,M9_hrv,Metronomic Breathing,Fixed-Rate Breathing 
277.404,62.5,M9_hrv,Metronomic Breathing,Fixed-Rate Breathing 
278.364,66.9643,M9_hrv,Metronomic Breathing,Fixed-Rate Breathing 
279.26,66.6667,M9_hrv,Metronomic Breathing,Fixed-Rate Breathing 
280.16,65.7895,M9_hrv,Metronomic Breathing,Fixed-Rate Breathing 
281.072,62.5,M9_hrv,Metronomic Breathing,Fixed-Rate Breathing 
282.032,59.2885,M9_hrv,Metronomic Breathing,Fixed-Rate Breathing 
283.044,65.7895,M9_hrv,Metronomic Breathing,Fixed-Rate Breathing 
283.956,62.2407,M9_hrv,Metronomic Breathing,Fixed-Rate Breathing 
284.92,60.9756,M9_hrv,Metronomic Breathing,Fixed-Rate Breathing 
285.904,59.2885,M9_hrv,Metronomic Breathing,Fixed-Rate Breathing 
286.916,62.2407,M9_hrv,Metronomic Breathing,Fixed-Rate Breathing 
287.88,63.0252,M9_hrv,Metronomic Breathing,Fixed-Rate Breathing 
288.832,61.2245,M9_hrv,Metronomic Breathing,Fixed-Rate Breathing 
289.812,59.761,M9_hrv,Metronomic Breathing,Fixed-Rate Breathing 
290.816,64.9351,M9_hrv,Metronomic Breathing,Fixed-Rate Breathing 
291.74,61.7284,M9_hrv,Metronomic Breathing,Fixed-Rate Breathing 
292.712,60.9756,M9_hrv,Metronomic Breathing,Fixed-Rate Breathing 
293.696,63.0252,M9_hrv,Metronomic Breathing,Fixed-Rate Breathing 
294.648,64.3777,M9_hrv,Metronomic Breathing,Fixed-Rate Breathing 
295.58,61.4754,M9_hrv,Metronomic Breathing,Fixed-Rate Breathing 
296.556,57.6923,M9_hrv,Metronomic Breathing,Fixed-Rate Breathing 
297.596,56.8182,M9_hrv,Metronomic Breathing,Fixed-Rate Breathing 
298.652,60.0,M9_hrv,Metronomic Breathing,Fixed-Rate Breathing 
299.652,64.9351,M9_hrv,Metronomic Breathing,Fixed-Rate Breathing 
300.576,62.2407,M9_hrv,Metronomic Breathing,Fixed-Rate Breathing 
301.54,61.7284,M9_hrv,Metronomic Breathing,Fixed-Rate Breathing 
302.512,61.4754,M9_hrv,Metronomic Breathing,Fixed-Rate Breathing 
303.488,66.3717,M9_hrv,Metronomic Breathing,Fixed-Rate Breathing 
304.392,62.2407,M9_hrv,Metronomic Breathing,Fixed-Rate Breathing 
305.356,60.0,M9_hrv,Metronomic Breathing,Fixed-Rate Breathing 
306.356,59.2885,M9_hrv,Metronomic Breathing,Fixed-Rate Breathing 
307.368,60.7287,M9_hrv,Metronomic Breathing,Fixed-Rate Breathing 
308.356,61.7284,M9_hrv,Metronomic Breathing,Fixed-Rate Breathing 
309.328,60.7287,M9_hrv,Metronomic Breathing,Fixed-Rate Breathing 
310.316,61.4754,M9_hrv,Metronomic Breathing,Fixed-Rate Breathing 
311.292,66.0793,M9_hrv,Metronomic Breathing,Fixed-Rate Breathing 
312.2,65.5022,M9_hrv,Metronomic Breathing,Fixed-Rate Breathing 
313.116,60.9756,M9_hrv,Metronomic Breathing,Fixed-Rate Breathing 
314.1,60.241,M9_hrv,Metronomic Breathing,Fixed-Rate Breathing 
315.096,64.6552,M9_hrv,Metronomic Breathing,Fixed-Rate Breathing 
316.024,63.0252,M9_hrv,Metronomic Breathing,Fixed-Rate Breathing 
316.976,60.7287,M9_hrv,Metronomic Breathing,Fixed-Rate Breathing 
317.964,61.7284,M9_hrv,Metronomic Breathing,Fixed-Rate Breathing 
318.936,66.6667,M9_hrv,Metronomic Breathing,Fixed-Rate Breathing 
319.836,61.7284,M9_hrv,Metronomic Breathing,Fixed-Rate Breathing 
320.808,57.4713,M9_hrv,Metronomic Breathing,Fixed-Rate Breathing 
321.852,55.9701,M9_hrv,Metronomic Breathing,Fixed-Rate Breathing 
322.924,57.4713,M9_hrv,Metronomic Breathing,Fixed-Rate Breathing 
323.968,59.761,M9_hrv,Metronomic Breathing,Fixed-Rate Breathing 
324.972,61.4754,M9_hrv,Metronomic Breathing,Fixed-Rate Breathing 
325.948,60.9756,M9_hrv,Metronomic Breathing,Fixed-Rate Breathing 
326.932,61.9835,M9_hrv,Metronomic Breathing,Fixed-Rate Breathing 
327.9,63.8298,M9_hrv,Metronomic Breathing,Fixed-Rate Breathing 
328.84,65.5022,M9_hrv,Metronomic Breathing,Fixed-Rate Breathing 
329.756,61.4754,M9_hrv,Metronomic Breathing,Fixed-Rate Breathing 
330.732,56.1798,M9_hrv,Metronomic Breathing,Fixed-Rate Breathing 
331.8,55.5556,M9_hrv,Metronomic Breathing,Fixed-Rate Breathing 
332.88,59.5238,M9_hrv,Metronomic Breathing,Fixed-Rate Breathing 
333.888,57.2519,M9_hrv,Metronomic Breathing,Fixed-Rate Breathing 
334.936,59.761,M9_hrv,Metronomic Breathing,Fixed-Rate Breathing 
335.94,63.8298,M9_hrv,Metronomic Breathing,Fixed-Rate Breathing 
336.88,61.2245,M9_hrv,Metronomic Breathing,Fixed-Rate Breathing 
337.86,58.1395,M9_hrv,Metronomic Breathing,Fixed-Rate Breathing 
338.892,58.3658,M9_hrv,Metronomic Breathing,Fixed-Rate Breathing 
339.92,58.3658,M9_hrv,Metronomic Breathing,Fixed-Rate Breathing 
340.948,56.6038,M9_hrv,Metronomic Breathing,Fixed-Rate Breathing 
342.008,60.241,M9_hrv,Metronomic Breathing,Fixed-Rate Breathing 
343.004,59.5238,M9_hrv,Metronomic Breathing,Fixed-Rate Breathing 
344.012,61.4754,M9_hrv,Metronomic Breathing,Fixed-Rate Breathing 
344.988,62.2407,M9_hrv,Metronomic Breathing,Fixed-Rate Breathing 
345.952,57.9151,M9_hrv,Metronomic Breathing,Fixed-Rate Breathing 
346.988,54.3478,M9_hrv,Metronomic Breathing,Fixed-Rate Breathing 
348.092,52.6316,M9_hrv,Metronomic Breathing,Fixed-Rate Breathing 
349.232,59.5238,M9_hrv,Metronomic Breathing,Fixed-Rate Breathing 
350.24,58.8235,M9_hrv,Metronomic Breathing,Fixed-Rate Breathing 
351.26,58.3658,M9_hrv,Metronomic Breathing,Fixed-Rate Breathing 
352.288,65.2174,M9_hrv,Metronomic Breathing,Fixed-Rate Breathing 
353.208,60.9756,M9_hrv,Metronomic Breathing,Fixed-Rate Breathing 
354.192,56.8182,M9_hrv,Metronomic Breathing,Fixed-Rate Breathing 
355.248,57.0342,M9_hrv,Metronomic Breathing,Fixed-Rate Breathing 
356.3,59.761,M9_hrv,Metronomic Breathing,Fixed-Rate Breathing 
357.304,55.9701,M9_hrv,Metronomic Breathing,Fixed-Rate Breathing 
358.376,55.1471,M9_hrv,Metronomic Breathing,Fixed-Rate Breathing 
359.464,57.6923,M9_hrv,Metronomic Breathing,Fixed-Rate Breathing 
360.504,68.1818,M9_hrv,Metronomic Breathing,Fixed-Rate Breathing 
361.384,69.4444,M9_hrv,Metronomic Breathing,Fixed-Rate Breathing 
362.248,68.1818,M9_hrv,Metronomic Breathing,Fixed-Rate Breathing 
363.128,66.6667,M9_hrv,Metronomic Breathing,Fixed-Rate Breathing 
364.028,64.6552,M9_hrv,Metronomic Breathing,Fixed-Rate Breathing 
364.956,69.1244,M9_hrv,Metronomic Breathing,Fixed-Rate Breathing 
365.824,63.8298,M9_hrv,Metronomic Breathing,Fixed-Rate Breathing 
366.764,60.9756,M9_hrv,Metronomic Breathing,Fixed-Rate Breathing 
367.748,65.2174,M9_hrv,Metronomic Breathing,Fixed-Rate Breathing 
368.668,64.9351,M9_hrv,Metronomic Breathing,Fixed-Rate Breathing 
369.592,62.5,M9_hrv,Metronomic Breathing,Fixed-Rate Breathing 
370.552,65.2174,M9_hrv,Metronomic Breathing,Fixed-Rate Breathing 
371.472,67.5676,M9_hrv,Metronomic Breathing,Fixed-Rate Breathing 
372.36,72.1154,M9_hrv,Metronomic Breathing,Fixed-Rate Breathing 
373.192,70.7547,M9_hrv,Metronomic Breathing,Fixed-Rate Breathing 
374.04,69.1244,M9_hrv,Metronomic Breathing,Fixed-Rate Breathing 
374.908,66.3717,M9_hrv,Metronomic Breathing,Fixed-Rate Breathing 
375.812,61.4754,M9_hrv,Metronomic Breathing,Fixed-Rate Breathing 
376.788,62.5,M9_hrv,Metronomic Breathing,Fixed-Rate Breathing 
377.748,63.8298,M9_hrv,Metronomic Breathing,Fixed-Rate Breathing 
378.688,63.2911,M9_hrv,Metronomic Breathing,Fixed-Rate Breathing 
379.636,61.9835,M9_hrv,Metronomic Breathing,Fixed-Rate Breathing 
380.604,64.6552,M9_hrv,Metronomic Breathing,Fixed-Rate Breathing 
381.532,68.4931,M9_hrv,Metronomic Breathing,Fixed-Rate Breathing 
382.408,62.7615,M9_hrv,Metronomic Breathing,Fixed-Rate Breathing 
383.364,59.5238,M9_hrv,Metronomic Breathing,Fixed-Rate Breathing 
384.372,60.4839,M9_hrv,Metronomic Breathing,Fixed-Rate Breathing 
385.364,63.2911,M9_hrv,Metronomic Breathing,Fixed-Rate Breathing 
386.312,59.2885,M9_hrv,Metronomic Breathing,Fixed-Rate Breathing 
387.324,58.3658,M9_hrv,Metronomic Breathing,Fixed-Rate Breathing 
388.352,60.241,M9_hrv,Metronomic Breathing,Fixed-Rate Breathing 
389.348,63.8298,M9_hrv,Metronomic Breathing,Fixed-Rate Breathing 
390.288,61.9835,M9_hrv,Metronomic Breathing,Fixed-Rate Breathing 
391.256,60.241,M9_hrv,Metronomic Breathing,Fixed-Rate Breathing 
392.252,59.0551,M9_hrv,Metronomic Breathing,Fixed-Rate Breathing 
393.268,63.0252,M9_hrv,Metronomic Breathing,Fixed-Rate Breathing 
394.22,60.4839,M9_hrv,Metronomic Breathing,Fixed-Rate Breathing 
395.212,57.6923,M9_hrv,Metronomic Breathing,Fixed-Rate Breathing 
396.252,58.8235,M9_hrv,Metronomic Breathing,Fixed-Rate Breathing 
397.272,60.0,M9_hrv,Metronomic Breathing,Fixed-Rate Breathing 
398.272,57.4713,M9_hrv,Metronomic Breathing,Fixed-Rate Breathing 
399.316,57.4713,M9_hrv,Metronomic Breathing,Fixed-Rate Breathing 
400.36,59.761,M9_hrv,Metronomic Breathing,Fixed-Rate Breathing 
401.364,64.9351,M9_hrv,Metronomic Breathing,Fixed-Rate Breathing 
402.288,66.6667,M9_hrv,Metronomic Breathing,Fixed-Rate Breathing 
403.188,63.2911,M9_hrv,Metronomic Breathing,Fixed-Rate Breathing 
404.136,57.9151,M9_hrv,Metronomic Breathing,Fixed-Rate Breathing 
405.172,60.4839,M9_hrv,Metronomic Breathing,Fixed-Rate Breathing 
406.164,65.7895,M9_hrv,Metronomic Breathing,Fixed-Rate Breathing 
407.076,60.9756,M9_hrv,Metronomic Breathing,Fixed-Rate Breathing 
408.06,58.5937,M9_hrv,Metronomic Breathing,Fixed-Rate Breathing 
409.084,60.0,M9_hrv,Metronomic Breathing,Fixed-Rate Breathing 
410.084,63.0252,M9_hrv,Metronomic Breathing,Fixed-Rate Breathing 
411.036,60.4839,M9_hrv,Metronomic Breathing,Fixed-Rate Breathing 
412.028,59.5238,M9_hrv,Metronomic Breathing,Fixed-Rate Breathing 
413.036,61.7284,M9_hrv,Metronomic Breathing,Fixed-Rate Breathing 
414.008,65.2174,M9_hrv,Metronomic Breathing,Fixed-Rate Breathing 
414.928,62.2407,M9_hrv,Metronomic Breathing,Fixed-Rate Breathing 
415.892,58.8235,M9_hrv,Metronomic Breathing,Fixed-Rate Breathing 
416.912,57.9151,M9_hrv,Metronomic Breathing,Fixed-Rate Breathing 
417.948,59.5238,M9_hrv,Metronomic Breathing,Fixed-Rate Breathing 
418.956,58.1395,M9_hrv,Metronomic Breathing,Fixed-Rate Breathing 
419.988,56.6038,M9_hrv,Metronomic Breathing,Fixed-Rate Breathing 
421.048,59.0551,M9_hrv,Metronomic Breathing,Fixed-Rate Breathing 
422.064,61.4754,M9_hrv,Metronomic Breathing,Fixed-Rate Breathing 
423.04,59.0551,M9_hrv,Metronomic Breathing,Fixed-Rate Breathing 
424.056,58.1395,M9_hrv,Metronomic Breathing,Fixed-Rate Breathing 
425.088,60.9756,M9_hrv,Metronomic Breathing,Fixed-Rate Breathing 
426.072,59.761,M9_hrv,Metronomic Breathing,Fixed-Rate Breathing 
427.076,58.8235,M9_hrv,Metronomic Breathing,Fixed-Rate Breathing 
428.096,58.5937,M9_hrv,Metronomic Breathing,Fixed-Rate Breathing 
429.12,59.761,M9_hrv,Metronomic Breathing,Fixed-Rate Breathing 
430.124,64.6552,M9_hrv,Metronomic Breathing,Fixed-Rate Breathing 
431.052,60.0,M9_hrv,Metronomic Breathing,Fixed-Rate Breathing 
432.052,58.1395,M9_hrv,Metronomic Breathing,Fixed-Rate Breathing 
433.084,57.0342,M9_hrv,Metronomic Breathing,Fixed-Rate Breathing 
434.136,59.761,M9_hrv,Metronomic Breathing,Fixed-Rate Breathing 
435.14,64.3777,M9_hrv,Metronomic Breathing,Fixed-Rate Breathing 
436.072,61.7284,M9_hrv,Metronomic Breathing,Fixed-Rate Breathing 
437.044,59.5238,M9_hrv,Metronomic Breathing,Fixed-Rate Breathing 
438.052,64.1026,M9_hrv,Metronomic Breathing,Fixed-Rate Breathing 
438.988,60.7287,M9_hrv,Metronomic Breathing,Fixed-Rate Breathing 
439.976,61.9835,M9_hrv,Metronomic Breathing,Fixed-Rate Breathing 
440.944,63.2911,M9_hrv,Metronomic Breathing,Fixed-Rate Breathing 
441.892,64.3777,M9_hrv,Metronomic Breathing,Fixed-Rate Breathing 
442.824,71.4286,M9_hrv,Metronomic Breathing,Fixed-Rate Breathing 
443.664,71.09,M9_hrv,Metronomic Breathing,Fixed-Rate Breathing 
444.508,69.7674,M9_hrv,Metronomic Breathing,Fixed-Rate Breathing 
445.368,67.8733,M9_hrv,Metronomic Breathing,Fixed-Rate Breathing 
446.252,69.7674,M9_hrv,Metronomic Breathing,Fixed-Rate Breathing 
447.112,76.1421,M9_hrv,Metronomic Breathing,Fixed-Rate Breathing 
447.9,74.2574,M9_hrv,Metronomic Breathing,Fixed-Rate Breathing 
448.708,75.3769,M9_hrv,Metronomic Breathing,Fixed-Rate Breathing 
449.504,75.7576,M9_hrv,Metronomic Breathing,Fixed-Rate Breathing 
450.296,78.534,M9_hrv,Metronomic Breathing,Fixed-Rate Breathing 
451.06,84.7458,M9_hrv,Metronomic Breathing,Fixed-Rate Breathing 
451.768,81.0811,M9_hrv,Metronomic Breathing,Fixed-Rate Breathing 
452.508,80.6452,M9_hrv,Metronomic Breathing,Fixed-Rate Breathing 
453.252,72.1154,M9_hrv,Metronomic Breathing,Fixed-Rate Breathing 
454.084,70.7547,M9_hrv,Metronomic Breathing,Fixed-Rate Breathing 
454.932,65.2174,M9_hrv,Metronomic Breathing,Fixed-Rate Breathing 
455.852,57.0342,M9_hrv,Metronomic Breathing,Fixed-Rate Breathing 
456.904,55.9701,M9_hrv,Metronomic Breathing,Fixed-Rate Breathing 
457.976,62.7615,M9_hrv,Metronomic Breathing,Fixed-Rate Breathing 
458.932,62.7615,M9_hrv,Metronomic Breathing,Fixed-Rate Breathing 
459.888,59.761,M9_hrv,Metronomic Breathing,Fixed-Rate Breathing 
460.892,59.2885,M9_hrv,Metronomic Breathing,Fixed-Rate Breathing 
461.904,60.7287,M9_hrv,Metronomic Breathing,Fixed-Rate Breathing 
462.892,64.3777,M9_hrv,Metronomic Breathing,Fixed-Rate Breathing 
463.824,61.7284,M9_hrv,Metronomic Breathing,Fixed-Rate Breathing 
464.796,60.9756,M9_hrv,Metronomic Breathing,Fixed-Rate Breathing 
465.78,60.7287,M9_hrv,Metronomic Breathing,Fixed-Rate Breathing 
466.768,64.3777,M9_hrv,Metronomic Breathing,Fixed-Rate Breathing 
467.7,59.761,M9_hrv,Metronomic Breathing,Fixed-Rate Breathing 
468.704,56.6038,M9_hrv,Metronomic Breathing,Fixed-Rate Breathing 
469.764,53.9568,M9_hrv,Metronomic Breathing,Fixed-Rate Breathing 
470.876,58.8235,M9_hrv,Metronomic Breathing,Fixed-Rate Breathing 
471.896,60.0,M9_hrv,Metronomic Breathing,Fixed-Rate Breathing 
472.896,57.2519,M9_hrv,Metronomic Breathing,Fixed-Rate Breathing 
473.944,56.8182,M9_hrv,Metronomic Breathing,Fixed-Rate Breathing 
475.0,62.7615,M9_hrv,Metronomic Breathing,Fixed-Rate Breathing 
475.956,61.7284,M9_hrv,Metronomic Breathing,Fixed-Rate Breathing 
476.928,61.2245,M9_hrv,Metronomic Breathing,Fixed-Rate Breathing 
477.908,64.1026,M9_hrv,Metronomic Breathing,Fixed-Rate Breathing 
478.844,70.4225,M9_hrv,Metronomic Breathing,Fixed-Rate Breathing 
479.696,68.1818,M9_hrv,Metronomic Breathing,Fixed-Rate Breathing 
480.576,64.1026,M9_hrv,Metronomic Breathing,Fixed-Rate Breathing 
481.512,60.0,M9_hrv,Metronomic Breathing,Fixed-Rate Breathing 
482.512,60.241,M9_hrv,Metronomic Breathing,Fixed-Rate Breathing 
483.508,68.4931,M9_hrv,Metronomic Breathing,Fixed-Rate Breathing 
484.384,69.1244,M9_hrv,Metronomic Breathing,Fixed-Rate Breathing 
485.252,67.8733,M9_hrv,Metronomic Breathing,Fixed-Rate Breathing 
486.136,66.0793,M9_hrv,Metronomic Breathing,Fixed-Rate Breathing 
487.044,67.8733,M9_hrv,Metronomic Breathing,Fixed-Rate Breathing 
487.928,65.5022,M9_hrv,Metronomic Breathing,Fixed-Rate Breathing 
488.844,69.4444,M9_hrv,Metronomic Breathing,Fixed-Rate Breathing 
489.708,75.3769,M9_hrv,Metronomic Breathing,Fixed-Rate Breathing 
490.504,73.8916,M9_hrv,Metronomic Breathing,Fixed-Rate Breathing 
491.316,72.8155,M9_hrv,Metronomic Breathing,Fixed-Rate Breathing 
492.14,67.5676,M9_hrv,Metronomic Breathing,Fixed-Rate Breathing 
493.028,61.9835,M9_hrv,Metronomic Breathing,Fixed-Rate Breathing 
493.996,60.0,M9_hrv,Metronomic Breathing,Fixed-Rate Breathing 
494.996,60.0,M9_hrv,Metronomic Breathing,Fixed-Rate Breathing 
495.996,62.5,M9_hrv,Metronomic Breathing,Fixed-Rate Breathing 
496.956,59.761,M9_hrv,Metronomic Breathing,Fixed-Rate Breathing 
497.96,59.2885,M9_hrv,Metronomic Breathing,Fixed-Rate Breathing 
498.972,60.241,M9_hrv,Metronomic Breathing,Fixed-Rate Breathing 
499.968,65.2174,M9_hrv,Metronomic Breathing,Fixed-Rate Breathing 
500.888,66.0793,M9_hrv,Metronomic Breathing,Fixed-Rate Breathing 
501.796,62.7615,M9_hrv,Metronomic Breathing,Fixed-Rate Breathing 
502.752,59.0551,M9_hrv,Metronomic Breathing,Fixed-Rate Breathing 
503.768,60.241,M9_hrv,Metronomic Breathing,Fixed-Rate Breathing 
504.764,65.2174,M9_hrv,Metronomic Breathing,Fixed-Rate Breathing 
505.684,59.5238,M9_hrv,Metronomic Breathing,Fixed-Rate Breathing 
506.692,56.1798,M9_hrv,Metronomic Breathing,Fixed-Rate Breathing 
507.76,54.5455,M9_hrv,Metronomic Breathing,Fixed-Rate Breathing 
508.86,63.0252,M9_hrv,Metronomic Breathing,Fixed-Rate Breathing 
509.812,61.2245,M9_hrv,Metronomic Breathing,Fixed-Rate Breathing 
510.792,61.2245,M9_hrv,Metronomic Breathing,Fixed-Rate Breathing 
511.772,63.5593,M9_hrv,Metronomic Breathing,Fixed-Rate Breathing 
512.716,67.5676,M9_hrv,Metronomic Breathing,Fixed-Rate Breathing 
513.604,66.3717,M9_hrv,Metronomic Breathing,Fixed-Rate Breathing 
514.508,66.3717,M9_hrv,Metronomic Breathing,Fixed-Rate Breathing 
515.412,66.9643,M9_hrv,Metronomic Breathing,Fixed-Rate Breathing 
516.308,70.7547,M9_hrv,Metronomic Breathing,Fixed-Rate Breathing 
517.156,66.3717,M9_hrv,Metronomic Breathing,Fixed-Rate Breathing 
518.06,61.4754,M9_hrv,Metronomic Breathing,Fixed-Rate Breathing 
519.036,61.4754,M9_hrv,Metronomic Breathing,Fixed-Rate Breathing 
520.012,63.5593,M9_hrv,Metronomic Breathing,Fixed-Rate Breathing 
520.956,60.9756,M9_hrv,Metronomic Breathing,Fixed-Rate Breathing 
521.94,69.7674,M9_hrv,Metronomic Breathing,Fixed-Rate Breathing 
522.8,67.8733,M9_hrv,Metronomic Breathing,Fixed-Rate Breathing 
523.684,66.0793,M9_hrv,Metronomic Breathing,Fixed-Rate Breathing 
524.592,68.8073,M9_hrv,Metronomic Breathing,Fixed-Rate Breathing 
525.464,62.5,M9_hrv,Metronomic Breathing,Fixed-Rate Breathing 
526.424,58.5937,M9_hrv,Metronomic Breathing,Fixed-Rate Breathing 
527.448,57.6923,M9_hrv,Metronomic Breathing,Fixed-Rate Breathing 
528.488,62.2407,M9_hrv,Metronomic Breathing,Fixed-Rate Breathing 
529.452,62.5,M9_hrv,Metronomic Breathing,Fixed-Rate Breathing 
530.412,56.6038,M9_hrv,Metronomic Breathing,Fixed-Rate Breathing 
531.472,57.4713,M9_hrv,Metronomic Breathing,Fixed-Rate Breathing 
532.516,63.5593,M9_hrv,Metronomic Breathing,Fixed-Rate Breathing 
533.46,60.241,M9_hrv,Metronomic Breathing,Fixed-Rate Breathing 
534.456,59.761,M9_hrv,Metronomic Breathing,Fixed-Rate Breathing 
535.46,59.0551,M9_hrv,Metronomic Breathing,Fixed-Rate Breathing 
536.476,64.9351,M9_hrv,Metronomic Breathing,Fixed-Rate Breathing 
537.4,61.9835,M9_hrv,Metronomic Breathing,Fixed-Rate Breathing 
538.368,59.5238,M9_hrv,Metronomic Breathing,Fixed-Rate Breathing 
539.376,57.0342,M9_hrv,Metronomic Breathing,Fixed-Rate Breathing 
540.428,61.2245,M9_hrv,Metronomic Breathing,Fixed-Rate Breathing 
541.408,60.7287,M9_hrv,Metronomic Breathing,Fixed-Rate Breathing 
542.396,63.2911,M9_hrv,Metronomic Breathing,Fixed-Rate Breathing 
543.344,63.2911,M9_hrv,Metronomic Breathing,Fixed-Rate Breathing 
544.292,63.0252,M9_hrv,Metronomic Breathing,Fixed-Rate Breathing 
545.244,70.7547,M9_hrv,Metronomic Breathing,Fixed-Rate Breathing 
546.092,73.8916,M9_hrv,Metronomic Breathing,Fixed-Rate Breathing 
546.904,74.2574,M9_hrv,Metronomic Breathing,Fixed-Rate Breathing 
547.712,73.8916,M9_hrv,Metronomic Breathing,Fixed-Rate Breathing 
548.524,76.9231,M9_hrv,Metronomic Breathing,Fixed-Rate Breathing 
549.304,77.7202,M9_hrv,Metronomic Breathing,Fixed-Rate Breathing 
550.076,81.0811,M9_hrv,Metronomic Breathing,Fixed-Rate Breathing 
550.816,78.125,M9_hrv,Metronomic Breathing,Fixed-Rate Breathing 
551.584,73.8916,M9_hrv,Metronomic Breathing,Fixed-Rate Breathing 
552.396,69.1244,M9_hrv,Metronomic Breathing,Fixed-Rate Breathing 
553.264,66.9643,M9_hrv,Metronomic Breathing,Fixed-Rate Breathing 
554.16,73.5294,M9_hrv,Metronomic Breathing,Fixed-Rate Breathing 
554.976,66.0793,M9_hrv,Metronomic Breathing,Fixed-Rate Breathing 
555.884,59.5238,M9_hrv,Metronomic Breathing,Fixed-Rate Breathing 
556.892,63.8298,M9_hrv,Metronomic Breathing,Fixed-Rate Breathing 
557.832,62.5,M9_hrv,Metronomic Breathing,Fixed-Rate Breathing 
558.792,59.0551,M9_hrv,Metronomic Breathing,Fixed-Rate Breathing 
559.808,58.3658,M9_hrv,Metronomic Breathing,Fixed-Rate Breathing 
560.836,66.6667,M9_hrv,Metronomic Breathing,Fixed-Rate Breathing 
561.736,72.1154,M9_hrv,Metronomic Breathing,Fixed-Rate Breathing 
562.568,73.5294,M9_hrv,Metronomic Breathing,Fixed-Rate Breathing 
563.384,74.6269,M9_hrv,Metronomic Breathing,Fixed-Rate Breathing 
564.188,74.6269,M9_hrv,Metronomic Breathing,Fixed-Rate Breathing 
564.992,74.6269,M9_hrv,Metronomic Breathing,Fixed-Rate Breathing 
565.796,80.2139,M9_hrv,Metronomic Breathing,Fixed-Rate Breathing 
566.544,73.1707,M9_hrv,Metronomic Breathing,Fixed-Rate Breathing 
567.364,68.4931,M9_hrv,Metronomic Breathing,Fixed-Rate Breathing 
568.24,72.1154,M9_hrv,Metronomic Breathing,Fixed-Rate Breathing 
569.072,68.1818,M9_hrv,Metronomic Breathing,Fixed-Rate Breathing 
569.952,64.9351,M9_hrv,Metronomic Breathing,Fixed-Rate Breathing 
570.876,63.5593,M9_hrv,Metronomic Breathing,Fixed-Rate Breathing 
571.82,62.7615,M9_hrv,Metronomic Breathing,Fixed-Rate Breathing 
572.776,60.7287,M9_hrv,Metronomic Breathing,Fixed-Rate Breathing 
573.764,66.0793,M9_hrv,Metronomic Breathing,Fixed-Rate Breathing 
574.672,71.4286,M9_hrv,Metronomic Breathing,Fixed-Rate Breathing 
575.512,66.0793,M9_hrv,Metronomic Breathing,Fixed-Rate Breathing 
576.42,60.0,M9_hrv,Metronomic Breathing,Fixed-Rate Breathing 
577.42,62.5,M9_hrv,Metronomic Breathing,Fixed-Rate Breathing 
578.38,60.4839,M9_hrv,Metronomic Breathing,Fixed-Rate Breathing 
579.372,60.241,M9_hrv,Metronomic Breathing,Fixed-Rate Breathing 
580.368,64.6552,M9_hrv,Metronomic Breathing,Fixed-Rate Breathing 
581.296,74.2574,M9_hrv,Metronomic Breathing,Fixed-Rate Breathing 
582.104,70.7547,M9_hrv,Metronomic Breathing,Fixed-Rate Breathing 
582.952,61.9835,M9_hrv,Metronomic Breathing,Fixed-Rate Breathing 
583.92,54.9451,M9_hrv,Metronomic Breathing,Fixed-Rate Breathing 
585.012,54.3478,M9_hrv,Metronomic Breathing,Fixed-Rate Breathing 
586.116,57.4713,M9_hrv,Metronomic Breathing,Fixed-Rate Breathing 
587.16,56.6038,M9_hrv,Metronomic Breathing,Fixed-Rate Breathing 
588.22,60.0,M9_hrv,Metronomic Breathing,Fixed-Rate Breathing 
589.22,56.391,M9_hrv,Metronomic Breathing,Fixed-Rate Breathing 
590.284,59.2885,M9_hrv,Metronomic Breathing,Fixed-Rate Breathing 
591.296,57.9151,M9_hrv,Metronomic Breathing,Fixed-Rate Breathing 
592.332,56.8182,M9_hrv,Metronomic Breathing,Fixed-Rate Breathing 
593.388,58.1395,M9_hrv,Metronomic Breathing,Fixed-Rate Breathing 
594.42,58.1395,M9_hrv,Metronomic Breathing,Fixed-Rate Breathing 
595.452,59.5238,M9_hrv,Metronomic Breathing,Fixed-Rate Breathing 
596.46,61.2245,M9_hrv,Metronomic Breathing,Fixed-Rate Breathing 
597.44,57.6923,M9_hrv,Metronomic Breathing,Fixed-Rate Breathing 
598.48,59.2885,M9_hrv,Metronomic Breathing,Fixed-Rate Breathing 
