Time,HeartRate,Subject,Group,State
1.208,56.6038,M13_hrv,Metronomic Breathing,Fixed-Rate Breathing 
2.268,57.9151,M13_hrv,Metronomic Breathing,Fixed-Rate Breathing 
3.304,56.8182,M13_hrv,Metronomic Breathing,Fixed-Rate Breathing 
4.36,56.391,M13_hrv,Metronomic Breathing,Fixed-Rate Breathing 
5.424,56.391,M13_hrv,Metronomic Breathing,Fixed-Rate Breathing 
6.488,54.7445,M13_hrv,Metronomic Breathing,Fixed-Rate Breathing 
7.584,55.7621,M13_hrv,Metronomic Breathing,Fixed-Rate Breathing 
8.66,56.8182,M13_hrv,Metronomic Breathing,Fixed-Rate Breathing 
9.716,55.9701,M13_hrv,Metronomic Breathing,Fixed-Rate Breathing 
10.788,57.0342,M13_hrv,Metronomic Breathing,Fixed-Rate Breathing 
11.84,54.7445,M13_hrv,Metronomic Breathing,Fixed-Rate Breathing 
12.936,54.5455,M13_hrv,Metronomic Breathing,Fixed-Rate Breathing 
14.036,56.391,M13_hrv,Metronomic Breathing,Fixed-Rate Breathing 
15.1,56.8182,M13_hrv,Metronomic Breathing,Fixed-Rate Breathing 
16.156,54.1516,M13_hrv,Metronomic Breathing,Fixed-Rate Breathing 
17.264,53.3808,M13_hrv,Metronomic Breathing,Fixed-Rate Breathing 
18.388,54.9451,M13_hrv,Metronomic Breathing,Fixed-Rate Breathing 
19.48,54.9451,M13_hrv,Metronomic Breathing,Fixed-Rate Breathing 
20.572,53.9568,M13_hrv,Metronomic Breathing,Fixed-Rate Breathing 
21.684,55.9701,M13_hrv,Metronomic Breathing,Fixed-Rate Breathing 
22.756,57.9151,M13_hrv,Metronomic Breathing,Fixed-Rate Breathing 
23.792,54.9451,M13_hrv,Metronomic Breathing,Fixed-Rate Breathing 
24.884,54.7445,M13_hrv,Metronomic Breathing,Fixed-Rate Breathing 
25.98,55.9701,M13_hrv,Metronomic Breathing,Fixed-Rate Breathing 
27.052,57.2519,M13_hrv,Metronomic Breathing,Fixed-Rate Breathing 
28.1,54.9451,M13_hrv,Metronomic Breathing,Fixed-Rate Breathing 
29.192,55.3506,M13_hrv,Metronomic Breathing,Fixed-Rate Breathing 
30.276,58.8235,M13_hrv,Metronomic Breathing,Fixed-Rate Breathing 
31.296,56.1798,M13_hrv,Metronomic Breathing,Fixed-Rate Breathing 
32.364,56.1798,M13_hrv,Metronomic Breathing,Fixed-Rate Breathing 
33.432,56.8182,M13_hrv,Metronomic Breathing,Fixed-Rate Breathing 
34.488,59.0551,M13_hrv,Metronomic Breathing,Fixed-Rate Breathing 
35.504,58.1395,M13_hrv,Metronomic Breathing,Fixed-Rate Breathing 
36.536,57.9151,M13_hrv,Metronomic Breathing,Fixed-Rate Breathing 
37.572,58.3658,M13_hrv,Metronomic Breathing,Fixed-Rate Breathing 
38.6,59.761,M13_hrv,Metronomic Breathing,Fixed-Rate Breathing 
39.604,57.4713,M13_hrv,Metronomic Breathing,Fixed-Rate Breathing 
40.648,57.0342,M13_hrv,Metronomic Breathing,Fixed-Rate Breathing 
41.7,58.3658,M13_hrv,Metronomic Breathing,Fixed-Rate Breathing 
42.728,60.4839,M13_hrv,Metronomic Breathing,Fixed-Rate Breathing 
43.72,59.761,M13_hrv,Metronomic Breathing,Fixed-Rate Breathing 
44.724,59.2885,M13_hrv,Metronomic Breathing,Fixed-Rate Breathing 
45.736,58.8235,M13_hrv,Metronomic Breathing,Fixed-Rate Breathing 
46.756,60.0,M13_hrv,Metronomic Breathing,Fixed-Rate Breathing 
47.756,57.9151,M13_hrv,Metronomic Breathing,Fixed-Rate Breathing 
48.792,56.6038,M13_hrv,Metronomic Breathing,Fixed-Rate Breathing 
49.852,56.391,M13_hrv,Metronomic Breathing,Fixed-Rate Breathing 
50.916,59.0551,M13_hrv,Metronomic Breathing,Fixed-Rate Breathing 
51.932,57.4713,M13_hrv,Metronomic Breathing,Fixed-Rate Breathing 
52.976,59.5238,M13_hrv,Metronomic Breathing,Fixed-Rate Breathing 
53.984,62.2407,M13_hrv,Metronomic Breathing,Fixed-Rate Breathing 
54.948,64.1026,M13_hrv,Metronomic Breathing,Fixed-Rate Breathing 
55.884,59.761,M13_hrv,Metronomic Breathing,Fixed-Rate Breathing 
56.888,58.1395,M13_hrv,Metronomic Breathing,Fixed-Rate Breathing 
57.92,56.6038,M13_hrv,Metronomic Breathing,Fixed-Rate Breathing 
58.98,58.8235,M13_hrv,Metronomic Breathing,Fixed-Rate Breathing 
60.0,60.0,M13_hrv,Metronomic Breathing,Fixed-Rate Breathing 
61.0,56.391,M13_hrv,Metronomic Breathing,Fixed-Rate Breathing 
62.064,57.9151,M13_hrv,Metronomic Breathing,Fixed-Rate Breathing 
63.1,60.241,M13_hrv,Metronomic Breathing,Fixed-Rate Breathing 
64.096,60.0,M13_hrv,Metronomic Breathing,Fixed-Rate Breathing 
65.096,57.2519,M13_hrv,Metronomic Breathing,Fixed-Rate Breathing 
66.144,54.5455,M13_hrv,Metronomic Breathing,Fixed-Rate Breathing 
67.244,56.391,M13_hrv,Metronomic Breathing,Fixed-Rate Breathing 
68.308,55.9701,M13_hrv,Metronomic Breathing,Fixed-Rate Breathing 
69.38,54.7445,M13_hrv,Metronomic Breathing,Fixed-Rate Breathing 
70.476,55.9701,M13_hrv,Metronomic Breathing,Fixed-Rate Breathing 
71.548,56.391,M13_hrv,Metronomic Breathing,Fixed-Rate Breathing 
72.612,56.391,M13_hrv,Metronomic Breathing,Fixed-Rate Breathing 
73.676,54.9451,M13_hrv,Metronomic Breathing,Fixed-Rate Breathing 
74.768,56.1798,M13_hrv,Metronomic Breathing,Fixed-Rate Breathing 
75.836,57.2519,M13_hrv,Metronomic Breathing,Fixed-Rate Breathing 
76.884,56.6038,M13_hrv,Metronomic Breathing,Fixed-Rate Breathing 
77.944,56.6038,M13_hrv,Metronomic Breathing,Fixed-Rate Breathing 
79.004,56.391,M13_hrv,Metronomic Breathing,Fixed-Rate Breathing 
80.068,57.4713,M13_hrv,Metronomic Breathing,Fixed-Rate Breathing 
81.112,56.391,M13_hrv,Metronomic Breathing,Fixed-Rate Breathing 
82.176,57.2519,M13_hrv,Metronomic Breathing,Fixed-Rate Breathing 
83.224,57.6923,M13_hrv,Metronomic Breathing,Fixed-Rate Breathing 
84.264,57.6923,M13_hrv,Metronomic Breathing,Fixed-Rate Breathing 
85.304,57.0342,M13_hrv,Metronomic Breathing,Fixed-Rate Breathing 
86.356,60.241,M13_hrv,Metronomic Breathing,Fixed-Rate Breathing 
87.352,60.9756,M13_hrv,Metronomic Breathing,Fixed-Rate Breathing 
88.336,60.9756,M13_hrv,Metronomic Breathing,Fixed-Rate Breathing 
89.32,60.0,M13_hrv,Metronomic Breathing,Fixed-Rate Breathing 
90.32,65.7895,M13_hrv,Metronomic Breathing,Fixed-Rate Breathing 
91.232,75.7576,M13_hrv,Metronomic Breathing,Fixed-Rate Breathing 
92.024,71.09,M13_hrv,Metronomic Breathing,Fixed-Rate Breathing 
92.868,56.1798,M13_hrv,Metronomic Breathing,Fixed-Rate Breathing 
93.936,54.9451,M13_hrv,Metronomic Breathing,Fixed-Rate Breathing 
95.028,54.7445,M13_hrv,Metronomic Breathing,Fixed-Rate Breathing 
96.124,56.8182,M13_hrv,Metronomic Breathing,Fixed-Rate Breathing 
97.18,57.0342,M13_hrv,Metronomic Breathing,Fixed-Rate Breathing 
98.232,54.7445,M13_hrv,Metronomic Breathing,Fixed-Rate Breathing 
99.328,55.7621,M13_hrv,Metronomic Breathing,Fixed-Rate Breathing 
100.404,57.0342,M13_hrv,Metronomic Breathing,Fixed-Rate Breathing 
101.456,56.8182,M13_hrv,Metronomic Breathing,Fixed-Rate Breathing 
102.512,56.391,M13_hrv,Metronomic Breathing,Fixed-Rate Breathing 
103.576,56.8182,M13_hrv,Metronomic Breathing,Fixed-Rate Breathing 
104.632,57.2519,M13_hrv,Metronomic Breathing,Fixed-Rate Breathing 
105.68,55.5556,M13_hrv,Metronomic Breathing,Fixed-Rate Breathing 
106.76,54.7445,M13_hrv,Metronomic Breathing,Fixed-Rate Breathing 
107.856,54.9451,M13_hrv,Metronomic Breathing,Fixed-Rate Breathing 
108.948,54.9451,M13_hrv,Metronomic Breathing,Fixed-Rate Breathing 
110.04,53.5714,M13_hrv,Metronomic Breathing,Fixed-Rate Breathing 
111.16,54.7445,M13_hrv,Metronomic Breathing,Fixed-Rate Breathing 
112.256,56.391,M13_hrv,Metronomic Breathing,Fixed-Rate Breathing 
113.32,54.7445,M13_hrv,Metronomic Breathing,Fixed-Rate Breathing 
114.416,54.7445,M13_hrv,Metronomic Breathing,Fixed-Rate Breathing 
115.512,55.3506,M13_hrv,Metronomic Breathing,Fixed-Rate Breathing 
116.596,55.7621,M13_hrv,Metronomic Breathing,Fixed-Rate Breathing 
117.672,55.7621,M13_hrv,Metronomic Breathing,Fixed-Rate Breathing 
118.748,53.5714,M13_hrv,Metronomic Breathing,Fixed-Rate Breathing 
119.868,55.3506,M13_hrv,Metronomic Breathing,Fixed-Rate Breathing 
120.952,56.8182,M13_hrv,Metronomic Breathing,Fixed-Rate Breathing 
122.008,56.391,M13_hrv,Metronomic Breathing,Fixed-Rate Breathing 
123.072,55.1471,M13_hrv,Metronomic Breathing,Fixed-Rate Breathing 
124.16,55.3506,M13_hrv,Metronomic Breathing,Fixed-Rate Breathing 
125.244,55.9701,M13_hrv,Metronomic Breathing,Fixed-Rate Breathing 
126.316,53.3808,M13_hrv,Metronomic Breathing,Fixed-Rate Breathing 
127.44,53.7634,M13_hrv,Metronomic Breathing,Fixed-Rate Breathing 
128.556,54.5455,M13_hrv,Metronomic Breathing,Fixed-Rate Breathing 
129.656,54.1516,M13_hrv,Metronomic Breathing,Fixed-Rate Breathing 
130.764,55.5556,M13_hrv,Metronomic Breathing,Fixed-Rate Breathing 
131.844,56.6038,M13_hrv,Metronomic Breathing,Fixed-Rate Breathing 
132.904,57.4713,M13_hrv,Metronomic Breathing,Fixed-Rate Breathing 
133.948,53.0035,M13_hrv,Metronomic Breathing,Fixed-Rate Breathing 
135.08,53.0035,M13_hrv,Metronomic Breathing,Fixed-Rate Breathing 
136.212,54.5455,M13_hrv,Metronomic Breathing,Fixed-Rate Breathing 
137.312,54.3478,M13_hrv,Metronomic Breathing,Fixed-Rate Breathing 
138.416,53.0035,M13_hrv,Metronomic Breathing,Fixed-Rate Breathing 
139.548,53.5714,M13_hrv,Metronomic Breathing,Fixed-Rate Breathing 
140.668,54.5455,M13_hrv,Metronomic Breathing,Fixed-Rate Breathing 
141.768,55.7621,M13_hrv,Metronomic Breathing,Fixed-Rate Breathing 
142.844,54.5455,M13_hrv,Metronomic Breathing,Fixed-Rate Breathing 
143.944,55.1471,M13_hrv,Metronomic Breathing,Fixed-Rate Breathing 
145.032,56.1798,M13_hrv,Metronomic Breathing,Fixed-Rate Breathing 
146.1,53.9568,M13_hrv,Metronomic Breathing,Fixed-Rate Breathing 
147.212,53.9568,M13_hrv,Metronomic Breathing,Fixed-Rate Breathing 
148.324,55.5556,M13_hrv,Metronomic Breathing,Fixed-Rate Breathing 
149.404,56.391,M13_hrv,Metronomic Breathing,Fixed-Rate Breathing 
150.468,53.3808,M13_hrv,Metronomic Breathing,Fixed-Rate Breathing 
151.592,54.1516,M13_hrv,Metronomic Breathing,Fixed-Rate Breathing 
152.7,55.1471,M13_hrv,Metronomic Breathing,Fixed-Rate Breathing 
153.788,54.1516,M13_hrv,Metronomic Breathing,Fixed-Rate Breathing 
154.896,53.1915,M13_hrv,Metronomic Breathing,Fixed-Rate Breathing 
156.024,53.3808,M13_hrv,Metronomic Breathing,Fixed-Rate Breathing 
157.148,54.1516,M13_hrv,Metronomic Breathing,Fixed-Rate Breathing 
158.256,53.3808,M13_hrv,Metronomic Breathing,Fixed-Rate Breathing 
159.38,53.9568,M13_hrv,Metronomic Breathing,Fixed-Rate Breathing 
160.492,54.3478,M13_hrv,Metronomic Breathing,Fixed-Rate Breathing 
161.596,55.7621,M13_hrv,Metronomic Breathing,Fixed-Rate Breathing 
162.672,54.5455,M13_hrv,Metronomic Breathing,Fixed-Rate Breathing 
163.772,54.5455,M13_hrv,Metronomic Breathing,Fixed-Rate Breathing 
164.872,54.7445,M13_hrv,Metronomic Breathing,Fixed-Rate Breathing 
165.968,55.5556,M13_hrv,Metronomic Breathing,Fixed-Rate Breathing 
167.048,54.9451,M13_hrv,Metronomic Breathing,Fixed-Rate Breathing 
168.14,54.5455,M13_hrv,Metronomic Breathing,Fixed-Rate Breathing 
169.24,55.3506,M13_hrv,Metronomic Breathing,Fixed-Rate Breathing 
170.324,56.1798,M13_hrv,Metronomic Breathing,Fixed-Rate Breathing 
171.392,55.7621,M13_hrv,Metronomic Breathing,Fixed-Rate Breathing 
172.468,55.1471,M13_hrv,Metronomic Breathing,Fixed-Rate Breathing 
173.556,55.3506,M13_hrv,Metronomic Breathing,Fixed-Rate Breathing 
174.64,55.7621,M13_hrv,Metronomic Breathing,Fixed-Rate Breathing 
175.716,54.3478,M13_hrv,Metronomic Breathing,Fixed-Rate Breathing 
176.82,54.1516,M13_hrv,Metronomic Breathing,Fixed-Rate Breathing 
177.928,56.6038,M13_hrv,Metronomic Breathing,Fixed-Rate Breathing 
178.988,56.6038,M13_hrv,Metronomic Breathing,Fixed-Rate Breathing 
180.048,54.3478,M13_hrv,Metronomic Breathing,Fixed-Rate Breathing 
181.152,55.7621,M13_hrv,Metronomic Breathing,Fixed-Rate Breathing 
182.228,56.391,M13_hrv,Metronomic Breathing,Fixed-Rate Breathing 
183.292,55.3506,M13_hrv,Metronomic Breathing,Fixed-Rate Breathing 
184.376,54.9451,M13_hrv,Metronomic Breathing,Fixed-Rate Breathing 
185.468,56.6038,M13_hrv,Metronomic Breathing,Fixed-Rate Breathing 
186.528,57.2519,M13_hrv,Metronomic Breathing,Fixed-Rate Breathing 
187.576,56.391,M13_hrv,Metronomic Breathing,Fixed-Rate Breathing 
188.64,55.1471,M13_hrv,Metronomic Breathing,Fixed-Rate Breathing 
189.728,56.1798,M13_hrv,Metronomic Breathing,Fixed-Rate Breathing 
190.796,55.7621,M13_hrv,Metronomic Breathing,Fixed-Rate Breathing 
191.872,55.1471,M13_hrv,Metronomic Breathing,Fixed-Rate Breathing 
192.96,55.1471,M13_hrv,Metronomic Breathing,Fixed-Rate Breathing 
194.048,56.391,M13_hrv,Metronomic Breathing,Fixed-Rate Breathing 
195.112,57.0342,M13_hrv,Metronomic Breathing,Fixed-Rate Breathing 
196.164,55.1471,M13_hrv,Metronomic Breathing,Fixed-Rate Breathing 
197.252,56.1798,M13_hrv,Metronomic Breathing,Fixed-Rate Breathing 
198.32,56.8182,M13_hrv,Metronomic Breathing,Fixed-Rate Breathing 
199.376,56.6038,M13_hrv,Metronomic Breathing,Fixed-Rate Breathing 
200.436,55.3506,M13_hrv,Metronomic Breathing,Fixed-Rate Breathing 
201.52,55.9701,M13_hrv,Metronomic Breathing,Fixed-Rate Breathing 
202.592,56.1798,M13_hrv,Metronomic Breathing,Fixed-Rate Breathing 
203.66,56.391,M13_hrv,Metronomic Breathing,Fixed-Rate Breathing 
204.724,54.5455,M13_hrv,Metronomic Breathing,Fixed-Rate Breathing 
205.824,55.9701,M13_hrv,Metronomic Breathing,Fixed-Rate Breathing 
206.896,56.8182,M13_hrv,Metronomic Breathing,Fixed-Rate Breathing 
207.952,55.7621,M13_hrv,Metronomic Breathing,Fixed-Rate Breathing 
209.028,55.3506,M13_hrv,Metronomic Breathing,Fixed-Rate Breathing 
210.112,56.6038,M13_hrv,Metronomic Breathing,Fixed-Rate Breathing 
211.172,57.4713,M13_hrv,Metronomic Breathing,Fixed-Rate Breathing 
212.216,56.8182,M13_hrv,Metronomic Breathing,Fixed-Rate Breathing 
213.272,56.391,M13_hrv,Metronomic Breathing,Fixed-Rate Breathing 
214.336,59.2885,M13_hrv,Metronomic Breathing,Fixed-Rate Breathing 
215.348,59.5238,M13_hrv,Metronomic Breathing,Fixed-Rate Breathing 
216.356,56.1798,M13_hrv,Metronomic Breathing,Fixed-Rate Breathing 
217.424,55.5556,M13_hrv,Metronomic Breathing,Fixed-Rate Breathing 
218.504,57.6923,M13_hrv,Metronomic Breathing,Fixed-Rate Breathing 
219.544,58.1395,M13_hrv,Metronomic Breathing,Fixed-Rate Breathing 
220.576,56.391,M13_hrv,Metronomic Breathing,Fixed-Rate Breathing 
221.64,56.6038,M13_hrv,Metronomic Breathing,Fixed-Rate Breathing 
222.7,57.4713,M13_hrv,Metronomic Breathing,Fixed-Rate Breathing 
223.744,57.6923,M13_hrv,Metronomic Breathing,Fixed-Rate Breathing 
224.784,55.5556,M13_hrv,Metronomic Breathing,Fixed-Rate Breathing 
225.864,55.9701,M13_hrv,Metronomic Breathing,Fixed-Rate Breathing 
226.936,57.9151,M13_hrv,Metronomic Breathing,Fixed-Rate Breathing 
227.972,58.8235,M13_hrv,Metronomic Breathing,Fixed-Rate Breathing 
228.992,56.1798,M13_hrv,Metronomic Breathing,Fixed-Rate Breathing 
230.06,56.8182,M13_hrv,Metronomic Breathing,Fixed-Rate Breathing 
231.116,59.2885,M13_hrv,Metronomic Breathing,Fixed-Rate Breathing 
232.128,59.2885,M13_hrv,Metronomic Breathing,Fixed-Rate Breathing 
233.14,57.4713,M13_hrv,Metronomic Breathing,Fixed-Rate Breathing 
234.184,59.0551,M13_hrv,Metronomic Breathing,Fixed-Rate Breathing 
235.2,59.2885,M13_hrv,Metronomic Breathing,Fixed-Rate Breathing 
236.212,59.761,M13_hrv,Metronomic Breathing,Fixed-Rate Breathing 
237.216,57.4713,M13_hrv,Metronomic Breathing,Fixed-Rate Breathing 
238.26,58.3658,M13_hrv,Metronomic Breathing,Fixed-Rate Breathing 
239.288,59.761,M13_hrv,Metronomic Breathing,Fixed-Rate Breathing 
240.292,59.5238,M13_hrv,Metronomic Breathing,Fixed-Rate Breathing 
241.3,57.2519,M13_hrv,Metronomic Breathing,Fixed-Rate Breathing 
242.348,60.0,M13_hrv,Metronomic Breathing,Fixed-Rate Breathing 
243.348,60.9756,M13_hrv,Metronomic Breathing,Fixed-Rate Breathing 
244.332,60.7287,M13_hrv,Metronomic Breathing,Fixed-Rate Breathing 
245.32,57.2519,M13_hrv,Metronomic Breathing,Fixed-Rate Breathing 
246.368,57.4713,M13_hrv,Metronomic Breathing,Fixed-Rate Breathing 
247.412,59.761,M13_hrv,Metronomic Breathing,Fixed-Rate Breathing 
248.416,60.241,M13_hrv,Metronomic Breathing,Fixed-Rate Breathing 
249.412,58.1395,M13_hrv,Metronomic Breathing,Fixed-Rate Breathing 
250.444,59.5238,M13_hrv,Metronomic Breathing,Fixed-Rate Breathing 
251.452,59.761,M13_hrv,Metronomic Breathing,Fixed-Rate Breathing 
252.456,58.1395,M13_hrv,Metronomic Breathing,Fixed-Rate Breathing 
253.488,55.5556,M13_hrv,Metronomic Breathing,Fixed-Rate Breathing 
254.568,57.0342,M13_hrv,Metronomic Breathing,Fixed-Rate Breathing 
255.62,58.8235,M13_hrv,Metronomic Breathing,Fixed-Rate Breathing 
256.64,58.8235,M13_hrv,Metronomic Breathing,Fixed-Rate Breathing 
257.66,56.1798,M13_hrv,Metronomic Breathing,Fixed-Rate Breathing 
258.728,56.1798,M13_hrv,Metronomic Breathing,Fixed-Rate Breathing 
259.796,58.3658,M13_hrv,Metronomic Breathing,Fixed-Rate Breathing 
260.824,57.6923,M13_hrv,Metronomic Breathing,Fixed-Rate Breathing 
261.864,55.5556,M13_hrv,Metronomic Breathing,Fixed-Rate Breathing 
262.944,55.1471,M13_hrv,Metronomic Breathing,Fixed-Rate Breathing 
264.032,57.6923,M13_hrv,Metronomic Breathing,Fixed-Rate Breathing 
265.072,57.2519,M13_hrv,Metronomic Breathing,Fixed-Rate Breathing 
266.12,55.5556,M13_hrv,Metronomic Breathing,Fixed-Rate Breathing 
267.2,54.9451,M13_hrv,Metronomic Breathing,Fixed-Rate Breathing 
268.292,57.6923,M13_hrv,Metronomic Breathing,Fixed-Rate Breathing 
269.332,56.391,M13_hrv,Metronomic Breathing,Fixed-Rate Breathing 
270.396,55.7621,M13_hrv,Metronomic Breathing,Fixed-Rate Breathing 
271.472,58.1395,M13_hrv,Metronomic Breathing,Fixed-Rate Breathing 
272.504,58.3658,M13_hrv,Metronomic Breathing,Fixed-Rate Breathing 
273.532,54.7445,M13_hrv,Metronomic Breathing,Fixed-Rate Breathing 
274.628,54.5455,M13_hrv,Metronomic Breathing,Fixed-Rate Breathing 
275.728,56.8182,M13_hrv,Metronomic Breathing,Fixed-Rate Breathing 
276.784,57.6923,M13_hrv,Metronomic Breathing,Fixed-Rate Breathing 
277.824,55.9701,M13_hrv,Metronomic Breathing,Fixed-Rate Breathing 
278.896,56.391,M13_hrv,Metronomic Breathing,Fixed-Rate Breathing 
279.96,57.6923,M13_hrv,Metronomic Breathing,Fixed-Rate Breathing 
281.0,56.6038,M13_hrv,Metronomic Breathing,Fixed-Rate Breathing 
282.06,55.7621,M13_hrv,Metronomic Breathing,Fixed-Rate Breathing 
283.136,56.1798,M13_hrv,Metronomic Breathing,Fixed-Rate Breathing 
284.204,57.6923,M13_hrv,Metronomic Breathing,Fixed-Rate Breathing 
285.244,55.7621,M13_hrv,Metronomic Breathing,Fixed-Rate Breathing 
286.32,55.1471,M13_hrv,Metronomic Breathing,Fixed-Rate Breathing 
287.408,55.9701,M13_hrv,Metronomic Breathing,Fixed-Rate Breathing 
288.48,56.6038,M13_hrv,Metronomic Breathing,Fixed-Rate Breathing 
289.54,55.5556,M13_hrv,Metronomic Breathing,Fixed-Rate Breathing 
290.62,55.1471,M13_hrv,Metronomic Breathing,Fixed-Rate Breathing 
291.708,55.5556,M13_hrv,Metronomic Breathing,Fixed-Rate Breathing 
292.788,56.8182,M13_hrv,Metronomic Breathing,Fixed-Rate Breathing 
293.844,55.5556,M13_hrv,Metronomic Breathing,Fixed-Rate Breathing 
294.924,54.1516,M13_hrv,Metronomic Breathing,Fixed-Rate Breathing 
296.032,55.9701,M13_hrv,Metronomic Breathing,Fixed-Rate Breathing 
297.104,58.1395,M13_hrv,Metronomic Breathing,Fixed-Rate Breathing 
298.136,56.8182,M13_hrv,Metronomic Breathing,Fixed-Rate Breathing 
299.192,54.7445,M13_hrv,Metronomic Breathing,Fixed-Rate Breathing 
300.288,56.6038,M13_hrv,Metronomic Breathing,Fixed-Rate Breathing 
301.348,56.6038,M13_hrv,Metronomic Breathing,Fixed-Rate Breathing 
302.408,57.2519,M13_hrv,Metronomic Breathing,Fixed-Rate Breathing 
303.456,55.3506,M13_hrv,Metronomic Breathing,Fixed-Rate Breathing 
304.54,56.6038,M13_hrv,Metronomic Breathing,Fixed-Rate Breathing 
305.6,59.5238,M13_hrv,Metronomic Breathing,Fixed-Rate Breathing 
306.608,57.4713,M13_hrv,Metronomic Breathing,Fixed-Rate Breathing 
307.652,56.391,M13_hrv,Metronomic Breathing,Fixed-Rate Breathing 
308.716,57.6923,M13_hrv,Metronomic Breathing,Fixed-Rate Breathing 
309.756,58.3658,M13_hrv,Metronomic Breathing,Fixed-Rate Breathing 
310.784,56.391,M13_hrv,Metronomic Breathing,Fixed-Rate Breathing 
311.848,55.1471,M13_hrv,Metronomic Breathing,Fixed-Rate Breathing 
312.936,56.6038,M13_hrv,Metronomic Breathing,Fixed-Rate Breathing 
313.996,57.2519,M13_hrv,Metronomic Breathing,Fixed-Rate Breathing 
315.044,56.6038,M13_hrv,Metronomic Breathing,Fixed-Rate Breathing 
316.104,55.3506,M13_hrv,Metronomic Breathing,Fixed-Rate Breathing 
317.188,56.391,M13_hrv,Metronomic Breathing,Fixed-Rate Breathing 
318.252,57.9151,M13_hrv,Metronomic Breathing,Fixed-Rate Breathing 
319.288,56.6038,M13_hrv,Metronomic Breathing,Fixed-Rate Breathing 
320.348,56.6038,M13_hrv,Metronomic Breathing,Fixed-Rate Breathing 
321.408,59.0551,M13_hrv,Metronomic Breathing,Fixed-Rate Breathing 
322.424,59.5238,M13_hrv,Metronomic Breathing,Fixed-Rate Breathing 
323.432,57.0342,M13_hrv,Metronomic Breathing,Fixed-Rate Breathing 
324.484,58.3658,M13_hrv,Metronomic Breathing,Fixed-Rate Breathing 
325.512,59.761,M13_hrv,Metronomic Breathing,Fixed-Rate Breathing 
326.516,60.241,M13_hrv,Metronomic Breathing,Fixed-Rate Breathing 
327.512,56.6038,M13_hrv,Metronomic Breathing,Fixed-Rate Breathing 
328.572,56.8182,M13_hrv,Metronomic Breathing,Fixed-Rate Breathing 
329.628,59.5238,M13_hrv,Metronomic Breathing,Fixed-Rate Breathing 
330.636,60.9756,M13_hrv,Metronomic Breathing,Fixed-Rate Breathing 
331.62,58.5937,M13_hrv,Metronomic Breathing,Fixed-Rate Breathing 
332.644,58.5937,M13_hrv,Metronomic Breathing,Fixed-Rate Breathing 
333.668,63.0252,M13_hrv,Metronomic Breathing,Fixed-Rate Breathing 
334.62,61.9835,M13_hrv,Metronomic Breathing,Fixed-Rate Breathing 
335.588,58.5937,M13_hrv,Metronomic Breathing,Fixed-Rate Breathing 
336.612,58.3658,M13_hrv,Metronomic Breathing,Fixed-Rate Breathing 
337.64,59.5238,M13_hrv,Metronomic Breathing,Fixed-Rate Breathing 
338.648,60.9756,M13_hrv,Metronomic Breathing,Fixed-Rate Breathing 
339.632,58.8235,M13_hrv,Metronomic Breathing,Fixed-Rate Breathing 
340.652,57.6923,M13_hrv,Metronomic Breathing,Fixed-Rate Breathing 
341.692,60.241,M13_hrv,Metronomic Breathing,Fixed-Rate Breathing 
342.688,59.761,M13_hrv,Metronomic Breathing,Fixed-Rate Breathing 
343.692,57.6923,M13_hrv,Metronomic Breathing,Fixed-Rate Breathing 
344.732,56.8182,M13_hrv,Metronomic Breathing,Fixed-Rate Breathing 
345.788,58.5937,M13_hrv,Metronomic Breathing,Fixed-Rate Breathing 
346.812,58.3658,M13_hrv,Metronomic Breathing,Fixed-Rate Breathing 
347.84,55.5556,M13_hrv,Metronomic Breathing,Fixed-Rate Breathing 
348.92,56.391,M13_hrv,Metronomic Breathing,Fixed-Rate Breathing 
349.984,58.1395,M13_hrv,Metronomic Breathing,Fixed-Rate Breathing 
351.016,59.0551,M13_hrv,Metronomic Breathing,Fixed-Rate Breathing 
352.032,57.4713,M13_hrv,Metronomic Breathing,Fixed-Rate Breathing 
353.076,59.2885,M13_hrv,Metronomic Breathing,Fixed-Rate Breathing 
354.088,59.761,M13_hrv,Metronomic Breathing,Fixed-Rate Breathing 
355.092,60.0,M13_hrv,Metronomic Breathing,Fixed-Rate Breathing 
356.092,57.2519,M13_hrv,Metronomic Breathing,Fixed-Rate Breathing 
357.14,57.4713,M13_hrv,Metronomic Breathing,Fixed-Rate Breathing 
358.184,58.8235,M13_hrv,Metronomic Breathing,Fixed-Rate Breathing 
359.204,57.2519,M13_hrv,Metronomic Breathing,Fixed-Rate Breathing 
360.252,55.1471,M13_hrv,Metronomic Breathing,Fixed-Rate Breathing 
361.34,53.9568,M13_hrv,Metronomic Breathing,Fixed-Rate Breathing 
362.452,56.1798,M13_hrv,Metronomic Breathing,Fixed-Rate Breathing 
363.52,57.0342,M13_hrv,Metronomic Breathing,Fixed-Rate Breathing 
364.572,56.1798,M13_hrv,Metronomic Breathing,Fixed-Rate Breathing 
365.64,56.8182,M13_hrv,Metronomic Breathing,Fixed-Rate Breathing 
366.696,57.9151,M13_hrv,Metronomic Breathing,Fixed-Rate Breathing 
367.732,56.6038,M13_hrv,Metronomic Breathing,Fixed-Rate Breathing 
368.792,54.7445,M13_hrv,Metronomic Breathing,Fixed-Rate Breathing 
369.888,55.7621,M13_hrv,Metronomic Breathing,Fixed-Rate Breathing 
370.964,56.8182,M13_hrv,Metronomic Breathing,Fixed-Rate Breathing 
372.02,56.6038,M13_hrv,Metronomic Breathing,Fixed-Rate Breathing 
373.08,58.5937,M13_hrv,Metronomic Breathing,Fixed-Rate Breathing 
374.104,61.7284,M13_hrv,Metronomic Breathing,Fixed-Rate Breathing 
375.076,62.2407,M13_hrv,Metronomic Breathing,Fixed-Rate Breathing 
376.04,59.5238,M13_hrv,Metronomic Breathing,Fixed-Rate Breathing 
377.048,55.3506,M13_hrv,Metronomic Breathing,Fixed-Rate Breathing 
378.132,58.8235,M13_hrv,Metronomic Breathing,Fixed-Rate Breathing 
379.152,61.2245,M13_hrv,Metronomic Breathing,Fixed-Rate Breathing 
380.132,58.1395,M13_hrv,Metronomic Breathing,Fixed-Rate Breathing 
381.164,57.2519,M13_hrv,Metronomic Breathing,Fixed-Rate Breathing 
382.212,58.8235,M13_hrv,Metronomic Breathing,Fixed-Rate Breathing 
383.232,60.0,M13_hrv,Metronomic Breathing,Fixed-Rate Breathing 
384.232,57.0342,M13_hrv,Metronomic Breathing,Fixed-Rate Breathing 
385.284,58.1395,M13_hrv,Metronomic Breathing,Fixed-Rate Breathing 
386.316,59.5238,M13_hrv,Metronomic Breathing,Fixed-Rate Breathing 
387.324,60.9756,M13_hrv,Metronomic Breathing,Fixed-Rate Breathing 
388.308,58.1395,M13_hrv,Metronomic Breathing,Fixed-Rate Breathing 
389.34,56.8182,M13_hrv,Metronomic Breathing,Fixed-Rate Breathing 
390.396,59.0551,M13_hrv,Metronomic Breathing,Fixed-Rate Breathing 
391.412,60.7287,M13_hrv,Metronomic Breathing,Fixed-Rate Breathing 
392.4,58.5937,M13_hrv,Metronomic Breathing,Fixed-Rate Breathing 
393.424,58.5937,M13_hrv,Metronomic Breathing,Fixed-Rate Breathing 
394.448,60.9756,M13_hrv,Metronomic Breathing,Fixed-Rate Breathing 
395.432,62.2407,M13_hrv,Metronomic Breathing,Fixed-Rate Breathing 
396.396,60.9756,M13_hrv,Metronomic Breathing,Fixed-Rate Breathing 
397.38,61.2245,M13_hrv,Metronomic Breathing,Fixed-Rate Breathing 
398.36,64.6552,M13_hrv,Metronomic Breathing,Fixed-Rate Breathing 
399.288,67.2646,M13_hrv,Metronomic Breathing,Fixed-Rate Breathing 
400.18,62.2407,M13_hrv,Metronomic Breathing,Fixed-Rate Breathing 
401.144,63.5593,M13_hrv,Metronomic Breathing,Fixed-Rate Breathing 
402.088,73.1707,M13_hrv,Metronomic Breathing,Fixed-Rate Breathing 
402.908,75.3769,M13_hrv,Metronomic Breathing,Fixed-Rate Breathing 
403.704,72.1154,M13_hrv,Metronomic Breathing,Fixed-Rate Breathing 
404.536,56.8182,M13_hrv,Metronomic Breathing,Fixed-Rate Breathing 
405.592,53.0035,M13_hrv,Metronomic Breathing,Fixed-Rate Breathing 
406.724,55.7621,M13_hrv,Metronomic Breathing,Fixed-Rate Breathing 
407.8,57.0342,M13_hrv,Metronomic Breathing,Fixed-Rate Breathing 
408.852,55.1471,M13_hrv,Metronomic Breathing,Fixed-Rate Breathing 
409.94,56.391,M13_hrv,Metronomic Breathing,Fixed-Rate Breathing 
411.004,57.6923,M13_hrv,Metronomic Breathing,Fixed-Rate Breathing 
412.044,58.3658,M13_hrv,Metronomic Breathing,Fixed-Rate Breathing 
413.072,56.6038,M13_hrv,Metronomic Breathing,Fixed-Rate Breathing 
414.132,56.391,M13_hrv,Metronomic Breathing,Fixed-Rate Breathing 
415.196,57.4713,M13_hrv,Metronomic Breathing,Fixed-Rate Breathing 
416.24,57.9151,M13_hrv,Metronomic Breathing,Fixed-Rate Breathing 
417.276,56.1798,M13_hrv,Metronomic Breathing,Fixed-Rate Breathing 
418.344,56.391,M13_hrv,Metronomic Breathing,Fixed-Rate Breathing 
419.408,58.1395,M13_hrv,Metronomic Breathing,Fixed-Rate Breathing 
420.44,58.5937,M13_hrv,Metronomic Breathing,Fixed-Rate Breathing 
421.464,57.2519,M13_hrv,Metronomic Breathing,Fixed-Rate Breathing 
422.512,56.1798,M13_hrv,Metronomic Breathing,Fixed-Rate Breathing 
423.58,58.1395,M13_hrv,Metronomic Breathing,Fixed-Rate Breathing 
424.612,58.5937,M13_hrv,Metronomic Breathing,Fixed-Rate Breathing 
425.636,56.1798,M13_hrv,Metronomic Breathing,Fixed-Rate Breathing 
426.704,55.5556,M13_hrv,Metronomic Breathing,Fixed-Rate Breathing 
427.784,57.2519,M13_hrv,Metronomic Breathing,Fixed-Rate Breathing 
428.832,57.4713,M13_hrv,Metronomic Breathing,Fixed-Rate Breathing 
429.876,54.9451,M13_hrv,Metronomic Breathing,Fixed-Rate Breathing 
430.968,56.6038,M13_hrv,Metronomic Breathing,Fixed-Rate Breathing 
432.028,56.1798,M13_hrv,Metronomic Breathing,Fixed-Rate Breathing 
433.096,57.2519,M13_hrv,Metronomic Breathing,Fixed-Rate Breathing 
434.144,57.9151,M13_hrv,Metronomic Breathing,Fixed-Rate Breathing 
435.18,58.3658,M13_hrv,Metronomic Breathing,Fixed-Rate Breathing 
436.208,57.0342,M13_hrv,Metronomic Breathing,Fixed-Rate Breathing 
437.26,55.1471,M13_hrv,Metronomic Breathing,Fixed-Rate Breathing 
438.348,55.7621,M13_hrv,Metronomic Breathing,Fixed-Rate Breathing 
439.424,57.2519,M13_hrv,Metronomic Breathing,Fixed-Rate Breathing 
440.472,58.5937,M13_hrv,Metronomic Breathing,Fixed-Rate Breathing 
441.496,56.8182,M13_hrv,Metronomic Breathing,Fixed-Rate Breathing 
442.552,56.1798,M13_hrv,Metronomic Breathing,Fixed-Rate Breathing 
443.62,58.1395,M13_hrv,Metronomic Breathing,Fixed-Rate Breathing 
444.652,58.1395,M13_hrv,Metronomic Breathing,Fixed-Rate Breathing 
445.684,56.1798,M13_hrv,Metronomic Breathing,Fixed-Rate Breathing 
446.752,56.8182,M13_hrv,Metronomic Breathing,Fixed-Rate Breathing 
447.808,57.2519,M13_hrv,Metronomic Breathing,Fixed-Rate Breathing 
448.856,57.9151,M13_hrv,Metronomic Breathing,Fixed-Rate Breathing 
449.892,56.6038,M13_hrv,Metronomic Breathing,Fixed-Rate Breathing 
450.952,55.1471,M13_hrv,Metronomic Breathing,Fixed-Rate Breathing 
452.04,57.0342,M13_hrv,Metronomic Breathing,Fixed-Rate Breathing 
453.092,57.2519,M13_hrv,Metronomic Breathing,Fixed-Rate Breathing 
454.14,54.9451,M13_hrv,Metronomic Breathing,Fixed-Rate Breathing 
455.232,55.1471,M13_hrv,Metronomic Breathing,Fixed-Rate Breathing 
456.32,56.8182,M13_hrv,Metronomic Breathing,Fixed-Rate Breathing 
457.376,58.3658,M13_hrv,Metronomic Breathing,Fixed-Rate Breathing 
458.404,55.7621,M13_hrv,Metronomic Breathing,Fixed-Rate Breathing 
459.48,56.6038,M13_hrv,Metronomic Breathing,Fixed-Rate Breathing 
460.54,58.1395,M13_hrv,Metronomic Breathing,Fixed-Rate Breathing 
461.572,57.4713,M13_hrv,Metronomic Breathing,Fixed-Rate Breathing 
462.616,57.6923,M13_hrv,Metronomic Breathing,Fixed-Rate Breathing 
463.656,58.5937,M13_hrv,Metronomic Breathing,Fixed-Rate Breathing 
464.68,59.0551,M13_hrv,Metronomic Breathing,Fixed-Rate Breathing 
465.696,58.5937,M13_hrv,Metronomic Breathing,Fixed-Rate Breathing 
466.72,56.6038,M13_hrv,Metronomic Breathing,Fixed-Rate Breathing 
467.78,57.4713,M13_hrv,Metronomic Breathing,Fixed-Rate Breathing 
468.824,58.5937,M13_hrv,Metronomic Breathing,Fixed-Rate Breathing 
469.848,56.6038,M13_hrv,Metronomic Breathing,Fixed-Rate Breathing 
470.908,55.9701,M13_hrv,Metronomic Breathing,Fixed-Rate Breathing 
471.98,56.6038,M13_hrv,Metronomic Breathing,Fixed-Rate Breathing 
473.04,59.0551,M13_hrv,Metronomic Breathing,Fixed-Rate Breathing 
474.056,56.6038,M13_hrv,Metronomic Breathing,Fixed-Rate Breathing 
475.116,55.3506,M13_hrv,Metronomic Breathing,Fixed-Rate Breathing 
476.2,56.8182,M13_hrv,Metronomic Breathing,Fixed-Rate Breathing 
477.256,57.2519,M13_hrv,Metronomic Breathing,Fixed-Rate Breathing 
478.304,55.7621,M13_hrv,Metronomic Breathing,Fixed-Rate Breathing 
479.38,55.9701,M13_hrv,Metronomic Breathing,Fixed-Rate Breathing 
480.452,57.4713,M13_hrv,Metronomic Breathing,Fixed-Rate Breathing 
481.496,59.0551,M13_hrv,Metronomic Breathing,Fixed-Rate Breathing 
482.512,58.5937,M13_hrv,Metronomic Breathing,Fixed-Rate Breathing 
483.536,58.1395,M13_hrv,Metronomic Breathing,Fixed-Rate Breathing 
484.568,59.761,M13_hrv,Metronomic Breathing,Fixed-Rate Breathing 
485.572,59.761,M13_hrv,Metronomic Breathing,Fixed-Rate Breathing 
486.576,57.4713,M13_hrv,Metronomic Breathing,Fixed-Rate Breathing 
487.62,56.6038,M13_hrv,Metronomic Breathing,Fixed-Rate Breathing 
488.68,57.2519,M13_hrv,Metronomic Breathing,Fixed-Rate Breathing 
489.728,59.5238,M13_hrv,Metronomic Breathing,Fixed-Rate Breathing 
490.736,57.6923,M13_hrv,Metronomic Breathing,Fixed-Rate Breathing 
491.776,57.2519,M13_hrv,Metronomic Breathing,Fixed-Rate Breathing 
492.824,58.8235,M13_hrv,Metronomic Breathing,Fixed-Rate Breathing 
493.844,59.2885,M13_hrv,Metronomic Breathing,Fixed-Rate Breathing 
494.856,57.2519,M13_hrv,Metronomic Breathing,Fixed-Rate Breathing 
495.904,56.8182,M13_hrv,Metronomic Breathing,Fixed-Rate Breathing 
496.96,58.3658,M13_hrv,Metronomic Breathing,Fixed-Rate Breathing 
497.988,60.241,M13_hrv,Metronomic Breathing,Fixed-Rate Breathing 
498.984,58.8235,M13_hrv,Metronomic Breathing,Fixed-Rate Breathing 
500.004,58.1395,M13_hrv,Metronomic Breathing,Fixed-Rate Breathing 
501.036,59.0551,M13_hrv,Metronomic Breathing,Fixed-Rate Breathing 
502.052,60.4839,M13_hrv,Metronomic Breathing,Fixed-Rate Breathing 
503.044,57.6923,M13_hrv,Metronomic Breathing,Fixed-Rate Breathing 
504.084,56.8182,M13_hrv,Metronomic Breathing,Fixed-Rate Breathing 
505.14,59.5238,M13_hrv,Metronomic Breathing,Fixed-Rate Breathing 
506.148,59.5238,M13_hrv,Metronomic Breathing,Fixed-Rate Breathing 
507.156,57.2519,M13_hrv,Metronomic Breathing,Fixed-Rate Breathing 
508.204,56.1798,M13_hrv,Metronomic Breathing,Fixed-Rate Breathing 
509.272,58.5937,M13_hrv,Metronomic Breathing,Fixed-Rate Breathing 
510.296,60.0,M13_hrv,Metronomic Breathing,Fixed-Rate Breathing 
511.296,57.6923,M13_hrv,Metronomic Breathing,Fixed-Rate Breathing 
512.336,58.1395,M13_hrv,Metronomic Breathing,Fixed-Rate Breathing 
513.368,59.5238,M13_hrv,Metronomic Breathing,Fixed-Rate Breathing 
514.376,60.241,M13_hrv,Metronomic Breathing,Fixed-Rate Breathing 
515.372,57.9151,M13_hrv,Metronomic Breathing,Fixed-Rate Breathing 
516.408,57.9151,M13_hrv,Metronomic Breathing,Fixed-Rate Breathing 
517.444,60.241,M13_hrv,Metronomic Breathing,Fixed-Rate Breathing 
518.44,59.761,M13_hrv,Metronomic Breathing,Fixed-Rate Breathing 
519.444,56.6038,M13_hrv,Metronomic Breathing,Fixed-Rate Breathing 
520.504,56.8182,M13_hrv,Metronomic Breathing,Fixed-Rate Breathing 
521.56,57.4713,M13_hrv,Metronomic Breathing,Fixed-Rate Breathing 
522.604,59.5238,M13_hrv,Metronomic Breathing,Fixed-Rate Breathing 
523.612,59.0551,M13_hrv,Metronomic Breathing,Fixed-Rate Breathing 
524.628,56.8182,M13_hrv,Metronomic Breathing,Fixed-Rate Breathing 
525.684,55.5556,M13_hrv,Metronomic Breathing,Fixed-Rate Breathing 
526.764,57.6923,M13_hrv,Metronomic Breathing,Fixed-Rate Breathing 
527.804,58.3658,M13_hrv,Metronomic Breathing,Fixed-Rate Breathing 
528.832,55.7621,M13_hrv,Metronomic Breathing,Fixed-Rate Breathing 
529.908,56.6038,M13_hrv,Metronomic Breathing,Fixed-Rate Breathing 
530.968,57.9151,M13_hrv,Metronomic Breathing,Fixed-Rate Breathing 
532.004,56.6038,M13_hrv,Metronomic Breathing,Fixed-Rate Breathing 
533.064,56.391,M13_hrv,Metronomic Breathing,Fixed-Rate Breathing 
534.128,57.6923,M13_hrv,Metronomic Breathing,Fixed-Rate Breathing 
535.168,59.2885,M13_hrv,Metronomic Breathing,Fixed-Rate Breathing 
536.18,57.9151,M13_hrv,Metronomic Breathing,Fixed-Rate Breathing 
537.216,57.9151,M13_hrv,Metronomic Breathing,Fixed-Rate Breathing 
538.252,58.8235,M13_hrv,Metronomic Breathing,Fixed-Rate Breathing 
539.272,60.4839,M13_hrv,Metronomic Breathing,Fixed-Rate Breathing 
540.264,60.4839,M13_hrv,Metronomic Breathing,Fixed-Rate Breathing 
541.256,60.7287,M13_hrv,Metronomic Breathing,Fixed-Rate Breathing 
542.244,61.7284,M13_hrv,Metronomic Breathing,Fixed-Rate Breathing 
543.216,62.5,M13_hrv,Metronomic Breathing,Fixed-Rate Breathing 
544.176,60.9756,M13_hrv,Metronomic Breathing,Fixed-Rate Breathing 
545.16,58.8235,M13_hrv,Metronomic Breathing,Fixed-Rate Breathing 
546.18,59.761,M13_hrv,Metronomic Breathing,Fixed-Rate Breathing 
547.184,61.2245,M13_hrv,Metronomic Breathing,Fixed-Rate Breathing 
548.164,59.2885,M13_hrv,Metronomic Breathing,Fixed-Rate Breathing 
549.176,57.4713,M13_hrv,Metronomic Breathing,Fixed-Rate Breathing 
550.22,58.3658,M13_hrv,Metronomic Breathing,Fixed-Rate Breathing 
551.248,61.7284,M13_hrv,Metronomic Breathing,Fixed-Rate Breathing 
552.22,59.761,M13_hrv,Metronomic Breathing,Fixed-Rate Breathing 
553.224,58.8235,M13_hrv,Metronomic Breathing,Fixed-Rate Breathing 
554.244,60.7287,M13_hrv,Metronomic Breathing,Fixed-Rate Breathing 
555.232,61.4754,M13_hrv,Metronomic Breathing,Fixed-Rate Breathing 
556.208,58.1395,M13_hrv,Metronomic Breathing,Fixed-Rate Breathing 
557.24,58.5937,M13_hrv,Metronomic Breathing,Fixed-Rate Breathing 
558.264,58.8235,M13_hrv,Metronomic Breathing,Fixed-Rate Breathing 
559.284,60.0,M13_hrv,Metronomic Breathing,Fixed-Rate Breathing 
560.284,58.5937,M13_hrv,Metronomic Breathing,Fixed-Rate Breathing 
561.308,56.1798,M13_hrv,Metronomic Breathing,Fixed-Rate Breathing 
562.376,55.5556,M13_hrv,Metronomic Breathing,Fixed-Rate Breathing 
563.456,57.6923,M13_hrv,Metronomic Breathing,Fixed-Rate Breathing 
564.496,58.1395,M13_hrv,Metronomic Breathing,Fixed-Rate Breathing 
565.528,56.6038,M13_hrv,Metronomic Breathing,Fixed-Rate Breathing 
566.588,56.8182,M13_hrv,Metronomic Breathing,Fixed-Rate Breathing 
567.644,58.1395,M13_hrv,Metronomic Breathing,Fixed-Rate Breathing 
568.676,55.5556,M13_hrv,Metronomic Breathing,Fixed-Rate Breathing 
569.756,54.3478,M13_hrv,Metronomic Breathing,Fixed-Rate Breathing 
570.86,55.5556,M13_hrv,Metronomic Breathing,Fixed-Rate Breathing 
571.94,57.4713,M13_hrv,Metronomic Breathing,Fixed-Rate Breathing 
572.984,55.9701,M13_hrv,Metronomic Breathing,Fixed-Rate Breathing 
574.056,55.1471,M13_hrv,Metronomic Breathing,Fixed-Rate Breathing 
575.144,58.1395,M13_hrv,Metronomic Breathing,Fixed-Rate Breathing 
576.176,57.9151,M13_hrv,Metronomic Breathing,Fixed-Rate Breathing 
577.212,55.9701,M13_hrv,Metronomic Breathing,Fixed-Rate Breathing 
578.284,56.1798,M13_hrv,Metronomic Breathing,Fixed-Rate Breathing 
579.352,57.6923,M13_hrv,Metronomic Breathing,Fixed-Rate Breathing 
580.392,56.8182,M13_hrv,Metronomic Breathing,Fixed-Rate Breathing 
581.448,55.1471,M13_hrv,Metronomic Breathing,Fixed-Rate Breathing 
582.536,55.1471,M13_hrv,Metronomic Breathing,Fixed-Rate Breathing 
583.624,57.9151,M13_hrv,Metronomic Breathing,Fixed-Rate Breathing 
584.66,58.8235,M13_hrv,Metronomic Breathing,Fixed-Rate Breathing 
585.68,55.9701,M13_hrv,Metronomic Breathing,Fixed-Rate Breathing 
586.752,54.9451,M13_hrv,Metronomic Breathing,Fixed-Rate Breathing 
587.844,56.1798,M13_hrv,Metronomic Breathing,Fixed-Rate Breathing 
588.912,57.0342,M13_hrv,Metronomic Breathing,Fixed-Rate Breathing 
589.964,56.1798,M13_hrv,Metronomic Breathing,Fixed-Rate Breathing 
591.032,54.5455,M13_hrv,Metronomic Breathing,Fixed-Rate Breathing 
592.132,57.2519,M13_hrv,Metronomic Breathing,Fixed-Rate Breathing 
593.18,57.6923,M13_hrv,Metronomic Breathing,Fixed-Rate Breathing 
594.22,55.5556,M13_hrv,Metronomic Breathing,Fixed-Rate Breathing 
595.3,55.1471,M13_hrv,Metronomic Breathing,Fixed-Rate Breathing 
596.388,55.5556,M13_hrv,Metronomic Breathing,Fixed-Rate Breathing 
597.468,54.7445,M13_hrv,Metronomic Breathing,Fixed-Rate Breathing 
598.564,53.9568,M13_hrv,Metronomic Breathing,Fixed-Rate Breathing 
