Time,HeartRate,Subject,Group,State
1.4,77.7202,M2_hrv,Metronomic Breathing,Fixed-Rate Breathing 
2.172,69.4444,M2_hrv,Metronomic Breathing,Fixed-Rate Breathing 
3.036,68.8073,M2_hrv,Metronomic Breathing,Fixed-Rate Breathing 
3.908,72.8155,M2_hrv,Metronomic Breathing,Fixed-Rate Breathing 
4.732,76.5306,M2_hrv,Metronomic Breathing,Fixed-Rate Breathing 
5.516,78.125,M2_hrv,Metronomic Breathing,Fixed-Rate Breathing 
6.284,72.1154,M2_hrv,Metronomic Breathing,Fixed-Rate Breathing 
7.116,64.6552,M2_hrv,Metronomic Breathing,Fixed-Rate Breathing 
8.044,62.5,M2_hrv,Metronomic Breathing,Fixed-Rate Breathing 
9.004,63.2911,M2_hrv,Metronomic Breathing,Fixed-Rate Breathing 
9.952,69.4444,M2_hrv,Metronomic Breathing,Fixed-Rate Breathing 
10.816,71.4286,M2_hrv,Metronomic Breathing,Fixed-Rate Breathing 
11.656,73.5294,M2_hrv,Metronomic Breathing,Fixed-Rate Breathing 
12.472,71.7703,M2_hrv,Metronomic Breathing,Fixed-Rate Breathing 
13.308,70.0935,M2_hrv,Metronomic Breathing,Fixed-Rate Breathing 
14.164,73.5294,M2_hrv,Metronomic Breathing,Fixed-Rate Breathing 
14.98,75.7576,M2_hrv,Metronomic Breathing,Fixed-Rate Breathing 
15.772,72.8155,M2_hrv,Metronomic Breathing,Fixed-Rate Breathing 
16.596,70.0935,M2_hrv,Metronomic Breathing,Fixed-Rate Breathing 
17.452,70.0935,M2_hrv,Metronomic Breathing,Fixed-Rate Breathing 
18.308,69.7674,M2_hrv,Metronomic Breathing,Fixed-Rate Breathing 
19.168,72.4638,M2_hrv,Metronomic Breathing,Fixed-Rate Breathing 
19.996,72.8155,M2_hrv,Metronomic Breathing,Fixed-Rate Breathing 
20.82,71.7703,M2_hrv,Metronomic Breathing,Fixed-Rate Breathing 
21.656,67.2646,M2_hrv,Metronomic Breathing,Fixed-Rate Breathing 
22.548,64.1026,M2_hrv,Metronomic Breathing,Fixed-Rate Breathing 
23.484,66.6667,M2_hrv,Metronomic Breathing,Fixed-Rate Breathing 
24.384,72.4638,M2_hrv,Metronomic Breathing,Fixed-Rate Breathing 
25.212,72.1154,M2_hrv,Metronomic Breathing,Fixed-Rate Breathing 
26.044,72.1154,M2_hrv,Metronomic Breathing,Fixed-Rate Breathing 
26.876,70.0935,M2_hrv,Metronomic Breathing,Fixed-Rate Breathing 
27.732,69.4444,M2_hrv,Metronomic Breathing,Fixed-Rate Breathing 
28.596,68.8073,M2_hrv,Metronomic Breathing,Fixed-Rate Breathing 
29.468,69.4444,M2_hrv,Metronomic Breathing,Fixed-Rate Breathing 
30.332,72.1154,M2_hrv,Metronomic Breathing,Fixed-Rate Breathing 
31.164,73.1707,M2_hrv,Metronomic Breathing,Fixed-Rate Breathing 
31.984,71.7703,M2_hrv,Metronomic Breathing,Fixed-Rate Breathing 
32.82,66.3717,M2_hrv,Metronomic Breathing,Fixed-Rate Breathing 
33.724,66.9643,M2_hrv,Metronomic Breathing,Fixed-Rate Breathing 
34.62,67.2646,M2_hrv,Metronomic Breathing,Fixed-Rate Breathing 
35.512,66.9643,M2_hrv,Metronomic Breathing,Fixed-Rate Breathing 
36.408,64.6552,M2_hrv,Metronomic Breathing,Fixed-Rate Breathing 
37.336,68.4931,M2_hrv,Metronomic Breathing,Fixed-Rate Breathing 
38.212,70.4225,M2_hrv,Metronomic Breathing,Fixed-Rate Breathing 
39.064,68.1818,M2_hrv,Metronomic Breathing,Fixed-Rate Breathing 
39.944,63.8298,M2_hrv,Metronomic Breathing,Fixed-Rate Breathing 
40.884,64.6552,M2_hrv,Metronomic Breathing,Fixed-Rate Breathing 
41.812,70.0935,M2_hrv,Metronomic Breathing,Fixed-Rate Breathing 
42.668,70.4225,M2_hrv,Metronomic Breathing,Fixed-Rate Breathing 
43.52,67.5676,M2_hrv,Metronomic Breathing,Fixed-Rate Breathing 
44.408,65.2174,M2_hrv,Metronomic Breathing,Fixed-Rate Breathing 
45.328,67.2646,M2_hrv,Metronomic Breathing,Fixed-Rate Breathing 
46.22,69.4444,M2_hrv,Metronomic Breathing,Fixed-Rate Breathing 
47.084,67.5676,M2_hrv,Metronomic Breathing,Fixed-Rate Breathing 
47.972,64.1026,M2_hrv,Metronomic Breathing,Fixed-Rate Breathing 
48.908,66.0793,M2_hrv,Metronomic Breathing,Fixed-Rate Breathing 
49.816,64.9351,M2_hrv,Metronomic Breathing,Fixed-Rate Breathing 
50.74,65.2174,M2_hrv,Metronomic Breathing,Fixed-Rate Breathing 
51.66,61.9835,M2_hrv,Metronomic Breathing,Fixed-Rate Breathing 
52.628,62.2407,M2_hrv,Metronomic Breathing,Fixed-Rate Breathing 
53.592,67.2646,M2_hrv,Metronomic Breathing,Fixed-Rate Breathing 
54.484,68.8073,M2_hrv,Metronomic Breathing,Fixed-Rate Breathing 
55.356,64.9351,M2_hrv,Metronomic Breathing,Fixed-Rate Breathing 
56.28,63.8298,M2_hrv,Metronomic Breathing,Fixed-Rate Breathing 
57.22,67.2646,M2_hrv,Metronomic Breathing,Fixed-Rate Breathing 
58.112,69.4444,M2_hrv,Metronomic Breathing,Fixed-Rate Breathing 
58.976,68.1818,M2_hrv,Metronomic Breathing,Fixed-Rate Breathing 
59.856,64.9351,M2_hrv,Metronomic Breathing,Fixed-Rate Breathing 
60.78,64.1026,M2_hrv,Metronomic Breathing,Fixed-Rate Breathing 
61.716,66.9643,M2_hrv,Metronomic Breathing,Fixed-Rate Breathing 
62.612,70.4225,M2_hrv,Metronomic Breathing,Fixed-Rate Breathing 
63.464,69.1244,M2_hrv,Metronomic Breathing,Fixed-Rate Breathing 
64.332,67.8733,M2_hrv,Metronomic Breathing,Fixed-Rate Breathing 
65.216,68.1818,M2_hrv,Metronomic Breathing,Fixed-Rate Breathing 
66.096,70.4225,M2_hrv,Metronomic Breathing,Fixed-Rate Breathing 
66.948,69.4444,M2_hrv,Metronomic Breathing,Fixed-Rate Breathing 
67.812,67.8733,M2_hrv,Metronomic Breathing,Fixed-Rate Breathing 
68.696,67.5676,M2_hrv,Metronomic Breathing,Fixed-Rate Breathing 
69.584,69.7674,M2_hrv,Metronomic Breathing,Fixed-Rate Breathing 
70.444,70.0935,M2_hrv,Metronomic Breathing,Fixed-Rate Breathing 
71.3,68.8073,M2_hrv,Metronomic Breathing,Fixed-Rate Breathing 
72.172,68.1818,M2_hrv,Metronomic Breathing,Fixed-Rate Breathing 
73.052,66.6667,M2_hrv,Metronomic Breathing,Fixed-Rate Breathing 
73.952,69.7674,M2_hrv,Metronomic Breathing,Fixed-Rate Breathing 
74.812,70.7547,M2_hrv,Metronomic Breathing,Fixed-Rate Breathing 
75.66,67.5676,M2_hrv,Metronomic Breathing,Fixed-Rate Breathing 
76.548,64.3777,M2_hrv,Metronomic Breathing,Fixed-Rate Breathing 
77.48,65.7895,M2_hrv,Metronomic Breathing,Fixed-Rate Breathing 
78.392,69.1244,M2_hrv,Metronomic Breathing,Fixed-Rate Breathing 
79.26,70.4225,M2_hrv,Metronomic Breathing,Fixed-Rate Breathing 
80.112,67.2646,M2_hrv,Metronomic Breathing,Fixed-Rate Breathing 
81.004,66.9643,M2_hrv,Metronomic Breathing,Fixed-Rate Breathing 
81.9,68.4931,M2_hrv,Metronomic Breathing,Fixed-Rate Breathing 
82.776,70.0935,M2_hrv,Metronomic Breathing,Fixed-Rate Breathing 
83.632,67.2646,M2_hrv,Metronomic Breathing,Fixed-Rate Breathing 
84.524,63.0252,M2_hrv,Metronomic Breathing,Fixed-Rate Breathing 
85.476,62.7615,M2_hrv,Metronomic Breathing,Fixed-Rate Breathing 
86.432,67.8733,M2_hrv,Metronomic Breathing,Fixed-Rate Breathing 
87.316,70.0935,M2_hrv,Metronomic Breathing,Fixed-Rate Breathing 
88.172,67.2646,M2_hrv,Metronomic Breathing,Fixed-Rate Breathing 
89.064,65.5022,M2_hrv,Metronomic Breathing,Fixed-Rate Breathing 
89.98,65.5022,M2_hrv,Metronomic Breathing,Fixed-Rate Breathing 
90.896,66.6667,M2_hrv,Metronomic Breathing,Fixed-Rate Breathing 
91.796,63.5593,M2_hrv,Metronomic Breathing,Fixed-Rate Breathing 
92.74,60.7287,M2_hrv,Metronomic Breathing,Fixed-Rate Breathing 
93.728,63.2911,M2_hrv,Metronomic Breathing,Fixed-Rate Breathing 
94.676,65.7895,M2_hrv,Metronomic Breathing,Fixed-Rate Breathing 
95.588,66.0793,M2_hrv,Metronomic Breathing,Fixed-Rate Breathing 
96.496,62.7615,M2_hrv,Metronomic Breathing,Fixed-Rate Breathing 
97.452,62.2407,M2_hrv,Metronomic Breathing,Fixed-Rate Breathing 
98.416,65.5022,M2_hrv,Metronomic Breathing,Fixed-Rate Breathing 
99.332,66.9643,M2_hrv,Metronomic Breathing,Fixed-Rate Breathing 
100.228,66.0793,M2_hrv,Metronomic Breathing,Fixed-Rate Breathing 
101.136,66.0793,M2_hrv,Metronomic Breathing,Fixed-Rate Breathing 
102.044,67.8733,M2_hrv,Metronomic Breathing,Fixed-Rate Breathing 
102.928,69.4444,M2_hrv,Metronomic Breathing,Fixed-Rate Breathing 
103.792,67.8733,M2_hrv,Metronomic Breathing,Fixed-Rate Breathing 
104.676,61.2245,M2_hrv,Metronomic Breathing,Fixed-Rate Breathing 
105.656,63.0252,M2_hrv,Metronomic Breathing,Fixed-Rate Breathing 
106.608,67.2646,M2_hrv,Metronomic Breathing,Fixed-Rate Breathing 
107.5,69.1244,M2_hrv,Metronomic Breathing,Fixed-Rate Breathing 
108.368,67.5676,M2_hrv,Metronomic Breathing,Fixed-Rate Breathing 
109.256,66.3717,M2_hrv,Metronomic Breathing,Fixed-Rate Breathing 
110.16,69.4444,M2_hrv,Metronomic Breathing,Fixed-Rate Breathing 
111.024,71.7703,M2_hrv,Metronomic Breathing,Fixed-Rate Breathing 
111.86,67.8733,M2_hrv,Metronomic Breathing,Fixed-Rate Breathing 
112.744,66.9643,M2_hrv,Metronomic Breathing,Fixed-Rate Breathing 
113.64,71.4286,M2_hrv,Metronomic Breathing,Fixed-Rate Breathing 
114.48,76.5306,M2_hrv,Metronomic Breathing,Fixed-Rate Breathing 
115.264,72.8155,M2_hrv,Metronomic Breathing,Fixed-Rate Breathing 
116.088,63.5593,M2_hrv,Metronomic Breathing,Fixed-Rate Breathing 
117.032,59.761,M2_hrv,Metronomic Breathing,Fixed-Rate Breathing 
118.036,62.2407,M2_hrv,Metronomic Breathing,Fixed-Rate Breathing 
119.0,66.3717,M2_hrv,Metronomic Breathing,Fixed-Rate Breathing 
119.904,67.2646,M2_hrv,Metronomic Breathing,Fixed-Rate Breathing 
120.796,64.6552,M2_hrv,Metronomic Breathing,Fixed-Rate Breathing 
121.724,61.4754,M2_hrv,Metronomic Breathing,Fixed-Rate Breathing 
122.7,63.8298,M2_hrv,Metronomic Breathing,Fixed-Rate Breathing 
123.64,68.4931,M2_hrv,Metronomic Breathing,Fixed-Rate Breathing 
124.516,70.4225,M2_hrv,Metronomic Breathing,Fixed-Rate Breathing 
125.368,64.9351,M2_hrv,Metronomic Breathing,Fixed-Rate Breathing 
126.292,59.761,M2_hrv,Metronomic Breathing,Fixed-Rate Breathing 
127.296,64.3777,M2_hrv,Metronomic Breathing,Fixed-Rate Breathing 
128.228,66.3717,M2_hrv,Metronomic Breathing,Fixed-Rate Breathing 
129.132,67.2646,M2_hrv,Metronomic Breathing,Fixed-Rate Breathing 
130.024,68.1818,M2_hrv,Metronomic Breathing,Fixed-Rate Breathing 
130.904,71.09,M2_hrv,Metronomic Breathing,Fixed-Rate Breathing 
131.748,71.7703,M2_hrv,Metronomic Breathing,Fixed-Rate Breathing 
132.584,66.6667,M2_hrv,Metronomic Breathing,Fixed-Rate Breathing 
133.484,56.8182,M2_hrv,Metronomic Breathing,Fixed-Rate Breathing 
134.54,59.5238,M2_hrv,Metronomic Breathing,Fixed-Rate Breathing 
135.548,64.3777,M2_hrv,Metronomic Breathing,Fixed-Rate Breathing 
136.48,66.3717,M2_hrv,Metronomic Breathing,Fixed-Rate Breathing 
137.384,61.7284,M2_hrv,Metronomic Breathing,Fixed-Rate Breathing 
138.356,60.7287,M2_hrv,Metronomic Breathing,Fixed-Rate Breathing 
139.344,64.6552,M2_hrv,Metronomic Breathing,Fixed-Rate Breathing 
140.272,65.7895,M2_hrv,Metronomic Breathing,Fixed-Rate Breathing 
141.184,62.5,M2_hrv,Metronomic Breathing,Fixed-Rate Breathing 
142.144,60.241,M2_hrv,Metronomic Breathing,Fixed-Rate Breathing 
143.14,61.9835,M2_hrv,Metronomic Breathing,Fixed-Rate Breathing 
144.108,65.2174,M2_hrv,Metronomic Breathing,Fixed-Rate Breathing 
145.028,64.6552,M2_hrv,Metronomic Breathing,Fixed-Rate Breathing 
145.956,60.7287,M2_hrv,Metronomic Breathing,Fixed-Rate Breathing 
146.944,64.3777,M2_hrv,Metronomic Breathing,Fixed-Rate Breathing 
147.876,67.5676,M2_hrv,Metronomic Breathing,Fixed-Rate Breathing 
148.764,67.5676,M2_hrv,Metronomic Breathing,Fixed-Rate Breathing 
149.652,62.7615,M2_hrv,Metronomic Breathing,Fixed-Rate Breathing 
150.608,64.6552,M2_hrv,Metronomic Breathing,Fixed-Rate Breathing 
151.536,66.9643,M2_hrv,Metronomic Breathing,Fixed-Rate Breathing 
152.432,69.1244,M2_hrv,Metronomic Breathing,Fixed-Rate Breathing 
153.3,65.7895,M2_hrv,Metronomic Breathing,Fixed-Rate Breathing 
154.212,59.761,M2_hrv,Metronomic Breathing,Fixed-Rate Breathing 
155.216,62.5,M2_hrv,Metronomic Breathing,Fixed-Rate Breathing 
156.176,65.2174,M2_hrv,Metronomic Breathing,Fixed-Rate Breathing 
157.096,66.0793,M2_hrv,Metronomic Breathing,Fixed-Rate Breathing 
158.004,60.4839,M2_hrv,Metronomic Breathing,Fixed-Rate Breathing 
158.996,62.7615,M2_hrv,Metronomic Breathing,Fixed-Rate Breathing 
159.952,66.0793,M2_hrv,Metronomic Breathing,Fixed-Rate Breathing 
160.86,67.8733,M2_hrv,Metronomic Breathing,Fixed-Rate Breathing 
161.744,64.3777,M2_hrv,Metronomic Breathing,Fixed-Rate Breathing 
162.676,59.5238,M2_hrv,Metronomic Breathing,Fixed-Rate Breathing 
163.684,63.0252,M2_hrv,Metronomic Breathing,Fixed-Rate Breathing 
164.636,65.5022,M2_hrv,Metronomic Breathing,Fixed-Rate Breathing 
165.552,66.9643,M2_hrv,Metronomic Breathing,Fixed-Rate Breathing 
166.448,61.4754,M2_hrv,Metronomic Breathing,Fixed-Rate Breathing 
167.424,61.2245,M2_hrv,Metronomic Breathing,Fixed-Rate Breathing 
168.404,64.9351,M2_hrv,Metronomic Breathing,Fixed-Rate Breathing 
169.328,66.0793,M2_hrv,Metronomic Breathing,Fixed-Rate Breathing 
170.236,60.9756,M2_hrv,Metronomic Breathing,Fixed-Rate Breathing 
171.22,61.7284,M2_hrv,Metronomic Breathing,Fixed-Rate Breathing 
172.192,66.9643,M2_hrv,Metronomic Breathing,Fixed-Rate Breathing 
173.088,66.3717,M2_hrv,Metronomic Breathing,Fixed-Rate Breathing 
173.992,62.7615,M2_hrv,Metronomic Breathing,Fixed-Rate Breathing 
174.948,61.9835,M2_hrv,Metronomic Breathing,Fixed-Rate Breathing 
175.916,65.7895,M2_hrv,Metronomic Breathing,Fixed-Rate Breathing 
176.828,68.4931,M2_hrv,Metronomic Breathing,Fixed-Rate Breathing 
177.704,64.9351,M2_hrv,Metronomic Breathing,Fixed-Rate Breathing 
178.628,61.4754,M2_hrv,Metronomic Breathing,Fixed-Rate Breathing 
179.604,64.3777,M2_hrv,Metronomic Breathing,Fixed-Rate Breathing 
180.536,67.8733,M2_hrv,Metronomic Breathing,Fixed-Rate Breathing 
181.42,69.7674,M2_hrv,Metronomic Breathing,Fixed-Rate Breathing 
182.28,64.9351,M2_hrv,Metronomic Breathing,Fixed-Rate Breathing 
183.204,62.7615,M2_hrv,Metronomic Breathing,Fixed-Rate Breathing 
184.16,63.8298,M2_hrv,Metronomic Breathing,Fixed-Rate Breathing 
185.1,66.9643,M2_hrv,Metronomic Breathing,Fixed-Rate Breathing 
185.996,67.2646,M2_hrv,Metronomic Breathing,Fixed-Rate Breathing 
186.888,64.3777,M2_hrv,Metronomic Breathing,Fixed-Rate Breathing 
187.82,66.6667,M2_hrv,Metronomic Breathing,Fixed-Rate Breathing 
188.72,68.8073,M2_hrv,Metronomic Breathing,Fixed-Rate Breathing 
189.592,71.7703,M2_hrv,Metronomic Breathing,Fixed-Rate Breathing 
190.428,75.3769,M2_hrv,Metronomic Breathing,Fixed-Rate Breathing 
191.224,75.7576,M2_hrv,Metronomic Breathing,Fixed-Rate Breathing 
192.016,76.1421,M2_hrv,Metronomic Breathing,Fixed-Rate Breathing 
192.804,75.3769,M2_hrv,Metronomic Breathing,Fixed-Rate Breathing 
193.6,71.4286,M2_hrv,Metronomic Breathing,Fixed-Rate Breathing 
194.44,58.8235,M2_hrv,Metronomic Breathing,Fixed-Rate Breathing 
195.46,57.6923,M2_hrv,Metronomic Breathing,Fixed-Rate Breathing 
196.5,60.9756,M2_hrv,Metronomic Breathing,Fixed-Rate Breathing 
197.484,64.3777,M2_hrv,Metronomic Breathing,Fixed-Rate Breathing 
198.416,63.5593,M2_hrv,Metronomic Breathing,Fixed-Rate Breathing 
199.36,59.761,M2_hrv,Metronomic Breathing,Fixed-Rate Breathing 
200.364,62.5,M2_hrv,Metronomic Breathing,Fixed-Rate Breathing 
201.324,66.6667,M2_hrv,Metronomic Breathing,Fixed-Rate Breathing 
202.224,65.5022,M2_hrv,Metronomic Breathing,Fixed-Rate Breathing 
203.14,60.4839,M2_hrv,Metronomic Breathing,Fixed-Rate Breathing 
204.132,63.0252,M2_hrv,Metronomic Breathing,Fixed-Rate Breathing 
205.084,67.5676,M2_hrv,Metronomic Breathing,Fixed-Rate Breathing 
205.972,66.9643,M2_hrv,Metronomic Breathing,Fixed-Rate Breathing 
206.868,59.761,M2_hrv,Metronomic Breathing,Fixed-Rate Breathing 
207.872,62.5,M2_hrv,Metronomic Breathing,Fixed-Rate Breathing 
208.832,66.3717,M2_hrv,Metronomic Breathing,Fixed-Rate Breathing 
209.736,68.4931,M2_hrv,Metronomic Breathing,Fixed-Rate Breathing 
210.612,65.5022,M2_hrv,Metronomic Breathing,Fixed-Rate Breathing 
211.528,64.3777,M2_hrv,Metronomic Breathing,Fixed-Rate Breathing 
212.46,67.5676,M2_hrv,Metronomic Breathing,Fixed-Rate Breathing 
213.348,70.7547,M2_hrv,Metronomic Breathing,Fixed-Rate Breathing 
214.196,72.4638,M2_hrv,Metronomic Breathing,Fixed-Rate Breathing 
215.024,68.4931,M2_hrv,Metronomic Breathing,Fixed-Rate Breathing 
215.9,66.3717,M2_hrv,Metronomic Breathing,Fixed-Rate Breathing 
216.804,68.4931,M2_hrv,Metronomic Breathing,Fixed-Rate Breathing 
217.68,70.0935,M2_hrv,Metronomic Breathing,Fixed-Rate Breathing 
218.536,68.8073,M2_hrv,Metronomic Breathing,Fixed-Rate Breathing 
219.408,62.5,M2_hrv,Metronomic Breathing,Fixed-Rate Breathing 
220.368,64.3777,M2_hrv,Metronomic Breathing,Fixed-Rate Breathing 
221.3,67.2646,M2_hrv,Metronomic Breathing,Fixed-Rate Breathing 
222.192,68.4931,M2_hrv,Metronomic Breathing,Fixed-Rate Breathing 
223.068,62.5,M2_hrv,Metronomic Breathing,Fixed-Rate Breathing 
224.028,62.5,M2_hrv,Metronomic Breathing,Fixed-Rate Breathing 
224.988,64.9351,M2_hrv,Metronomic Breathing,Fixed-Rate Breathing 
225.912,67.8733,M2_hrv,Metronomic Breathing,Fixed-Rate Breathing 
226.796,67.8733,M2_hrv,Metronomic Breathing,Fixed-Rate Breathing 
227.68,60.4839,M2_hrv,Metronomic Breathing,Fixed-Rate Breathing 
228.672,64.3777,M2_hrv,Metronomic Breathing,Fixed-Rate Breathing 
229.604,67.8733,M2_hrv,Metronomic Breathing,Fixed-Rate Breathing 
230.488,70.0935,M2_hrv,Metronomic Breathing,Fixed-Rate Breathing 
231.344,67.5676,M2_hrv,Metronomic Breathing,Fixed-Rate Breathing 
232.232,62.5,M2_hrv,Metronomic Breathing,Fixed-Rate Breathing 
233.192,66.0793,M2_hrv,Metronomic Breathing,Fixed-Rate Breathing 
234.1,69.4444,M2_hrv,Metronomic Breathing,Fixed-Rate Breathing 
234.964,69.1244,M2_hrv,Metronomic Breathing,Fixed-Rate Breathing 
235.832,56.6038,M2_hrv,Metronomic Breathing,Fixed-Rate Breathing 
236.892,60.9756,M2_hrv,Metronomic Breathing,Fixed-Rate Breathing 
237.876,66.6667,M2_hrv,Metronomic Breathing,Fixed-Rate Breathing 
238.776,70.4225,M2_hrv,Metronomic Breathing,Fixed-Rate Breathing 
239.628,66.9643,M2_hrv,Metronomic Breathing,Fixed-Rate Breathing 
240.524,63.2911,M2_hrv,Metronomic Breathing,Fixed-Rate Breathing 
241.472,67.8733,M2_hrv,Metronomic Breathing,Fixed-Rate Breathing 
242.356,71.7703,M2_hrv,Metronomic Breathing,Fixed-Rate Breathing 
243.192,70.7547,M2_hrv,Metronomic Breathing,Fixed-Rate Breathing 
244.04,59.2885,M2_hrv,Metronomic Breathing,Fixed-Rate Breathing 
245.052,62.7615,M2_hrv,Metronomic Breathing,Fixed-Rate Breathing 
246.008,68.4931,M2_hrv,Metronomic Breathing,Fixed-Rate Breathing 
246.884,69.7674,M2_hrv,Metronomic Breathing,Fixed-Rate Breathing 
247.744,61.7284,M2_hrv,Metronomic Breathing,Fixed-Rate Breathing 
248.716,59.761,M2_hrv,Metronomic Breathing,Fixed-Rate Breathing 
249.72,64.9351,M2_hrv,Metronomic Breathing,Fixed-Rate Breathing 
250.644,70.0935,M2_hrv,Metronomic Breathing,Fixed-Rate Breathing 
251.5,75.7576,M2_hrv,Metronomic Breathing,Fixed-Rate Breathing 
252.292,79.7872,M2_hrv,Metronomic Breathing,Fixed-Rate Breathing 
253.044,78.125,M2_hrv,Metronomic Breathing,Fixed-Rate Breathing 
253.812,76.9231,M2_hrv,Metronomic Breathing,Fixed-Rate Breathing 
254.592,75.7576,M2_hrv,Metronomic Breathing,Fixed-Rate Breathing 
255.384,69.7674,M2_hrv,Metronomic Breathing,Fixed-Rate Breathing 
256.244,58.3658,M2_hrv,Metronomic Breathing,Fixed-Rate Breathing 
257.272,60.9756,M2_hrv,Metronomic Breathing,Fixed-Rate Breathing 
258.256,63.2911,M2_hrv,Metronomic Breathing,Fixed-Rate Breathing 
259.204,65.5022,M2_hrv,Metronomic Breathing,Fixed-Rate Breathing 
260.12,57.4713,M2_hrv,Metronomic Breathing,Fixed-Rate Breathing 
261.164,57.6923,M2_hrv,Metronomic Breathing,Fixed-Rate Breathing 
262.204,60.7287,M2_hrv,Metronomic Breathing,Fixed-Rate Breathing 
263.192,64.3777,M2_hrv,Metronomic Breathing,Fixed-Rate Breathing 
264.124,65.5022,M2_hrv,Metronomic Breathing,Fixed-Rate Breathing 
265.04,58.5937,M2_hrv,Metronomic Breathing,Fixed-Rate Breathing 
266.064,60.9756,M2_hrv,Metronomic Breathing,Fixed-Rate Breathing 
267.048,63.5593,M2_hrv,Metronomic Breathing,Fixed-Rate Breathing 
267.992,63.0252,M2_hrv,Metronomic Breathing,Fixed-Rate Breathing 
268.944,57.0342,M2_hrv,Metronomic Breathing,Fixed-Rate Breathing 
269.996,60.4839,M2_hrv,Metronomic Breathing,Fixed-Rate Breathing 
270.988,63.2911,M2_hrv,Metronomic Breathing,Fixed-Rate Breathing 
271.936,63.0252,M2_hrv,Metronomic Breathing,Fixed-Rate Breathing 
272.888,58.5937,M2_hrv,Metronomic Breathing,Fixed-Rate Breathing 
273.912,61.9835,M2_hrv,Metronomic Breathing,Fixed-Rate Breathing 
274.88,65.7895,M2_hrv,Metronomic Breathing,Fixed-Rate Breathing 
275.792,66.9643,M2_hrv,Metronomic Breathing,Fixed-Rate Breathing 
276.688,58.1395,M2_hrv,Metronomic Breathing,Fixed-Rate Breathing 
277.72,62.5,M2_hrv,Metronomic Breathing,Fixed-Rate Breathing 
278.68,67.2646,M2_hrv,Metronomic Breathing,Fixed-Rate Breathing 
279.572,67.5676,M2_hrv,Metronomic Breathing,Fixed-Rate Breathing 
280.46,60.9756,M2_hrv,Metronomic Breathing,Fixed-Rate Breathing 
281.444,62.2407,M2_hrv,Metronomic Breathing,Fixed-Rate Breathing 
282.408,66.0793,M2_hrv,Metronomic Breathing,Fixed-Rate Breathing 
283.316,66.3717,M2_hrv,Metronomic Breathing,Fixed-Rate Breathing 
284.22,65.7895,M2_hrv,Metronomic Breathing,Fixed-Rate Breathing 
285.132,59.0551,M2_hrv,Metronomic Breathing,Fixed-Rate Breathing 
286.148,60.0,M2_hrv,Metronomic Breathing,Fixed-Rate Breathing 
287.148,64.9351,M2_hrv,Metronomic Breathing,Fixed-Rate Breathing 
288.072,69.4444,M2_hrv,Metronomic Breathing,Fixed-Rate Breathing 
288.936,65.7895,M2_hrv,Metronomic Breathing,Fixed-Rate Breathing 
289.848,58.1395,M2_hrv,Metronomic Breathing,Fixed-Rate Breathing 
290.88,62.5,M2_hrv,Metronomic Breathing,Fixed-Rate Breathing 
291.84,64.9351,M2_hrv,Metronomic Breathing,Fixed-Rate Breathing 
292.764,60.7287,M2_hrv,Metronomic Breathing,Fixed-Rate Breathing 
293.752,59.761,M2_hrv,Metronomic Breathing,Fixed-Rate Breathing 
294.756,62.7615,M2_hrv,Metronomic Breathing,Fixed-Rate Breathing 
295.712,66.6667,M2_hrv,Metronomic Breathing,Fixed-Rate Breathing 
296.612,66.0793,M2_hrv,Metronomic Breathing,Fixed-Rate Breathing 
297.52,60.4839,M2_hrv,Metronomic Breathing,Fixed-Rate Breathing 
298.512,62.2407,M2_hrv,Metronomic Breathing,Fixed-Rate Breathing 
299.476,64.3777,M2_hrv,Metronomic Breathing,Fixed-Rate Breathing 
300.408,66.3717,M2_hrv,Metronomic Breathing,Fixed-Rate Breathing 
301.312,62.2407,M2_hrv,Metronomic Breathing,Fixed-Rate Breathing 
302.276,61.4754,M2_hrv,Metronomic Breathing,Fixed-Rate Breathing 
303.252,63.8298,M2_hrv,Metronomic Breathing,Fixed-Rate Breathing 
304.192,66.3717,M2_hrv,Metronomic Breathing,Fixed-Rate Breathing 
305.096,65.2174,M2_hrv,Metronomic Breathing,Fixed-Rate Breathing 
306.016,58.8235,M2_hrv,Metronomic Breathing,Fixed-Rate Breathing 
307.036,61.7284,M2_hrv,Metronomic Breathing,Fixed-Rate Breathing 
308.008,65.7895,M2_hrv,Metronomic Breathing,Fixed-Rate Breathing 
308.92,63.8298,M2_hrv,Metronomic Breathing,Fixed-Rate Breathing 
309.86,59.5238,M2_hrv,Metronomic Breathing,Fixed-Rate Breathing 
310.868,62.7615,M2_hrv,Metronomic Breathing,Fixed-Rate Breathing 
311.824,65.5022,M2_hrv,Metronomic Breathing,Fixed-Rate Breathing 
312.74,64.6552,M2_hrv,Metronomic Breathing,Fixed-Rate Breathing 
313.668,58.8235,M2_hrv,Metronomic Breathing,Fixed-Rate Breathing 
314.688,61.4754,M2_hrv,Metronomic Breathing,Fixed-Rate Breathing 
315.664,65.2174,M2_hrv,Metronomic Breathing,Fixed-Rate Breathing 
316.584,67.2646,M2_hrv,Metronomic Breathing,Fixed-Rate Breathing 
317.476,66.0793,M2_hrv,Metronomic Breathing,Fixed-Rate Breathing 
318.384,59.2885,M2_hrv,Metronomic Breathing,Fixed-Rate Breathing 
319.396,62.5,M2_hrv,Metronomic Breathing,Fixed-Rate Breathing 
320.356,67.5676,M2_hrv,Metronomic Breathing,Fixed-Rate Breathing 
321.244,64.6552,M2_hrv,Metronomic Breathing,Fixed-Rate Breathing 
322.172,57.2519,M2_hrv,Metronomic Breathing,Fixed-Rate Breathing 
323.22,62.5,M2_hrv,Metronomic Breathing,Fixed-Rate Breathing 
324.18,66.0793,M2_hrv,Metronomic Breathing,Fixed-Rate Breathing 
325.088,67.2646,M2_hrv,Metronomic Breathing,Fixed-Rate Breathing 
325.98,59.761,M2_hrv,Metronomic Breathing,Fixed-Rate Breathing 
326.984,62.2407,M2_hrv,Metronomic Breathing,Fixed-Rate Breathing 
327.948,66.6667,M2_hrv,Metronomic Breathing,Fixed-Rate Breathing 
328.848,68.8073,M2_hrv,Metronomic Breathing,Fixed-Rate Breathing 
329.72,64.3777,M2_hrv,Metronomic Breathing,Fixed-Rate Breathing 
330.652,58.5937,M2_hrv,Metronomic Breathing,Fixed-Rate Breathing 
331.676,62.2407,M2_hrv,Metronomic Breathing,Fixed-Rate Breathing 
332.64,66.0793,M2_hrv,Metronomic Breathing,Fixed-Rate Breathing 
333.548,67.8733,M2_hrv,Metronomic Breathing,Fixed-Rate Breathing 
334.432,57.4713,M2_hrv,Metronomic Breathing,Fixed-Rate Breathing 
335.476,60.241,M2_hrv,Metronomic Breathing,Fixed-Rate Breathing 
336.472,65.2174,M2_hrv,Metronomic Breathing,Fixed-Rate Breathing 
337.392,67.8733,M2_hrv,Metronomic Breathing,Fixed-Rate Breathing 
338.276,63.8298,M2_hrv,Metronomic Breathing,Fixed-Rate Breathing 
339.216,60.7287,M2_hrv,Metronomic Breathing,Fixed-Rate Breathing 
340.204,64.6552,M2_hrv,Metronomic Breathing,Fixed-Rate Breathing 
341.132,68.8073,M2_hrv,Metronomic Breathing,Fixed-Rate Breathing 
342.004,73.8916,M2_hrv,Metronomic Breathing,Fixed-Rate Breathing 
342.816,73.8916,M2_hrv,Metronomic Breathing,Fixed-Rate Breathing 
343.628,71.09,M2_hrv,Metronomic Breathing,Fixed-Rate Breathing 
344.472,66.3717,M2_hrv,Metronomic Breathing,Fixed-Rate Breathing 
345.376,59.0551,M2_hrv,Metronomic Breathing,Fixed-Rate Breathing 
346.392,61.4754,M2_hrv,Metronomic Breathing,Fixed-Rate Breathing 
347.368,63.8298,M2_hrv,Metronomic Breathing,Fixed-Rate Breathing 
348.308,66.9643,M2_hrv,Metronomic Breathing,Fixed-Rate Breathing 
349.204,68.1818,M2_hrv,Metronomic Breathing,Fixed-Rate Breathing 
350.084,63.5593,M2_hrv,Metronomic Breathing,Fixed-Rate Breathing 
351.028,60.4839,M2_hrv,Metronomic Breathing,Fixed-Rate Breathing 
352.02,63.2911,M2_hrv,Metronomic Breathing,Fixed-Rate Breathing 
352.968,64.6552,M2_hrv,Metronomic Breathing,Fixed-Rate Breathing 
353.896,65.7895,M2_hrv,Metronomic Breathing,Fixed-Rate Breathing 
354.808,59.761,M2_hrv,Metronomic Breathing,Fixed-Rate Breathing 
355.812,63.2911,M2_hrv,Metronomic Breathing,Fixed-Rate Breathing 
356.76,66.6667,M2_hrv,Metronomic Breathing,Fixed-Rate Breathing 
357.66,67.5676,M2_hrv,Metronomic Breathing,Fixed-Rate Breathing 
358.548,61.4754,M2_hrv,Metronomic Breathing,Fixed-Rate Breathing 
359.524,61.7284,M2_hrv,Metronomic Breathing,Fixed-Rate Breathing 
360.496,63.8298,M2_hrv,Metronomic Breathing,Fixed-Rate Breathing 
361.436,69.7674,M2_hrv,Metronomic Breathing,Fixed-Rate Breathing 
362.296,66.3717,M2_hrv,Metronomic Breathing,Fixed-Rate Breathing 
363.2,67.2646,M2_hrv,Metronomic Breathing,Fixed-Rate Breathing 
364.092,68.8073,M2_hrv,Metronomic Breathing,Fixed-Rate Breathing 
364.964,70.4225,M2_hrv,Metronomic Breathing,Fixed-Rate Breathing 
365.816,71.4286,M2_hrv,Metronomic Breathing,Fixed-Rate Breathing 
366.656,68.1818,M2_hrv,Metronomic Breathing,Fixed-Rate Breathing 
367.536,63.5593,M2_hrv,Metronomic Breathing,Fixed-Rate Breathing 
368.48,68.4931,M2_hrv,Metronomic Breathing,Fixed-Rate Breathing 
369.356,71.4286,M2_hrv,Metronomic Breathing,Fixed-Rate Breathing 
370.196,72.4638,M2_hrv,Metronomic Breathing,Fixed-Rate Breathing 
371.024,63.8298,M2_hrv,Metronomic Breathing,Fixed-Rate Breathing 
371.964,65.2174,M2_hrv,Metronomic Breathing,Fixed-Rate Breathing 
372.884,69.1244,M2_hrv,Metronomic Breathing,Fixed-Rate Breathing 
373.752,70.7547,M2_hrv,Metronomic Breathing,Fixed-Rate Breathing 
374.6,68.8073,M2_hrv,Metronomic Breathing,Fixed-Rate Breathing 
375.472,60.241,M2_hrv,Metronomic Breathing,Fixed-Rate Breathing 
376.468,63.0252,M2_hrv,Metronomic Breathing,Fixed-Rate Breathing 
377.42,66.9643,M2_hrv,Metronomic Breathing,Fixed-Rate Breathing 
378.316,70.7547,M2_hrv,Metronomic Breathing,Fixed-Rate Breathing 
379.164,66.6667,M2_hrv,Metronomic Breathing,Fixed-Rate Breathing 
380.064,56.6038,M2_hrv,Metronomic Breathing,Fixed-Rate Breathing 
381.124,62.2407,M2_hrv,Metronomic Breathing,Fixed-Rate Breathing 
382.088,64.9351,M2_hrv,Metronomic Breathing,Fixed-Rate Breathing 
383.012,66.3717,M2_hrv,Metronomic Breathing,Fixed-Rate Breathing 
383.916,71.09,M2_hrv,Metronomic Breathing,Fixed-Rate Breathing 
384.76,76.1421,M2_hrv,Metronomic Breathing,Fixed-Rate Breathing 
385.548,81.0811,M2_hrv,Metronomic Breathing,Fixed-Rate Breathing 
386.288,78.9474,M2_hrv,Metronomic Breathing,Fixed-Rate Breathing 
387.048,74.6269,M2_hrv,Metronomic Breathing,Fixed-Rate Breathing 
387.852,70.7547,M2_hrv,Metronomic Breathing,Fixed-Rate Breathing 
388.7,67.5676,M2_hrv,Metronomic Breathing,Fixed-Rate Breathing 
389.588,67.8733,M2_hrv,Metronomic Breathing,Fixed-Rate Breathing 
390.472,66.9643,M2_hrv,Metronomic Breathing,Fixed-Rate Breathing 
391.368,60.241,M2_hrv,Metronomic Breathing,Fixed-Rate Breathing 
392.364,60.0,M2_hrv,Metronomic Breathing,Fixed-Rate Breathing 
393.364,62.7615,M2_hrv,Metronomic Breathing,Fixed-Rate Breathing 
394.32,66.6667,M2_hrv,Metronomic Breathing,Fixed-Rate Breathing 
395.22,66.6667,M2_hrv,Metronomic Breathing,Fixed-Rate Breathing 
396.12,60.0,M2_hrv,Metronomic Breathing,Fixed-Rate Breathing 
397.12,62.2407,M2_hrv,Metronomic Breathing,Fixed-Rate Breathing 
398.084,65.2174,M2_hrv,Metronomic Breathing,Fixed-Rate Breathing 
399.004,65.7895,M2_hrv,Metronomic Breathing,Fixed-Rate Breathing 
399.916,59.0551,M2_hrv,Metronomic Breathing,Fixed-Rate Breathing 
400.932,58.8235,M2_hrv,Metronomic Breathing,Fixed-Rate Breathing 
401.952,63.5593,M2_hrv,Metronomic Breathing,Fixed-Rate Breathing 
402.896,67.5676,M2_hrv,Metronomic Breathing,Fixed-Rate Breathing 
403.784,63.8298,M2_hrv,Metronomic Breathing,Fixed-Rate Breathing 
404.724,62.2407,M2_hrv,Metronomic Breathing,Fixed-Rate Breathing 
405.688,65.5022,M2_hrv,Metronomic Breathing,Fixed-Rate Breathing 
406.604,69.1244,M2_hrv,Metronomic Breathing,Fixed-Rate Breathing 
407.472,71.09,M2_hrv,Metronomic Breathing,Fixed-Rate Breathing 
408.316,69.7674,M2_hrv,Metronomic Breathing,Fixed-Rate Breathing 
409.176,64.1026,M2_hrv,Metronomic Breathing,Fixed-Rate Breathing 
410.112,66.9643,M2_hrv,Metronomic Breathing,Fixed-Rate Breathing 
411.008,70.4225,M2_hrv,Metronomic Breathing,Fixed-Rate Breathing 
411.86,69.7674,M2_hrv,Metronomic Breathing,Fixed-Rate Breathing 
412.72,60.241,M2_hrv,Metronomic Breathing,Fixed-Rate Breathing 
413.716,63.0252,M2_hrv,Metronomic Breathing,Fixed-Rate Breathing 
414.668,67.8733,M2_hrv,Metronomic Breathing,Fixed-Rate Breathing 
415.552,71.4286,M2_hrv,Metronomic Breathing,Fixed-Rate Breathing 
416.392,71.09,M2_hrv,Metronomic Breathing,Fixed-Rate Breathing 
417.236,67.8733,M2_hrv,Metronomic Breathing,Fixed-Rate Breathing 
418.12,66.9643,M2_hrv,Metronomic Breathing,Fixed-Rate Breathing 
419.016,72.4638,M2_hrv,Metronomic Breathing,Fixed-Rate Breathing 
419.844,74.6269,M2_hrv,Metronomic Breathing,Fixed-Rate Breathing 
420.648,67.2646,M2_hrv,Metronomic Breathing,Fixed-Rate Breathing 
421.54,62.7615,M2_hrv,Metronomic Breathing,Fixed-Rate Breathing 
422.496,66.0793,M2_hrv,Metronomic Breathing,Fixed-Rate Breathing 
423.404,69.4444,M2_hrv,Metronomic Breathing,Fixed-Rate Breathing 
424.268,64.1026,M2_hrv,Metronomic Breathing,Fixed-Rate Breathing 
425.204,63.5593,M2_hrv,Metronomic Breathing,Fixed-Rate Breathing 
426.148,67.2646,M2_hrv,Metronomic Breathing,Fixed-Rate Breathing 
427.04,69.7674,M2_hrv,Metronomic Breathing,Fixed-Rate Breathing 
427.9,70.0935,M2_hrv,Metronomic Breathing,Fixed-Rate Breathing 
428.756,66.3717,M2_hrv,Metronomic Breathing,Fixed-Rate Breathing 
429.66,63.8298,M2_hrv,Metronomic Breathing,Fixed-Rate Breathing 
430.6,68.4931,M2_hrv,Metronomic Breathing,Fixed-Rate Breathing 
431.476,71.7703,M2_hrv,Metronomic Breathing,Fixed-Rate Breathing 
432.312,76.1421,M2_hrv,Metronomic Breathing,Fixed-Rate Breathing 
433.1,76.9231,M2_hrv,Metronomic Breathing,Fixed-Rate Breathing 
433.88,76.9231,M2_hrv,Metronomic Breathing,Fixed-Rate Breathing 
434.66,75.7576,M2_hrv,Metronomic Breathing,Fixed-Rate Breathing 
435.452,68.8073,M2_hrv,Metronomic Breathing,Fixed-Rate Breathing 
436.324,61.2245,M2_hrv,Metronomic Breathing,Fixed-Rate Breathing 
437.304,63.2911,M2_hrv,Metronomic Breathing,Fixed-Rate Breathing 
438.252,66.3717,M2_hrv,Metronomic Breathing,Fixed-Rate Breathing 
439.156,67.5676,M2_hrv,Metronomic Breathing,Fixed-Rate Breathing 
440.044,71.09,M2_hrv,Metronomic Breathing,Fixed-Rate Breathing 
440.888,73.8916,M2_hrv,Metronomic Breathing,Fixed-Rate Breathing 
441.7,74.6269,M2_hrv,Metronomic Breathing,Fixed-Rate Breathing 
442.504,75.0,M2_hrv,Metronomic Breathing,Fixed-Rate Breathing 
443.304,73.8916,M2_hrv,Metronomic Breathing,Fixed-Rate Breathing 
444.116,72.1154,M2_hrv,Metronomic Breathing,Fixed-Rate Breathing 
444.948,66.9643,M2_hrv,Metronomic Breathing,Fixed-Rate Breathing 
445.844,59.0551,M2_hrv,Metronomic Breathing,Fixed-Rate Breathing 
446.86,62.5,M2_hrv,Metronomic Breathing,Fixed-Rate Breathing 
447.82,66.0793,M2_hrv,Metronomic Breathing,Fixed-Rate Breathing 
448.728,68.1818,M2_hrv,Metronomic Breathing,Fixed-Rate Breathing 
449.608,63.8298,M2_hrv,Metronomic Breathing,Fixed-Rate Breathing 
450.548,62.7615,M2_hrv,Metronomic Breathing,Fixed-Rate Breathing 
451.504,65.5022,M2_hrv,Metronomic Breathing,Fixed-Rate Breathing 
452.42,68.4931,M2_hrv,Metronomic Breathing,Fixed-Rate Breathing 
453.296,69.1244,M2_hrv,Metronomic Breathing,Fixed-Rate Breathing 
454.164,66.9643,M2_hrv,Metronomic Breathing,Fixed-Rate Breathing 
455.06,65.5022,M2_hrv,Metronomic Breathing,Fixed-Rate Breathing 
455.976,69.4444,M2_hrv,Metronomic Breathing,Fixed-Rate Breathing 
456.84,71.4286,M2_hrv,Metronomic Breathing,Fixed-Rate Breathing 
457.68,70.7547,M2_hrv,Metronomic Breathing,Fixed-Rate Breathing 
458.528,61.9835,M2_hrv,Metronomic Breathing,Fixed-Rate Breathing 
459.496,65.2174,M2_hrv,Metronomic Breathing,Fixed-Rate Breathing 
460.416,69.1244,M2_hrv,Metronomic Breathing,Fixed-Rate Breathing 
461.284,71.09,M2_hrv,Metronomic Breathing,Fixed-Rate Breathing 
462.128,70.4225,M2_hrv,Metronomic Breathing,Fixed-Rate Breathing 
462.98,66.6667,M2_hrv,Metronomic Breathing,Fixed-Rate Breathing 
463.88,66.9643,M2_hrv,Metronomic Breathing,Fixed-Rate Breathing 
464.776,70.7547,M2_hrv,Metronomic Breathing,Fixed-Rate Breathing 
465.624,74.2574,M2_hrv,Metronomic Breathing,Fixed-Rate Breathing 
466.432,74.6269,M2_hrv,Metronomic Breathing,Fixed-Rate Breathing 
467.236,71.09,M2_hrv,Metronomic Breathing,Fixed-Rate Breathing 
468.08,62.5,M2_hrv,Metronomic Breathing,Fixed-Rate Breathing 
469.04,60.9756,M2_hrv,Metronomic Breathing,Fixed-Rate Breathing 
470.024,62.7615,M2_hrv,Metronomic Breathing,Fixed-Rate Breathing 
470.98,64.1026,M2_hrv,Metronomic Breathing,Fixed-Rate Breathing 
471.916,68.1818,M2_hrv,Metronomic Breathing,Fixed-Rate Breathing 
472.796,68.8073,M2_hrv,Metronomic Breathing,Fixed-Rate Breathing 
473.668,63.5593,M2_hrv,Metronomic Breathing,Fixed-Rate Breathing 
474.612,62.5,M2_hrv,Metronomic Breathing,Fixed-Rate Breathing 
475.572,67.2646,M2_hrv,Metronomic Breathing,Fixed-Rate Breathing 
476.464,71.09,M2_hrv,Metronomic Breathing,Fixed-Rate Breathing 
477.308,69.7674,M2_hrv,Metronomic Breathing,Fixed-Rate Breathing 
478.168,70.0935,M2_hrv,Metronomic Breathing,Fixed-Rate Breathing 
479.024,70.0935,M2_hrv,Metronomic Breathing,Fixed-Rate Breathing 
479.88,72.4638,M2_hrv,Metronomic Breathing,Fixed-Rate Breathing 
480.708,71.09,M2_hrv,Metronomic Breathing,Fixed-Rate Breathing 
481.552,61.9835,M2_hrv,Metronomic Breathing,Fixed-Rate Breathing 
482.52,62.5,M2_hrv,Metronomic Breathing,Fixed-Rate Breathing 
483.48,66.6667,M2_hrv,Metronomic Breathing,Fixed-Rate Breathing 
484.38,70.4225,M2_hrv,Metronomic Breathing,Fixed-Rate Breathing 
485.232,68.1818,M2_hrv,Metronomic Breathing,Fixed-Rate Breathing 
486.112,69.4444,M2_hrv,Metronomic Breathing,Fixed-Rate Breathing 
486.976,69.7674,M2_hrv,Metronomic Breathing,Fixed-Rate Breathing 
487.836,71.09,M2_hrv,Metronomic Breathing,Fixed-Rate Breathing 
488.68,73.1707,M2_hrv,Metronomic Breathing,Fixed-Rate Breathing 
489.5,73.1707,M2_hrv,Metronomic Breathing,Fixed-Rate Breathing 
490.32,74.6269,M2_hrv,Metronomic Breathing,Fixed-Rate Breathing 
491.124,76.1421,M2_hrv,Metronomic Breathing,Fixed-Rate Breathing 
491.912,75.7576,M2_hrv,Metronomic Breathing,Fixed-Rate Breathing 
492.704,73.5294,M2_hrv,Metronomic Breathing,Fixed-Rate Breathing 
493.52,68.1818,M2_hrv,Metronomic Breathing,Fixed-Rate Breathing 
494.4,65.2174,M2_hrv,Metronomic Breathing,Fixed-Rate Breathing 
495.32,66.6667,M2_hrv,Metronomic Breathing,Fixed-Rate Breathing 
496.22,69.1244,M2_hrv,Metronomic Breathing,Fixed-Rate Breathing 
497.088,68.8073,M2_hrv,Metronomic Breathing,Fixed-Rate Breathing 
497.96,66.0793,M2_hrv,Metronomic Breathing,Fixed-Rate Breathing 
498.868,62.5,M2_hrv,Metronomic Breathing,Fixed-Rate Breathing 
499.828,63.0252,M2_hrv,Metronomic Breathing,Fixed-Rate Breathing 
500.78,66.6667,M2_hrv,Metronomic Breathing,Fixed-Rate Breathing 
501.68,69.7674,M2_hrv,Metronomic Breathing,Fixed-Rate Breathing 
502.54,73.5294,M2_hrv,Metronomic Breathing,Fixed-Rate Breathing 
503.356,73.5294,M2_hrv,Metronomic Breathing,Fixed-Rate Breathing 
504.172,67.2646,M2_hrv,Metronomic Breathing,Fixed-Rate Breathing 
505.064,66.3717,M2_hrv,Metronomic Breathing,Fixed-Rate Breathing 
505.968,67.5676,M2_hrv,Metronomic Breathing,Fixed-Rate Breathing 
506.856,64.9351,M2_hrv,Metronomic Breathing,Fixed-Rate Breathing 
507.78,61.9835,M2_hrv,Metronomic Breathing,Fixed-Rate Breathing 
508.748,64.3777,M2_hrv,Metronomic Breathing,Fixed-Rate Breathing 
509.68,68.1818,M2_hrv,Metronomic Breathing,Fixed-Rate Breathing 
510.56,68.4931,M2_hrv,Metronomic Breathing,Fixed-Rate Breathing 
511.436,64.9351,M2_hrv,Metronomic Breathing,Fixed-Rate Breathing 
512.36,63.5593,M2_hrv,Metronomic Breathing,Fixed-Rate Breathing 
513.304,66.6667,M2_hrv,Metronomic Breathing,Fixed-Rate Breathing 
514.204,69.1244,M2_hrv,Metronomic Breathing,Fixed-Rate Breathing 
515.072,69.1244,M2_hrv,Metronomic Breathing,Fixed-Rate Breathing 
515.94,63.5593,M2_hrv,Metronomic Breathing,Fixed-Rate Breathing 
516.884,65.5022,M2_hrv,Metronomic Breathing,Fixed-Rate Breathing 
517.8,67.8733,M2_hrv,Metronomic Breathing,Fixed-Rate Breathing 
518.684,69.1244,M2_hrv,Metronomic Breathing,Fixed-Rate Breathing 
519.552,64.3777,M2_hrv,Metronomic Breathing,Fixed-Rate Breathing 
520.484,65.7895,M2_hrv,Metronomic Breathing,Fixed-Rate Breathing 
521.396,68.4931,M2_hrv,Metronomic Breathing,Fixed-Rate Breathing 
522.272,71.7703,M2_hrv,Metronomic Breathing,Fixed-Rate Breathing 
523.108,70.4225,M2_hrv,Metronomic Breathing,Fixed-Rate Breathing 
523.96,66.6667,M2_hrv,Metronomic Breathing,Fixed-Rate Breathing 
524.86,68.1818,M2_hrv,Metronomic Breathing,Fixed-Rate Breathing 
525.74,71.09,M2_hrv,Metronomic Breathing,Fixed-Rate Breathing 
526.584,71.7703,M2_hrv,Metronomic Breathing,Fixed-Rate Breathing 
527.42,68.4931,M2_hrv,Metronomic Breathing,Fixed-Rate Breathing 
528.296,69.1244,M2_hrv,Metronomic Breathing,Fixed-Rate Breathing 
529.164,69.7674,M2_hrv,Metronomic Breathing,Fixed-Rate Breathing 
530.024,71.4286,M2_hrv,Metronomic Breathing,Fixed-Rate Breathing 
530.864,70.0935,M2_hrv,Metronomic Breathing,Fixed-Rate Breathing 
531.72,67.2646,M2_hrv,Metronomic Breathing,Fixed-Rate Breathing 
532.612,67.5676,M2_hrv,Metronomic Breathing,Fixed-Rate Breathing 
533.5,70.0935,M2_hrv,Metronomic Breathing,Fixed-Rate Breathing 
534.356,71.4286,M2_hrv,Metronomic Breathing,Fixed-Rate Breathing 
535.196,71.4286,M2_hrv,Metronomic Breathing,Fixed-Rate Breathing 
536.036,68.4931,M2_hrv,Metronomic Breathing,Fixed-Rate Breathing 
536.912,67.5676,M2_hrv,Metronomic Breathing,Fixed-Rate Breathing 
537.8,70.0935,M2_hrv,Metronomic Breathing,Fixed-Rate Breathing 
538.656,71.4286,M2_hrv,Metronomic Breathing,Fixed-Rate Breathing 
539.496,71.7703,M2_hrv,Metronomic Breathing,Fixed-Rate Breathing 
540.332,69.4444,M2_hrv,Metronomic Breathing,Fixed-Rate Breathing 
541.196,68.4931,M2_hrv,Metronomic Breathing,Fixed-Rate Breathing 
542.072,69.7674,M2_hrv,Metronomic Breathing,Fixed-Rate Breathing 
542.932,70.4225,M2_hrv,Metronomic Breathing,Fixed-Rate Breathing 
543.784,67.5676,M2_hrv,Metronomic Breathing,Fixed-Rate Breathing 
544.672,64.9351,M2_hrv,Metronomic Breathing,Fixed-Rate Breathing 
545.596,67.2646,M2_hrv,Metronomic Breathing,Fixed-Rate Breathing 
546.488,69.7674,M2_hrv,Metronomic Breathing,Fixed-Rate Breathing 
547.348,70.7547,M2_hrv,Metronomic Breathing,Fixed-Rate Breathing 
548.196,67.8733,M2_hrv,Metronomic Breathing,Fixed-Rate Breathing 
549.08,68.1818,M2_hrv,Metronomic Breathing,Fixed-Rate Breathing 
549.96,69.4444,M2_hrv,Metronomic Breathing,Fixed-Rate Breathing 
550.824,70.0935,M2_hrv,Metronomic Breathing,Fixed-Rate Breathing 
551.68,67.5676,M2_hrv,Metronomic Breathing,Fixed-Rate Breathing 
552.568,67.2646,M2_hrv,Metronomic Breathing,Fixed-Rate Breathing 
553.46,69.4444,M2_hrv,Metronomic Breathing,Fixed-Rate Breathing 
554.324,71.4286,M2_hrv,Metronomic Breathing,Fixed-Rate Breathing 
555.164,69.7674,M2_hrv,Metronomic Breathing,Fixed-Rate Breathing 
556.024,64.3777,M2_hrv,Metronomic Breathing,Fixed-Rate Breathing 
556.956,63.0252,M2_hrv,Metronomic Breathing,Fixed-Rate Breathing 
557.908,64.9351,M2_hrv,Metronomic Breathing,Fixed-Rate Breathing 
558.832,67.5676,M2_hrv,Metronomic Breathing,Fixed-Rate Breathing 
559.72,68.4931,M2_hrv,Metronomic Breathing,Fixed-Rate Breathing 
560.596,64.3777,M2_hrv,Metronomic Breathing,Fixed-Rate Breathing 
561.528,64.9351,M2_hrv,Metronomic Breathing,Fixed-Rate Breathing 
562.452,67.2646,M2_hrv,Metronomic Breathing,Fixed-Rate Breathing 
563.344,66.6667,M2_hrv,Metronomic Breathing,Fixed-Rate Breathing 
564.244,66.0793,M2_hrv,Metronomic Breathing,Fixed-Rate Breathing 
565.152,64.9351,M2_hrv,Metronomic Breathing,Fixed-Rate Breathing 
566.076,65.7895,M2_hrv,Metronomic Breathing,Fixed-Rate Breathing 
566.988,67.8733,M2_hrv,Metronomic Breathing,Fixed-Rate Breathing 
567.872,67.5676,M2_hrv,Metronomic Breathing,Fixed-Rate Breathing 
568.76,68.4931,M2_hrv,Metronomic Breathing,Fixed-Rate Breathing 
569.636,66.9643,M2_hrv,Metronomic Breathing,Fixed-Rate Breathing 
570.532,69.1244,M2_hrv,Metronomic Breathing,Fixed-Rate Breathing 
571.4,70.4225,M2_hrv,Metronomic Breathing,Fixed-Rate Breathing 
572.252,69.7674,M2_hrv,Metronomic Breathing,Fixed-Rate Breathing 
573.112,63.5593,M2_hrv,Metronomic Breathing,Fixed-Rate Breathing 
574.056,65.5022,M2_hrv,Metronomic Breathing,Fixed-Rate Breathing 
574.972,68.4931,M2_hrv,Metronomic Breathing,Fixed-Rate Breathing 
575.848,67.8733,M2_hrv,Metronomic Breathing,Fixed-Rate Breathing 
576.732,66.6667,M2_hrv,Metronomic Breathing,Fixed-Rate Breathing 
577.632,65.7895,M2_hrv,Metronomic Breathing,Fixed-Rate Breathing 
578.544,65.7895,M2_hrv,Metronomic Breathing,Fixed-Rate Breathing 
579.456,66.9643,M2_hrv,Metronomic Breathing,Fixed-Rate Breathing 
580.352,66.6667,M2_hrv,Metronomic Breathing,Fixed-Rate Breathing 
581.252,65.2174,M2_hrv,Metronomic Breathing,Fixed-Rate Breathing 
582.172,66.6667,M2_hrv,Metronomic Breathing,Fixed-Rate Breathing 
583.072,69.1244,M2_hrv,Metronomic Breathing,Fixed-Rate Breathing 
583.94,69.7674,M2_hrv,Metronomic Breathing,Fixed-Rate Breathing 
584.8,69.1244,M2_hrv,Metronomic Breathing,Fixed-Rate Breathing 
585.668,66.3717,M2_hrv,Metronomic Breathing,Fixed-Rate Breathing 
586.572,67.5676,M2_hrv,Metronomic Breathing,Fixed-Rate Breathing 
587.46,70.7547,M2_hrv,Metronomic Breathing,Fixed-Rate Breathing 
588.308,70.0935,M2_hrv,Metronomic Breathing,Fixed-Rate Breathing 
589.164,66.6667,M2_hrv,Metronomic Breathing,Fixed-Rate Breathing 
590.064,65.7895,M2_hrv,Metronomic Breathing,Fixed-Rate Breathing 
590.976,69.4444,M2_hrv,Metronomic Breathing,Fixed-Rate Breathing 
591.84,69.7674,M2_hrv,Metronomic Breathing,Fixed-Rate Breathing 
592.7,68.8073,M2_hrv,Metronomic Breathing,Fixed-Rate Breathing 
593.572,68.1818,M2_hrv,Metronomic Breathing,Fixed-Rate Breathing 
594.452,68.4931,M2_hrv,Metronomic Breathing,Fixed-Rate Breathing 
595.328,70.0935,M2_hrv,Metronomic Breathing,Fixed-Rate Breathing 
596.184,68.8073,M2_hrv,Metronomic Breathing,Fixed-Rate Breathing 
597.056,65.2174,M2_hrv,Metronomic Breathing,Fixed-Rate Breathing 
597.976,65.5022,M2_hrv,Metronomic Breathing,Fixed-Rate Breathing 
598.892,65.5022,M2_hrv,Metronomic Breathing,Fixed-Rate Breathing 
