Time,HeartRate,Subject,Group,State
1.492,63.5593,M4_hrv,Metronomic Breathing,Fixed-Rate Breathing 
2.436,62.5,M4_hrv,Metronomic Breathing,Fixed-Rate Breathing 
3.396,58.5937,M4_hrv,Metronomic Breathing,Fixed-Rate Breathing 
4.42,60.9756,M4_hrv,Metronomic Breathing,Fixed-Rate Breathing 
5.404,60.4839,M4_hrv,Metronomic Breathing,Fixed-Rate Breathing 
6.396,60.9756,M4_hrv,Metronomic Breathing,Fixed-Rate Breathing 
7.38,61.7284,M4_hrv,Metronomic Breathing,Fixed-Rate Breathing 
8.352,67.5676,M4_hrv,Metronomic Breathing,Fixed-Rate Breathing 
9.24,74.6269,M4_hrv,Metronomic Breathing,Fixed-Rate Breathing 
10.044,70.4225,M4_hrv,Metronomic Breathing,Fixed-Rate Breathing 
10.896,49.8339,M4_hrv,Metronomic Breathing,Fixed-Rate Breathing 
12.1,54.9451,M4_hrv,Metronomic Breathing,Fixed-Rate Breathing 
13.192,61.4754,M4_hrv,Metronomic Breathing,Fixed-Rate Breathing 
14.168,67.8733,M4_hrv,Metronomic Breathing,Fixed-Rate Breathing 
15.052,71.7703,M4_hrv,Metronomic Breathing,Fixed-Rate Breathing 
15.888,59.0551,M4_hrv,Metronomic Breathing,Fixed-Rate Breathing 
16.904,59.761,M4_hrv,Metronomic Breathing,Fixed-Rate Breathing 
17.908,72.4638,M4_hrv,Metronomic Breathing,Fixed-Rate Breathing 
18.736,72.8155,M4_hrv,Metronomic Breathing,Fixed-Rate Breathing 
19.56,51.3699,M4_hrv,Metronomic Breathing,Fixed-Rate Breathing 
20.728,55.5556,M4_hrv,Metronomic Breathing,Fixed-Rate Breathing 
21.808,59.2885,M4_hrv,Metronomic Breathing,Fixed-Rate Breathing 
22.82,67.2646,M4_hrv,Metronomic Breathing,Fixed-Rate Breathing 
23.712,68.4931,M4_hrv,Metronomic Breathing,Fixed-Rate Breathing 
24.588,55.9701,M4_hrv,Metronomic Breathing,Fixed-Rate Breathing 
25.66,56.1798,M4_hrv,Metronomic Breathing,Fixed-Rate Breathing 
26.728,67.8733,M4_hrv,Metronomic Breathing,Fixed-Rate Breathing 
27.612,55.9701,M4_hrv,Metronomic Breathing,Fixed-Rate Breathing 
28.684,55.7621,M4_hrv,Metronomic Breathing,Fixed-Rate Breathing 
29.76,62.7615,M4_hrv,Metronomic Breathing,Fixed-Rate Breathing 
30.716,68.8073,M4_hrv,Metronomic Breathing,Fixed-Rate Breathing 
31.588,57.2519,M4_hrv,Metronomic Breathing,Fixed-Rate Breathing 
32.636,56.1798,M4_hrv,Metronomic Breathing,Fixed-Rate Breathing 
33.704,64.1026,M4_hrv,Metronomic Breathing,Fixed-Rate Breathing 
34.64,66.0793,M4_hrv,Metronomic Breathing,Fixed-Rate Breathing 
35.548,56.391,M4_hrv,Metronomic Breathing,Fixed-Rate Breathing 
36.612,57.0342,M4_hrv,Metronomic Breathing,Fixed-Rate Breathing 
37.664,61.4754,M4_hrv,Metronomic Breathing,Fixed-Rate Breathing 
38.64,63.5593,M4_hrv,Metronomic Breathing,Fixed-Rate Breathing 
39.584,53.5714,M4_hrv,Metronomic Breathing,Fixed-Rate Breathing 
40.704,55.5556,M4_hrv,Metronomic Breathing,Fixed-Rate Breathing 
41.784,61.4754,M4_hrv,Metronomic Breathing,Fixed-Rate Breathing 
42.76,66.3717,M4_hrv,Metronomic Breathing,Fixed-Rate Breathing 
43.664,52.6316,M4_hrv,Metronomic Breathing,Fixed-Rate Breathing 
44.804,55.5556,M4_hrv,Metronomic Breathing,Fixed-Rate Breathing 
45.884,59.761,M4_hrv,Metronomic Breathing,Fixed-Rate Breathing 
46.888,64.1026,M4_hrv,Metronomic Breathing,Fixed-Rate Breathing 
47.824,57.9151,M4_hrv,Metronomic Breathing,Fixed-Rate Breathing 
48.86,54.7445,M4_hrv,Metronomic Breathing,Fixed-Rate Breathing 
49.956,60.9756,M4_hrv,Metronomic Breathing,Fixed-Rate Breathing 
50.94,64.3777,M4_hrv,Metronomic Breathing,Fixed-Rate Breathing 
51.872,56.8182,M4_hrv,Metronomic Breathing,Fixed-Rate Breathing 
52.928,58.1395,M4_hrv,Metronomic Breathing,Fixed-Rate Breathing 
53.96,62.2407,M4_hrv,Metronomic Breathing,Fixed-Rate Breathing 
54.924,61.4754,M4_hrv,Metronomic Breathing,Fixed-Rate Breathing 
55.9,54.3478,M4_hrv,Metronomic Breathing,Fixed-Rate Breathing 
57.004,55.5556,M4_hrv,Metronomic Breathing,Fixed-Rate Breathing 
58.084,60.7287,M4_hrv,Metronomic Breathing,Fixed-Rate Breathing 
59.072,60.0,M4_hrv,Metronomic Breathing,Fixed-Rate Breathing 
60.072,56.8182,M4_hrv,Metronomic Breathing,Fixed-Rate Breathing 
61.128,57.6923,M4_hrv,Metronomic Breathing,Fixed-Rate Breathing 
62.168,62.2407,M4_hrv,Metronomic Breathing,Fixed-Rate Breathing 
63.132,60.241,M4_hrv,Metronomic Breathing,Fixed-Rate Breathing 
64.128,55.5556,M4_hrv,Metronomic Breathing,Fixed-Rate Breathing 
65.208,60.0,M4_hrv,Metronomic Breathing,Fixed-Rate Breathing 
66.208,61.9835,M4_hrv,Metronomic Breathing,Fixed-Rate Breathing 
67.176,58.8235,M4_hrv,Metronomic Breathing,Fixed-Rate Breathing 
68.196,53.7634,M4_hrv,Metronomic Breathing,Fixed-Rate Breathing 
69.312,57.4713,M4_hrv,Metronomic Breathing,Fixed-Rate Breathing 
70.356,59.0551,M4_hrv,Metronomic Breathing,Fixed-Rate Breathing 
71.372,57.6923,M4_hrv,Metronomic Breathing,Fixed-Rate Breathing 
72.412,60.0,M4_hrv,Metronomic Breathing,Fixed-Rate Breathing 
73.412,63.5593,M4_hrv,Metronomic Breathing,Fixed-Rate Breathing 
74.356,62.7615,M4_hrv,Metronomic Breathing,Fixed-Rate Breathing 
75.312,56.391,M4_hrv,Metronomic Breathing,Fixed-Rate Breathing 
76.376,55.1471,M4_hrv,Metronomic Breathing,Fixed-Rate Breathing 
77.464,56.8182,M4_hrv,Metronomic Breathing,Fixed-Rate Breathing 
78.52,57.0342,M4_hrv,Metronomic Breathing,Fixed-Rate Breathing 
79.572,57.0342,M4_hrv,Metronomic Breathing,Fixed-Rate Breathing 
80.624,56.6038,M4_hrv,Metronomic Breathing,Fixed-Rate Breathing 
81.684,62.5,M4_hrv,Metronomic Breathing,Fixed-Rate Breathing 
82.644,65.2174,M4_hrv,Metronomic Breathing,Fixed-Rate Breathing 
83.564,56.1798,M4_hrv,Metronomic Breathing,Fixed-Rate Breathing 
84.632,55.3506,M4_hrv,Metronomic Breathing,Fixed-Rate Breathing 
85.716,61.9835,M4_hrv,Metronomic Breathing,Fixed-Rate Breathing 
86.684,59.2885,M4_hrv,Metronomic Breathing,Fixed-Rate Breathing 
87.696,54.7445,M4_hrv,Metronomic Breathing,Fixed-Rate Breathing 
88.792,55.1471,M4_hrv,Metronomic Breathing,Fixed-Rate Breathing 
89.88,61.2245,M4_hrv,Metronomic Breathing,Fixed-Rate Breathing 
90.86,58.3658,M4_hrv,Metronomic Breathing,Fixed-Rate Breathing 
91.888,56.8182,M4_hrv,Metronomic Breathing,Fixed-Rate Breathing 
92.944,58.5937,M4_hrv,Metronomic Breathing,Fixed-Rate Breathing 
93.968,60.0,M4_hrv,Metronomic Breathing,Fixed-Rate Breathing 
94.968,60.9756,M4_hrv,Metronomic Breathing,Fixed-Rate Breathing 
95.952,60.9756,M4_hrv,Metronomic Breathing,Fixed-Rate Breathing 
96.936,60.7287,M4_hrv,Metronomic Breathing,Fixed-Rate Breathing 
97.924,60.4839,M4_hrv,Metronomic Breathing,Fixed-Rate Breathing 
98.916,57.0342,M4_hrv,Metronomic Breathing,Fixed-Rate Breathing 
99.968,55.9701,M4_hrv,Metronomic Breathing,Fixed-Rate Breathing 
101.04,57.0342,M4_hrv,Metronomic Breathing,Fixed-Rate Breathing 
102.092,60.241,M4_hrv,Metronomic Breathing,Fixed-Rate Breathing 
103.088,60.4839,M4_hrv,Metronomic Breathing,Fixed-Rate Breathing 
104.08,73.5294,M4_hrv,Metronomic Breathing,Fixed-Rate Breathing 
104.896,75.7576,M4_hrv,Metronomic Breathing,Fixed-Rate Breathing 
105.688,68.4931,M4_hrv,Metronomic Breathing,Fixed-Rate Breathing 
106.564,68.4931,M4_hrv,Metronomic Breathing,Fixed-Rate Breathing 
107.44,71.4286,M4_hrv,Metronomic Breathing,Fixed-Rate Breathing 
108.28,77.7202,M4_hrv,Metronomic Breathing,Fixed-Rate Breathing 
109.052,74.6269,M4_hrv,Metronomic Breathing,Fixed-Rate Breathing 
109.856,73.1707,M4_hrv,Metronomic Breathing,Fixed-Rate Breathing 
110.676,72.4638,M4_hrv,Metronomic Breathing,Fixed-Rate Breathing 
111.504,62.5,M4_hrv,Metronomic Breathing,Fixed-Rate Breathing 
112.464,61.2245,M4_hrv,Metronomic Breathing,Fixed-Rate Breathing 
113.444,63.5593,M4_hrv,Metronomic Breathing,Fixed-Rate Breathing 
114.388,68.4931,M4_hrv,Metronomic Breathing,Fixed-Rate Breathing 
115.264,67.5676,M4_hrv,Metronomic Breathing,Fixed-Rate Breathing 
116.152,59.0551,M4_hrv,Metronomic Breathing,Fixed-Rate Breathing 
117.168,62.5,M4_hrv,Metronomic Breathing,Fixed-Rate Breathing 
118.128,67.5676,M4_hrv,Metronomic Breathing,Fixed-Rate Breathing 
119.016,75.7576,M4_hrv,Metronomic Breathing,Fixed-Rate Breathing 
119.808,75.3769,M4_hrv,Metronomic Breathing,Fixed-Rate Breathing 
120.604,60.241,M4_hrv,Metronomic Breathing,Fixed-Rate Breathing 
121.6,58.1395,M4_hrv,Metronomic Breathing,Fixed-Rate Breathing 
122.632,65.2174,M4_hrv,Metronomic Breathing,Fixed-Rate Breathing 
123.552,67.2646,M4_hrv,Metronomic Breathing,Fixed-Rate Breathing 
124.444,56.1798,M4_hrv,Metronomic Breathing,Fixed-Rate Breathing 
125.512,55.3506,M4_hrv,Metronomic Breathing,Fixed-Rate Breathing 
126.596,61.7284,M4_hrv,Metronomic Breathing,Fixed-Rate Breathing 
127.568,65.7895,M4_hrv,Metronomic Breathing,Fixed-Rate Breathing 
128.48,54.3478,M4_hrv,Metronomic Breathing,Fixed-Rate Breathing 
129.584,55.9701,M4_hrv,Metronomic Breathing,Fixed-Rate Breathing 
130.656,59.761,M4_hrv,Metronomic Breathing,Fixed-Rate Breathing 
131.66,61.9835,M4_hrv,Metronomic Breathing,Fixed-Rate Breathing 
132.628,53.9568,M4_hrv,Metronomic Breathing,Fixed-Rate Breathing 
133.74,53.7634,M4_hrv,Metronomic Breathing,Fixed-Rate Breathing 
134.856,61.9835,M4_hrv,Metronomic Breathing,Fixed-Rate Breathing 
135.824,60.241,M4_hrv,Metronomic Breathing,Fixed-Rate Breathing 
136.82,55.3506,M4_hrv,Metronomic Breathing,Fixed-Rate Breathing 
137.904,56.391,M4_hrv,Metronomic Breathing,Fixed-Rate Breathing 
138.968,62.7615,M4_hrv,Metronomic Breathing,Fixed-Rate Breathing 
139.924,61.4754,M4_hrv,Metronomic Breathing,Fixed-Rate Breathing 
140.9,55.1471,M4_hrv,Metronomic Breathing,Fixed-Rate Breathing 
141.988,57.6923,M4_hrv,Metronomic Breathing,Fixed-Rate Breathing 
143.028,62.5,M4_hrv,Metronomic Breathing,Fixed-Rate Breathing 
143.988,55.1471,M4_hrv,Metronomic Breathing,Fixed-Rate Breathing 
145.076,54.1516,M4_hrv,Metronomic Breathing,Fixed-Rate Breathing 
146.184,58.5937,M4_hrv,Metronomic Breathing,Fixed-Rate Breathing 
147.208,60.241,M4_hrv,Metronomic Breathing,Fixed-Rate Breathing 
148.204,53.9568,M4_hrv,Metronomic Breathing,Fixed-Rate Breathing 
149.316,53.1915,M4_hrv,Metronomic Breathing,Fixed-Rate Breathing 
150.444,61.4754,M4_hrv,Metronomic Breathing,Fixed-Rate Breathing 
151.42,63.0252,M4_hrv,Metronomic Breathing,Fixed-Rate Breathing 
152.372,54.1516,M4_hrv,Metronomic Breathing,Fixed-Rate Breathing 
153.48,52.6316,M4_hrv,Metronomic Breathing,Fixed-Rate Breathing 
154.62,60.9756,M4_hrv,Metronomic Breathing,Fixed-Rate Breathing 
155.604,59.5238,M4_hrv,Metronomic Breathing,Fixed-Rate Breathing 
156.612,51.5464,M4_hrv,Metronomic Breathing,Fixed-Rate Breathing 
157.776,55.9701,M4_hrv,Metronomic Breathing,Fixed-Rate Breathing 
158.848,62.5,M4_hrv,Metronomic Breathing,Fixed-Rate Breathing 
159.808,61.2245,M4_hrv,Metronomic Breathing,Fixed-Rate Breathing 
160.788,54.7445,M4_hrv,Metronomic Breathing,Fixed-Rate Breathing 
161.884,53.7634,M4_hrv,Metronomic Breathing,Fixed-Rate Breathing 
163.0,62.2407,M4_hrv,Metronomic Breathing,Fixed-Rate Breathing 
163.964,59.761,M4_hrv,Metronomic Breathing,Fixed-Rate Breathing 
164.968,53.9568,M4_hrv,Metronomic Breathing,Fixed-Rate Breathing 
166.08,54.9451,M4_hrv,Metronomic Breathing,Fixed-Rate Breathing 
167.172,63.0252,M4_hrv,Metronomic Breathing,Fixed-Rate Breathing 
168.124,60.0,M4_hrv,Metronomic Breathing,Fixed-Rate Breathing 
169.124,53.7634,M4_hrv,Metronomic Breathing,Fixed-Rate Breathing 
170.24,56.8182,M4_hrv,Metronomic Breathing,Fixed-Rate Breathing 
171.296,63.2911,M4_hrv,Metronomic Breathing,Fixed-Rate Breathing 
172.244,58.5937,M4_hrv,Metronomic Breathing,Fixed-Rate Breathing 
173.268,54.3478,M4_hrv,Metronomic Breathing,Fixed-Rate Breathing 
174.372,56.391,M4_hrv,Metronomic Breathing,Fixed-Rate Breathing 
175.436,64.6552,M4_hrv,Metronomic Breathing,Fixed-Rate Breathing 
176.364,69.1244,M4_hrv,Metronomic Breathing,Fixed-Rate Breathing 
177.232,53.5714,M4_hrv,Metronomic Breathing,Fixed-Rate Breathing 
178.352,54.3478,M4_hrv,Metronomic Breathing,Fixed-Rate Breathing 
179.456,62.5,M4_hrv,Metronomic Breathing,Fixed-Rate Breathing 
180.416,57.9151,M4_hrv,Metronomic Breathing,Fixed-Rate Breathing 
181.452,55.1471,M4_hrv,Metronomic Breathing,Fixed-Rate Breathing 
182.54,57.4713,M4_hrv,Metronomic Breathing,Fixed-Rate Breathing 
183.584,62.2407,M4_hrv,Metronomic Breathing,Fixed-Rate Breathing 
184.548,59.0551,M4_hrv,Metronomic Breathing,Fixed-Rate Breathing 
185.564,55.3506,M4_hrv,Metronomic Breathing,Fixed-Rate Breathing 
186.648,59.2885,M4_hrv,Metronomic Breathing,Fixed-Rate Breathing 
187.66,60.7287,M4_hrv,Metronomic Breathing,Fixed-Rate Breathing 
188.648,56.1798,M4_hrv,Metronomic Breathing,Fixed-Rate Breathing 
189.716,54.3478,M4_hrv,Metronomic Breathing,Fixed-Rate Breathing 
190.82,58.3658,M4_hrv,Metronomic Breathing,Fixed-Rate Breathing 
191.848,61.9835,M4_hrv,Metronomic Breathing,Fixed-Rate Breathing 
192.816,56.8182,M4_hrv,Metronomic Breathing,Fixed-Rate Breathing 
193.872,55.1471,M4_hrv,Metronomic Breathing,Fixed-Rate Breathing 
194.96,60.9756,M4_hrv,Metronomic Breathing,Fixed-Rate Breathing 
195.944,61.4754,M4_hrv,Metronomic Breathing,Fixed-Rate Breathing 
196.92,55.9701,M4_hrv,Metronomic Breathing,Fixed-Rate Breathing 
197.992,55.3506,M4_hrv,Metronomic Breathing,Fixed-Rate Breathing 
199.076,60.4839,M4_hrv,Metronomic Breathing,Fixed-Rate Breathing 
200.068,61.7284,M4_hrv,Metronomic Breathing,Fixed-Rate Breathing 
201.04,56.391,M4_hrv,Metronomic Breathing,Fixed-Rate Breathing 
202.104,55.7621,M4_hrv,Metronomic Breathing,Fixed-Rate Breathing 
203.18,60.0,M4_hrv,Metronomic Breathing,Fixed-Rate Breathing 
204.18,59.0551,M4_hrv,Metronomic Breathing,Fixed-Rate Breathing 
205.196,53.0035,M4_hrv,Metronomic Breathing,Fixed-Rate Breathing 
206.328,53.3808,M4_hrv,Metronomic Breathing,Fixed-Rate Breathing 
207.452,58.8235,M4_hrv,Metronomic Breathing,Fixed-Rate Breathing 
208.472,55.9701,M4_hrv,Metronomic Breathing,Fixed-Rate Breathing 
209.544,54.3478,M4_hrv,Metronomic Breathing,Fixed-Rate Breathing 
210.648,55.5556,M4_hrv,Metronomic Breathing,Fixed-Rate Breathing 
211.728,59.0551,M4_hrv,Metronomic Breathing,Fixed-Rate Breathing 
212.744,60.4839,M4_hrv,Metronomic Breathing,Fixed-Rate Breathing 
213.736,53.5714,M4_hrv,Metronomic Breathing,Fixed-Rate Breathing 
214.856,54.5455,M4_hrv,Metronomic Breathing,Fixed-Rate Breathing 
215.956,58.3658,M4_hrv,Metronomic Breathing,Fixed-Rate Breathing 
216.984,59.0551,M4_hrv,Metronomic Breathing,Fixed-Rate Breathing 
218.0,52.2648,M4_hrv,Metronomic Breathing,Fixed-Rate Breathing 
219.148,53.7634,M4_hrv,Metronomic Breathing,Fixed-Rate Breathing 
220.264,59.2885,M4_hrv,Metronomic Breathing,Fixed-Rate Breathing 
221.276,57.6923,M4_hrv,Metronomic Breathing,Fixed-Rate Breathing 
222.316,55.7621,M4_hrv,Metronomic Breathing,Fixed-Rate Breathing 
223.392,58.8235,M4_hrv,Metronomic Breathing,Fixed-Rate Breathing 
224.412,61.9835,M4_hrv,Metronomic Breathing,Fixed-Rate Breathing 
225.38,58.3658,M4_hrv,Metronomic Breathing,Fixed-Rate Breathing 
226.408,53.0035,M4_hrv,Metronomic Breathing,Fixed-Rate Breathing 
227.54,56.6038,M4_hrv,Metronomic Breathing,Fixed-Rate Breathing 
228.6,61.2245,M4_hrv,Metronomic Breathing,Fixed-Rate Breathing 
229.58,58.1395,M4_hrv,Metronomic Breathing,Fixed-Rate Breathing 
230.612,55.3506,M4_hrv,Metronomic Breathing,Fixed-Rate Breathing 
231.696,57.4713,M4_hrv,Metronomic Breathing,Fixed-Rate Breathing 
232.74,59.2885,M4_hrv,Metronomic Breathing,Fixed-Rate Breathing 
233.752,53.9568,M4_hrv,Metronomic Breathing,Fixed-Rate Breathing 
234.864,54.5455,M4_hrv,Metronomic Breathing,Fixed-Rate Breathing 
235.964,58.8235,M4_hrv,Metronomic Breathing,Fixed-Rate Breathing 
236.984,62.7615,M4_hrv,Metronomic Breathing,Fixed-Rate Breathing 
237.94,55.5556,M4_hrv,Metronomic Breathing,Fixed-Rate Breathing 
239.02,54.1516,M4_hrv,Metronomic Breathing,Fixed-Rate Breathing 
240.128,58.8235,M4_hrv,Metronomic Breathing,Fixed-Rate Breathing 
241.148,62.2407,M4_hrv,Metronomic Breathing,Fixed-Rate Breathing 
242.112,56.6038,M4_hrv,Metronomic Breathing,Fixed-Rate Breathing 
243.172,54.1516,M4_hrv,Metronomic Breathing,Fixed-Rate Breathing 
244.28,58.5937,M4_hrv,Metronomic Breathing,Fixed-Rate Breathing 
245.304,60.9756,M4_hrv,Metronomic Breathing,Fixed-Rate Breathing 
246.288,55.1471,M4_hrv,Metronomic Breathing,Fixed-Rate Breathing 
247.376,54.3478,M4_hrv,Metronomic Breathing,Fixed-Rate Breathing 
248.48,59.2885,M4_hrv,Metronomic Breathing,Fixed-Rate Breathing 
249.492,59.761,M4_hrv,Metronomic Breathing,Fixed-Rate Breathing 
250.496,55.5556,M4_hrv,Metronomic Breathing,Fixed-Rate Breathing 
251.576,54.9451,M4_hrv,Metronomic Breathing,Fixed-Rate Breathing 
252.668,59.761,M4_hrv,Metronomic Breathing,Fixed-Rate Breathing 
253.672,60.4839,M4_hrv,Metronomic Breathing,Fixed-Rate Breathing 
254.664,54.3478,M4_hrv,Metronomic Breathing,Fixed-Rate Breathing 
255.768,55.9701,M4_hrv,Metronomic Breathing,Fixed-Rate Breathing 
256.84,60.0,M4_hrv,Metronomic Breathing,Fixed-Rate Breathing 
257.84,60.241,M4_hrv,Metronomic Breathing,Fixed-Rate Breathing 
258.836,55.1471,M4_hrv,Metronomic Breathing,Fixed-Rate Breathing 
259.924,54.1516,M4_hrv,Metronomic Breathing,Fixed-Rate Breathing 
261.032,59.2885,M4_hrv,Metronomic Breathing,Fixed-Rate Breathing 
262.044,56.6038,M4_hrv,Metronomic Breathing,Fixed-Rate Breathing 
263.104,53.5714,M4_hrv,Metronomic Breathing,Fixed-Rate Breathing 
264.224,56.8182,M4_hrv,Metronomic Breathing,Fixed-Rate Breathing 
265.28,61.9835,M4_hrv,Metronomic Breathing,Fixed-Rate Breathing 
266.248,62.5,M4_hrv,Metronomic Breathing,Fixed-Rate Breathing 
267.208,56.6038,M4_hrv,Metronomic Breathing,Fixed-Rate Breathing 
268.268,56.8182,M4_hrv,Metronomic Breathing,Fixed-Rate Breathing 
269.324,60.9756,M4_hrv,Metronomic Breathing,Fixed-Rate Breathing 
270.308,58.1395,M4_hrv,Metronomic Breathing,Fixed-Rate Breathing 
271.34,55.7621,M4_hrv,Metronomic Breathing,Fixed-Rate Breathing 
272.416,58.1395,M4_hrv,Metronomic Breathing,Fixed-Rate Breathing 
273.448,64.3777,M4_hrv,Metronomic Breathing,Fixed-Rate Breathing 
274.38,62.2407,M4_hrv,Metronomic Breathing,Fixed-Rate Breathing 
275.344,57.9151,M4_hrv,Metronomic Breathing,Fixed-Rate Breathing 
276.38,55.9701,M4_hrv,Metronomic Breathing,Fixed-Rate Breathing 
277.452,60.241,M4_hrv,Metronomic Breathing,Fixed-Rate Breathing 
278.448,61.2245,M4_hrv,Metronomic Breathing,Fixed-Rate Breathing 
279.428,58.5937,M4_hrv,Metronomic Breathing,Fixed-Rate Breathing 
280.452,58.3658,M4_hrv,Metronomic Breathing,Fixed-Rate Breathing 
281.48,63.8298,M4_hrv,Metronomic Breathing,Fixed-Rate Breathing 
282.42,61.4754,M4_hrv,Metronomic Breathing,Fixed-Rate Breathing 
283.396,57.6923,M4_hrv,Metronomic Breathing,Fixed-Rate Breathing 
284.436,56.391,M4_hrv,Metronomic Breathing,Fixed-Rate Breathing 
285.5,61.2245,M4_hrv,Metronomic Breathing,Fixed-Rate Breathing 
286.48,62.5,M4_hrv,Metronomic Breathing,Fixed-Rate Breathing 
287.44,53.7634,M4_hrv,Metronomic Breathing,Fixed-Rate Breathing 
288.556,55.7621,M4_hrv,Metronomic Breathing,Fixed-Rate Breathing 
289.632,63.5593,M4_hrv,Metronomic Breathing,Fixed-Rate Breathing 
290.576,56.1798,M4_hrv,Metronomic Breathing,Fixed-Rate Breathing 
291.644,54.9451,M4_hrv,Metronomic Breathing,Fixed-Rate Breathing 
292.736,60.7287,M4_hrv,Metronomic Breathing,Fixed-Rate Breathing 
293.724,66.9643,M4_hrv,Metronomic Breathing,Fixed-Rate Breathing 
294.62,56.8182,M4_hrv,Metronomic Breathing,Fixed-Rate Breathing 
295.676,51.0204,M4_hrv,Metronomic Breathing,Fixed-Rate Breathing 
296.852,58.8235,M4_hrv,Metronomic Breathing,Fixed-Rate Breathing 
297.872,59.761,M4_hrv,Metronomic Breathing,Fixed-Rate Breathing 
298.876,55.1471,M4_hrv,Metronomic Breathing,Fixed-Rate Breathing 
299.964,57.4713,M4_hrv,Metronomic Breathing,Fixed-Rate Breathing 
301.008,61.7284,M4_hrv,Metronomic Breathing,Fixed-Rate Breathing 
301.98,63.5593,M4_hrv,Metronomic Breathing,Fixed-Rate Breathing 
302.924,57.4713,M4_hrv,Metronomic Breathing,Fixed-Rate Breathing 
303.968,55.5556,M4_hrv,Metronomic Breathing,Fixed-Rate Breathing 
305.048,61.9835,M4_hrv,Metronomic Breathing,Fixed-Rate Breathing 
306.016,60.9756,M4_hrv,Metronomic Breathing,Fixed-Rate Breathing 
307.0,55.5556,M4_hrv,Metronomic Breathing,Fixed-Rate Breathing 
308.08,54.3478,M4_hrv,Metronomic Breathing,Fixed-Rate Breathing 
309.184,59.2885,M4_hrv,Metronomic Breathing,Fixed-Rate Breathing 
310.196,63.2911,M4_hrv,Metronomic Breathing,Fixed-Rate Breathing 
311.144,57.2519,M4_hrv,Metronomic Breathing,Fixed-Rate Breathing 
312.192,55.1471,M4_hrv,Metronomic Breathing,Fixed-Rate Breathing 
313.28,59.0551,M4_hrv,Metronomic Breathing,Fixed-Rate Breathing 
314.296,61.4754,M4_hrv,Metronomic Breathing,Fixed-Rate Breathing 
315.272,55.3506,M4_hrv,Metronomic Breathing,Fixed-Rate Breathing 
316.356,55.3506,M4_hrv,Metronomic Breathing,Fixed-Rate Breathing 
317.44,60.4839,M4_hrv,Metronomic Breathing,Fixed-Rate Breathing 
318.432,60.7287,M4_hrv,Metronomic Breathing,Fixed-Rate Breathing 
319.42,55.1471,M4_hrv,Metronomic Breathing,Fixed-Rate Breathing 
320.508,57.4713,M4_hrv,Metronomic Breathing,Fixed-Rate Breathing 
321.552,61.4754,M4_hrv,Metronomic Breathing,Fixed-Rate Breathing 
322.528,61.9835,M4_hrv,Metronomic Breathing,Fixed-Rate Breathing 
323.496,55.3506,M4_hrv,Metronomic Breathing,Fixed-Rate Breathing 
324.58,53.3808,M4_hrv,Metronomic Breathing,Fixed-Rate Breathing 
325.704,61.2245,M4_hrv,Metronomic Breathing,Fixed-Rate Breathing 
326.684,62.5,M4_hrv,Metronomic Breathing,Fixed-Rate Breathing 
327.644,59.0551,M4_hrv,Metronomic Breathing,Fixed-Rate Breathing 
328.66,57.2519,M4_hrv,Metronomic Breathing,Fixed-Rate Breathing 
329.708,56.391,M4_hrv,Metronomic Breathing,Fixed-Rate Breathing 
330.772,62.7615,M4_hrv,Metronomic Breathing,Fixed-Rate Breathing 
331.728,58.5937,M4_hrv,Metronomic Breathing,Fixed-Rate Breathing 
332.752,50.6757,M4_hrv,Metronomic Breathing,Fixed-Rate Breathing 
333.936,59.761,M4_hrv,Metronomic Breathing,Fixed-Rate Breathing 
334.94,62.5,M4_hrv,Metronomic Breathing,Fixed-Rate Breathing 
335.9,61.2245,M4_hrv,Metronomic Breathing,Fixed-Rate Breathing 
336.88,55.9701,M4_hrv,Metronomic Breathing,Fixed-Rate Breathing 
337.952,62.7615,M4_hrv,Metronomic Breathing,Fixed-Rate Breathing 
338.908,68.4931,M4_hrv,Metronomic Breathing,Fixed-Rate Breathing 
339.784,58.3658,M4_hrv,Metronomic Breathing,Fixed-Rate Breathing 
340.812,57.6923,M4_hrv,Metronomic Breathing,Fixed-Rate Breathing 
341.852,59.0551,M4_hrv,Metronomic Breathing,Fixed-Rate Breathing 
342.868,64.1026,M4_hrv,Metronomic Breathing,Fixed-Rate Breathing 
343.804,56.1798,M4_hrv,Metronomic Breathing,Fixed-Rate Breathing 
344.872,57.0342,M4_hrv,Metronomic Breathing,Fixed-Rate Breathing 
345.924,61.9835,M4_hrv,Metronomic Breathing,Fixed-Rate Breathing 
346.892,70.0935,M4_hrv,Metronomic Breathing,Fixed-Rate Breathing 
347.748,68.8073,M4_hrv,Metronomic Breathing,Fixed-Rate Breathing 
348.62,52.6316,M4_hrv,Metronomic Breathing,Fixed-Rate Breathing 
349.76,57.0342,M4_hrv,Metronomic Breathing,Fixed-Rate Breathing 
350.812,69.1244,M4_hrv,Metronomic Breathing,Fixed-Rate Breathing 
351.68,67.8733,M4_hrv,Metronomic Breathing,Fixed-Rate Breathing 
352.564,53.5714,M4_hrv,Metronomic Breathing,Fixed-Rate Breathing 
353.684,56.391,M4_hrv,Metronomic Breathing,Fixed-Rate Breathing 
354.748,62.5,M4_hrv,Metronomic Breathing,Fixed-Rate Breathing 
355.708,57.4713,M4_hrv,Metronomic Breathing,Fixed-Rate Breathing 
356.752,53.9568,M4_hrv,Metronomic Breathing,Fixed-Rate Breathing 
357.864,57.9151,M4_hrv,Metronomic Breathing,Fixed-Rate Breathing 
358.9,73.1707,M4_hrv,Metronomic Breathing,Fixed-Rate Breathing 
359.72,69.7674,M4_hrv,Metronomic Breathing,Fixed-Rate Breathing 
360.58,48.0769,M4_hrv,Metronomic Breathing,Fixed-Rate Breathing 
361.828,55.1471,M4_hrv,Metronomic Breathing,Fixed-Rate Breathing 
362.916,63.5593,M4_hrv,Metronomic Breathing,Fixed-Rate Breathing 
363.86,65.2174,M4_hrv,Metronomic Breathing,Fixed-Rate Breathing 
364.78,50.6757,M4_hrv,Metronomic Breathing,Fixed-Rate Breathing 
365.964,55.3506,M4_hrv,Metronomic Breathing,Fixed-Rate Breathing 
367.048,64.3777,M4_hrv,Metronomic Breathing,Fixed-Rate Breathing 
367.98,63.8298,M4_hrv,Metronomic Breathing,Fixed-Rate Breathing 
368.92,53.9568,M4_hrv,Metronomic Breathing,Fixed-Rate Breathing 
370.032,54.5455,M4_hrv,Metronomic Breathing,Fixed-Rate Breathing 
371.132,61.4754,M4_hrv,Metronomic Breathing,Fixed-Rate Breathing 
372.108,59.5238,M4_hrv,Metronomic Breathing,Fixed-Rate Breathing 
373.116,53.3808,M4_hrv,Metronomic Breathing,Fixed-Rate Breathing 
374.24,57.4713,M4_hrv,Metronomic Breathing,Fixed-Rate Breathing 
375.284,59.5238,M4_hrv,Metronomic Breathing,Fixed-Rate Breathing 
376.292,60.241,M4_hrv,Metronomic Breathing,Fixed-Rate Breathing 
377.288,59.0551,M4_hrv,Metronomic Breathing,Fixed-Rate Breathing 
378.304,60.241,M4_hrv,Metronomic Breathing,Fixed-Rate Breathing 
379.3,63.5593,M4_hrv,Metronomic Breathing,Fixed-Rate Breathing 
380.244,64.9351,M4_hrv,Metronomic Breathing,Fixed-Rate Breathing 
381.168,54.9451,M4_hrv,Metronomic Breathing,Fixed-Rate Breathing 
382.26,53.5714,M4_hrv,Metronomic Breathing,Fixed-Rate Breathing 
383.38,61.4754,M4_hrv,Metronomic Breathing,Fixed-Rate Breathing 
384.356,61.9835,M4_hrv,Metronomic Breathing,Fixed-Rate Breathing 
385.324,53.1915,M4_hrv,Metronomic Breathing,Fixed-Rate Breathing 
386.452,54.7445,M4_hrv,Metronomic Breathing,Fixed-Rate Breathing 
387.548,63.2911,M4_hrv,Metronomic Breathing,Fixed-Rate Breathing 
388.496,66.9643,M4_hrv,Metronomic Breathing,Fixed-Rate Breathing 
389.392,53.7634,M4_hrv,Metronomic Breathing,Fixed-Rate Breathing 
390.508,54.9451,M4_hrv,Metronomic Breathing,Fixed-Rate Breathing 
391.6,63.5593,M4_hrv,Metronomic Breathing,Fixed-Rate Breathing 
392.544,69.4444,M4_hrv,Metronomic Breathing,Fixed-Rate Breathing 
393.408,59.2885,M4_hrv,Metronomic Breathing,Fixed-Rate Breathing 
394.42,51.5464,M4_hrv,Metronomic Breathing,Fixed-Rate Breathing 
395.584,59.0551,M4_hrv,Metronomic Breathing,Fixed-Rate Breathing 
396.6,61.7284,M4_hrv,Metronomic Breathing,Fixed-Rate Breathing 
397.572,57.4713,M4_hrv,Metronomic Breathing,Fixed-Rate Breathing 
398.616,55.9701,M4_hrv,Metronomic Breathing,Fixed-Rate Breathing 
399.688,58.5937,M4_hrv,Metronomic Breathing,Fixed-Rate Breathing 
400.712,60.4839,M4_hrv,Metronomic Breathing,Fixed-Rate Breathing 
401.704,60.9756,M4_hrv,Metronomic Breathing,Fixed-Rate Breathing 
402.688,57.0342,M4_hrv,Metronomic Breathing,Fixed-Rate Breathing 
403.74,58.1395,M4_hrv,Metronomic Breathing,Fixed-Rate Breathing 
404.772,59.0551,M4_hrv,Metronomic Breathing,Fixed-Rate Breathing 
405.788,59.761,M4_hrv,Metronomic Breathing,Fixed-Rate Breathing 
406.792,63.2911,M4_hrv,Metronomic Breathing,Fixed-Rate Breathing 
407.74,67.5676,M4_hrv,Metronomic Breathing,Fixed-Rate Breathing 
408.628,60.241,M4_hrv,Metronomic Breathing,Fixed-Rate Breathing 
409.624,48.8599,M4_hrv,Metronomic Breathing,Fixed-Rate Breathing 
410.852,57.4713,M4_hrv,Metronomic Breathing,Fixed-Rate Breathing 
411.896,62.5,M4_hrv,Metronomic Breathing,Fixed-Rate Breathing 
412.856,53.5714,M4_hrv,Metronomic Breathing,Fixed-Rate Breathing 
413.976,55.1471,M4_hrv,Metronomic Breathing,Fixed-Rate Breathing 
415.064,66.3717,M4_hrv,Metronomic Breathing,Fixed-Rate Breathing 
415.968,72.4638,M4_hrv,Metronomic Breathing,Fixed-Rate Breathing 
416.796,50.1672,M4_hrv,Metronomic Breathing,Fixed-Rate Breathing 
417.992,54.7445,M4_hrv,Metronomic Breathing,Fixed-Rate Breathing 
419.088,63.0252,M4_hrv,Metronomic Breathing,Fixed-Rate Breathing 
420.04,75.7576,M4_hrv,Metronomic Breathing,Fixed-Rate Breathing 
420.832,58.8235,M4_hrv,Metronomic Breathing,Fixed-Rate Breathing 
421.852,50.3356,M4_hrv,Metronomic Breathing,Fixed-Rate Breathing 
423.044,57.6923,M4_hrv,Metronomic Breathing,Fixed-Rate Breathing 
424.084,70.7547,M4_hrv,Metronomic Breathing,Fixed-Rate Breathing 
424.932,65.7895,M4_hrv,Metronomic Breathing,Fixed-Rate Breathing 
425.844,49.6689,M4_hrv,Metronomic Breathing,Fixed-Rate Breathing 
427.052,56.1798,M4_hrv,Metronomic Breathing,Fixed-Rate Breathing 
428.12,62.2407,M4_hrv,Metronomic Breathing,Fixed-Rate Breathing 
429.084,55.9701,M4_hrv,Metronomic Breathing,Fixed-Rate Breathing 
430.156,51.7241,M4_hrv,Metronomic Breathing,Fixed-Rate Breathing 
431.316,53.9568,M4_hrv,Metronomic Breathing,Fixed-Rate Breathing 
432.428,56.8182,M4_hrv,Metronomic Breathing,Fixed-Rate Breathing 
433.484,60.0,M4_hrv,Metronomic Breathing,Fixed-Rate Breathing 
434.484,54.3478,M4_hrv,Metronomic Breathing,Fixed-Rate Breathing 
435.588,54.5455,M4_hrv,Metronomic Breathing,Fixed-Rate Breathing 
436.688,57.6923,M4_hrv,Metronomic Breathing,Fixed-Rate Breathing 
437.728,53.7634,M4_hrv,Metronomic Breathing,Fixed-Rate Breathing 
438.844,53.5714,M4_hrv,Metronomic Breathing,Fixed-Rate Breathing 
439.964,55.3506,M4_hrv,Metronomic Breathing,Fixed-Rate Breathing 
441.048,60.241,M4_hrv,Metronomic Breathing,Fixed-Rate Breathing 
442.044,57.2519,M4_hrv,Metronomic Breathing,Fixed-Rate Breathing 
443.092,54.1516,M4_hrv,Metronomic Breathing,Fixed-Rate Breathing 
444.2,60.241,M4_hrv,Metronomic Breathing,Fixed-Rate Breathing 
445.196,62.7615,M4_hrv,Metronomic Breathing,Fixed-Rate Breathing 
446.152,50.3356,M4_hrv,Metronomic Breathing,Fixed-Rate Breathing 
447.344,51.7241,M4_hrv,Metronomic Breathing,Fixed-Rate Breathing 
448.504,54.3478,M4_hrv,Metronomic Breathing,Fixed-Rate Breathing 
449.608,55.3506,M4_hrv,Metronomic Breathing,Fixed-Rate Breathing 
450.692,59.2885,M4_hrv,Metronomic Breathing,Fixed-Rate Breathing 
451.704,57.2519,M4_hrv,Metronomic Breathing,Fixed-Rate Breathing 
452.752,56.391,M4_hrv,Metronomic Breathing,Fixed-Rate Breathing 
453.816,57.4713,M4_hrv,Metronomic Breathing,Fixed-Rate Breathing 
454.86,55.7621,M4_hrv,Metronomic Breathing,Fixed-Rate Breathing 
455.936,56.1798,M4_hrv,Metronomic Breathing,Fixed-Rate Breathing 
457.004,58.8235,M4_hrv,Metronomic Breathing,Fixed-Rate Breathing 
458.024,55.3506,M4_hrv,Metronomic Breathing,Fixed-Rate Breathing 
459.108,54.5455,M4_hrv,Metronomic Breathing,Fixed-Rate Breathing 
460.208,56.8182,M4_hrv,Metronomic Breathing,Fixed-Rate Breathing 
461.264,61.7284,M4_hrv,Metronomic Breathing,Fixed-Rate Breathing 
462.236,71.4286,M4_hrv,Metronomic Breathing,Fixed-Rate Breathing 
463.076,70.4225,M4_hrv,Metronomic Breathing,Fixed-Rate Breathing 
463.928,51.7241,M4_hrv,Metronomic Breathing,Fixed-Rate Breathing 
465.088,65.2174,M4_hrv,Metronomic Breathing,Fixed-Rate Breathing 
466.008,66.0793,M4_hrv,Metronomic Breathing,Fixed-Rate Breathing 
466.916,54.5455,M4_hrv,Metronomic Breathing,Fixed-Rate Breathing 
468.016,55.3506,M4_hrv,Metronomic Breathing,Fixed-Rate Breathing 
469.1,63.2911,M4_hrv,Metronomic Breathing,Fixed-Rate Breathing 
470.048,62.2407,M4_hrv,Metronomic Breathing,Fixed-Rate Breathing 
471.012,52.4476,M4_hrv,Metronomic Breathing,Fixed-Rate Breathing 
472.156,54.9451,M4_hrv,Metronomic Breathing,Fixed-Rate Breathing 
473.248,64.6552,M4_hrv,Metronomic Breathing,Fixed-Rate Breathing 
474.176,73.1707,M4_hrv,Metronomic Breathing,Fixed-Rate Breathing 
474.996,62.7615,M4_hrv,Metronomic Breathing,Fixed-Rate Breathing 
475.952,53.0035,M4_hrv,Metronomic Breathing,Fixed-Rate Breathing 
477.084,57.4713,M4_hrv,Metronomic Breathing,Fixed-Rate Breathing 
478.128,67.8733,M4_hrv,Metronomic Breathing,Fixed-Rate Breathing 
479.012,64.1026,M4_hrv,Metronomic Breathing,Fixed-Rate Breathing 
479.948,51.5464,M4_hrv,Metronomic Breathing,Fixed-Rate Breathing 
481.112,56.391,M4_hrv,Metronomic Breathing,Fixed-Rate Breathing 
482.176,59.761,M4_hrv,Metronomic Breathing,Fixed-Rate Breathing 
483.18,54.7445,M4_hrv,Metronomic Breathing,Fixed-Rate Breathing 
484.276,54.3478,M4_hrv,Metronomic Breathing,Fixed-Rate Breathing 
485.38,61.2245,M4_hrv,Metronomic Breathing,Fixed-Rate Breathing 
486.36,64.9351,M4_hrv,Metronomic Breathing,Fixed-Rate Breathing 
487.284,52.4476,M4_hrv,Metronomic Breathing,Fixed-Rate Breathing 
488.428,51.9031,M4_hrv,Metronomic Breathing,Fixed-Rate Breathing 
489.584,62.5,M4_hrv,Metronomic Breathing,Fixed-Rate Breathing 
490.544,53.5714,M4_hrv,Metronomic Breathing,Fixed-Rate Breathing 
491.664,53.5714,M4_hrv,Metronomic Breathing,Fixed-Rate Breathing 
492.784,57.6923,M4_hrv,Metronomic Breathing,Fixed-Rate Breathing 
493.824,59.0551,M4_hrv,Metronomic Breathing,Fixed-Rate Breathing 
494.84,53.5714,M4_hrv,Metronomic Breathing,Fixed-Rate Breathing 
495.96,55.7621,M4_hrv,Metronomic Breathing,Fixed-Rate Breathing 
497.036,63.8298,M4_hrv,Metronomic Breathing,Fixed-Rate Breathing 
497.976,62.7615,M4_hrv,Metronomic Breathing,Fixed-Rate Breathing 
498.932,55.1471,M4_hrv,Metronomic Breathing,Fixed-Rate Breathing 
500.02,54.9451,M4_hrv,Metronomic Breathing,Fixed-Rate Breathing 
501.112,60.4839,M4_hrv,Metronomic Breathing,Fixed-Rate Breathing 
502.104,53.7634,M4_hrv,Metronomic Breathing,Fixed-Rate Breathing 
503.22,52.2648,M4_hrv,Metronomic Breathing,Fixed-Rate Breathing 
504.368,54.9451,M4_hrv,Metronomic Breathing,Fixed-Rate Breathing 
505.46,60.4839,M4_hrv,Metronomic Breathing,Fixed-Rate Breathing 
506.452,57.0342,M4_hrv,Metronomic Breathing,Fixed-Rate Breathing 
507.504,52.4476,M4_hrv,Metronomic Breathing,Fixed-Rate Breathing 
508.648,56.8182,M4_hrv,Metronomic Breathing,Fixed-Rate Breathing 
509.704,60.7287,M4_hrv,Metronomic Breathing,Fixed-Rate Breathing 
510.692,55.5556,M4_hrv,Metronomic Breathing,Fixed-Rate Breathing 
511.772,52.8169,M4_hrv,Metronomic Breathing,Fixed-Rate Breathing 
512.908,58.5937,M4_hrv,Metronomic Breathing,Fixed-Rate Breathing 
513.932,60.0,M4_hrv,Metronomic Breathing,Fixed-Rate Breathing 
514.932,55.5556,M4_hrv,Metronomic Breathing,Fixed-Rate Breathing 
516.012,54.1516,M4_hrv,Metronomic Breathing,Fixed-Rate Breathing 
517.12,57.9151,M4_hrv,Metronomic Breathing,Fixed-Rate Breathing 
518.156,60.0,M4_hrv,Metronomic Breathing,Fixed-Rate Breathing 
519.156,54.3478,M4_hrv,Metronomic Breathing,Fixed-Rate Breathing 
520.26,55.1471,M4_hrv,Metronomic Breathing,Fixed-Rate Breathing 
521.348,60.7287,M4_hrv,Metronomic Breathing,Fixed-Rate Breathing 
522.336,64.6552,M4_hrv,Metronomic Breathing,Fixed-Rate Breathing 
523.264,55.3506,M4_hrv,Metronomic Breathing,Fixed-Rate Breathing 
524.348,52.6316,M4_hrv,Metronomic Breathing,Fixed-Rate Breathing 
525.488,59.2885,M4_hrv,Metronomic Breathing,Fixed-Rate Breathing 
526.5,62.5,M4_hrv,Metronomic Breathing,Fixed-Rate Breathing 
527.46,53.9568,M4_hrv,Metronomic Breathing,Fixed-Rate Breathing 
528.572,52.8169,M4_hrv,Metronomic Breathing,Fixed-Rate Breathing 
529.708,59.2885,M4_hrv,Metronomic Breathing,Fixed-Rate Breathing 
530.72,60.0,M4_hrv,Metronomic Breathing,Fixed-Rate Breathing 
531.72,53.1915,M4_hrv,Metronomic Breathing,Fixed-Rate Breathing 
532.848,54.9451,M4_hrv,Metronomic Breathing,Fixed-Rate Breathing 
533.94,55.9701,M4_hrv,Metronomic Breathing,Fixed-Rate Breathing 
535.012,55.9701,M4_hrv,Metronomic Breathing,Fixed-Rate Breathing 
536.084,53.7634,M4_hrv,Metronomic Breathing,Fixed-Rate Breathing 
537.2,55.5556,M4_hrv,Metronomic Breathing,Fixed-Rate Breathing 
538.28,60.241,M4_hrv,Metronomic Breathing,Fixed-Rate Breathing 
539.276,61.2245,M4_hrv,Metronomic Breathing,Fixed-Rate Breathing 
540.256,54.7445,M4_hrv,Metronomic Breathing,Fixed-Rate Breathing 
541.352,54.1516,M4_hrv,Metronomic Breathing,Fixed-Rate Breathing 
542.46,59.2885,M4_hrv,Metronomic Breathing,Fixed-Rate Breathing 
543.472,59.761,M4_hrv,Metronomic Breathing,Fixed-Rate Breathing 
544.476,53.1915,M4_hrv,Metronomic Breathing,Fixed-Rate Breathing 
545.604,53.1915,M4_hrv,Metronomic Breathing,Fixed-Rate Breathing 
546.732,61.2245,M4_hrv,Metronomic Breathing,Fixed-Rate Breathing 
547.712,59.0551,M4_hrv,Metronomic Breathing,Fixed-Rate Breathing 
548.728,54.3478,M4_hrv,Metronomic Breathing,Fixed-Rate Breathing 
549.832,59.5238,M4_hrv,Metronomic Breathing,Fixed-Rate Breathing 
550.84,64.6552,M4_hrv,Metronomic Breathing,Fixed-Rate Breathing 
551.768,56.1798,M4_hrv,Metronomic Breathing,Fixed-Rate Breathing 
552.836,54.3478,M4_hrv,Metronomic Breathing,Fixed-Rate Breathing 
553.94,58.8235,M4_hrv,Metronomic Breathing,Fixed-Rate Breathing 
554.96,61.9835,M4_hrv,Metronomic Breathing,Fixed-Rate Breathing 
555.928,54.5455,M4_hrv,Metronomic Breathing,Fixed-Rate Breathing 
557.028,54.9451,M4_hrv,Metronomic Breathing,Fixed-Rate Breathing 
558.12,60.9756,M4_hrv,Metronomic Breathing,Fixed-Rate Breathing 
559.104,65.5022,M4_hrv,Metronomic Breathing,Fixed-Rate Breathing 
560.02,55.7621,M4_hrv,Metronomic Breathing,Fixed-Rate Breathing 
561.096,54.1516,M4_hrv,Metronomic Breathing,Fixed-Rate Breathing 
562.204,57.0342,M4_hrv,Metronomic Breathing,Fixed-Rate Breathing 
563.256,64.9351,M4_hrv,Metronomic Breathing,Fixed-Rate Breathing 
564.18,57.0342,M4_hrv,Metronomic Breathing,Fixed-Rate Breathing 
565.232,52.6316,M4_hrv,Metronomic Breathing,Fixed-Rate Breathing 
566.372,58.8235,M4_hrv,Metronomic Breathing,Fixed-Rate Breathing 
567.392,65.7895,M4_hrv,Metronomic Breathing,Fixed-Rate Breathing 
568.304,54.9451,M4_hrv,Metronomic Breathing,Fixed-Rate Breathing 
569.396,51.7241,M4_hrv,Metronomic Breathing,Fixed-Rate Breathing 
570.556,59.0551,M4_hrv,Metronomic Breathing,Fixed-Rate Breathing 
571.572,65.2174,M4_hrv,Metronomic Breathing,Fixed-Rate Breathing 
572.492,58.5937,M4_hrv,Metronomic Breathing,Fixed-Rate Breathing 
573.516,56.1798,M4_hrv,Metronomic Breathing,Fixed-Rate Breathing 
574.584,57.2519,M4_hrv,Metronomic Breathing,Fixed-Rate Breathing 
575.632,63.8298,M4_hrv,Metronomic Breathing,Fixed-Rate Breathing 
576.572,61.9835,M4_hrv,Metronomic Breathing,Fixed-Rate Breathing 
577.54,53.5714,M4_hrv,Metronomic Breathing,Fixed-Rate Breathing 
578.66,56.391,M4_hrv,Metronomic Breathing,Fixed-Rate Breathing 
579.724,62.7615,M4_hrv,Metronomic Breathing,Fixed-Rate Breathing 
580.68,64.1026,M4_hrv,Metronomic Breathing,Fixed-Rate Breathing 
581.616,54.9451,M4_hrv,Metronomic Breathing,Fixed-Rate Breathing 
582.708,56.1798,M4_hrv,Metronomic Breathing,Fixed-Rate Breathing 
583.776,64.9351,M4_hrv,Metronomic Breathing,Fixed-Rate Breathing 
584.7,66.3717,M4_hrv,Metronomic Breathing,Fixed-Rate Breathing 
585.604,57.0342,M4_hrv,Metronomic Breathing,Fixed-Rate Breathing 
586.656,57.0342,M4_hrv,Metronomic Breathing,Fixed-Rate Breathing 
587.708,66.9643,M4_hrv,Metronomic Breathing,Fixed-Rate Breathing 
588.604,66.3717,M4_hrv,Metronomic Breathing,Fixed-Rate Breathing 
589.508,54.9451,M4_hrv,Metronomic Breathing,Fixed-Rate Breathing 
590.6,57.0342,M4_hrv,Metronomic Breathing,Fixed-Rate Breathing 
591.652,63.2911,M4_hrv,Metronomic Breathing,Fixed-Rate Breathing 
592.6,59.2885,M4_hrv,Metronomic Breathing,Fixed-Rate Breathing 
593.612,53.7634,M4_hrv,Metronomic Breathing,Fixed-Rate Breathing 
594.728,58.3658,M4_hrv,Metronomic Breathing,Fixed-Rate Breathing 
595.756,60.4839,M4_hrv,Metronomic Breathing,Fixed-Rate Breathing 
596.748,56.391,M4_hrv,Metronomic Breathing,Fixed-Rate Breathing 
597.812,55.7621,M4_hrv,Metronomic Breathing,Fixed-Rate Breathing 
598.888,58.8235,M4_hrv,Metronomic Breathing,Fixed-Rate Breathing 
