Time,RR_Interval,Subject,Group,State
1.968,0.704,M3_rr,Metronomic Breathing,Fixed-Rate Breathing 
2.62,0.652,M3_rr,Metronomic Breathing,Fixed-Rate Breathing 
3.26,0.64,M3_rr,Metronomic Breathing,Fixed-Rate Breathing 
3.904,0.644,M3_rr,Metronomic Breathing,Fixed-Rate Breathing 
4.488,0.584,M3_rr,Metronomic Breathing,Fixed-Rate Breathing 
4.996,0.508,M3_rr,Metronomic Breathing,Fixed-Rate Breathing 
5.472,0.476,M3_rr,Metronomic Breathing,Fixed-Rate Breathing 
5.94,0.468,M3_rr,Metronomic Breathing,Fixed-Rate Breathing 
6.432,0.492,M3_rr,Metronomic Breathing,Fixed-Rate Breathing 
6.996,0.564,M3_rr,Metronomic Breathing,Fixed-Rate Breathing 
7.6,0.604,M3_rr,Metronomic Breathing,Fixed-Rate Breathing 
8.256,0.656,M3_rr,Metronomic Breathing,Fixed-Rate Breathing 
8.916,0.66,M3_rr,Metronomic Breathing,Fixed-Rate Breathing 
9.476,0.56,M3_rr,Metronomic Breathing,Fixed-Rate Breathing 
9.964,0.488,M3_rr,Metronomic Breathing,Fixed-Rate Breathing 
10.488,0.524,M3_rr,Metronomic Breathing,Fixed-Rate Breathing 
11.04,0.552,M3_rr,Metronomic Breathing,Fixed-Rate Breathing 
11.568,0.528,M3_rr,Metronomic Breathing,Fixed-Rate Breathing 
12.088,0.52,M3_rr,Metronomic Breathing,Fixed-Rate Breathing 
12.608,0.52,M3_rr,Metronomic Breathing,Fixed-Rate Breathing 
13.188,0.58,M3_rr,Metronomic Breathing,Fixed-Rate Breathing 
13.9,0.712,M3_rr,Metronomic Breathing,Fixed-Rate Breathing 
14.564,0.664,M3_rr,Metronomic Breathing,Fixed-Rate Breathing 
15.24,0.676,M3_rr,Metronomic Breathing,Fixed-Rate Breathing 
15.884,0.644,M3_rr,Metronomic Breathing,Fixed-Rate Breathing 
16.5,0.616,M3_rr,Metronomic Breathing,Fixed-Rate Breathing 
17.136,0.636,M3_rr,Metronomic Breathing,Fixed-Rate Breathing 
17.78,0.644,M3_rr,Metronomic Breathing,Fixed-Rate Breathing 
18.42,0.64,M3_rr,Metronomic Breathing,Fixed-Rate Breathing 
19.04,0.62,M3_rr,Metronomic Breathing,Fixed-Rate Breathing 
19.716,0.676,M3_rr,Metronomic Breathing,Fixed-Rate Breathing 
20.376,0.66,M3_rr,Metronomic Breathing,Fixed-Rate Breathing 
21.028,0.652,M3_rr,Metronomic Breathing,Fixed-Rate Breathing 
21.764,0.736,M3_rr,Metronomic Breathing,Fixed-Rate Breathing 
22.44,0.676,M3_rr,Metronomic Breathing,Fixed-Rate Breathing 
23.072,0.632,M3_rr,Metronomic Breathing,Fixed-Rate Breathing 
23.772,0.7,M3_rr,Metronomic Breathing,Fixed-Rate Breathing 
24.44,0.668,M3_rr,Metronomic Breathing,Fixed-Rate Breathing 
25.036,0.596,M3_rr,Metronomic Breathing,Fixed-Rate Breathing 
25.752,0.716,M3_rr,Metronomic Breathing,Fixed-Rate Breathing 
26.468,0.716,M3_rr,Metronomic Breathing,Fixed-Rate Breathing 
27.152,0.684,M3_rr,Metronomic Breathing,Fixed-Rate Breathing 
27.876,0.724,M3_rr,Metronomic Breathing,Fixed-Rate Breathing 
28.58,0.704,M3_rr,Metronomic Breathing,Fixed-Rate Breathing 
29.24,0.66,M3_rr,Metronomic Breathing,Fixed-Rate Breathing 
30.008,0.768,M3_rr,Metronomic Breathing,Fixed-Rate Breathing 
30.76,0.752,M3_rr,Metronomic Breathing,Fixed-Rate Breathing 
31.404,0.644,M3_rr,Metronomic Breathing,Fixed-Rate Breathing 
32.056,0.652,M3_rr,Metronomic Breathing,Fixed-Rate Breathing 
32.812,0.756,M3_rr,Metronomic Breathing,Fixed-Rate Breathing 
33.496,0.684,M3_rr,Metronomic Breathing,Fixed-Rate Breathing 
34.196,0.7,M3_rr,Metronomic Breathing,Fixed-Rate Breathing 
34.936,0.74,M3_rr,Metronomic Breathing,Fixed-Rate Breathing 
35.608,0.672,M3_rr,Metronomic Breathing,Fixed-Rate Breathing 
36.292,0.684,M3_rr,Metronomic Breathing,Fixed-Rate Breathing 
36.968,0.676,M3_rr,Metronomic Breathing,Fixed-Rate Breathing 
37.592,0.624,M3_rr,Metronomic Breathing,Fixed-Rate Breathing 
38.26,0.668,M3_rr,Metronomic Breathing,Fixed-Rate Breathing 
38.944,0.684,M3_rr,Metronomic Breathing,Fixed-Rate Breathing 
39.592,0.648,M3_rr,Metronomic Breathing,Fixed-Rate Breathing 
40.292,0.7,M3_rr,Metronomic Breathing,Fixed-Rate Breathing 
41.004,0.712,M3_rr,Metronomic Breathing,Fixed-Rate Breathing 
41.664,0.66,M3_rr,Metronomic Breathing,Fixed-Rate Breathing 
42.34,0.676,M3_rr,Metronomic Breathing,Fixed-Rate Breathing 
43.028,0.688,M3_rr,Metronomic Breathing,Fixed-Rate Breathing 
43.66,0.632,M3_rr,Metronomic Breathing,Fixed-Rate Breathing 
44.28,0.62,M3_rr,Metronomic Breathing,Fixed-Rate Breathing 
44.972,0.692,M3_rr,Metronomic Breathing,Fixed-Rate Breathing 
45.604,0.632,M3_rr,Metronomic Breathing,Fixed-Rate Breathing 
46.18,0.576,M3_rr,Metronomic Breathing,Fixed-Rate Breathing 
46.788,0.608,M3_rr,Metronomic Breathing,Fixed-Rate Breathing 
47.44,0.652,M3_rr,Metronomic Breathing,Fixed-Rate Breathing 
48.04,0.6,M3_rr,Metronomic Breathing,Fixed-Rate Breathing 
48.648,0.608,M3_rr,Metronomic Breathing,Fixed-Rate Breathing 
49.34,0.692,M3_rr,Metronomic Breathing,Fixed-Rate Breathing 
49.956,0.616,M3_rr,Metronomic Breathing,Fixed-Rate Breathing 
50.556,0.6,M3_rr,Metronomic Breathing,Fixed-Rate Breathing 
51.24,0.684,M3_rr,Metronomic Breathing,Fixed-Rate Breathing 
51.876,0.636,M3_rr,Metronomic Breathing,Fixed-Rate Breathing 
52.504,0.628,M3_rr,Metronomic Breathing,Fixed-Rate Breathing 
53.188,0.684,M3_rr,Metronomic Breathing,Fixed-Rate Breathing 
53.84,0.652,M3_rr,Metronomic Breathing,Fixed-Rate Breathing 
54.424,0.584,M3_rr,Metronomic Breathing,Fixed-Rate Breathing 
55.076,0.652,M3_rr,Metronomic Breathing,Fixed-Rate Breathing 
55.74,0.664,M3_rr,Metronomic Breathing,Fixed-Rate Breathing 
56.388,0.648,M3_rr,Metronomic Breathing,Fixed-Rate Breathing 
57.036,0.648,M3_rr,Metronomic Breathing,Fixed-Rate Breathing 
57.732,0.696,M3_rr,Metronomic Breathing,Fixed-Rate Breathing 
58.356,0.624,M3_rr,Metronomic Breathing,Fixed-Rate Breathing 
59.012,0.656,M3_rr,Metronomic Breathing,Fixed-Rate Breathing 
59.728,0.716,M3_rr,Metronomic Breathing,Fixed-Rate Breathing 
60.38,0.652,M3_rr,Metronomic Breathing,Fixed-Rate Breathing 
60.988,0.608,M3_rr,Metronomic Breathing,Fixed-Rate Breathing 
61.648,0.66,M3_rr,Metronomic Breathing,Fixed-Rate Breathing 
62.272,0.624,M3_rr,Metronomic Breathing,Fixed-Rate Breathing 
62.924,0.652,M3_rr,Metronomic Breathing,Fixed-Rate Breathing 
63.608,0.684,M3_rr,Metronomic Breathing,Fixed-Rate Breathing 
64.268,0.66,M3_rr,Metronomic Breathing,Fixed-Rate Breathing 
64.86,0.592,M3_rr,Metronomic Breathing,Fixed-Rate Breathing 
65.496,0.636,M3_rr,Metronomic Breathing,Fixed-Rate Breathing 
66.164,0.668,M3_rr,Metronomic Breathing,Fixed-Rate Breathing 
66.764,0.6,M3_rr,Metronomic Breathing,Fixed-Rate Breathing 
67.356,0.592,M3_rr,Metronomic Breathing,Fixed-Rate Breathing 
68.048,0.692,M3_rr,Metronomic Breathing,Fixed-Rate Breathing 
68.684,0.636,M3_rr,Metronomic Breathing,Fixed-Rate Breathing 
69.296,0.612,M3_rr,Metronomic Breathing,Fixed-Rate Breathing 
69.964,0.668,M3_rr,Metronomic Breathing,Fixed-Rate Breathing 
70.624,0.66,M3_rr,Metronomic Breathing,Fixed-Rate Breathing 
71.208,0.584,M3_rr,Metronomic Breathing,Fixed-Rate Breathing 
71.816,0.608,M3_rr,Metronomic Breathing,Fixed-Rate Breathing 
72.48,0.664,M3_rr,Metronomic Breathing,Fixed-Rate Breathing 
73.08,0.6,M3_rr,Metronomic Breathing,Fixed-Rate Breathing 
73.7,0.62,M3_rr,Metronomic Breathing,Fixed-Rate Breathing 
74.348,0.648,M3_rr,Metronomic Breathing,Fixed-Rate Breathing 
74.976,0.628,M3_rr,Metronomic Breathing,Fixed-Rate Breathing 
75.576,0.6,M3_rr,Metronomic Breathing,Fixed-Rate Breathing 
76.232,0.656,M3_rr,Metronomic Breathing,Fixed-Rate Breathing 
76.872,0.64,M3_rr,Metronomic Breathing,Fixed-Rate Breathing 
77.488,0.616,M3_rr,Metronomic Breathing,Fixed-Rate Breathing 
78.14,0.652,M3_rr,Metronomic Breathing,Fixed-Rate Breathing 
78.784,0.644,M3_rr,Metronomic Breathing,Fixed-Rate Breathing 
79.396,0.612,M3_rr,Metronomic Breathing,Fixed-Rate Breathing 
79.992,0.596,M3_rr,Metronomic Breathing,Fixed-Rate Breathing 
80.636,0.644,M3_rr,Metronomic Breathing,Fixed-Rate Breathing 
81.244,0.608,M3_rr,Metronomic Breathing,Fixed-Rate Breathing 
81.832,0.588,M3_rr,Metronomic Breathing,Fixed-Rate Breathing 
82.496,0.664,M3_rr,Metronomic Breathing,Fixed-Rate Breathing 
83.14,0.644,M3_rr,Metronomic Breathing,Fixed-Rate Breathing 
83.748,0.608,M3_rr,Metronomic Breathing,Fixed-Rate Breathing 
84.328,0.58,M3_rr,Metronomic Breathing,Fixed-Rate Breathing 
85.008,0.68,M3_rr,Metronomic Breathing,Fixed-Rate Breathing 
85.66,0.652,M3_rr,Metronomic Breathing,Fixed-Rate Breathing 
86.276,0.616,M3_rr,Metronomic Breathing,Fixed-Rate Breathing 
86.908,0.632,M3_rr,Metronomic Breathing,Fixed-Rate Breathing 
87.52,0.612,M3_rr,Metronomic Breathing,Fixed-Rate Breathing 
88.096,0.576,M3_rr,Metronomic Breathing,Fixed-Rate Breathing 
88.752,0.656,M3_rr,Metronomic Breathing,Fixed-Rate Breathing 
89.376,0.624,M3_rr,Metronomic Breathing,Fixed-Rate Breathing 
89.972,0.596,M3_rr,Metronomic Breathing,Fixed-Rate Breathing 
90.616,0.644,M3_rr,Metronomic Breathing,Fixed-Rate Breathing 
91.26,0.644,M3_rr,Metronomic Breathing,Fixed-Rate Breathing 
91.896,0.636,M3_rr,Metronomic Breathing,Fixed-Rate Breathing 
92.468,0.572,M3_rr,Metronomic Breathing,Fixed-Rate Breathing 
93.036,0.568,M3_rr,Metronomic Breathing,Fixed-Rate Breathing 
93.588,0.552,M3_rr,Metronomic Breathing,Fixed-Rate Breathing 
94.108,0.52,M3_rr,Metronomic Breathing,Fixed-Rate Breathing 
94.6,0.492,M3_rr,Metronomic Breathing,Fixed-Rate Breathing 
95.092,0.492,M3_rr,Metronomic Breathing,Fixed-Rate Breathing 
95.612,0.52,M3_rr,Metronomic Breathing,Fixed-Rate Breathing 
96.132,0.52,M3_rr,Metronomic Breathing,Fixed-Rate Breathing 
96.684,0.552,M3_rr,Metronomic Breathing,Fixed-Rate Breathing 
97.26,0.576,M3_rr,Metronomic Breathing,Fixed-Rate Breathing 
97.816,0.556,M3_rr,Metronomic Breathing,Fixed-Rate Breathing 
98.336,0.52,M3_rr,Metronomic Breathing,Fixed-Rate Breathing 
98.88,0.544,M3_rr,Metronomic Breathing,Fixed-Rate Breathing 
99.476,0.596,M3_rr,Metronomic Breathing,Fixed-Rate Breathing 
100.024,0.548,M3_rr,Metronomic Breathing,Fixed-Rate Breathing 
100.536,0.512,M3_rr,Metronomic Breathing,Fixed-Rate Breathing 
101.08,0.544,M3_rr,Metronomic Breathing,Fixed-Rate Breathing 
101.62,0.54,M3_rr,Metronomic Breathing,Fixed-Rate Breathing 
102.18,0.56,M3_rr,Metronomic Breathing,Fixed-Rate Breathing 
102.704,0.524,M3_rr,Metronomic Breathing,Fixed-Rate Breathing 
103.22,0.516,M3_rr,Metronomic Breathing,Fixed-Rate Breathing 
103.756,0.536,M3_rr,Metronomic Breathing,Fixed-Rate Breathing 
104.252,0.496,M3_rr,Metronomic Breathing,Fixed-Rate Breathing 
104.74,0.488,M3_rr,Metronomic Breathing,Fixed-Rate Breathing 
105.232,0.492,M3_rr,Metronomic Breathing,Fixed-Rate Breathing 
105.76,0.528,M3_rr,Metronomic Breathing,Fixed-Rate Breathing 
106.268,0.508,M3_rr,Metronomic Breathing,Fixed-Rate Breathing 
106.792,0.524,M3_rr,Metronomic Breathing,Fixed-Rate Breathing 
107.368,0.576,M3_rr,Metronomic Breathing,Fixed-Rate Breathing 
107.964,0.596,M3_rr,Metronomic Breathing,Fixed-Rate Breathing 
108.532,0.568,M3_rr,Metronomic Breathing,Fixed-Rate Breathing 
109.096,0.564,M3_rr,Metronomic Breathing,Fixed-Rate Breathing 
109.688,0.592,M3_rr,Metronomic Breathing,Fixed-Rate Breathing 
110.26,0.572,M3_rr,Metronomic Breathing,Fixed-Rate Breathing 
110.8,0.54,M3_rr,Metronomic Breathing,Fixed-Rate Breathing 
111.328,0.528,M3_rr,Metronomic Breathing,Fixed-Rate Breathing 
111.904,0.576,M3_rr,Metronomic Breathing,Fixed-Rate Breathing 
112.472,0.568,M3_rr,Metronomic Breathing,Fixed-Rate Breathing 
113.028,0.556,M3_rr,Metronomic Breathing,Fixed-Rate Breathing 
113.56,0.532,M3_rr,Metronomic Breathing,Fixed-Rate Breathing 
114.152,0.592,M3_rr,Metronomic Breathing,Fixed-Rate Breathing 
114.716,0.564,M3_rr,Metronomic Breathing,Fixed-Rate Breathing 
115.24,0.524,M3_rr,Metronomic Breathing,Fixed-Rate Breathing 
115.776,0.536,M3_rr,Metronomic Breathing,Fixed-Rate Breathing 
116.324,0.548,M3_rr,Metronomic Breathing,Fixed-Rate Breathing 
116.836,0.512,M3_rr,Metronomic Breathing,Fixed-Rate Breathing 
117.356,0.52,M3_rr,Metronomic Breathing,Fixed-Rate Breathing 
117.92,0.564,M3_rr,Metronomic Breathing,Fixed-Rate Breathing 
118.508,0.588,M3_rr,Metronomic Breathing,Fixed-Rate Breathing 
119.072,0.564,M3_rr,Metronomic Breathing,Fixed-Rate Breathing 
119.612,0.54,M3_rr,Metronomic Breathing,Fixed-Rate Breathing 
120.188,0.576,M3_rr,Metronomic Breathing,Fixed-Rate Breathing 
120.744,0.556,M3_rr,Metronomic Breathing,Fixed-Rate Breathing 
121.284,0.54,M3_rr,Metronomic Breathing,Fixed-Rate Breathing 
121.844,0.56,M3_rr,Metronomic Breathing,Fixed-Rate Breathing 
122.404,0.56,M3_rr,Metronomic Breathing,Fixed-Rate Breathing 
122.924,0.52,M3_rr,Metronomic Breathing,Fixed-Rate Breathing 
123.432,0.508,M3_rr,Metronomic Breathing,Fixed-Rate Breathing 
123.968,0.536,M3_rr,Metronomic Breathing,Fixed-Rate Breathing 
124.512,0.544,M3_rr,Metronomic Breathing,Fixed-Rate Breathing 
125.04,0.528,M3_rr,Metronomic Breathing,Fixed-Rate Breathing 
125.54,0.5,M3_rr,Metronomic Breathing,Fixed-Rate Breathing 
126.04,0.5,M3_rr,Metronomic Breathing,Fixed-Rate Breathing 
126.588,0.548,M3_rr,Metronomic Breathing,Fixed-Rate Breathing 
127.112,0.524,M3_rr,Metronomic Breathing,Fixed-Rate Breathing 
127.6,0.488,M3_rr,Metronomic Breathing,Fixed-Rate Breathing 
128.104,0.504,M3_rr,Metronomic Breathing,Fixed-Rate Breathing 
128.624,0.52,M3_rr,Metronomic Breathing,Fixed-Rate Breathing 
129.136,0.512,M3_rr,Metronomic Breathing,Fixed-Rate Breathing 
129.624,0.488,M3_rr,Metronomic Breathing,Fixed-Rate Breathing 
130.108,0.484,M3_rr,Metronomic Breathing,Fixed-Rate Breathing 
130.632,0.524,M3_rr,Metronomic Breathing,Fixed-Rate Breathing 
131.168,0.536,M3_rr,Metronomic Breathing,Fixed-Rate Breathing 
131.688,0.52,M3_rr,Metronomic Breathing,Fixed-Rate Breathing 
132.192,0.504,M3_rr,Metronomic Breathing,Fixed-Rate Breathing 
132.716,0.524,M3_rr,Metronomic Breathing,Fixed-Rate Breathing 
133.256,0.54,M3_rr,Metronomic Breathing,Fixed-Rate Breathing 
133.756,0.5,M3_rr,Metronomic Breathing,Fixed-Rate Breathing 
134.272,0.516,M3_rr,Metronomic Breathing,Fixed-Rate Breathing 
134.824,0.552,M3_rr,Metronomic Breathing,Fixed-Rate Breathing 
135.368,0.544,M3_rr,Metronomic Breathing,Fixed-Rate Breathing 
135.872,0.504,M3_rr,Metronomic Breathing,Fixed-Rate Breathing 
136.36,0.488,M3_rr,Metronomic Breathing,Fixed-Rate Breathing 
136.872,0.512,M3_rr,Metronomic Breathing,Fixed-Rate Breathing 
137.424,0.552,M3_rr,Metronomic Breathing,Fixed-Rate Breathing 
137.948,0.524,M3_rr,Metronomic Breathing,Fixed-Rate Breathing 
138.46,0.512,M3_rr,Metronomic Breathing,Fixed-Rate Breathing 
138.996,0.536,M3_rr,Metronomic Breathing,Fixed-Rate Breathing 
139.536,0.54,M3_rr,Metronomic Breathing,Fixed-Rate Breathing 
140.06,0.524,M3_rr,Metronomic Breathing,Fixed-Rate Breathing 
140.564,0.504,M3_rr,Metronomic Breathing,Fixed-Rate Breathing 
141.068,0.504,M3_rr,Metronomic Breathing,Fixed-Rate Breathing 
141.608,0.54,M3_rr,Metronomic Breathing,Fixed-Rate Breathing 
142.124,0.516,M3_rr,Metronomic Breathing,Fixed-Rate Breathing 
142.64,0.516,M3_rr,Metronomic Breathing,Fixed-Rate Breathing 
143.196,0.556,M3_rr,Metronomic Breathing,Fixed-Rate Breathing 
143.74,0.544,M3_rr,Metronomic Breathing,Fixed-Rate Breathing 
144.244,0.504,M3_rr,Metronomic Breathing,Fixed-Rate Breathing 
144.732,0.488,M3_rr,Metronomic Breathing,Fixed-Rate Breathing 
145.244,0.512,M3_rr,Metronomic Breathing,Fixed-Rate Breathing 
145.716,0.472,M3_rr,Metronomic Breathing,Fixed-Rate Breathing 
146.156,0.44,M3_rr,Metronomic Breathing,Fixed-Rate Breathing 
146.608,0.452,M3_rr,Metronomic Breathing,Fixed-Rate Breathing 
147.1,0.492,M3_rr,Metronomic Breathing,Fixed-Rate Breathing 
147.68,0.58,M3_rr,Metronomic Breathing,Fixed-Rate Breathing 
148.236,0.556,M3_rr,Metronomic Breathing,Fixed-Rate Breathing 
148.784,0.548,M3_rr,Metronomic Breathing,Fixed-Rate Breathing 
149.384,0.6,M3_rr,Metronomic Breathing,Fixed-Rate Breathing 
149.984,0.6,M3_rr,Metronomic Breathing,Fixed-Rate Breathing 
150.544,0.56,M3_rr,Metronomic Breathing,Fixed-Rate Breathing 
151.084,0.54,M3_rr,Metronomic Breathing,Fixed-Rate Breathing 
151.664,0.58,M3_rr,Metronomic Breathing,Fixed-Rate Breathing 
152.268,0.604,M3_rr,Metronomic Breathing,Fixed-Rate Breathing 
152.796,0.528,M3_rr,Metronomic Breathing,Fixed-Rate Breathing 
153.312,0.516,M3_rr,Metronomic Breathing,Fixed-Rate Breathing 
153.904,0.592,M3_rr,Metronomic Breathing,Fixed-Rate Breathing 
154.492,0.588,M3_rr,Metronomic Breathing,Fixed-Rate Breathing 
155.048,0.556,M3_rr,Metronomic Breathing,Fixed-Rate Breathing 
155.636,0.588,M3_rr,Metronomic Breathing,Fixed-Rate Breathing 
156.252,0.616,M3_rr,Metronomic Breathing,Fixed-Rate Breathing 
156.824,0.572,M3_rr,Metronomic Breathing,Fixed-Rate Breathing 
157.396,0.572,M3_rr,Metronomic Breathing,Fixed-Rate Breathing 
157.996,0.6,M3_rr,Metronomic Breathing,Fixed-Rate Breathing 
158.624,0.628,M3_rr,Metronomic Breathing,Fixed-Rate Breathing 
159.24,0.616,M3_rr,Metronomic Breathing,Fixed-Rate Breathing 
159.864,0.624,M3_rr,Metronomic Breathing,Fixed-Rate Breathing 
160.5,0.636,M3_rr,Metronomic Breathing,Fixed-Rate Breathing 
161.124,0.624,M3_rr,Metronomic Breathing,Fixed-Rate Breathing 
161.728,0.604,M3_rr,Metronomic Breathing,Fixed-Rate Breathing 
162.368,0.64,M3_rr,Metronomic Breathing,Fixed-Rate Breathing 
163.016,0.648,M3_rr,Metronomic Breathing,Fixed-Rate Breathing 
163.6,0.584,M3_rr,Metronomic Breathing,Fixed-Rate Breathing 
164.172,0.572,M3_rr,Metronomic Breathing,Fixed-Rate Breathing 
164.8,0.628,M3_rr,Metronomic Breathing,Fixed-Rate Breathing 
165.404,0.604,M3_rr,Metronomic Breathing,Fixed-Rate Breathing 
165.984,0.58,M3_rr,Metronomic Breathing,Fixed-Rate Breathing 
166.592,0.608,M3_rr,Metronomic Breathing,Fixed-Rate Breathing 
167.216,0.624,M3_rr,Metronomic Breathing,Fixed-Rate Breathing 
167.776,0.56,M3_rr,Metronomic Breathing,Fixed-Rate Breathing 
168.348,0.572,M3_rr,Metronomic Breathing,Fixed-Rate Breathing 
168.972,0.624,M3_rr,Metronomic Breathing,Fixed-Rate Breathing 
169.568,0.596,M3_rr,Metronomic Breathing,Fixed-Rate Breathing 
170.172,0.604,M3_rr,Metronomic Breathing,Fixed-Rate Breathing 
170.8,0.628,M3_rr,Metronomic Breathing,Fixed-Rate Breathing 
171.416,0.616,M3_rr,Metronomic Breathing,Fixed-Rate Breathing 
171.968,0.552,M3_rr,Metronomic Breathing,Fixed-Rate Breathing 
172.524,0.556,M3_rr,Metronomic Breathing,Fixed-Rate Breathing 
173.176,0.652,M3_rr,Metronomic Breathing,Fixed-Rate Breathing 
173.752,0.576,M3_rr,Metronomic Breathing,Fixed-Rate Breathing 
174.292,0.54,M3_rr,Metronomic Breathing,Fixed-Rate Breathing 
174.92,0.628,M3_rr,Metronomic Breathing,Fixed-Rate Breathing 
175.56,0.64,M3_rr,Metronomic Breathing,Fixed-Rate Breathing 
176.136,0.576,M3_rr,Metronomic Breathing,Fixed-Rate Breathing 
176.68,0.544,M3_rr,Metronomic Breathing,Fixed-Rate Breathing 
177.284,0.604,M3_rr,Metronomic Breathing,Fixed-Rate Breathing 
177.924,0.64,M3_rr,Metronomic Breathing,Fixed-Rate Breathing 
178.536,0.612,M3_rr,Metronomic Breathing,Fixed-Rate Breathing 
179.172,0.636,M3_rr,Metronomic Breathing,Fixed-Rate Breathing 
179.756,0.584,M3_rr,Metronomic Breathing,Fixed-Rate Breathing 
180.344,0.588,M3_rr,Metronomic Breathing,Fixed-Rate Breathing 
180.956,0.612,M3_rr,Metronomic Breathing,Fixed-Rate Breathing 
181.58,0.624,M3_rr,Metronomic Breathing,Fixed-Rate Breathing 
182.176,0.596,M3_rr,Metronomic Breathing,Fixed-Rate Breathing 
182.728,0.552,M3_rr,Metronomic Breathing,Fixed-Rate Breathing 
183.332,0.604,M3_rr,Metronomic Breathing,Fixed-Rate Breathing 
183.932,0.6,M3_rr,Metronomic Breathing,Fixed-Rate Breathing 
184.492,0.56,M3_rr,Metronomic Breathing,Fixed-Rate Breathing 
185.048,0.556,M3_rr,Metronomic Breathing,Fixed-Rate Breathing 
185.656,0.608,M3_rr,Metronomic Breathing,Fixed-Rate Breathing 
186.284,0.628,M3_rr,Metronomic Breathing,Fixed-Rate Breathing 
186.86,0.576,M3_rr,Metronomic Breathing,Fixed-Rate Breathing 
187.444,0.584,M3_rr,Metronomic Breathing,Fixed-Rate Breathing 
188.048,0.604,M3_rr,Metronomic Breathing,Fixed-Rate Breathing 
188.68,0.632,M3_rr,Metronomic Breathing,Fixed-Rate Breathing 
189.308,0.628,M3_rr,Metronomic Breathing,Fixed-Rate Breathing 
189.96,0.652,M3_rr,Metronomic Breathing,Fixed-Rate Breathing 
190.616,0.656,M3_rr,Metronomic Breathing,Fixed-Rate Breathing 
191.236,0.62,M3_rr,Metronomic Breathing,Fixed-Rate Breathing 
191.888,0.652,M3_rr,Metronomic Breathing,Fixed-Rate Breathing 
192.556,0.668,M3_rr,Metronomic Breathing,Fixed-Rate Breathing 
193.144,0.588,M3_rr,Metronomic Breathing,Fixed-Rate Breathing 
193.704,0.56,M3_rr,Metronomic Breathing,Fixed-Rate Breathing 
194.276,0.572,M3_rr,Metronomic Breathing,Fixed-Rate Breathing 
194.892,0.616,M3_rr,Metronomic Breathing,Fixed-Rate Breathing 
195.492,0.6,M3_rr,Metronomic Breathing,Fixed-Rate Breathing 
196.112,0.62,M3_rr,Metronomic Breathing,Fixed-Rate Breathing 
196.752,0.64,M3_rr,Metronomic Breathing,Fixed-Rate Breathing 
197.336,0.584,M3_rr,Metronomic Breathing,Fixed-Rate Breathing 
197.912,0.576,M3_rr,Metronomic Breathing,Fixed-Rate Breathing 
198.528,0.616,M3_rr,Metronomic Breathing,Fixed-Rate Breathing 
199.124,0.596,M3_rr,Metronomic Breathing,Fixed-Rate Breathing 
199.692,0.568,M3_rr,Metronomic Breathing,Fixed-Rate Breathing 
200.328,0.636,M3_rr,Metronomic Breathing,Fixed-Rate Breathing 
200.96,0.632,M3_rr,Metronomic Breathing,Fixed-Rate Breathing 
201.536,0.576,M3_rr,Metronomic Breathing,Fixed-Rate Breathing 
202.128,0.592,M3_rr,Metronomic Breathing,Fixed-Rate Breathing 
202.788,0.66,M3_rr,Metronomic Breathing,Fixed-Rate Breathing 
203.424,0.636,M3_rr,Metronomic Breathing,Fixed-Rate Breathing 
204.028,0.604,M3_rr,Metronomic Breathing,Fixed-Rate Breathing 
204.668,0.64,M3_rr,Metronomic Breathing,Fixed-Rate Breathing 
205.316,0.648,M3_rr,Metronomic Breathing,Fixed-Rate Breathing 
205.908,0.592,M3_rr,Metronomic Breathing,Fixed-Rate Breathing 
206.496,0.588,M3_rr,Metronomic Breathing,Fixed-Rate Breathing 
207.168,0.672,M3_rr,Metronomic Breathing,Fixed-Rate Breathing 
207.776,0.608,M3_rr,Metronomic Breathing,Fixed-Rate Breathing 
208.332,0.556,M3_rr,Metronomic Breathing,Fixed-Rate Breathing 
209.028,0.696,M3_rr,Metronomic Breathing,Fixed-Rate Breathing 
209.712,0.684,M3_rr,Metronomic Breathing,Fixed-Rate Breathing 
210.296,0.584,M3_rr,Metronomic Breathing,Fixed-Rate Breathing 
210.9,0.604,M3_rr,Metronomic Breathing,Fixed-Rate Breathing 
211.556,0.656,M3_rr,Metronomic Breathing,Fixed-Rate Breathing 
212.22,0.664,M3_rr,Metronomic Breathing,Fixed-Rate Breathing 
212.88,0.66,M3_rr,Metronomic Breathing,Fixed-Rate Breathing 
213.548,0.668,M3_rr,Metronomic Breathing,Fixed-Rate Breathing 
214.164,0.616,M3_rr,Metronomic Breathing,Fixed-Rate Breathing 
214.836,0.672,M3_rr,Metronomic Breathing,Fixed-Rate Breathing 
215.556,0.72,M3_rr,Metronomic Breathing,Fixed-Rate Breathing 
216.204,0.648,M3_rr,Metronomic Breathing,Fixed-Rate Breathing 
216.852,0.648,M3_rr,Metronomic Breathing,Fixed-Rate Breathing 
217.512,0.66,M3_rr,Metronomic Breathing,Fixed-Rate Breathing 
218.128,0.616,M3_rr,Metronomic Breathing,Fixed-Rate Breathing 
218.744,0.616,M3_rr,Metronomic Breathing,Fixed-Rate Breathing 
219.44,0.696,M3_rr,Metronomic Breathing,Fixed-Rate Breathing 
220.096,0.656,M3_rr,Metronomic Breathing,Fixed-Rate Breathing 
220.72,0.624,M3_rr,Metronomic Breathing,Fixed-Rate Breathing 
221.364,0.644,M3_rr,Metronomic Breathing,Fixed-Rate Breathing 
221.98,0.616,M3_rr,Metronomic Breathing,Fixed-Rate Breathing 
222.608,0.628,M3_rr,Metronomic Breathing,Fixed-Rate Breathing 
223.304,0.696,M3_rr,Metronomic Breathing,Fixed-Rate Breathing 
223.952,0.648,M3_rr,Metronomic Breathing,Fixed-Rate Breathing 
224.544,0.592,M3_rr,Metronomic Breathing,Fixed-Rate Breathing 
225.152,0.608,M3_rr,Metronomic Breathing,Fixed-Rate Breathing 
225.828,0.676,M3_rr,Metronomic Breathing,Fixed-Rate Breathing 
226.448,0.62,M3_rr,Metronomic Breathing,Fixed-Rate Breathing 
227.04,0.592,M3_rr,Metronomic Breathing,Fixed-Rate Breathing 
227.684,0.644,M3_rr,Metronomic Breathing,Fixed-Rate Breathing 
228.308,0.624,M3_rr,Metronomic Breathing,Fixed-Rate Breathing 
228.9,0.592,M3_rr,Metronomic Breathing,Fixed-Rate Breathing 
229.536,0.636,M3_rr,Metronomic Breathing,Fixed-Rate Breathing 
230.236,0.7,M3_rr,Metronomic Breathing,Fixed-Rate Breathing 
230.936,0.7,M3_rr,Metronomic Breathing,Fixed-Rate Breathing 
231.628,0.692,M3_rr,Metronomic Breathing,Fixed-Rate Breathing 
232.316,0.688,M3_rr,Metronomic Breathing,Fixed-Rate Breathing 
232.964,0.648,M3_rr,Metronomic Breathing,Fixed-Rate Breathing 
233.6,0.636,M3_rr,Metronomic Breathing,Fixed-Rate Breathing 
234.276,0.676,M3_rr,Metronomic Breathing,Fixed-Rate Breathing 
234.916,0.64,M3_rr,Metronomic Breathing,Fixed-Rate Breathing 
235.56,0.644,M3_rr,Metronomic Breathing,Fixed-Rate Breathing 
236.248,0.688,M3_rr,Metronomic Breathing,Fixed-Rate Breathing 
236.912,0.664,M3_rr,Metronomic Breathing,Fixed-Rate Breathing 
237.556,0.644,M3_rr,Metronomic Breathing,Fixed-Rate Breathing 
238.224,0.668,M3_rr,Metronomic Breathing,Fixed-Rate Breathing 
238.904,0.68,M3_rr,Metronomic Breathing,Fixed-Rate Breathing 
239.548,0.644,M3_rr,Metronomic Breathing,Fixed-Rate Breathing 
240.204,0.656,M3_rr,Metronomic Breathing,Fixed-Rate Breathing 
240.836,0.632,M3_rr,Metronomic Breathing,Fixed-Rate Breathing 
241.428,0.592,M3_rr,Metronomic Breathing,Fixed-Rate Breathing 
242.072,0.644,M3_rr,Metronomic Breathing,Fixed-Rate Breathing 
242.76,0.688,M3_rr,Metronomic Breathing,Fixed-Rate Breathing 
243.416,0.656,M3_rr,Metronomic Breathing,Fixed-Rate Breathing 
244.056,0.64,M3_rr,Metronomic Breathing,Fixed-Rate Breathing 
244.708,0.652,M3_rr,Metronomic Breathing,Fixed-Rate Breathing 
245.352,0.644,M3_rr,Metronomic Breathing,Fixed-Rate Breathing 
245.94,0.588,M3_rr,Metronomic Breathing,Fixed-Rate Breathing 
246.588,0.648,M3_rr,Metronomic Breathing,Fixed-Rate Breathing 
247.264,0.676,M3_rr,Metronomic Breathing,Fixed-Rate Breathing 
247.9,0.636,M3_rr,Metronomic Breathing,Fixed-Rate Breathing 
248.56,0.66,M3_rr,Metronomic Breathing,Fixed-Rate Breathing 
249.248,0.688,M3_rr,Metronomic Breathing,Fixed-Rate Breathing 
249.856,0.608,M3_rr,Metronomic Breathing,Fixed-Rate Breathing 
250.476,0.62,M3_rr,Metronomic Breathing,Fixed-Rate Breathing 
251.06,0.584,M3_rr,Metronomic Breathing,Fixed-Rate Breathing 
251.628,0.568,M3_rr,Metronomic Breathing,Fixed-Rate Breathing 
252.156,0.528,M3_rr,Metronomic Breathing,Fixed-Rate Breathing 
252.676,0.52,M3_rr,Metronomic Breathing,Fixed-Rate Breathing 
253.288,0.612,M3_rr,Metronomic Breathing,Fixed-Rate Breathing 
253.888,0.6,M3_rr,Metronomic Breathing,Fixed-Rate Breathing 
254.456,0.568,M3_rr,Metronomic Breathing,Fixed-Rate Breathing 
255.068,0.612,M3_rr,Metronomic Breathing,Fixed-Rate Breathing 
255.676,0.608,M3_rr,Metronomic Breathing,Fixed-Rate Breathing 
256.272,0.596,M3_rr,Metronomic Breathing,Fixed-Rate Breathing 
256.908,0.636,M3_rr,Metronomic Breathing,Fixed-Rate Breathing 
257.544,0.636,M3_rr,Metronomic Breathing,Fixed-Rate Breathing 
258.14,0.596,M3_rr,Metronomic Breathing,Fixed-Rate Breathing 
258.74,0.6,M3_rr,Metronomic Breathing,Fixed-Rate Breathing 
259.364,0.624,M3_rr,Metronomic Breathing,Fixed-Rate Breathing 
259.96,0.596,M3_rr,Metronomic Breathing,Fixed-Rate Breathing 
260.5,0.54,M3_rr,Metronomic Breathing,Fixed-Rate Breathing 
261.1,0.6,M3_rr,Metronomic Breathing,Fixed-Rate Breathing 
261.712,0.612,M3_rr,Metronomic Breathing,Fixed-Rate Breathing 
262.304,0.592,M3_rr,Metronomic Breathing,Fixed-Rate Breathing 
262.96,0.656,M3_rr,Metronomic Breathing,Fixed-Rate Breathing 
263.644,0.684,M3_rr,Metronomic Breathing,Fixed-Rate Breathing 
264.28,0.636,M3_rr,Metronomic Breathing,Fixed-Rate Breathing 
264.88,0.6,M3_rr,Metronomic Breathing,Fixed-Rate Breathing 
265.5,0.62,M3_rr,Metronomic Breathing,Fixed-Rate Breathing 
266.104,0.604,M3_rr,Metronomic Breathing,Fixed-Rate Breathing 
266.712,0.608,M3_rr,Metronomic Breathing,Fixed-Rate Breathing 
267.412,0.7,M3_rr,Metronomic Breathing,Fixed-Rate Breathing 
268.148,0.736,M3_rr,Metronomic Breathing,Fixed-Rate Breathing 
268.816,0.668,M3_rr,Metronomic Breathing,Fixed-Rate Breathing 
269.48,0.664,M3_rr,Metronomic Breathing,Fixed-Rate Breathing 
270.1,0.62,M3_rr,Metronomic Breathing,Fixed-Rate Breathing 
270.716,0.616,M3_rr,Metronomic Breathing,Fixed-Rate Breathing 
271.336,0.62,M3_rr,Metronomic Breathing,Fixed-Rate Breathing 
271.996,0.66,M3_rr,Metronomic Breathing,Fixed-Rate Breathing 
272.704,0.708,M3_rr,Metronomic Breathing,Fixed-Rate Breathing 
273.348,0.644,M3_rr,Metronomic Breathing,Fixed-Rate Breathing 
274.048,0.7,M3_rr,Metronomic Breathing,Fixed-Rate Breathing 
274.74,0.692,M3_rr,Metronomic Breathing,Fixed-Rate Breathing 
275.368,0.628,M3_rr,Metronomic Breathing,Fixed-Rate Breathing 
276.012,0.644,M3_rr,Metronomic Breathing,Fixed-Rate Breathing 
276.708,0.696,M3_rr,Metronomic Breathing,Fixed-Rate Breathing 
277.348,0.64,M3_rr,Metronomic Breathing,Fixed-Rate Breathing 
277.968,0.62,M3_rr,Metronomic Breathing,Fixed-Rate Breathing 
278.62,0.652,M3_rr,Metronomic Breathing,Fixed-Rate Breathing 
279.308,0.688,M3_rr,Metronomic Breathing,Fixed-Rate Breathing 
279.972,0.664,M3_rr,Metronomic Breathing,Fixed-Rate Breathing 
280.644,0.672,M3_rr,Metronomic Breathing,Fixed-Rate Breathing 
281.248,0.604,M3_rr,Metronomic Breathing,Fixed-Rate Breathing 
281.808,0.56,M3_rr,Metronomic Breathing,Fixed-Rate Breathing 
282.456,0.648,M3_rr,Metronomic Breathing,Fixed-Rate Breathing 
283.1,0.644,M3_rr,Metronomic Breathing,Fixed-Rate Breathing 
283.724,0.624,M3_rr,Metronomic Breathing,Fixed-Rate Breathing 
284.352,0.628,M3_rr,Metronomic Breathing,Fixed-Rate Breathing 
284.952,0.6,M3_rr,Metronomic Breathing,Fixed-Rate Breathing 
285.56,0.608,M3_rr,Metronomic Breathing,Fixed-Rate Breathing 
286.176,0.616,M3_rr,Metronomic Breathing,Fixed-Rate Breathing 
286.88,0.704,M3_rr,Metronomic Breathing,Fixed-Rate Breathing 
287.524,0.644,M3_rr,Metronomic Breathing,Fixed-Rate Breathing 
288.192,0.668,M3_rr,Metronomic Breathing,Fixed-Rate Breathing 
288.872,0.68,M3_rr,Metronomic Breathing,Fixed-Rate Breathing 
289.516,0.644,M3_rr,Metronomic Breathing,Fixed-Rate Breathing 
290.14,0.624,M3_rr,Metronomic Breathing,Fixed-Rate Breathing 
290.8,0.66,M3_rr,Metronomic Breathing,Fixed-Rate Breathing 
291.464,0.664,M3_rr,Metronomic Breathing,Fixed-Rate Breathing 
292.036,0.572,M3_rr,Metronomic Breathing,Fixed-Rate Breathing 
292.584,0.548,M3_rr,Metronomic Breathing,Fixed-Rate Breathing 
293.14,0.556,M3_rr,Metronomic Breathing,Fixed-Rate Breathing 
293.772,0.632,M3_rr,Metronomic Breathing,Fixed-Rate Breathing 
294.38,0.608,M3_rr,Metronomic Breathing,Fixed-Rate Breathing 
295.036,0.656,M3_rr,Metronomic Breathing,Fixed-Rate Breathing 
295.676,0.64,M3_rr,Metronomic Breathing,Fixed-Rate Breathing 
296.264,0.588,M3_rr,Metronomic Breathing,Fixed-Rate Breathing 
296.836,0.572,M3_rr,Metronomic Breathing,Fixed-Rate Breathing 
297.404,0.568,M3_rr,Metronomic Breathing,Fixed-Rate Breathing 
297.996,0.592,M3_rr,Metronomic Breathing,Fixed-Rate Breathing 
298.564,0.568,M3_rr,Metronomic Breathing,Fixed-Rate Breathing 
299.136,0.572,M3_rr,Metronomic Breathing,Fixed-Rate Breathing 
299.724,0.588,M3_rr,Metronomic Breathing,Fixed-Rate Breathing 
300.3,0.576,M3_rr,Metronomic Breathing,Fixed-Rate Breathing 
300.872,0.572,M3_rr,Metronomic Breathing,Fixed-Rate Breathing 
301.452,0.58,M3_rr,Metronomic Breathing,Fixed-Rate Breathing 
302.032,0.58,M3_rr,Metronomic Breathing,Fixed-Rate Breathing 
302.584,0.552,M3_rr,Metronomic Breathing,Fixed-Rate Breathing 
303.128,0.544,M3_rr,Metronomic Breathing,Fixed-Rate Breathing 
303.64,0.512,M3_rr,Metronomic Breathing,Fixed-Rate Breathing 
304.18,0.54,M3_rr,Metronomic Breathing,Fixed-Rate Breathing 
304.732,0.552,M3_rr,Metronomic Breathing,Fixed-Rate Breathing 
305.28,0.548,M3_rr,Metronomic Breathing,Fixed-Rate Breathing 
305.8,0.52,M3_rr,Metronomic Breathing,Fixed-Rate Breathing 
306.276,0.476,M3_rr,Metronomic Breathing,Fixed-Rate Breathing 
