Time,RR_Interval,Subject,Group,State
1.096,0.416,M12_rr,Metronomic Breathing,Fixed-Rate Breathing 
1.504,0.408,M12_rr,Metronomic Breathing,Fixed-Rate Breathing 
1.92,0.416,M12_rr,Metronomic Breathing,Fixed-Rate Breathing 
2.38,0.46,M12_rr,Metronomic Breathing,Fixed-Rate Breathing 
2.864,0.484,M12_rr,Metronomic Breathing,Fixed-Rate Breathing 
3.34,0.476,M12_rr,Metronomic Breathing,Fixed-Rate Breathing 
3.744,0.404,M12_rr,Metronomic Breathing,Fixed-Rate Breathing 
4.2,0.456,M12_rr,Metronomic Breathing,Fixed-Rate Breathing 
4.652,0.452,M12_rr,Metronomic Breathing,Fixed-Rate Breathing 
5.072,0.42,M12_rr,Metronomic Breathing,Fixed-Rate Breathing 
5.492,0.42,M12_rr,Metronomic Breathing,Fixed-Rate Breathing 
5.896,0.404,M12_rr,Metronomic Breathing,Fixed-Rate Breathing 
6.308,0.412,M12_rr,Metronomic Breathing,Fixed-Rate Breathing 
6.756,0.448,M12_rr,Metronomic Breathing,Fixed-Rate Breathing 
7.248,0.492,M12_rr,Metronomic Breathing,Fixed-Rate Breathing 
7.72,0.472,M12_rr,Metronomic Breathing,Fixed-Rate Breathing 
8.156,0.436,M12_rr,Metronomic Breathing,Fixed-Rate Breathing 
8.616,0.46,M12_rr,Metronomic Breathing,Fixed-Rate Breathing 
9.112,0.496,M12_rr,Metronomic Breathing,Fixed-Rate Breathing 
9.608,0.496,M12_rr,Metronomic Breathing,Fixed-Rate Breathing 
10.06,0.452,M12_rr,Metronomic Breathing,Fixed-Rate Breathing 
10.48,0.42,M12_rr,Metronomic Breathing,Fixed-Rate Breathing 
10.876,0.396,M12_rr,Metronomic Breathing,Fixed-Rate Breathing 
11.252,0.376,M12_rr,Metronomic Breathing,Fixed-Rate Breathing 
11.636,0.384,M12_rr,Metronomic Breathing,Fixed-Rate Breathing 
12.068,0.432,M12_rr,Metronomic Breathing,Fixed-Rate Breathing 
12.56,0.492,M12_rr,Metronomic Breathing,Fixed-Rate Breathing 
12.988,0.428,M12_rr,Metronomic Breathing,Fixed-Rate Breathing 
13.396,0.408,M12_rr,Metronomic Breathing,Fixed-Rate Breathing 
13.82,0.424,M12_rr,Metronomic Breathing,Fixed-Rate Breathing 
14.236,0.416,M12_rr,Metronomic Breathing,Fixed-Rate Breathing 
14.62,0.384,M12_rr,Metronomic Breathing,Fixed-Rate Breathing 
15.0,0.38,M12_rr,Metronomic Breathing,Fixed-Rate Breathing 
15.396,0.396,M12_rr,Metronomic Breathing,Fixed-Rate Breathing 
15.824,0.428,M12_rr,Metronomic Breathing,Fixed-Rate Breathing 
16.32,0.496,M12_rr,Metronomic Breathing,Fixed-Rate Breathing 
16.772,0.452,M12_rr,Metronomic Breathing,Fixed-Rate Breathing 
17.192,0.42,M12_rr,Metronomic Breathing,Fixed-Rate Breathing 
17.6,0.408,M12_rr,Metronomic Breathing,Fixed-Rate Breathing 
18.032,0.432,M12_rr,Metronomic Breathing,Fixed-Rate Breathing 
18.5,0.468,M12_rr,Metronomic Breathing,Fixed-Rate Breathing 
18.952,0.452,M12_rr,Metronomic Breathing,Fixed-Rate Breathing 
19.368,0.416,M12_rr,Metronomic Breathing,Fixed-Rate Breathing 
19.792,0.424,M12_rr,Metronomic Breathing,Fixed-Rate Breathing 
20.24,0.448,M12_rr,Metronomic Breathing,Fixed-Rate Breathing 
20.708,0.468,M12_rr,Metronomic Breathing,Fixed-Rate Breathing 
21.156,0.448,M12_rr,Metronomic Breathing,Fixed-Rate Breathing 
21.576,0.42,M12_rr,Metronomic Breathing,Fixed-Rate Breathing 
22.004,0.428,M12_rr,Metronomic Breathing,Fixed-Rate Breathing 
22.46,0.456,M12_rr,Metronomic Breathing,Fixed-Rate Breathing 
22.924,0.464,M12_rr,Metronomic Breathing,Fixed-Rate Breathing 
23.36,0.436,M12_rr,Metronomic Breathing,Fixed-Rate Breathing 
23.78,0.42,M12_rr,Metronomic Breathing,Fixed-Rate Breathing 
24.22,0.44,M12_rr,Metronomic Breathing,Fixed-Rate Breathing 
24.684,0.464,M12_rr,Metronomic Breathing,Fixed-Rate Breathing 
25.14,0.456,M12_rr,Metronomic Breathing,Fixed-Rate Breathing 
25.572,0.432,M12_rr,Metronomic Breathing,Fixed-Rate Breathing 
25.996,0.424,M12_rr,Metronomic Breathing,Fixed-Rate Breathing 
26.448,0.452,M12_rr,Metronomic Breathing,Fixed-Rate Breathing 
26.928,0.48,M12_rr,Metronomic Breathing,Fixed-Rate Breathing 
27.384,0.456,M12_rr,Metronomic Breathing,Fixed-Rate Breathing 
27.816,0.432,M12_rr,Metronomic Breathing,Fixed-Rate Breathing 
28.256,0.44,M12_rr,Metronomic Breathing,Fixed-Rate Breathing 
28.732,0.476,M12_rr,Metronomic Breathing,Fixed-Rate Breathing 
29.236,0.504,M12_rr,Metronomic Breathing,Fixed-Rate Breathing 
29.676,0.44,M12_rr,Metronomic Breathing,Fixed-Rate Breathing 
30.096,0.42,M12_rr,Metronomic Breathing,Fixed-Rate Breathing 
30.528,0.432,M12_rr,Metronomic Breathing,Fixed-Rate Breathing 
31.0,0.472,M12_rr,Metronomic Breathing,Fixed-Rate Breathing 
31.452,0.452,M12_rr,Metronomic Breathing,Fixed-Rate Breathing 
31.9,0.448,M12_rr,Metronomic Breathing,Fixed-Rate Breathing 
32.356,0.456,M12_rr,Metronomic Breathing,Fixed-Rate Breathing 
32.828,0.472,M12_rr,Metronomic Breathing,Fixed-Rate Breathing 
33.3,0.472,M12_rr,Metronomic Breathing,Fixed-Rate Breathing 
33.744,0.444,M12_rr,Metronomic Breathing,Fixed-Rate Breathing 
34.188,0.444,M12_rr,Metronomic Breathing,Fixed-Rate Breathing 
34.652,0.464,M12_rr,Metronomic Breathing,Fixed-Rate Breathing 
35.136,0.484,M12_rr,Metronomic Breathing,Fixed-Rate Breathing 
35.596,0.46,M12_rr,Metronomic Breathing,Fixed-Rate Breathing 
36.02,0.424,M12_rr,Metronomic Breathing,Fixed-Rate Breathing 
36.46,0.44,M12_rr,Metronomic Breathing,Fixed-Rate Breathing 
36.932,0.472,M12_rr,Metronomic Breathing,Fixed-Rate Breathing 
37.436,0.504,M12_rr,Metronomic Breathing,Fixed-Rate Breathing 
37.896,0.46,M12_rr,Metronomic Breathing,Fixed-Rate Breathing 
38.34,0.444,M12_rr,Metronomic Breathing,Fixed-Rate Breathing 
38.784,0.444,M12_rr,Metronomic Breathing,Fixed-Rate Breathing 
39.264,0.48,M12_rr,Metronomic Breathing,Fixed-Rate Breathing 
39.736,0.472,M12_rr,Metronomic Breathing,Fixed-Rate Breathing 
40.176,0.44,M12_rr,Metronomic Breathing,Fixed-Rate Breathing 
40.608,0.432,M12_rr,Metronomic Breathing,Fixed-Rate Breathing 
41.088,0.48,M12_rr,Metronomic Breathing,Fixed-Rate Breathing 
41.552,0.464,M12_rr,Metronomic Breathing,Fixed-Rate Breathing 
41.968,0.416,M12_rr,Metronomic Breathing,Fixed-Rate Breathing 
42.408,0.44,M12_rr,Metronomic Breathing,Fixed-Rate Breathing 
42.904,0.496,M12_rr,Metronomic Breathing,Fixed-Rate Breathing 
43.392,0.488,M12_rr,Metronomic Breathing,Fixed-Rate Breathing 
43.82,0.428,M12_rr,Metronomic Breathing,Fixed-Rate Breathing 
44.256,0.436,M12_rr,Metronomic Breathing,Fixed-Rate Breathing 
44.688,0.432,M12_rr,Metronomic Breathing,Fixed-Rate Breathing 
45.14,0.452,M12_rr,Metronomic Breathing,Fixed-Rate Breathing 
45.624,0.484,M12_rr,Metronomic Breathing,Fixed-Rate Breathing 
46.084,0.46,M12_rr,Metronomic Breathing,Fixed-Rate Breathing 
46.532,0.448,M12_rr,Metronomic Breathing,Fixed-Rate Breathing 
46.972,0.44,M12_rr,Metronomic Breathing,Fixed-Rate Breathing 
47.44,0.468,M12_rr,Metronomic Breathing,Fixed-Rate Breathing 
47.928,0.488,M12_rr,Metronomic Breathing,Fixed-Rate Breathing 
48.372,0.444,M12_rr,Metronomic Breathing,Fixed-Rate Breathing 
48.8,0.428,M12_rr,Metronomic Breathing,Fixed-Rate Breathing 
49.232,0.432,M12_rr,Metronomic Breathing,Fixed-Rate Breathing 
49.716,0.484,M12_rr,Metronomic Breathing,Fixed-Rate Breathing 
50.2,0.484,M12_rr,Metronomic Breathing,Fixed-Rate Breathing 
50.616,0.416,M12_rr,Metronomic Breathing,Fixed-Rate Breathing 
51.04,0.424,M12_rr,Metronomic Breathing,Fixed-Rate Breathing 
51.476,0.436,M12_rr,Metronomic Breathing,Fixed-Rate Breathing 
51.952,0.476,M12_rr,Metronomic Breathing,Fixed-Rate Breathing 
52.416,0.464,M12_rr,Metronomic Breathing,Fixed-Rate Breathing 
52.84,0.424,M12_rr,Metronomic Breathing,Fixed-Rate Breathing 
53.256,0.416,M12_rr,Metronomic Breathing,Fixed-Rate Breathing 
53.716,0.46,M12_rr,Metronomic Breathing,Fixed-Rate Breathing 
54.184,0.468,M12_rr,Metronomic Breathing,Fixed-Rate Breathing 
54.64,0.456,M12_rr,Metronomic Breathing,Fixed-Rate Breathing 
55.056,0.416,M12_rr,Metronomic Breathing,Fixed-Rate Breathing 
55.48,0.424,M12_rr,Metronomic Breathing,Fixed-Rate Breathing 
55.944,0.464,M12_rr,Metronomic Breathing,Fixed-Rate Breathing 
56.412,0.468,M12_rr,Metronomic Breathing,Fixed-Rate Breathing 
56.824,0.412,M12_rr,Metronomic Breathing,Fixed-Rate Breathing 
57.252,0.428,M12_rr,Metronomic Breathing,Fixed-Rate Breathing 
57.688,0.436,M12_rr,Metronomic Breathing,Fixed-Rate Breathing 
58.144,0.456,M12_rr,Metronomic Breathing,Fixed-Rate Breathing 
58.588,0.444,M12_rr,Metronomic Breathing,Fixed-Rate Breathing 
59.02,0.432,M12_rr,Metronomic Breathing,Fixed-Rate Breathing 
59.456,0.436,M12_rr,Metronomic Breathing,Fixed-Rate Breathing 
59.924,0.468,M12_rr,Metronomic Breathing,Fixed-Rate Breathing 
60.38,0.456,M12_rr,Metronomic Breathing,Fixed-Rate Breathing 
60.788,0.408,M12_rr,Metronomic Breathing,Fixed-Rate Breathing 
61.216,0.428,M12_rr,Metronomic Breathing,Fixed-Rate Breathing 
61.644,0.428,M12_rr,Metronomic Breathing,Fixed-Rate Breathing 
62.08,0.436,M12_rr,Metronomic Breathing,Fixed-Rate Breathing 
62.532,0.452,M12_rr,Metronomic Breathing,Fixed-Rate Breathing 
62.972,0.44,M12_rr,Metronomic Breathing,Fixed-Rate Breathing 
63.4,0.428,M12_rr,Metronomic Breathing,Fixed-Rate Breathing 
63.832,0.432,M12_rr,Metronomic Breathing,Fixed-Rate Breathing 
64.3,0.468,M12_rr,Metronomic Breathing,Fixed-Rate Breathing 
64.744,0.444,M12_rr,Metronomic Breathing,Fixed-Rate Breathing 
65.156,0.412,M12_rr,Metronomic Breathing,Fixed-Rate Breathing 
65.572,0.416,M12_rr,Metronomic Breathing,Fixed-Rate Breathing 
66.0,0.428,M12_rr,Metronomic Breathing,Fixed-Rate Breathing 
66.46,0.46,M12_rr,Metronomic Breathing,Fixed-Rate Breathing 
66.9,0.44,M12_rr,Metronomic Breathing,Fixed-Rate Breathing 
67.308,0.408,M12_rr,Metronomic Breathing,Fixed-Rate Breathing 
67.736,0.428,M12_rr,Metronomic Breathing,Fixed-Rate Breathing 
68.168,0.432,M12_rr,Metronomic Breathing,Fixed-Rate Breathing 
68.6,0.432,M12_rr,Metronomic Breathing,Fixed-Rate Breathing 
69.02,0.42,M12_rr,Metronomic Breathing,Fixed-Rate Breathing 
69.436,0.416,M12_rr,Metronomic Breathing,Fixed-Rate Breathing 
69.892,0.456,M12_rr,Metronomic Breathing,Fixed-Rate Breathing 
70.332,0.44,M12_rr,Metronomic Breathing,Fixed-Rate Breathing 
70.736,0.404,M12_rr,Metronomic Breathing,Fixed-Rate Breathing 
71.144,0.408,M12_rr,Metronomic Breathing,Fixed-Rate Breathing 
71.552,0.408,M12_rr,Metronomic Breathing,Fixed-Rate Breathing 
71.96,0.408,M12_rr,Metronomic Breathing,Fixed-Rate Breathing 
72.332,0.372,M12_rr,Metronomic Breathing,Fixed-Rate Breathing 
72.7,0.368,M12_rr,Metronomic Breathing,Fixed-Rate Breathing 
73.084,0.384,M12_rr,Metronomic Breathing,Fixed-Rate Breathing 
73.476,0.392,M12_rr,Metronomic Breathing,Fixed-Rate Breathing 
73.9,0.424,M12_rr,Metronomic Breathing,Fixed-Rate Breathing 
74.356,0.456,M12_rr,Metronomic Breathing,Fixed-Rate Breathing 
74.812,0.456,M12_rr,Metronomic Breathing,Fixed-Rate Breathing 
75.232,0.42,M12_rr,Metronomic Breathing,Fixed-Rate Breathing 
75.628,0.396,M12_rr,Metronomic Breathing,Fixed-Rate Breathing 
76.024,0.396,M12_rr,Metronomic Breathing,Fixed-Rate Breathing 
76.448,0.424,M12_rr,Metronomic Breathing,Fixed-Rate Breathing 
76.948,0.5,M12_rr,Metronomic Breathing,Fixed-Rate Breathing 
77.4,0.452,M12_rr,Metronomic Breathing,Fixed-Rate Breathing 
77.816,0.416,M12_rr,Metronomic Breathing,Fixed-Rate Breathing 
78.244,0.428,M12_rr,Metronomic Breathing,Fixed-Rate Breathing 
78.68,0.436,M12_rr,Metronomic Breathing,Fixed-Rate Breathing 
79.112,0.432,M12_rr,Metronomic Breathing,Fixed-Rate Breathing 
79.532,0.42,M12_rr,Metronomic Breathing,Fixed-Rate Breathing 
79.948,0.416,M12_rr,Metronomic Breathing,Fixed-Rate Breathing 
80.376,0.428,M12_rr,Metronomic Breathing,Fixed-Rate Breathing 
80.86,0.484,M12_rr,Metronomic Breathing,Fixed-Rate Breathing 
81.268,0.408,M12_rr,Metronomic Breathing,Fixed-Rate Breathing 
81.684,0.416,M12_rr,Metronomic Breathing,Fixed-Rate Breathing 
82.1,0.416,M12_rr,Metronomic Breathing,Fixed-Rate Breathing 
82.552,0.452,M12_rr,Metronomic Breathing,Fixed-Rate Breathing 
83.0,0.448,M12_rr,Metronomic Breathing,Fixed-Rate Breathing 
83.408,0.408,M12_rr,Metronomic Breathing,Fixed-Rate Breathing 
83.828,0.42,M12_rr,Metronomic Breathing,Fixed-Rate Breathing 
84.252,0.424,M12_rr,Metronomic Breathing,Fixed-Rate Breathing 
84.692,0.44,M12_rr,Metronomic Breathing,Fixed-Rate Breathing 
85.16,0.468,M12_rr,Metronomic Breathing,Fixed-Rate Breathing 
85.604,0.444,M12_rr,Metronomic Breathing,Fixed-Rate Breathing 
86.024,0.42,M12_rr,Metronomic Breathing,Fixed-Rate Breathing 
86.46,0.436,M12_rr,Metronomic Breathing,Fixed-Rate Breathing 
86.936,0.476,M12_rr,Metronomic Breathing,Fixed-Rate Breathing 
87.384,0.448,M12_rr,Metronomic Breathing,Fixed-Rate Breathing 
87.784,0.4,M12_rr,Metronomic Breathing,Fixed-Rate Breathing 
88.204,0.42,M12_rr,Metronomic Breathing,Fixed-Rate Breathing 
88.656,0.452,M12_rr,Metronomic Breathing,Fixed-Rate Breathing 
89.108,0.452,M12_rr,Metronomic Breathing,Fixed-Rate Breathing 
89.564,0.456,M12_rr,Metronomic Breathing,Fixed-Rate Breathing 
89.968,0.404,M12_rr,Metronomic Breathing,Fixed-Rate Breathing 
90.392,0.424,M12_rr,Metronomic Breathing,Fixed-Rate Breathing 
90.824,0.432,M12_rr,Metronomic Breathing,Fixed-Rate Breathing 
91.3,0.476,M12_rr,Metronomic Breathing,Fixed-Rate Breathing 
91.748,0.448,M12_rr,Metronomic Breathing,Fixed-Rate Breathing 
92.184,0.436,M12_rr,Metronomic Breathing,Fixed-Rate Breathing 
92.608,0.424,M12_rr,Metronomic Breathing,Fixed-Rate Breathing 
93.044,0.436,M12_rr,Metronomic Breathing,Fixed-Rate Breathing 
93.472,0.428,M12_rr,Metronomic Breathing,Fixed-Rate Breathing 
93.9,0.428,M12_rr,Metronomic Breathing,Fixed-Rate Breathing 
94.312,0.412,M12_rr,Metronomic Breathing,Fixed-Rate Breathing 
94.708,0.396,M12_rr,Metronomic Breathing,Fixed-Rate Breathing 
95.108,0.4,M12_rr,Metronomic Breathing,Fixed-Rate Breathing 
95.536,0.428,M12_rr,Metronomic Breathing,Fixed-Rate Breathing 
95.98,0.444,M12_rr,Metronomic Breathing,Fixed-Rate Breathing 
96.396,0.416,M12_rr,Metronomic Breathing,Fixed-Rate Breathing 
96.816,0.42,M12_rr,Metronomic Breathing,Fixed-Rate Breathing 
97.252,0.436,M12_rr,Metronomic Breathing,Fixed-Rate Breathing 
97.724,0.472,M12_rr,Metronomic Breathing,Fixed-Rate Breathing 
98.152,0.428,M12_rr,Metronomic Breathing,Fixed-Rate Breathing 
98.568,0.416,M12_rr,Metronomic Breathing,Fixed-Rate Breathing 
98.984,0.416,M12_rr,Metronomic Breathing,Fixed-Rate Breathing 
99.432,0.448,M12_rr,Metronomic Breathing,Fixed-Rate Breathing 
99.852,0.42,M12_rr,Metronomic Breathing,Fixed-Rate Breathing 
100.244,0.392,M12_rr,Metronomic Breathing,Fixed-Rate Breathing 
100.64,0.396,M12_rr,Metronomic Breathing,Fixed-Rate Breathing 
101.032,0.392,M12_rr,Metronomic Breathing,Fixed-Rate Breathing 
101.464,0.432,M12_rr,Metronomic Breathing,Fixed-Rate Breathing 
101.896,0.432,M12_rr,Metronomic Breathing,Fixed-Rate Breathing 
102.284,0.388,M12_rr,Metronomic Breathing,Fixed-Rate Breathing 
102.664,0.38,M12_rr,Metronomic Breathing,Fixed-Rate Breathing 
103.044,0.38,M12_rr,Metronomic Breathing,Fixed-Rate Breathing 
103.444,0.4,M12_rr,Metronomic Breathing,Fixed-Rate Breathing 
103.9,0.456,M12_rr,Metronomic Breathing,Fixed-Rate Breathing 
104.356,0.456,M12_rr,Metronomic Breathing,Fixed-Rate Breathing 
104.796,0.44,M12_rr,Metronomic Breathing,Fixed-Rate Breathing 
105.2,0.404,M12_rr,Metronomic Breathing,Fixed-Rate Breathing 
105.62,0.42,M12_rr,Metronomic Breathing,Fixed-Rate Breathing 
106.06,0.44,M12_rr,Metronomic Breathing,Fixed-Rate Breathing 
106.528,0.468,M12_rr,Metronomic Breathing,Fixed-Rate Breathing 
106.956,0.428,M12_rr,Metronomic Breathing,Fixed-Rate Breathing 
107.356,0.4,M12_rr,Metronomic Breathing,Fixed-Rate Breathing 
107.756,0.4,M12_rr,Metronomic Breathing,Fixed-Rate Breathing 
108.18,0.424,M12_rr,Metronomic Breathing,Fixed-Rate Breathing 
108.632,0.452,M12_rr,Metronomic Breathing,Fixed-Rate Breathing 
109.064,0.432,M12_rr,Metronomic Breathing,Fixed-Rate Breathing 
109.468,0.404,M12_rr,Metronomic Breathing,Fixed-Rate Breathing 
109.88,0.412,M12_rr,Metronomic Breathing,Fixed-Rate Breathing 
110.308,0.428,M12_rr,Metronomic Breathing,Fixed-Rate Breathing 
110.768,0.46,M12_rr,Metronomic Breathing,Fixed-Rate Breathing 
111.184,0.416,M12_rr,Metronomic Breathing,Fixed-Rate Breathing 
111.592,0.408,M12_rr,Metronomic Breathing,Fixed-Rate Breathing 
112.024,0.432,M12_rr,Metronomic Breathing,Fixed-Rate Breathing 
112.508,0.484,M12_rr,Metronomic Breathing,Fixed-Rate Breathing 
112.96,0.452,M12_rr,Metronomic Breathing,Fixed-Rate Breathing 
113.368,0.408,M12_rr,Metronomic Breathing,Fixed-Rate Breathing 
113.784,0.416,M12_rr,Metronomic Breathing,Fixed-Rate Breathing 
114.228,0.444,M12_rr,Metronomic Breathing,Fixed-Rate Breathing 
114.676,0.448,M12_rr,Metronomic Breathing,Fixed-Rate Breathing 
115.128,0.452,M12_rr,Metronomic Breathing,Fixed-Rate Breathing 
115.532,0.404,M12_rr,Metronomic Breathing,Fixed-Rate Breathing 
115.936,0.404,M12_rr,Metronomic Breathing,Fixed-Rate Breathing 
116.384,0.448,M12_rr,Metronomic Breathing,Fixed-Rate Breathing 
116.856,0.472,M12_rr,Metronomic Breathing,Fixed-Rate Breathing 
117.32,0.464,M12_rr,Metronomic Breathing,Fixed-Rate Breathing 
117.724,0.404,M12_rr,Metronomic Breathing,Fixed-Rate Breathing 
118.128,0.404,M12_rr,Metronomic Breathing,Fixed-Rate Breathing 
118.572,0.444,M12_rr,Metronomic Breathing,Fixed-Rate Breathing 
119.012,0.44,M12_rr,Metronomic Breathing,Fixed-Rate Breathing 
119.452,0.44,M12_rr,Metronomic Breathing,Fixed-Rate Breathing 
119.844,0.392,M12_rr,Metronomic Breathing,Fixed-Rate Breathing 
120.252,0.408,M12_rr,Metronomic Breathing,Fixed-Rate Breathing 
120.7,0.448,M12_rr,Metronomic Breathing,Fixed-Rate Breathing 
121.144,0.444,M12_rr,Metronomic Breathing,Fixed-Rate Breathing 
121.576,0.432,M12_rr,Metronomic Breathing,Fixed-Rate Breathing 
121.976,0.4,M12_rr,Metronomic Breathing,Fixed-Rate Breathing 
122.432,0.456,M12_rr,Metronomic Breathing,Fixed-Rate Breathing 
122.884,0.452,M12_rr,Metronomic Breathing,Fixed-Rate Breathing 
123.332,0.448,M12_rr,Metronomic Breathing,Fixed-Rate Breathing 
123.736,0.404,M12_rr,Metronomic Breathing,Fixed-Rate Breathing 
124.196,0.46,M12_rr,Metronomic Breathing,Fixed-Rate Breathing 
124.652,0.456,M12_rr,Metronomic Breathing,Fixed-Rate Breathing 
125.112,0.46,M12_rr,Metronomic Breathing,Fixed-Rate Breathing 
125.528,0.416,M12_rr,Metronomic Breathing,Fixed-Rate Breathing 
125.944,0.416,M12_rr,Metronomic Breathing,Fixed-Rate Breathing 
126.404,0.46,M12_rr,Metronomic Breathing,Fixed-Rate Breathing 
126.848,0.444,M12_rr,Metronomic Breathing,Fixed-Rate Breathing 
127.3,0.452,M12_rr,Metronomic Breathing,Fixed-Rate Breathing 
127.708,0.408,M12_rr,Metronomic Breathing,Fixed-Rate Breathing 
128.132,0.424,M12_rr,Metronomic Breathing,Fixed-Rate Breathing 
128.56,0.428,M12_rr,Metronomic Breathing,Fixed-Rate Breathing 
129.04,0.48,M12_rr,Metronomic Breathing,Fixed-Rate Breathing 
129.508,0.468,M12_rr,Metronomic Breathing,Fixed-Rate Breathing 
129.956,0.448,M12_rr,Metronomic Breathing,Fixed-Rate Breathing 
130.36,0.404,M12_rr,Metronomic Breathing,Fixed-Rate Breathing 
130.824,0.464,M12_rr,Metronomic Breathing,Fixed-Rate Breathing 
131.28,0.456,M12_rr,Metronomic Breathing,Fixed-Rate Breathing 
131.736,0.456,M12_rr,Metronomic Breathing,Fixed-Rate Breathing 
132.148,0.412,M12_rr,Metronomic Breathing,Fixed-Rate Breathing 
132.58,0.432,M12_rr,Metronomic Breathing,Fixed-Rate Breathing 
133.032,0.452,M12_rr,Metronomic Breathing,Fixed-Rate Breathing 
133.512,0.48,M12_rr,Metronomic Breathing,Fixed-Rate Breathing 
133.988,0.476,M12_rr,Metronomic Breathing,Fixed-Rate Breathing 
134.428,0.44,M12_rr,Metronomic Breathing,Fixed-Rate Breathing 
134.844,0.416,M12_rr,Metronomic Breathing,Fixed-Rate Breathing 
135.272,0.428,M12_rr,Metronomic Breathing,Fixed-Rate Breathing 
135.744,0.472,M12_rr,Metronomic Breathing,Fixed-Rate Breathing 
136.148,0.404,M12_rr,Metronomic Breathing,Fixed-Rate Breathing 
136.56,0.412,M12_rr,Metronomic Breathing,Fixed-Rate Breathing 
137.008,0.448,M12_rr,Metronomic Breathing,Fixed-Rate Breathing 
137.46,0.452,M12_rr,Metronomic Breathing,Fixed-Rate Breathing 
137.924,0.464,M12_rr,Metronomic Breathing,Fixed-Rate Breathing 
138.336,0.412,M12_rr,Metronomic Breathing,Fixed-Rate Breathing 
138.76,0.424,M12_rr,Metronomic Breathing,Fixed-Rate Breathing 
139.232,0.472,M12_rr,Metronomic Breathing,Fixed-Rate Breathing 
139.7,0.468,M12_rr,Metronomic Breathing,Fixed-Rate Breathing 
140.112,0.412,M12_rr,Metronomic Breathing,Fixed-Rate Breathing 
140.536,0.424,M12_rr,Metronomic Breathing,Fixed-Rate Breathing 
140.952,0.416,M12_rr,Metronomic Breathing,Fixed-Rate Breathing 
141.388,0.436,M12_rr,Metronomic Breathing,Fixed-Rate Breathing 
141.856,0.468,M12_rr,Metronomic Breathing,Fixed-Rate Breathing 
142.296,0.44,M12_rr,Metronomic Breathing,Fixed-Rate Breathing 
142.728,0.432,M12_rr,Metronomic Breathing,Fixed-Rate Breathing 
143.16,0.432,M12_rr,Metronomic Breathing,Fixed-Rate Breathing 
143.636,0.476,M12_rr,Metronomic Breathing,Fixed-Rate Breathing 
144.084,0.448,M12_rr,Metronomic Breathing,Fixed-Rate Breathing 
144.504,0.42,M12_rr,Metronomic Breathing,Fixed-Rate Breathing 
144.92,0.416,M12_rr,Metronomic Breathing,Fixed-Rate Breathing 
145.348,0.428,M12_rr,Metronomic Breathing,Fixed-Rate Breathing 
145.804,0.456,M12_rr,Metronomic Breathing,Fixed-Rate Breathing 
146.248,0.444,M12_rr,Metronomic Breathing,Fixed-Rate Breathing 
146.68,0.432,M12_rr,Metronomic Breathing,Fixed-Rate Breathing 
147.112,0.432,M12_rr,Metronomic Breathing,Fixed-Rate Breathing 
147.572,0.46,M12_rr,Metronomic Breathing,Fixed-Rate Breathing 
148.036,0.464,M12_rr,Metronomic Breathing,Fixed-Rate Breathing 
148.492,0.456,M12_rr,Metronomic Breathing,Fixed-Rate Breathing 
148.904,0.412,M12_rr,Metronomic Breathing,Fixed-Rate Breathing 
149.32,0.416,M12_rr,Metronomic Breathing,Fixed-Rate Breathing 
149.764,0.444,M12_rr,Metronomic Breathing,Fixed-Rate Breathing 
150.208,0.444,M12_rr,Metronomic Breathing,Fixed-Rate Breathing 
150.66,0.452,M12_rr,Metronomic Breathing,Fixed-Rate Breathing 
151.064,0.404,M12_rr,Metronomic Breathing,Fixed-Rate Breathing 
151.48,0.416,M12_rr,Metronomic Breathing,Fixed-Rate Breathing 
151.936,0.456,M12_rr,Metronomic Breathing,Fixed-Rate Breathing 
152.412,0.476,M12_rr,Metronomic Breathing,Fixed-Rate Breathing 
152.828,0.416,M12_rr,Metronomic Breathing,Fixed-Rate Breathing 
153.268,0.44,M12_rr,Metronomic Breathing,Fixed-Rate Breathing 
153.72,0.452,M12_rr,Metronomic Breathing,Fixed-Rate Breathing 
154.224,0.504,M12_rr,Metronomic Breathing,Fixed-Rate Breathing 
154.704,0.48,M12_rr,Metronomic Breathing,Fixed-Rate Breathing 
155.156,0.452,M12_rr,Metronomic Breathing,Fixed-Rate Breathing 
155.568,0.412,M12_rr,Metronomic Breathing,Fixed-Rate Breathing 
156.048,0.48,M12_rr,Metronomic Breathing,Fixed-Rate Breathing 
156.516,0.468,M12_rr,Metronomic Breathing,Fixed-Rate Breathing 
156.984,0.468,M12_rr,Metronomic Breathing,Fixed-Rate Breathing 
157.396,0.412,M12_rr,Metronomic Breathing,Fixed-Rate Breathing 
157.816,0.42,M12_rr,Metronomic Breathing,Fixed-Rate Breathing 
158.252,0.436,M12_rr,Metronomic Breathing,Fixed-Rate Breathing 
158.736,0.484,M12_rr,Metronomic Breathing,Fixed-Rate Breathing 
159.208,0.472,M12_rr,Metronomic Breathing,Fixed-Rate Breathing 
159.62,0.412,M12_rr,Metronomic Breathing,Fixed-Rate Breathing 
160.048,0.428,M12_rr,Metronomic Breathing,Fixed-Rate Breathing 
160.484,0.436,M12_rr,Metronomic Breathing,Fixed-Rate Breathing 
160.98,0.496,M12_rr,Metronomic Breathing,Fixed-Rate Breathing 
161.464,0.484,M12_rr,Metronomic Breathing,Fixed-Rate Breathing 
161.88,0.416,M12_rr,Metronomic Breathing,Fixed-Rate Breathing 
162.3,0.42,M12_rr,Metronomic Breathing,Fixed-Rate Breathing 
162.764,0.464,M12_rr,Metronomic Breathing,Fixed-Rate Breathing 
163.224,0.46,M12_rr,Metronomic Breathing,Fixed-Rate Breathing 
163.668,0.444,M12_rr,Metronomic Breathing,Fixed-Rate Breathing 
164.1,0.432,M12_rr,Metronomic Breathing,Fixed-Rate Breathing 
164.556,0.456,M12_rr,Metronomic Breathing,Fixed-Rate Breathing 
165.032,0.476,M12_rr,Metronomic Breathing,Fixed-Rate Breathing 
165.5,0.468,M12_rr,Metronomic Breathing,Fixed-Rate Breathing 
165.92,0.42,M12_rr,Metronomic Breathing,Fixed-Rate Breathing 
166.344,0.424,M12_rr,Metronomic Breathing,Fixed-Rate Breathing 
166.796,0.452,M12_rr,Metronomic Breathing,Fixed-Rate Breathing 
167.26,0.464,M12_rr,Metronomic Breathing,Fixed-Rate Breathing 
167.732,0.472,M12_rr,Metronomic Breathing,Fixed-Rate Breathing 
168.156,0.424,M12_rr,Metronomic Breathing,Fixed-Rate Breathing 
168.572,0.416,M12_rr,Metronomic Breathing,Fixed-Rate Breathing 
169.032,0.46,M12_rr,Metronomic Breathing,Fixed-Rate Breathing 
169.492,0.46,M12_rr,Metronomic Breathing,Fixed-Rate Breathing 
169.932,0.44,M12_rr,Metronomic Breathing,Fixed-Rate Breathing 
170.332,0.4,M12_rr,Metronomic Breathing,Fixed-Rate Breathing 
170.72,0.388,M12_rr,Metronomic Breathing,Fixed-Rate Breathing 
171.12,0.4,M12_rr,Metronomic Breathing,Fixed-Rate Breathing 
171.552,0.432,M12_rr,Metronomic Breathing,Fixed-Rate Breathing 
172.024,0.472,M12_rr,Metronomic Breathing,Fixed-Rate Breathing 
172.456,0.432,M12_rr,Metronomic Breathing,Fixed-Rate Breathing 
172.868,0.412,M12_rr,Metronomic Breathing,Fixed-Rate Breathing 
173.3,0.432,M12_rr,Metronomic Breathing,Fixed-Rate Breathing 
173.756,0.456,M12_rr,Metronomic Breathing,Fixed-Rate Breathing 
174.184,0.428,M12_rr,Metronomic Breathing,Fixed-Rate Breathing 
174.612,0.428,M12_rr,Metronomic Breathing,Fixed-Rate Breathing 
175.04,0.428,M12_rr,Metronomic Breathing,Fixed-Rate Breathing 
175.5,0.46,M12_rr,Metronomic Breathing,Fixed-Rate Breathing 
175.94,0.44,M12_rr,Metronomic Breathing,Fixed-Rate Breathing 
176.372,0.432,M12_rr,Metronomic Breathing,Fixed-Rate Breathing 
176.788,0.416,M12_rr,Metronomic Breathing,Fixed-Rate Breathing 
177.212,0.424,M12_rr,Metronomic Breathing,Fixed-Rate Breathing 
177.66,0.448,M12_rr,Metronomic Breathing,Fixed-Rate Breathing 
178.12,0.46,M12_rr,Metronomic Breathing,Fixed-Rate Breathing 
178.528,0.408,M12_rr,Metronomic Breathing,Fixed-Rate Breathing 
178.936,0.408,M12_rr,Metronomic Breathing,Fixed-Rate Breathing 
179.372,0.436,M12_rr,Metronomic Breathing,Fixed-Rate Breathing 
179.812,0.44,M12_rr,Metronomic Breathing,Fixed-Rate Breathing 
180.228,0.416,M12_rr,Metronomic Breathing,Fixed-Rate Breathing 
180.62,0.392,M12_rr,Metronomic Breathing,Fixed-Rate Breathing 
181.008,0.388,M12_rr,Metronomic Breathing,Fixed-Rate Breathing 
181.4,0.392,M12_rr,Metronomic Breathing,Fixed-Rate Breathing 
181.832,0.432,M12_rr,Metronomic Breathing,Fixed-Rate Breathing 
182.26,0.428,M12_rr,Metronomic Breathing,Fixed-Rate Breathing 
182.676,0.416,M12_rr,Metronomic Breathing,Fixed-Rate Breathing 
183.076,0.4,M12_rr,Metronomic Breathing,Fixed-Rate Breathing 
183.496,0.42,M12_rr,Metronomic Breathing,Fixed-Rate Breathing 
183.932,0.436,M12_rr,Metronomic Breathing,Fixed-Rate Breathing 
184.376,0.444,M12_rr,Metronomic Breathing,Fixed-Rate Breathing 
184.8,0.424,M12_rr,Metronomic Breathing,Fixed-Rate Breathing 
185.2,0.4,M12_rr,Metronomic Breathing,Fixed-Rate Breathing 
185.616,0.416,M12_rr,Metronomic Breathing,Fixed-Rate Breathing 
186.04,0.424,M12_rr,Metronomic Breathing,Fixed-Rate Breathing 
186.456,0.416,M12_rr,Metronomic Breathing,Fixed-Rate Breathing 
186.868,0.412,M12_rr,Metronomic Breathing,Fixed-Rate Breathing 
187.264,0.396,M12_rr,Metronomic Breathing,Fixed-Rate Breathing 
187.672,0.408,M12_rr,Metronomic Breathing,Fixed-Rate Breathing 
188.104,0.432,M12_rr,Metronomic Breathing,Fixed-Rate Breathing 
188.536,0.432,M12_rr,Metronomic Breathing,Fixed-Rate Breathing 
188.944,0.408,M12_rr,Metronomic Breathing,Fixed-Rate Breathing 
189.34,0.396,M12_rr,Metronomic Breathing,Fixed-Rate Breathing 
189.748,0.408,M12_rr,Metronomic Breathing,Fixed-Rate Breathing 
190.18,0.432,M12_rr,Metronomic Breathing,Fixed-Rate Breathing 
190.612,0.432,M12_rr,Metronomic Breathing,Fixed-Rate Breathing 
191.016,0.404,M12_rr,Metronomic Breathing,Fixed-Rate Breathing 
191.412,0.396,M12_rr,Metronomic Breathing,Fixed-Rate Breathing 
191.816,0.404,M12_rr,Metronomic Breathing,Fixed-Rate Breathing 
192.24,0.424,M12_rr,Metronomic Breathing,Fixed-Rate Breathing 
192.676,0.436,M12_rr,Metronomic Breathing,Fixed-Rate Breathing 
193.092,0.416,M12_rr,Metronomic Breathing,Fixed-Rate Breathing 
193.5,0.408,M12_rr,Metronomic Breathing,Fixed-Rate Breathing 
193.932,0.432,M12_rr,Metronomic Breathing,Fixed-Rate Breathing 
194.376,0.444,M12_rr,Metronomic Breathing,Fixed-Rate Breathing 
194.808,0.432,M12_rr,Metronomic Breathing,Fixed-Rate Breathing 
195.212,0.404,M12_rr,Metronomic Breathing,Fixed-Rate Breathing 
195.612,0.4,M12_rr,Metronomic Breathing,Fixed-Rate Breathing 
196.028,0.416,M12_rr,Metronomic Breathing,Fixed-Rate Breathing 
196.472,0.444,M12_rr,Metronomic Breathing,Fixed-Rate Breathing 
196.896,0.424,M12_rr,Metronomic Breathing,Fixed-Rate Breathing 
197.292,0.396,M12_rr,Metronomic Breathing,Fixed-Rate Breathing 
197.692,0.4,M12_rr,Metronomic Breathing,Fixed-Rate Breathing 
198.124,0.432,M12_rr,Metronomic Breathing,Fixed-Rate Breathing 
198.572,0.448,M12_rr,Metronomic Breathing,Fixed-Rate Breathing 
198.988,0.416,M12_rr,Metronomic Breathing,Fixed-Rate Breathing 
199.388,0.4,M12_rr,Metronomic Breathing,Fixed-Rate Breathing 
199.8,0.412,M12_rr,Metronomic Breathing,Fixed-Rate Breathing 
200.24,0.44,M12_rr,Metronomic Breathing,Fixed-Rate Breathing 
200.68,0.44,M12_rr,Metronomic Breathing,Fixed-Rate Breathing 
201.1,0.42,M12_rr,Metronomic Breathing,Fixed-Rate Breathing 
201.516,0.416,M12_rr,Metronomic Breathing,Fixed-Rate Breathing 
201.964,0.448,M12_rr,Metronomic Breathing,Fixed-Rate Breathing 
202.416,0.452,M12_rr,Metronomic Breathing,Fixed-Rate Breathing 
202.872,0.456,M12_rr,Metronomic Breathing,Fixed-Rate Breathing 
203.284,0.412,M12_rr,Metronomic Breathing,Fixed-Rate Breathing 
203.704,0.42,M12_rr,Metronomic Breathing,Fixed-Rate Breathing 
204.16,0.456,M12_rr,Metronomic Breathing,Fixed-Rate Breathing 
204.612,0.452,M12_rr,Metronomic Breathing,Fixed-Rate Breathing 
205.052,0.44,M12_rr,Metronomic Breathing,Fixed-Rate Breathing 
205.452,0.4,M12_rr,Metronomic Breathing,Fixed-Rate Breathing 
205.856,0.404,M12_rr,Metronomic Breathing,Fixed-Rate Breathing 
206.288,0.432,M12_rr,Metronomic Breathing,Fixed-Rate Breathing 
206.716,0.428,M12_rr,Metronomic Breathing,Fixed-Rate Breathing 
207.156,0.44,M12_rr,Metronomic Breathing,Fixed-Rate Breathing 
207.576,0.42,M12_rr,Metronomic Breathing,Fixed-Rate Breathing 
207.988,0.412,M12_rr,Metronomic Breathing,Fixed-Rate Breathing 
208.416,0.428,M12_rr,Metronomic Breathing,Fixed-Rate Breathing 
208.864,0.448,M12_rr,Metronomic Breathing,Fixed-Rate Breathing 
209.304,0.44,M12_rr,Metronomic Breathing,Fixed-Rate Breathing 
209.704,0.4,M12_rr,Metronomic Breathing,Fixed-Rate Breathing 
210.144,0.44,M12_rr,Metronomic Breathing,Fixed-Rate Breathing 
210.572,0.428,M12_rr,Metronomic Breathing,Fixed-Rate Breathing 
211.028,0.456,M12_rr,Metronomic Breathing,Fixed-Rate Breathing 
211.464,0.436,M12_rr,Metronomic Breathing,Fixed-Rate Breathing 
211.868,0.404,M12_rr,Metronomic Breathing,Fixed-Rate Breathing 
212.304,0.436,M12_rr,Metronomic Breathing,Fixed-Rate Breathing 
212.752,0.448,M12_rr,Metronomic Breathing,Fixed-Rate Breathing 
213.212,0.46,M12_rr,Metronomic Breathing,Fixed-Rate Breathing 
213.656,0.444,M12_rr,Metronomic Breathing,Fixed-Rate Breathing 
214.072,0.416,M12_rr,Metronomic Breathing,Fixed-Rate Breathing 
214.528,0.456,M12_rr,Metronomic Breathing,Fixed-Rate Breathing 
214.996,0.468,M12_rr,Metronomic Breathing,Fixed-Rate Breathing 
215.456,0.46,M12_rr,Metronomic Breathing,Fixed-Rate Breathing 
215.868,0.412,M12_rr,Metronomic Breathing,Fixed-Rate Breathing 
216.304,0.436,M12_rr,Metronomic Breathing,Fixed-Rate Breathing 
216.744,0.44,M12_rr,Metronomic Breathing,Fixed-Rate Breathing 
217.2,0.456,M12_rr,Metronomic Breathing,Fixed-Rate Breathing 
217.66,0.46,M12_rr,Metronomic Breathing,Fixed-Rate Breathing 
218.092,0.432,M12_rr,Metronomic Breathing,Fixed-Rate Breathing 
218.492,0.4,M12_rr,Metronomic Breathing,Fixed-Rate Breathing 
218.932,0.44,M12_rr,Metronomic Breathing,Fixed-Rate Breathing 
219.384,0.452,M12_rr,Metronomic Breathing,Fixed-Rate Breathing 
219.844,0.46,M12_rr,Metronomic Breathing,Fixed-Rate Breathing 
220.276,0.432,M12_rr,Metronomic Breathing,Fixed-Rate Breathing 
220.696,0.42,M12_rr,Metronomic Breathing,Fixed-Rate Breathing 
221.104,0.408,M12_rr,Metronomic Breathing,Fixed-Rate Breathing 
221.54,0.436,M12_rr,Metronomic Breathing,Fixed-Rate Breathing 
222.016,0.476,M12_rr,Metronomic Breathing,Fixed-Rate Breathing 
222.452,0.436,M12_rr,Metronomic Breathing,Fixed-Rate Breathing 
222.856,0.404,M12_rr,Metronomic Breathing,Fixed-Rate Breathing 
223.3,0.444,M12_rr,Metronomic Breathing,Fixed-Rate Breathing 
223.756,0.456,M12_rr,Metronomic Breathing,Fixed-Rate Breathing 
224.204,0.448,M12_rr,Metronomic Breathing,Fixed-Rate Breathing 
224.628,0.424,M12_rr,Metronomic Breathing,Fixed-Rate Breathing 
225.048,0.42,M12_rr,Metronomic Breathing,Fixed-Rate Breathing 
225.476,0.428,M12_rr,Metronomic Breathing,Fixed-Rate Breathing 
225.924,0.448,M12_rr,Metronomic Breathing,Fixed-Rate Breathing 
226.348,0.424,M12_rr,Metronomic Breathing,Fixed-Rate Breathing 
226.78,0.432,M12_rr,Metronomic Breathing,Fixed-Rate Breathing 
227.236,0.456,M12_rr,Metronomic Breathing,Fixed-Rate Breathing 
227.7,0.464,M12_rr,Metronomic Breathing,Fixed-Rate Breathing 
228.128,0.428,M12_rr,Metronomic Breathing,Fixed-Rate Breathing 
228.548,0.42,M12_rr,Metronomic Breathing,Fixed-Rate Breathing 
228.968,0.42,M12_rr,Metronomic Breathing,Fixed-Rate Breathing 
229.392,0.424,M12_rr,Metronomic Breathing,Fixed-Rate Breathing 
229.852,0.46,M12_rr,Metronomic Breathing,Fixed-Rate Breathing 
230.28,0.428,M12_rr,Metronomic Breathing,Fixed-Rate Breathing 
230.704,0.424,M12_rr,Metronomic Breathing,Fixed-Rate Breathing 
231.124,0.42,M12_rr,Metronomic Breathing,Fixed-Rate Breathing 
231.572,0.448,M12_rr,Metronomic Breathing,Fixed-Rate Breathing 
232.048,0.476,M12_rr,Metronomic Breathing,Fixed-Rate Breathing 
232.456,0.408,M12_rr,Metronomic Breathing,Fixed-Rate Breathing 
232.88,0.424,M12_rr,Metronomic Breathing,Fixed-Rate Breathing 
233.332,0.452,M12_rr,Metronomic Breathing,Fixed-Rate Breathing 
233.784,0.452,M12_rr,Metronomic Breathing,Fixed-Rate Breathing 
234.236,0.452,M12_rr,Metronomic Breathing,Fixed-Rate Breathing 
234.652,0.416,M12_rr,Metronomic Breathing,Fixed-Rate Breathing 
235.068,0.416,M12_rr,Metronomic Breathing,Fixed-Rate Breathing 
235.496,0.428,M12_rr,Metronomic Breathing,Fixed-Rate Breathing 
235.96,0.464,M12_rr,Metronomic Breathing,Fixed-Rate Breathing 
236.396,0.436,M12_rr,Metronomic Breathing,Fixed-Rate Breathing 
236.796,0.4,M12_rr,Metronomic Breathing,Fixed-Rate Breathing 
237.236,0.44,M12_rr,Metronomic Breathing,Fixed-Rate Breathing 
237.668,0.432,M12_rr,Metronomic Breathing,Fixed-Rate Breathing 
238.104,0.436,M12_rr,Metronomic Breathing,Fixed-Rate Breathing 
238.548,0.444,M12_rr,Metronomic Breathing,Fixed-Rate Breathing 
238.976,0.428,M12_rr,Metronomic Breathing,Fixed-Rate Breathing 
239.412,0.436,M12_rr,Metronomic Breathing,Fixed-Rate Breathing 
239.868,0.456,M12_rr,Metronomic Breathing,Fixed-Rate Breathing 
240.332,0.464,M12_rr,Metronomic Breathing,Fixed-Rate Breathing 
240.748,0.416,M12_rr,Metronomic Breathing,Fixed-Rate Breathing 
241.188,0.44,M12_rr,Metronomic Breathing,Fixed-Rate Breathing 
241.636,0.448,M12_rr,Metronomic Breathing,Fixed-Rate Breathing 
242.1,0.464,M12_rr,Metronomic Breathing,Fixed-Rate Breathing 
242.564,0.464,M12_rr,Metronomic Breathing,Fixed-Rate Breathing 
243.004,0.44,M12_rr,Metronomic Breathing,Fixed-Rate Breathing 
243.436,0.432,M12_rr,Metronomic Breathing,Fixed-Rate Breathing 
243.876,0.44,M12_rr,Metronomic Breathing,Fixed-Rate Breathing 
244.352,0.476,M12_rr,Metronomic Breathing,Fixed-Rate Breathing 
244.808,0.456,M12_rr,Metronomic Breathing,Fixed-Rate Breathing 
245.24,0.432,M12_rr,Metronomic Breathing,Fixed-Rate Breathing 
245.64,0.4,M12_rr,Metronomic Breathing,Fixed-Rate Breathing 
246.048,0.408,M12_rr,Metronomic Breathing,Fixed-Rate Breathing 
246.496,0.448,M12_rr,Metronomic Breathing,Fixed-Rate Breathing 
246.956,0.46,M12_rr,Metronomic Breathing,Fixed-Rate Breathing 
247.424,0.468,M12_rr,Metronomic Breathing,Fixed-Rate Breathing 
247.84,0.416,M12_rr,Metronomic Breathing,Fixed-Rate Breathing 
248.28,0.44,M12_rr,Metronomic Breathing,Fixed-Rate Breathing 
248.74,0.46,M12_rr,Metronomic Breathing,Fixed-Rate Breathing 
249.204,0.464,M12_rr,Metronomic Breathing,Fixed-Rate Breathing 
249.652,0.448,M12_rr,Metronomic Breathing,Fixed-Rate Breathing 
250.096,0.444,M12_rr,Metronomic Breathing,Fixed-Rate Breathing 
250.556,0.46,M12_rr,Metronomic Breathing,Fixed-Rate Breathing 
251.028,0.472,M12_rr,Metronomic Breathing,Fixed-Rate Breathing 
251.472,0.444,M12_rr,Metronomic Breathing,Fixed-Rate Breathing 
251.912,0.44,M12_rr,Metronomic Breathing,Fixed-Rate Breathing 
252.368,0.456,M12_rr,Metronomic Breathing,Fixed-Rate Breathing 
252.836,0.468,M12_rr,Metronomic Breathing,Fixed-Rate Breathing 
253.304,0.468,M12_rr,Metronomic Breathing,Fixed-Rate Breathing 
253.74,0.436,M12_rr,Metronomic Breathing,Fixed-Rate Breathing 
254.168,0.428,M12_rr,Metronomic Breathing,Fixed-Rate Breathing 
254.648,0.48,M12_rr,Metronomic Breathing,Fixed-Rate Breathing 
255.112,0.464,M12_rr,Metronomic Breathing,Fixed-Rate Breathing 
255.528,0.416,M12_rr,Metronomic Breathing,Fixed-Rate Breathing 
255.968,0.44,M12_rr,Metronomic Breathing,Fixed-Rate Breathing 
256.416,0.448,M12_rr,Metronomic Breathing,Fixed-Rate Breathing 
256.892,0.476,M12_rr,Metronomic Breathing,Fixed-Rate Breathing 
257.384,0.492,M12_rr,Metronomic Breathing,Fixed-Rate Breathing 
257.828,0.444,M12_rr,Metronomic Breathing,Fixed-Rate Breathing 
258.26,0.432,M12_rr,Metronomic Breathing,Fixed-Rate Breathing 
258.712,0.452,M12_rr,Metronomic Breathing,Fixed-Rate Breathing 
259.156,0.444,M12_rr,Metronomic Breathing,Fixed-Rate Breathing 
259.612,0.456,M12_rr,Metronomic Breathing,Fixed-Rate Breathing 
260.02,0.408,M12_rr,Metronomic Breathing,Fixed-Rate Breathing 
260.448,0.428,M12_rr,Metronomic Breathing,Fixed-Rate Breathing 
260.876,0.428,M12_rr,Metronomic Breathing,Fixed-Rate Breathing 
261.328,0.452,M12_rr,Metronomic Breathing,Fixed-Rate Breathing 
261.808,0.48,M12_rr,Metronomic Breathing,Fixed-Rate Breathing 
262.252,0.444,M12_rr,Metronomic Breathing,Fixed-Rate Breathing 
262.692,0.44,M12_rr,Metronomic Breathing,Fixed-Rate Breathing 
263.176,0.484,M12_rr,Metronomic Breathing,Fixed-Rate Breathing 
263.64,0.464,M12_rr,Metronomic Breathing,Fixed-Rate Breathing 
264.06,0.42,M12_rr,Metronomic Breathing,Fixed-Rate Breathing 
264.488,0.428,M12_rr,Metronomic Breathing,Fixed-Rate Breathing 
264.924,0.436,M12_rr,Metronomic Breathing,Fixed-Rate Breathing 
265.408,0.484,M12_rr,Metronomic Breathing,Fixed-Rate Breathing 
265.864,0.456,M12_rr,Metronomic Breathing,Fixed-Rate Breathing 
266.276,0.412,M12_rr,Metronomic Breathing,Fixed-Rate Breathing 
266.732,0.456,M12_rr,Metronomic Breathing,Fixed-Rate Breathing 
267.188,0.456,M12_rr,Metronomic Breathing,Fixed-Rate Breathing 
267.664,0.476,M12_rr,Metronomic Breathing,Fixed-Rate Breathing 
268.108,0.444,M12_rr,Metronomic Breathing,Fixed-Rate Breathing 
268.524,0.416,M12_rr,Metronomic Breathing,Fixed-Rate Breathing 
268.992,0.468,M12_rr,Metronomic Breathing,Fixed-Rate Breathing 
269.452,0.46,M12_rr,Metronomic Breathing,Fixed-Rate Breathing 
269.912,0.46,M12_rr,Metronomic Breathing,Fixed-Rate Breathing 
270.32,0.408,M12_rr,Metronomic Breathing,Fixed-Rate Breathing 
270.78,0.46,M12_rr,Metronomic Breathing,Fixed-Rate Breathing 
271.248,0.468,M12_rr,Metronomic Breathing,Fixed-Rate Breathing 
271.728,0.48,M12_rr,Metronomic Breathing,Fixed-Rate Breathing 
272.144,0.416,M12_rr,Metronomic Breathing,Fixed-Rate Breathing 
272.576,0.432,M12_rr,Metronomic Breathing,Fixed-Rate Breathing 
273.016,0.44,M12_rr,Metronomic Breathing,Fixed-Rate Breathing 
273.516,0.5,M12_rr,Metronomic Breathing,Fixed-Rate Breathing 
273.992,0.476,M12_rr,Metronomic Breathing,Fixed-Rate Breathing 
274.42,0.428,M12_rr,Metronomic Breathing,Fixed-Rate Breathing 
274.86,0.44,M12_rr,Metronomic Breathing,Fixed-Rate Breathing 
275.312,0.452,M12_rr,Metronomic Breathing,Fixed-Rate Breathing 
275.796,0.484,M12_rr,Metronomic Breathing,Fixed-Rate Breathing 
276.284,0.488,M12_rr,Metronomic Breathing,Fixed-Rate Breathing 
276.724,0.44,M12_rr,Metronomic Breathing,Fixed-Rate Breathing 
277.152,0.428,M12_rr,Metronomic Breathing,Fixed-Rate Breathing 
277.584,0.432,M12_rr,Metronomic Breathing,Fixed-Rate Breathing 
278.052,0.468,M12_rr,Metronomic Breathing,Fixed-Rate Breathing 
278.508,0.456,M12_rr,Metronomic Breathing,Fixed-Rate Breathing 
278.92,0.412,M12_rr,Metronomic Breathing,Fixed-Rate Breathing 
279.352,0.432,M12_rr,Metronomic Breathing,Fixed-Rate Breathing 
279.796,0.444,M12_rr,Metronomic Breathing,Fixed-Rate Breathing 
280.28,0.484,M12_rr,Metronomic Breathing,Fixed-Rate Breathing 
280.764,0.484,M12_rr,Metronomic Breathing,Fixed-Rate Breathing 
281.22,0.456,M12_rr,Metronomic Breathing,Fixed-Rate Breathing 
281.668,0.448,M12_rr,Metronomic Breathing,Fixed-Rate Breathing 
282.124,0.456,M12_rr,Metronomic Breathing,Fixed-Rate Breathing 
282.588,0.464,M12_rr,Metronomic Breathing,Fixed-Rate Breathing 
283.044,0.456,M12_rr,Metronomic Breathing,Fixed-Rate Breathing 
283.48,0.436,M12_rr,Metronomic Breathing,Fixed-Rate Breathing 
283.904,0.424,M12_rr,Metronomic Breathing,Fixed-Rate Breathing 
284.38,0.476,M12_rr,Metronomic Breathing,Fixed-Rate Breathing 
284.844,0.464,M12_rr,Metronomic Breathing,Fixed-Rate Breathing 
285.28,0.436,M12_rr,Metronomic Breathing,Fixed-Rate Breathing 
285.684,0.404,M12_rr,Metronomic Breathing,Fixed-Rate Breathing 
286.144,0.46,M12_rr,Metronomic Breathing,Fixed-Rate Breathing 
286.612,0.468,M12_rr,Metronomic Breathing,Fixed-Rate Breathing 
287.08,0.468,M12_rr,Metronomic Breathing,Fixed-Rate Breathing 
287.496,0.416,M12_rr,Metronomic Breathing,Fixed-Rate Breathing 
287.932,0.436,M12_rr,Metronomic Breathing,Fixed-Rate Breathing 
288.404,0.472,M12_rr,Metronomic Breathing,Fixed-Rate Breathing 
288.884,0.48,M12_rr,Metronomic Breathing,Fixed-Rate Breathing 
289.328,0.444,M12_rr,Metronomic Breathing,Fixed-Rate Breathing 
289.752,0.424,M12_rr,Metronomic Breathing,Fixed-Rate Breathing 
290.16,0.408,M12_rr,Metronomic Breathing,Fixed-Rate Breathing 
290.608,0.448,M12_rr,Metronomic Breathing,Fixed-Rate Breathing 
291.056,0.448,M12_rr,Metronomic Breathing,Fixed-Rate Breathing 
291.496,0.44,M12_rr,Metronomic Breathing,Fixed-Rate Breathing 
291.9,0.404,M12_rr,Metronomic Breathing,Fixed-Rate Breathing 
292.364,0.464,M12_rr,Metronomic Breathing,Fixed-Rate Breathing 
292.824,0.46,M12_rr,Metronomic Breathing,Fixed-Rate Breathing 
293.284,0.46,M12_rr,Metronomic Breathing,Fixed-Rate Breathing 
293.696,0.412,M12_rr,Metronomic Breathing,Fixed-Rate Breathing 
294.128,0.432,M12_rr,Metronomic Breathing,Fixed-Rate Breathing 
294.608,0.48,M12_rr,Metronomic Breathing,Fixed-Rate Breathing 
295.064,0.456,M12_rr,Metronomic Breathing,Fixed-Rate Breathing 
295.464,0.4,M12_rr,Metronomic Breathing,Fixed-Rate Breathing 
295.876,0.412,M12_rr,Metronomic Breathing,Fixed-Rate Breathing 
296.288,0.412,M12_rr,Metronomic Breathing,Fixed-Rate Breathing 
296.732,0.444,M12_rr,Metronomic Breathing,Fixed-Rate Breathing 
297.172,0.44,M12_rr,Metronomic Breathing,Fixed-Rate Breathing 
297.608,0.436,M12_rr,Metronomic Breathing,Fixed-Rate Breathing 
298.02,0.412,M12_rr,Metronomic Breathing,Fixed-Rate Breathing 
298.432,0.412,M12_rr,Metronomic Breathing,Fixed-Rate Breathing 
298.86,0.428,M12_rr,Metronomic Breathing,Fixed-Rate Breathing 
299.3,0.44,M12_rr,Metronomic Breathing,Fixed-Rate Breathing 
299.74,0.44,M12_rr,Metronomic Breathing,Fixed-Rate Breathing 
300.156,0.416,M12_rr,Metronomic Breathing,Fixed-Rate Breathing 
300.568,0.412,M12_rr,Metronomic Breathing,Fixed-Rate Breathing 
300.996,0.428,M12_rr,Metronomic Breathing,Fixed-Rate Breathing 
301.452,0.456,M12_rr,Metronomic Breathing,Fixed-Rate Breathing 
301.876,0.424,M12_rr,Metronomic Breathing,Fixed-Rate Breathing 
302.268,0.392,M12_rr,Metronomic Breathing,Fixed-Rate Breathing 
302.7,0.432,M12_rr,Metronomic Breathing,Fixed-Rate Breathing 
303.124,0.424,M12_rr,Metronomic Breathing,Fixed-Rate Breathing 
303.56,0.436,M12_rr,Metronomic Breathing,Fixed-Rate Breathing 
303.976,0.416,M12_rr,Metronomic Breathing,Fixed-Rate Breathing 
304.388,0.412,M12_rr,Metronomic Breathing,Fixed-Rate Breathing 
304.816,0.428,M12_rr,Metronomic Breathing,Fixed-Rate Breathing 
305.26,0.444,M12_rr,Metronomic Breathing,Fixed-Rate Breathing 
305.708,0.448,M12_rr,Metronomic Breathing,Fixed-Rate Breathing 
306.116,0.408,M12_rr,Metronomic Breathing,Fixed-Rate Breathing 
306.56,0.444,M12_rr,Metronomic Breathing,Fixed-Rate Breathing 
