Time,RR_Interval,Subject,Group,State
1.352,0.516,M5_rr,Metronomic Breathing,Fixed-Rate Breathing 
1.912,0.56,M5_rr,Metronomic Breathing,Fixed-Rate Breathing 
2.42,0.508,M5_rr,Metronomic Breathing,Fixed-Rate Breathing 
2.872,0.452,M5_rr,Metronomic Breathing,Fixed-Rate Breathing 
3.312,0.44,M5_rr,Metronomic Breathing,Fixed-Rate Breathing 
3.828,0.516,M5_rr,Metronomic Breathing,Fixed-Rate Breathing 
4.384,0.556,M5_rr,Metronomic Breathing,Fixed-Rate Breathing 
4.888,0.504,M5_rr,Metronomic Breathing,Fixed-Rate Breathing 
5.32,0.432,M5_rr,Metronomic Breathing,Fixed-Rate Breathing 
5.788,0.468,M5_rr,Metronomic Breathing,Fixed-Rate Breathing 
6.292,0.504,M5_rr,Metronomic Breathing,Fixed-Rate Breathing 
6.748,0.456,M5_rr,Metronomic Breathing,Fixed-Rate Breathing 
7.24,0.492,M5_rr,Metronomic Breathing,Fixed-Rate Breathing 
7.584,0.344,M5_rr,Metronomic Breathing,Fixed-Rate Breathing 
7.992,0.408,M5_rr,Metronomic Breathing,Fixed-Rate Breathing 
8.416,0.424,M5_rr,Metronomic Breathing,Fixed-Rate Breathing 
8.868,0.452,M5_rr,Metronomic Breathing,Fixed-Rate Breathing 
9.284,0.416,M5_rr,Metronomic Breathing,Fixed-Rate Breathing 
9.708,0.424,M5_rr,Metronomic Breathing,Fixed-Rate Breathing 
10.16,0.452,M5_rr,Metronomic Breathing,Fixed-Rate Breathing 
10.612,0.452,M5_rr,Metronomic Breathing,Fixed-Rate Breathing 
11.06,0.448,M5_rr,Metronomic Breathing,Fixed-Rate Breathing 
11.552,0.492,M5_rr,Metronomic Breathing,Fixed-Rate Breathing 
12.112,0.56,M5_rr,Metronomic Breathing,Fixed-Rate Breathing 
12.688,0.576,M5_rr,Metronomic Breathing,Fixed-Rate Breathing 
13.236,0.548,M5_rr,Metronomic Breathing,Fixed-Rate Breathing 
13.796,0.56,M5_rr,Metronomic Breathing,Fixed-Rate Breathing 
14.42,0.624,M5_rr,Metronomic Breathing,Fixed-Rate Breathing 
14.992,0.572,M5_rr,Metronomic Breathing,Fixed-Rate Breathing 
15.58,0.588,M5_rr,Metronomic Breathing,Fixed-Rate Breathing 
16.208,0.628,M5_rr,Metronomic Breathing,Fixed-Rate Breathing 
16.856,0.648,M5_rr,Metronomic Breathing,Fixed-Rate Breathing 
17.468,0.612,M5_rr,Metronomic Breathing,Fixed-Rate Breathing 
18.088,0.62,M5_rr,Metronomic Breathing,Fixed-Rate Breathing 
18.72,0.632,M5_rr,Metronomic Breathing,Fixed-Rate Breathing 
19.312,0.592,M5_rr,Metronomic Breathing,Fixed-Rate Breathing 
19.892,0.58,M5_rr,Metronomic Breathing,Fixed-Rate Breathing 
20.552,0.66,M5_rr,Metronomic Breathing,Fixed-Rate Breathing 
21.204,0.652,M5_rr,Metronomic Breathing,Fixed-Rate Breathing 
21.796,0.592,M5_rr,Metronomic Breathing,Fixed-Rate Breathing 
22.42,0.624,M5_rr,Metronomic Breathing,Fixed-Rate Breathing 
23.044,0.624,M5_rr,Metronomic Breathing,Fixed-Rate Breathing 
23.632,0.588,M5_rr,Metronomic Breathing,Fixed-Rate Breathing 
24.212,0.58,M5_rr,Metronomic Breathing,Fixed-Rate Breathing 
24.852,0.64,M5_rr,Metronomic Breathing,Fixed-Rate Breathing 
25.456,0.604,M5_rr,Metronomic Breathing,Fixed-Rate Breathing 
26.012,0.556,M5_rr,Metronomic Breathing,Fixed-Rate Breathing 
26.632,0.62,M5_rr,Metronomic Breathing,Fixed-Rate Breathing 
27.248,0.616,M5_rr,Metronomic Breathing,Fixed-Rate Breathing 
27.824,0.576,M5_rr,Metronomic Breathing,Fixed-Rate Breathing 
28.388,0.564,M5_rr,Metronomic Breathing,Fixed-Rate Breathing 
29.024,0.636,M5_rr,Metronomic Breathing,Fixed-Rate Breathing 
29.648,0.624,M5_rr,Metronomic Breathing,Fixed-Rate Breathing 
30.216,0.568,M5_rr,Metronomic Breathing,Fixed-Rate Breathing 
30.82,0.604,M5_rr,Metronomic Breathing,Fixed-Rate Breathing 
31.38,0.56,M5_rr,Metronomic Breathing,Fixed-Rate Breathing 
31.832,0.452,M5_rr,Metronomic Breathing,Fixed-Rate Breathing 
32.26,0.428,M5_rr,Metronomic Breathing,Fixed-Rate Breathing 
32.712,0.452,M5_rr,Metronomic Breathing,Fixed-Rate Breathing 
33.38,0.668,M5_rr,Metronomic Breathing,Fixed-Rate Breathing 
33.972,0.592,M5_rr,Metronomic Breathing,Fixed-Rate Breathing 
34.496,0.524,M5_rr,Metronomic Breathing,Fixed-Rate Breathing 
35.04,0.544,M5_rr,Metronomic Breathing,Fixed-Rate Breathing 
35.66,0.62,M5_rr,Metronomic Breathing,Fixed-Rate Breathing 
36.264,0.604,M5_rr,Metronomic Breathing,Fixed-Rate Breathing 
36.816,0.552,M5_rr,Metronomic Breathing,Fixed-Rate Breathing 
37.384,0.568,M5_rr,Metronomic Breathing,Fixed-Rate Breathing 
37.972,0.588,M5_rr,Metronomic Breathing,Fixed-Rate Breathing 
38.524,0.552,M5_rr,Metronomic Breathing,Fixed-Rate Breathing 
39.028,0.504,M5_rr,Metronomic Breathing,Fixed-Rate Breathing 
39.624,0.596,M5_rr,Metronomic Breathing,Fixed-Rate Breathing 
40.268,0.644,M5_rr,Metronomic Breathing,Fixed-Rate Breathing 
40.84,0.572,M5_rr,Metronomic Breathing,Fixed-Rate Breathing 
41.412,0.572,M5_rr,Metronomic Breathing,Fixed-Rate Breathing 
42.032,0.62,M5_rr,Metronomic Breathing,Fixed-Rate Breathing 
42.628,0.596,M5_rr,Metronomic Breathing,Fixed-Rate Breathing 
43.18,0.552,M5_rr,Metronomic Breathing,Fixed-Rate Breathing 
43.736,0.556,M5_rr,Metronomic Breathing,Fixed-Rate Breathing 
44.32,0.584,M5_rr,Metronomic Breathing,Fixed-Rate Breathing 
44.864,0.544,M5_rr,Metronomic Breathing,Fixed-Rate Breathing 
45.372,0.508,M5_rr,Metronomic Breathing,Fixed-Rate Breathing 
45.888,0.516,M5_rr,Metronomic Breathing,Fixed-Rate Breathing 
46.38,0.492,M5_rr,Metronomic Breathing,Fixed-Rate Breathing 
46.82,0.44,M5_rr,Metronomic Breathing,Fixed-Rate Breathing 
47.328,0.508,M5_rr,Metronomic Breathing,Fixed-Rate Breathing 
47.94,0.612,M5_rr,Metronomic Breathing,Fixed-Rate Breathing 
48.544,0.604,M5_rr,Metronomic Breathing,Fixed-Rate Breathing 
49.1,0.556,M5_rr,Metronomic Breathing,Fixed-Rate Breathing 
49.608,0.508,M5_rr,Metronomic Breathing,Fixed-Rate Breathing 
50.16,0.552,M5_rr,Metronomic Breathing,Fixed-Rate Breathing 
50.724,0.564,M5_rr,Metronomic Breathing,Fixed-Rate Breathing 
51.268,0.544,M5_rr,Metronomic Breathing,Fixed-Rate Breathing 
51.788,0.52,M5_rr,Metronomic Breathing,Fixed-Rate Breathing 
52.344,0.556,M5_rr,Metronomic Breathing,Fixed-Rate Breathing 
52.912,0.568,M5_rr,Metronomic Breathing,Fixed-Rate Breathing 
53.448,0.536,M5_rr,Metronomic Breathing,Fixed-Rate Breathing 
53.948,0.5,M5_rr,Metronomic Breathing,Fixed-Rate Breathing 
54.52,0.572,M5_rr,Metronomic Breathing,Fixed-Rate Breathing 
55.152,0.632,M5_rr,Metronomic Breathing,Fixed-Rate Breathing 
55.72,0.568,M5_rr,Metronomic Breathing,Fixed-Rate Breathing 
56.268,0.548,M5_rr,Metronomic Breathing,Fixed-Rate Breathing 
56.872,0.604,M5_rr,Metronomic Breathing,Fixed-Rate Breathing 
57.468,0.596,M5_rr,Metronomic Breathing,Fixed-Rate Breathing 
58.016,0.548,M5_rr,Metronomic Breathing,Fixed-Rate Breathing 
58.584,0.568,M5_rr,Metronomic Breathing,Fixed-Rate Breathing 
59.188,0.604,M5_rr,Metronomic Breathing,Fixed-Rate Breathing 
59.768,0.58,M5_rr,Metronomic Breathing,Fixed-Rate Breathing 
60.32,0.552,M5_rr,Metronomic Breathing,Fixed-Rate Breathing 
60.916,0.596,M5_rr,Metronomic Breathing,Fixed-Rate Breathing 
61.532,0.616,M5_rr,Metronomic Breathing,Fixed-Rate Breathing 
62.116,0.584,M5_rr,Metronomic Breathing,Fixed-Rate Breathing 
62.724,0.608,M5_rr,Metronomic Breathing,Fixed-Rate Breathing 
63.336,0.612,M5_rr,Metronomic Breathing,Fixed-Rate Breathing 
63.876,0.54,M5_rr,Metronomic Breathing,Fixed-Rate Breathing 
64.4,0.524,M5_rr,Metronomic Breathing,Fixed-Rate Breathing 
65.044,0.644,M5_rr,Metronomic Breathing,Fixed-Rate Breathing 
65.688,0.644,M5_rr,Metronomic Breathing,Fixed-Rate Breathing 
66.264,0.576,M5_rr,Metronomic Breathing,Fixed-Rate Breathing 
66.828,0.564,M5_rr,Metronomic Breathing,Fixed-Rate Breathing 
67.432,0.604,M5_rr,Metronomic Breathing,Fixed-Rate Breathing 
68.008,0.576,M5_rr,Metronomic Breathing,Fixed-Rate Breathing 
68.54,0.532,M5_rr,Metronomic Breathing,Fixed-Rate Breathing 
69.088,0.548,M5_rr,Metronomic Breathing,Fixed-Rate Breathing 
69.692,0.604,M5_rr,Metronomic Breathing,Fixed-Rate Breathing 
70.276,0.584,M5_rr,Metronomic Breathing,Fixed-Rate Breathing 
70.788,0.512,M5_rr,Metronomic Breathing,Fixed-Rate Breathing 
71.284,0.496,M5_rr,Metronomic Breathing,Fixed-Rate Breathing 
71.9,0.616,M5_rr,Metronomic Breathing,Fixed-Rate Breathing 
72.484,0.584,M5_rr,Metronomic Breathing,Fixed-Rate Breathing 
73.012,0.528,M5_rr,Metronomic Breathing,Fixed-Rate Breathing 
73.54,0.528,M5_rr,Metronomic Breathing,Fixed-Rate Breathing 
74.092,0.552,M5_rr,Metronomic Breathing,Fixed-Rate Breathing 
74.552,0.46,M5_rr,Metronomic Breathing,Fixed-Rate Breathing 
75.032,0.48,M5_rr,Metronomic Breathing,Fixed-Rate Breathing 
75.628,0.596,M5_rr,Metronomic Breathing,Fixed-Rate Breathing 
76.26,0.632,M5_rr,Metronomic Breathing,Fixed-Rate Breathing 
76.864,0.604,M5_rr,Metronomic Breathing,Fixed-Rate Breathing 
77.408,0.544,M5_rr,Metronomic Breathing,Fixed-Rate Breathing 
78.0,0.592,M5_rr,Metronomic Breathing,Fixed-Rate Breathing 
78.6,0.6,M5_rr,Metronomic Breathing,Fixed-Rate Breathing 
79.168,0.568,M5_rr,Metronomic Breathing,Fixed-Rate Breathing 
79.688,0.52,M5_rr,Metronomic Breathing,Fixed-Rate Breathing 
80.272,0.584,M5_rr,Metronomic Breathing,Fixed-Rate Breathing 
80.86,0.588,M5_rr,Metronomic Breathing,Fixed-Rate Breathing 
81.412,0.552,M5_rr,Metronomic Breathing,Fixed-Rate Breathing 
81.952,0.54,M5_rr,Metronomic Breathing,Fixed-Rate Breathing 
82.608,0.656,M5_rr,Metronomic Breathing,Fixed-Rate Breathing 
83.248,0.64,M5_rr,Metronomic Breathing,Fixed-Rate Breathing 
83.836,0.588,M5_rr,Metronomic Breathing,Fixed-Rate Breathing 
84.412,0.576,M5_rr,Metronomic Breathing,Fixed-Rate Breathing 
85.036,0.624,M5_rr,Metronomic Breathing,Fixed-Rate Breathing 
85.628,0.592,M5_rr,Metronomic Breathing,Fixed-Rate Breathing 
86.16,0.532,M5_rr,Metronomic Breathing,Fixed-Rate Breathing 
86.788,0.628,M5_rr,Metronomic Breathing,Fixed-Rate Breathing 
87.416,0.628,M5_rr,Metronomic Breathing,Fixed-Rate Breathing 
88.0,0.584,M5_rr,Metronomic Breathing,Fixed-Rate Breathing 
88.56,0.56,M5_rr,Metronomic Breathing,Fixed-Rate Breathing 
89.196,0.636,M5_rr,Metronomic Breathing,Fixed-Rate Breathing 
89.816,0.62,M5_rr,Metronomic Breathing,Fixed-Rate Breathing 
90.372,0.556,M5_rr,Metronomic Breathing,Fixed-Rate Breathing 
90.992,0.62,M5_rr,Metronomic Breathing,Fixed-Rate Breathing 
91.6,0.608,M5_rr,Metronomic Breathing,Fixed-Rate Breathing 
92.132,0.532,M5_rr,Metronomic Breathing,Fixed-Rate Breathing 
92.664,0.532,M5_rr,Metronomic Breathing,Fixed-Rate Breathing 
93.28,0.616,M5_rr,Metronomic Breathing,Fixed-Rate Breathing 
93.872,0.592,M5_rr,Metronomic Breathing,Fixed-Rate Breathing 
94.388,0.516,M5_rr,Metronomic Breathing,Fixed-Rate Breathing 
94.984,0.596,M5_rr,Metronomic Breathing,Fixed-Rate Breathing 
95.588,0.604,M5_rr,Metronomic Breathing,Fixed-Rate Breathing 
96.148,0.56,M5_rr,Metronomic Breathing,Fixed-Rate Breathing 
96.704,0.556,M5_rr,Metronomic Breathing,Fixed-Rate Breathing 
97.32,0.616,M5_rr,Metronomic Breathing,Fixed-Rate Breathing 
97.9,0.58,M5_rr,Metronomic Breathing,Fixed-Rate Breathing 
98.412,0.512,M5_rr,Metronomic Breathing,Fixed-Rate Breathing 
98.992,0.58,M5_rr,Metronomic Breathing,Fixed-Rate Breathing 
99.596,0.604,M5_rr,Metronomic Breathing,Fixed-Rate Breathing 
100.192,0.596,M5_rr,Metronomic Breathing,Fixed-Rate Breathing 
100.732,0.54,M5_rr,Metronomic Breathing,Fixed-Rate Breathing 
101.324,0.592,M5_rr,Metronomic Breathing,Fixed-Rate Breathing 
101.916,0.592,M5_rr,Metronomic Breathing,Fixed-Rate Breathing 
102.456,0.54,M5_rr,Metronomic Breathing,Fixed-Rate Breathing 
102.98,0.524,M5_rr,Metronomic Breathing,Fixed-Rate Breathing 
103.6,0.62,M5_rr,Metronomic Breathing,Fixed-Rate Breathing 
104.188,0.588,M5_rr,Metronomic Breathing,Fixed-Rate Breathing 
104.708,0.52,M5_rr,Metronomic Breathing,Fixed-Rate Breathing 
105.22,0.512,M5_rr,Metronomic Breathing,Fixed-Rate Breathing 
105.8,0.58,M5_rr,Metronomic Breathing,Fixed-Rate Breathing 
106.396,0.596,M5_rr,Metronomic Breathing,Fixed-Rate Breathing 
106.944,0.548,M5_rr,Metronomic Breathing,Fixed-Rate Breathing 
107.472,0.528,M5_rr,Metronomic Breathing,Fixed-Rate Breathing 
108.072,0.6,M5_rr,Metronomic Breathing,Fixed-Rate Breathing 
108.676,0.604,M5_rr,Metronomic Breathing,Fixed-Rate Breathing 
109.204,0.528,M5_rr,Metronomic Breathing,Fixed-Rate Breathing 
109.788,0.584,M5_rr,Metronomic Breathing,Fixed-Rate Breathing 
110.408,0.62,M5_rr,Metronomic Breathing,Fixed-Rate Breathing 
111.0,0.592,M5_rr,Metronomic Breathing,Fixed-Rate Breathing 
111.548,0.548,M5_rr,Metronomic Breathing,Fixed-Rate Breathing 
112.156,0.608,M5_rr,Metronomic Breathing,Fixed-Rate Breathing 
112.752,0.596,M5_rr,Metronomic Breathing,Fixed-Rate Breathing 
113.3,0.548,M5_rr,Metronomic Breathing,Fixed-Rate Breathing 
113.812,0.512,M5_rr,Metronomic Breathing,Fixed-Rate Breathing 
114.412,0.6,M5_rr,Metronomic Breathing,Fixed-Rate Breathing 
115.024,0.612,M5_rr,Metronomic Breathing,Fixed-Rate Breathing 
115.572,0.548,M5_rr,Metronomic Breathing,Fixed-Rate Breathing 
116.112,0.54,M5_rr,Metronomic Breathing,Fixed-Rate Breathing 
116.728,0.616,M5_rr,Metronomic Breathing,Fixed-Rate Breathing 
117.344,0.616,M5_rr,Metronomic Breathing,Fixed-Rate Breathing 
117.892,0.548,M5_rr,Metronomic Breathing,Fixed-Rate Breathing 
118.456,0.564,M5_rr,Metronomic Breathing,Fixed-Rate Breathing 
119.072,0.616,M5_rr,Metronomic Breathing,Fixed-Rate Breathing 
119.668,0.596,M5_rr,Metronomic Breathing,Fixed-Rate Breathing 
120.2,0.532,M5_rr,Metronomic Breathing,Fixed-Rate Breathing 
120.792,0.592,M5_rr,Metronomic Breathing,Fixed-Rate Breathing 
121.4,0.608,M5_rr,Metronomic Breathing,Fixed-Rate Breathing 
121.956,0.556,M5_rr,Metronomic Breathing,Fixed-Rate Breathing 
122.5,0.544,M5_rr,Metronomic Breathing,Fixed-Rate Breathing 
123.112,0.612,M5_rr,Metronomic Breathing,Fixed-Rate Breathing 
123.712,0.6,M5_rr,Metronomic Breathing,Fixed-Rate Breathing 
124.248,0.536,M5_rr,Metronomic Breathing,Fixed-Rate Breathing 
124.82,0.572,M5_rr,Metronomic Breathing,Fixed-Rate Breathing 
125.46,0.64,M5_rr,Metronomic Breathing,Fixed-Rate Breathing 
126.084,0.624,M5_rr,Metronomic Breathing,Fixed-Rate Breathing 
126.632,0.548,M5_rr,Metronomic Breathing,Fixed-Rate Breathing 
127.22,0.588,M5_rr,Metronomic Breathing,Fixed-Rate Breathing 
127.848,0.628,M5_rr,Metronomic Breathing,Fixed-Rate Breathing 
128.488,0.64,M5_rr,Metronomic Breathing,Fixed-Rate Breathing 
129.108,0.62,M5_rr,Metronomic Breathing,Fixed-Rate Breathing 
129.748,0.64,M5_rr,Metronomic Breathing,Fixed-Rate Breathing 
130.328,0.58,M5_rr,Metronomic Breathing,Fixed-Rate Breathing 
130.94,0.612,M5_rr,Metronomic Breathing,Fixed-Rate Breathing 
131.56,0.62,M5_rr,Metronomic Breathing,Fixed-Rate Breathing 
132.144,0.584,M5_rr,Metronomic Breathing,Fixed-Rate Breathing 
132.7,0.556,M5_rr,Metronomic Breathing,Fixed-Rate Breathing 
133.308,0.608,M5_rr,Metronomic Breathing,Fixed-Rate Breathing 
133.92,0.612,M5_rr,Metronomic Breathing,Fixed-Rate Breathing 
134.516,0.596,M5_rr,Metronomic Breathing,Fixed-Rate Breathing 
135.1,0.584,M5_rr,Metronomic Breathing,Fixed-Rate Breathing 
135.72,0.62,M5_rr,Metronomic Breathing,Fixed-Rate Breathing 
136.32,0.6,M5_rr,Metronomic Breathing,Fixed-Rate Breathing 
136.88,0.56,M5_rr,Metronomic Breathing,Fixed-Rate Breathing 
137.444,0.564,M5_rr,Metronomic Breathing,Fixed-Rate Breathing 
138.076,0.632,M5_rr,Metronomic Breathing,Fixed-Rate Breathing 
138.676,0.6,M5_rr,Metronomic Breathing,Fixed-Rate Breathing 
139.24,0.564,M5_rr,Metronomic Breathing,Fixed-Rate Breathing 
139.848,0.608,M5_rr,Metronomic Breathing,Fixed-Rate Breathing 
140.468,0.62,M5_rr,Metronomic Breathing,Fixed-Rate Breathing 
141.032,0.564,M5_rr,Metronomic Breathing,Fixed-Rate Breathing 
141.6,0.568,M5_rr,Metronomic Breathing,Fixed-Rate Breathing 
142.236,0.636,M5_rr,Metronomic Breathing,Fixed-Rate Breathing 
142.852,0.616,M5_rr,Metronomic Breathing,Fixed-Rate Breathing 
143.404,0.552,M5_rr,Metronomic Breathing,Fixed-Rate Breathing 
143.976,0.572,M5_rr,Metronomic Breathing,Fixed-Rate Breathing 
144.62,0.644,M5_rr,Metronomic Breathing,Fixed-Rate Breathing 
145.208,0.588,M5_rr,Metronomic Breathing,Fixed-Rate Breathing 
145.768,0.56,M5_rr,Metronomic Breathing,Fixed-Rate Breathing 
146.376,0.608,M5_rr,Metronomic Breathing,Fixed-Rate Breathing 
147.008,0.632,M5_rr,Metronomic Breathing,Fixed-Rate Breathing 
147.58,0.572,M5_rr,Metronomic Breathing,Fixed-Rate Breathing 
148.156,0.576,M5_rr,Metronomic Breathing,Fixed-Rate Breathing 
148.772,0.616,M5_rr,Metronomic Breathing,Fixed-Rate Breathing 
149.344,0.572,M5_rr,Metronomic Breathing,Fixed-Rate Breathing 
149.904,0.56,M5_rr,Metronomic Breathing,Fixed-Rate Breathing 
150.54,0.636,M5_rr,Metronomic Breathing,Fixed-Rate Breathing 
151.16,0.62,M5_rr,Metronomic Breathing,Fixed-Rate Breathing 
151.712,0.552,M5_rr,Metronomic Breathing,Fixed-Rate Breathing 
152.284,0.572,M5_rr,Metronomic Breathing,Fixed-Rate Breathing 
152.928,0.644,M5_rr,Metronomic Breathing,Fixed-Rate Breathing 
153.56,0.632,M5_rr,Metronomic Breathing,Fixed-Rate Breathing 
154.12,0.56,M5_rr,Metronomic Breathing,Fixed-Rate Breathing 
154.668,0.548,M5_rr,Metronomic Breathing,Fixed-Rate Breathing 
155.316,0.648,M5_rr,Metronomic Breathing,Fixed-Rate Breathing 
155.924,0.608,M5_rr,Metronomic Breathing,Fixed-Rate Breathing 
156.5,0.576,M5_rr,Metronomic Breathing,Fixed-Rate Breathing 
157.12,0.62,M5_rr,Metronomic Breathing,Fixed-Rate Breathing 
157.724,0.604,M5_rr,Metronomic Breathing,Fixed-Rate Breathing 
158.272,0.548,M5_rr,Metronomic Breathing,Fixed-Rate Breathing 
158.832,0.56,M5_rr,Metronomic Breathing,Fixed-Rate Breathing 
159.46,0.628,M5_rr,Metronomic Breathing,Fixed-Rate Breathing 
160.052,0.592,M5_rr,Metronomic Breathing,Fixed-Rate Breathing 
160.616,0.564,M5_rr,Metronomic Breathing,Fixed-Rate Breathing 
161.244,0.628,M5_rr,Metronomic Breathing,Fixed-Rate Breathing 
161.88,0.636,M5_rr,Metronomic Breathing,Fixed-Rate Breathing 
162.44,0.56,M5_rr,Metronomic Breathing,Fixed-Rate Breathing 
162.988,0.548,M5_rr,Metronomic Breathing,Fixed-Rate Breathing 
163.612,0.624,M5_rr,Metronomic Breathing,Fixed-Rate Breathing 
164.24,0.628,M5_rr,Metronomic Breathing,Fixed-Rate Breathing 
164.8,0.56,M5_rr,Metronomic Breathing,Fixed-Rate Breathing 
165.4,0.6,M5_rr,Metronomic Breathing,Fixed-Rate Breathing 
166.032,0.632,M5_rr,Metronomic Breathing,Fixed-Rate Breathing 
166.604,0.572,M5_rr,Metronomic Breathing,Fixed-Rate Breathing 
167.152,0.548,M5_rr,Metronomic Breathing,Fixed-Rate Breathing 
167.776,0.624,M5_rr,Metronomic Breathing,Fixed-Rate Breathing 
168.4,0.624,M5_rr,Metronomic Breathing,Fixed-Rate Breathing 
168.936,0.536,M5_rr,Metronomic Breathing,Fixed-Rate Breathing 
169.5,0.564,M5_rr,Metronomic Breathing,Fixed-Rate Breathing 
170.136,0.636,M5_rr,Metronomic Breathing,Fixed-Rate Breathing 
170.7,0.564,M5_rr,Metronomic Breathing,Fixed-Rate Breathing 
171.212,0.512,M5_rr,Metronomic Breathing,Fixed-Rate Breathing 
171.864,0.652,M5_rr,Metronomic Breathing,Fixed-Rate Breathing 
172.488,0.624,M5_rr,Metronomic Breathing,Fixed-Rate Breathing 
173.092,0.604,M5_rr,Metronomic Breathing,Fixed-Rate Breathing 
173.712,0.62,M5_rr,Metronomic Breathing,Fixed-Rate Breathing 
174.324,0.612,M5_rr,Metronomic Breathing,Fixed-Rate Breathing 
174.944,0.62,M5_rr,Metronomic Breathing,Fixed-Rate Breathing 
175.532,0.588,M5_rr,Metronomic Breathing,Fixed-Rate Breathing 
176.124,0.592,M5_rr,Metronomic Breathing,Fixed-Rate Breathing 
176.768,0.644,M5_rr,Metronomic Breathing,Fixed-Rate Breathing 
177.38,0.612,M5_rr,Metronomic Breathing,Fixed-Rate Breathing 
177.944,0.564,M5_rr,Metronomic Breathing,Fixed-Rate Breathing 
178.556,0.612,M5_rr,Metronomic Breathing,Fixed-Rate Breathing 
179.172,0.616,M5_rr,Metronomic Breathing,Fixed-Rate Breathing 
179.72,0.548,M5_rr,Metronomic Breathing,Fixed-Rate Breathing 
180.292,0.572,M5_rr,Metronomic Breathing,Fixed-Rate Breathing 
180.848,0.556,M5_rr,Metronomic Breathing,Fixed-Rate Breathing 
181.372,0.524,M5_rr,Metronomic Breathing,Fixed-Rate Breathing 
181.9,0.528,M5_rr,Metronomic Breathing,Fixed-Rate Breathing 
182.46,0.56,M5_rr,Metronomic Breathing,Fixed-Rate Breathing 
182.928,0.468,M5_rr,Metronomic Breathing,Fixed-Rate Breathing 
183.4,0.472,M5_rr,Metronomic Breathing,Fixed-Rate Breathing 
183.868,0.468,M5_rr,Metronomic Breathing,Fixed-Rate Breathing 
184.356,0.488,M5_rr,Metronomic Breathing,Fixed-Rate Breathing 
184.948,0.592,M5_rr,Metronomic Breathing,Fixed-Rate Breathing 
185.552,0.604,M5_rr,Metronomic Breathing,Fixed-Rate Breathing 
186.104,0.552,M5_rr,Metronomic Breathing,Fixed-Rate Breathing 
186.644,0.54,M5_rr,Metronomic Breathing,Fixed-Rate Breathing 
187.216,0.572,M5_rr,Metronomic Breathing,Fixed-Rate Breathing 
187.78,0.564,M5_rr,Metronomic Breathing,Fixed-Rate Breathing 
188.32,0.54,M5_rr,Metronomic Breathing,Fixed-Rate Breathing 
188.88,0.56,M5_rr,Metronomic Breathing,Fixed-Rate Breathing 
189.512,0.632,M5_rr,Metronomic Breathing,Fixed-Rate Breathing 
190.136,0.624,M5_rr,Metronomic Breathing,Fixed-Rate Breathing 
190.736,0.6,M5_rr,Metronomic Breathing,Fixed-Rate Breathing 
191.352,0.616,M5_rr,Metronomic Breathing,Fixed-Rate Breathing 
191.976,0.624,M5_rr,Metronomic Breathing,Fixed-Rate Breathing 
192.584,0.608,M5_rr,Metronomic Breathing,Fixed-Rate Breathing 
193.188,0.604,M5_rr,Metronomic Breathing,Fixed-Rate Breathing 
193.848,0.66,M5_rr,Metronomic Breathing,Fixed-Rate Breathing 
194.484,0.636,M5_rr,Metronomic Breathing,Fixed-Rate Breathing 
195.08,0.596,M5_rr,Metronomic Breathing,Fixed-Rate Breathing 
195.716,0.636,M5_rr,Metronomic Breathing,Fixed-Rate Breathing 
196.344,0.628,M5_rr,Metronomic Breathing,Fixed-Rate Breathing 
196.96,0.616,M5_rr,Metronomic Breathing,Fixed-Rate Breathing 
197.572,0.612,M5_rr,Metronomic Breathing,Fixed-Rate Breathing 
198.224,0.652,M5_rr,Metronomic Breathing,Fixed-Rate Breathing 
198.82,0.596,M5_rr,Metronomic Breathing,Fixed-Rate Breathing 
199.38,0.56,M5_rr,Metronomic Breathing,Fixed-Rate Breathing 
200.056,0.676,M5_rr,Metronomic Breathing,Fixed-Rate Breathing 
200.716,0.66,M5_rr,Metronomic Breathing,Fixed-Rate Breathing 
201.324,0.608,M5_rr,Metronomic Breathing,Fixed-Rate Breathing 
201.96,0.636,M5_rr,Metronomic Breathing,Fixed-Rate Breathing 
202.592,0.632,M5_rr,Metronomic Breathing,Fixed-Rate Breathing 
203.184,0.592,M5_rr,Metronomic Breathing,Fixed-Rate Breathing 
203.78,0.596,M5_rr,Metronomic Breathing,Fixed-Rate Breathing 
204.416,0.636,M5_rr,Metronomic Breathing,Fixed-Rate Breathing 
205.028,0.612,M5_rr,Metronomic Breathing,Fixed-Rate Breathing 
205.604,0.576,M5_rr,Metronomic Breathing,Fixed-Rate Breathing 
206.22,0.616,M5_rr,Metronomic Breathing,Fixed-Rate Breathing 
206.832,0.612,M5_rr,Metronomic Breathing,Fixed-Rate Breathing 
207.412,0.58,M5_rr,Metronomic Breathing,Fixed-Rate Breathing 
207.964,0.552,M5_rr,Metronomic Breathing,Fixed-Rate Breathing 
208.572,0.608,M5_rr,Metronomic Breathing,Fixed-Rate Breathing 
209.176,0.604,M5_rr,Metronomic Breathing,Fixed-Rate Breathing 
209.736,0.56,M5_rr,Metronomic Breathing,Fixed-Rate Breathing 
210.336,0.6,M5_rr,Metronomic Breathing,Fixed-Rate Breathing 
210.976,0.64,M5_rr,Metronomic Breathing,Fixed-Rate Breathing 
211.576,0.6,M5_rr,Metronomic Breathing,Fixed-Rate Breathing 
212.16,0.584,M5_rr,Metronomic Breathing,Fixed-Rate Breathing 
212.804,0.644,M5_rr,Metronomic Breathing,Fixed-Rate Breathing 
213.452,0.648,M5_rr,Metronomic Breathing,Fixed-Rate Breathing 
214.064,0.612,M5_rr,Metronomic Breathing,Fixed-Rate Breathing 
214.7,0.636,M5_rr,Metronomic Breathing,Fixed-Rate Breathing 
215.32,0.62,M5_rr,Metronomic Breathing,Fixed-Rate Breathing 
215.912,0.592,M5_rr,Metronomic Breathing,Fixed-Rate Breathing 
216.464,0.552,M5_rr,Metronomic Breathing,Fixed-Rate Breathing 
217.148,0.684,M5_rr,Metronomic Breathing,Fixed-Rate Breathing 
217.812,0.664,M5_rr,Metronomic Breathing,Fixed-Rate Breathing 
218.388,0.576,M5_rr,Metronomic Breathing,Fixed-Rate Breathing 
218.984,0.596,M5_rr,Metronomic Breathing,Fixed-Rate Breathing 
219.596,0.612,M5_rr,Metronomic Breathing,Fixed-Rate Breathing 
220.148,0.552,M5_rr,Metronomic Breathing,Fixed-Rate Breathing 
220.652,0.504,M5_rr,Metronomic Breathing,Fixed-Rate Breathing 
221.188,0.536,M5_rr,Metronomic Breathing,Fixed-Rate Breathing 
221.732,0.544,M5_rr,Metronomic Breathing,Fixed-Rate Breathing 
222.236,0.504,M5_rr,Metronomic Breathing,Fixed-Rate Breathing 
222.716,0.48,M5_rr,Metronomic Breathing,Fixed-Rate Breathing 
223.26,0.544,M5_rr,Metronomic Breathing,Fixed-Rate Breathing 
223.844,0.584,M5_rr,Metronomic Breathing,Fixed-Rate Breathing 
224.356,0.512,M5_rr,Metronomic Breathing,Fixed-Rate Breathing 
224.84,0.484,M5_rr,Metronomic Breathing,Fixed-Rate Breathing 
225.4,0.56,M5_rr,Metronomic Breathing,Fixed-Rate Breathing 
225.988,0.588,M5_rr,Metronomic Breathing,Fixed-Rate Breathing 
226.508,0.52,M5_rr,Metronomic Breathing,Fixed-Rate Breathing 
226.992,0.484,M5_rr,Metronomic Breathing,Fixed-Rate Breathing 
227.544,0.552,M5_rr,Metronomic Breathing,Fixed-Rate Breathing 
228.116,0.572,M5_rr,Metronomic Breathing,Fixed-Rate Breathing 
228.632,0.516,M5_rr,Metronomic Breathing,Fixed-Rate Breathing 
229.128,0.496,M5_rr,Metronomic Breathing,Fixed-Rate Breathing 
229.708,0.58,M5_rr,Metronomic Breathing,Fixed-Rate Breathing 
230.292,0.584,M5_rr,Metronomic Breathing,Fixed-Rate Breathing 
230.828,0.536,M5_rr,Metronomic Breathing,Fixed-Rate Breathing 
231.324,0.496,M5_rr,Metronomic Breathing,Fixed-Rate Breathing 
231.888,0.564,M5_rr,Metronomic Breathing,Fixed-Rate Breathing 
232.472,0.584,M5_rr,Metronomic Breathing,Fixed-Rate Breathing 
232.984,0.512,M5_rr,Metronomic Breathing,Fixed-Rate Breathing 
233.504,0.52,M5_rr,Metronomic Breathing,Fixed-Rate Breathing 
234.044,0.54,M5_rr,Metronomic Breathing,Fixed-Rate Breathing 
234.624,0.58,M5_rr,Metronomic Breathing,Fixed-Rate Breathing 
235.148,0.524,M5_rr,Metronomic Breathing,Fixed-Rate Breathing 
235.664,0.516,M5_rr,Metronomic Breathing,Fixed-Rate Breathing 
236.264,0.6,M5_rr,Metronomic Breathing,Fixed-Rate Breathing 
236.832,0.568,M5_rr,Metronomic Breathing,Fixed-Rate Breathing 
237.332,0.5,M5_rr,Metronomic Breathing,Fixed-Rate Breathing 
237.88,0.548,M5_rr,Metronomic Breathing,Fixed-Rate Breathing 
238.524,0.644,M5_rr,Metronomic Breathing,Fixed-Rate Breathing 
239.124,0.6,M5_rr,Metronomic Breathing,Fixed-Rate Breathing 
239.66,0.536,M5_rr,Metronomic Breathing,Fixed-Rate Breathing 
240.236,0.576,M5_rr,Metronomic Breathing,Fixed-Rate Breathing 
240.852,0.616,M5_rr,Metronomic Breathing,Fixed-Rate Breathing 
241.396,0.544,M5_rr,Metronomic Breathing,Fixed-Rate Breathing 
241.964,0.568,M5_rr,Metronomic Breathing,Fixed-Rate Breathing 
242.588,0.624,M5_rr,Metronomic Breathing,Fixed-Rate Breathing 
243.172,0.584,M5_rr,Metronomic Breathing,Fixed-Rate Breathing 
243.736,0.564,M5_rr,Metronomic Breathing,Fixed-Rate Breathing 
244.388,0.652,M5_rr,Metronomic Breathing,Fixed-Rate Breathing 
245.028,0.64,M5_rr,Metronomic Breathing,Fixed-Rate Breathing 
245.616,0.588,M5_rr,Metronomic Breathing,Fixed-Rate Breathing 
246.172,0.556,M5_rr,Metronomic Breathing,Fixed-Rate Breathing 
246.788,0.616,M5_rr,Metronomic Breathing,Fixed-Rate Breathing 
247.432,0.644,M5_rr,Metronomic Breathing,Fixed-Rate Breathing 
248.036,0.604,M5_rr,Metronomic Breathing,Fixed-Rate Breathing 
248.624,0.588,M5_rr,Metronomic Breathing,Fixed-Rate Breathing 
249.284,0.66,M5_rr,Metronomic Breathing,Fixed-Rate Breathing 
249.916,0.632,M5_rr,Metronomic Breathing,Fixed-Rate Breathing 
250.5,0.584,M5_rr,Metronomic Breathing,Fixed-Rate Breathing 
251.108,0.608,M5_rr,Metronomic Breathing,Fixed-Rate Breathing 
251.736,0.628,M5_rr,Metronomic Breathing,Fixed-Rate Breathing 
252.328,0.592,M5_rr,Metronomic Breathing,Fixed-Rate Breathing 
252.888,0.56,M5_rr,Metronomic Breathing,Fixed-Rate Breathing 
253.584,0.696,M5_rr,Metronomic Breathing,Fixed-Rate Breathing 
254.248,0.664,M5_rr,Metronomic Breathing,Fixed-Rate Breathing 
254.876,0.628,M5_rr,Metronomic Breathing,Fixed-Rate Breathing 
255.516,0.64,M5_rr,Metronomic Breathing,Fixed-Rate Breathing 
256.144,0.628,M5_rr,Metronomic Breathing,Fixed-Rate Breathing 
256.708,0.564,M5_rr,Metronomic Breathing,Fixed-Rate Breathing 
257.296,0.588,M5_rr,Metronomic Breathing,Fixed-Rate Breathing 
257.904,0.608,M5_rr,Metronomic Breathing,Fixed-Rate Breathing 
258.428,0.524,M5_rr,Metronomic Breathing,Fixed-Rate Breathing 
258.92,0.492,M5_rr,Metronomic Breathing,Fixed-Rate Breathing 
259.488,0.568,M5_rr,Metronomic Breathing,Fixed-Rate Breathing 
260.08,0.592,M5_rr,Metronomic Breathing,Fixed-Rate Breathing 
260.54,0.46,M5_rr,Metronomic Breathing,Fixed-Rate Breathing 
260.988,0.448,M5_rr,Metronomic Breathing,Fixed-Rate Breathing 
261.496,0.508,M5_rr,Metronomic Breathing,Fixed-Rate Breathing 
262.164,0.668,M5_rr,Metronomic Breathing,Fixed-Rate Breathing 
262.768,0.604,M5_rr,Metronomic Breathing,Fixed-Rate Breathing 
263.276,0.508,M5_rr,Metronomic Breathing,Fixed-Rate Breathing 
263.832,0.556,M5_rr,Metronomic Breathing,Fixed-Rate Breathing 
264.424,0.592,M5_rr,Metronomic Breathing,Fixed-Rate Breathing 
264.98,0.556,M5_rr,Metronomic Breathing,Fixed-Rate Breathing 
265.504,0.524,M5_rr,Metronomic Breathing,Fixed-Rate Breathing 
266.1,0.596,M5_rr,Metronomic Breathing,Fixed-Rate Breathing 
266.688,0.588,M5_rr,Metronomic Breathing,Fixed-Rate Breathing 
267.196,0.508,M5_rr,Metronomic Breathing,Fixed-Rate Breathing 
267.716,0.52,M5_rr,Metronomic Breathing,Fixed-Rate Breathing 
268.36,0.644,M5_rr,Metronomic Breathing,Fixed-Rate Breathing 
268.96,0.6,M5_rr,Metronomic Breathing,Fixed-Rate Breathing 
269.504,0.544,M5_rr,Metronomic Breathing,Fixed-Rate Breathing 
270.128,0.624,M5_rr,Metronomic Breathing,Fixed-Rate Breathing 
270.796,0.668,M5_rr,Metronomic Breathing,Fixed-Rate Breathing 
271.372,0.576,M5_rr,Metronomic Breathing,Fixed-Rate Breathing 
271.964,0.592,M5_rr,Metronomic Breathing,Fixed-Rate Breathing 
272.624,0.66,M5_rr,Metronomic Breathing,Fixed-Rate Breathing 
273.272,0.648,M5_rr,Metronomic Breathing,Fixed-Rate Breathing 
273.868,0.596,M5_rr,Metronomic Breathing,Fixed-Rate Breathing 
274.524,0.656,M5_rr,Metronomic Breathing,Fixed-Rate Breathing 
275.176,0.652,M5_rr,Metronomic Breathing,Fixed-Rate Breathing 
275.808,0.632,M5_rr,Metronomic Breathing,Fixed-Rate Breathing 
276.388,0.58,M5_rr,Metronomic Breathing,Fixed-Rate Breathing 
277.056,0.668,M5_rr,Metronomic Breathing,Fixed-Rate Breathing 
277.704,0.648,M5_rr,Metronomic Breathing,Fixed-Rate Breathing 
278.336,0.632,M5_rr,Metronomic Breathing,Fixed-Rate Breathing 
278.964,0.628,M5_rr,Metronomic Breathing,Fixed-Rate Breathing 
279.632,0.668,M5_rr,Metronomic Breathing,Fixed-Rate Breathing 
280.264,0.632,M5_rr,Metronomic Breathing,Fixed-Rate Breathing 
280.864,0.6,M5_rr,Metronomic Breathing,Fixed-Rate Breathing 
281.54,0.676,M5_rr,Metronomic Breathing,Fixed-Rate Breathing 
282.156,0.616,M5_rr,Metronomic Breathing,Fixed-Rate Breathing 
282.716,0.56,M5_rr,Metronomic Breathing,Fixed-Rate Breathing 
283.36,0.644,M5_rr,Metronomic Breathing,Fixed-Rate Breathing 
283.984,0.624,M5_rr,Metronomic Breathing,Fixed-Rate Breathing 
284.536,0.552,M5_rr,Metronomic Breathing,Fixed-Rate Breathing 
285.164,0.628,M5_rr,Metronomic Breathing,Fixed-Rate Breathing 
285.808,0.644,M5_rr,Metronomic Breathing,Fixed-Rate Breathing 
286.372,0.564,M5_rr,Metronomic Breathing,Fixed-Rate Breathing 
286.928,0.556,M5_rr,Metronomic Breathing,Fixed-Rate Breathing 
287.604,0.676,M5_rr,Metronomic Breathing,Fixed-Rate Breathing 
288.244,0.64,M5_rr,Metronomic Breathing,Fixed-Rate Breathing 
288.808,0.564,M5_rr,Metronomic Breathing,Fixed-Rate Breathing 
289.428,0.62,M5_rr,Metronomic Breathing,Fixed-Rate Breathing 
290.072,0.644,M5_rr,Metronomic Breathing,Fixed-Rate Breathing 
290.652,0.58,M5_rr,Metronomic Breathing,Fixed-Rate Breathing 
291.26,0.608,M5_rr,Metronomic Breathing,Fixed-Rate Breathing 
291.916,0.656,M5_rr,Metronomic Breathing,Fixed-Rate Breathing 
292.516,0.6,M5_rr,Metronomic Breathing,Fixed-Rate Breathing 
293.08,0.564,M5_rr,Metronomic Breathing,Fixed-Rate Breathing 
293.768,0.688,M5_rr,Metronomic Breathing,Fixed-Rate Breathing 
294.436,0.668,M5_rr,Metronomic Breathing,Fixed-Rate Breathing 
295.008,0.572,M5_rr,Metronomic Breathing,Fixed-Rate Breathing 
295.62,0.612,M5_rr,Metronomic Breathing,Fixed-Rate Breathing 
296.244,0.624,M5_rr,Metronomic Breathing,Fixed-Rate Breathing 
296.868,0.624,M5_rr,Metronomic Breathing,Fixed-Rate Breathing 
297.428,0.56,M5_rr,Metronomic Breathing,Fixed-Rate Breathing 
298.096,0.668,M5_rr,Metronomic Breathing,Fixed-Rate Breathing 
298.776,0.68,M5_rr,Metronomic Breathing,Fixed-Rate Breathing 
299.392,0.616,M5_rr,Metronomic Breathing,Fixed-Rate Breathing 
300.0,0.608,M5_rr,Metronomic Breathing,Fixed-Rate Breathing 
300.66,0.66,M5_rr,Metronomic Breathing,Fixed-Rate Breathing 
301.268,0.608,M5_rr,Metronomic Breathing,Fixed-Rate Breathing 
301.828,0.56,M5_rr,Metronomic Breathing,Fixed-Rate Breathing 
302.448,0.62,M5_rr,Metronomic Breathing,Fixed-Rate Breathing 
303.072,0.624,M5_rr,Metronomic Breathing,Fixed-Rate Breathing 
303.64,0.568,M5_rr,Metronomic Breathing,Fixed-Rate Breathing 
304.208,0.568,M5_rr,Metronomic Breathing,Fixed-Rate Breathing 
304.816,0.608,M5_rr,Metronomic Breathing,Fixed-Rate Breathing 
305.428,0.612,M5_rr,Metronomic Breathing,Fixed-Rate Breathing 
305.992,0.564,M5_rr,Metronomic Breathing,Fixed-Rate Breathing 
