Time,RR_Interval,Subject,Group,State
1.752,0.712,M7_rr,Metronomic Breathing,Fixed-Rate Breathing 
2.432,0.68,M7_rr,Metronomic Breathing,Fixed-Rate Breathing 
3.128,0.696,M7_rr,Metronomic Breathing,Fixed-Rate Breathing 
3.656,0.528,M7_rr,Metronomic Breathing,Fixed-Rate Breathing 
4.288,0.632,M7_rr,Metronomic Breathing,Fixed-Rate Breathing 
4.996,0.708,M7_rr,Metronomic Breathing,Fixed-Rate Breathing 
5.68,0.684,M7_rr,Metronomic Breathing,Fixed-Rate Breathing 
6.368,0.688,M7_rr,Metronomic Breathing,Fixed-Rate Breathing 
7.088,0.72,M7_rr,Metronomic Breathing,Fixed-Rate Breathing 
7.78,0.692,M7_rr,Metronomic Breathing,Fixed-Rate Breathing 
8.492,0.712,M7_rr,Metronomic Breathing,Fixed-Rate Breathing 
9.108,0.616,M7_rr,Metronomic Breathing,Fixed-Rate Breathing 
9.784,0.676,M7_rr,Metronomic Breathing,Fixed-Rate Breathing 
10.432,0.648,M7_rr,Metronomic Breathing,Fixed-Rate Breathing 
11.072,0.64,M7_rr,Metronomic Breathing,Fixed-Rate Breathing 
11.772,0.7,M7_rr,Metronomic Breathing,Fixed-Rate Breathing 
12.388,0.616,M7_rr,Metronomic Breathing,Fixed-Rate Breathing 
13.052,0.664,M7_rr,Metronomic Breathing,Fixed-Rate Breathing 
13.748,0.696,M7_rr,Metronomic Breathing,Fixed-Rate Breathing 
14.364,0.616,M7_rr,Metronomic Breathing,Fixed-Rate Breathing 
15.036,0.672,M7_rr,Metronomic Breathing,Fixed-Rate Breathing 
15.728,0.692,M7_rr,Metronomic Breathing,Fixed-Rate Breathing 
16.352,0.624,M7_rr,Metronomic Breathing,Fixed-Rate Breathing 
16.992,0.64,M7_rr,Metronomic Breathing,Fixed-Rate Breathing 
17.696,0.704,M7_rr,Metronomic Breathing,Fixed-Rate Breathing 
18.336,0.64,M7_rr,Metronomic Breathing,Fixed-Rate Breathing 
19.024,0.688,M7_rr,Metronomic Breathing,Fixed-Rate Breathing 
19.652,0.628,M7_rr,Metronomic Breathing,Fixed-Rate Breathing 
20.3,0.648,M7_rr,Metronomic Breathing,Fixed-Rate Breathing 
20.964,0.664,M7_rr,Metronomic Breathing,Fixed-Rate Breathing 
21.62,0.656,M7_rr,Metronomic Breathing,Fixed-Rate Breathing 
22.3,0.68,M7_rr,Metronomic Breathing,Fixed-Rate Breathing 
22.88,0.58,M7_rr,Metronomic Breathing,Fixed-Rate Breathing 
23.496,0.616,M7_rr,Metronomic Breathing,Fixed-Rate Breathing 
24.172,0.676,M7_rr,Metronomic Breathing,Fixed-Rate Breathing 
24.784,0.612,M7_rr,Metronomic Breathing,Fixed-Rate Breathing 
25.388,0.604,M7_rr,Metronomic Breathing,Fixed-Rate Breathing 
26.064,0.676,M7_rr,Metronomic Breathing,Fixed-Rate Breathing 
26.7,0.636,M7_rr,Metronomic Breathing,Fixed-Rate Breathing 
27.292,0.592,M7_rr,Metronomic Breathing,Fixed-Rate Breathing 
27.968,0.676,M7_rr,Metronomic Breathing,Fixed-Rate Breathing 
28.632,0.664,M7_rr,Metronomic Breathing,Fixed-Rate Breathing 
29.216,0.584,M7_rr,Metronomic Breathing,Fixed-Rate Breathing 
29.9,0.684,M7_rr,Metronomic Breathing,Fixed-Rate Breathing 
30.608,0.708,M7_rr,Metronomic Breathing,Fixed-Rate Breathing 
31.236,0.628,M7_rr,Metronomic Breathing,Fixed-Rate Breathing 
31.924,0.688,M7_rr,Metronomic Breathing,Fixed-Rate Breathing 
32.628,0.704,M7_rr,Metronomic Breathing,Fixed-Rate Breathing 
33.244,0.616,M7_rr,Metronomic Breathing,Fixed-Rate Breathing 
33.892,0.648,M7_rr,Metronomic Breathing,Fixed-Rate Breathing 
34.612,0.72,M7_rr,Metronomic Breathing,Fixed-Rate Breathing 
35.256,0.644,M7_rr,Metronomic Breathing,Fixed-Rate Breathing 
35.9,0.644,M7_rr,Metronomic Breathing,Fixed-Rate Breathing 
36.6,0.7,M7_rr,Metronomic Breathing,Fixed-Rate Breathing 
37.272,0.672,M7_rr,Metronomic Breathing,Fixed-Rate Breathing 
37.94,0.668,M7_rr,Metronomic Breathing,Fixed-Rate Breathing 
38.648,0.708,M7_rr,Metronomic Breathing,Fixed-Rate Breathing 
39.36,0.712,M7_rr,Metronomic Breathing,Fixed-Rate Breathing 
39.976,0.616,M7_rr,Metronomic Breathing,Fixed-Rate Breathing 
40.672,0.696,M7_rr,Metronomic Breathing,Fixed-Rate Breathing 
41.368,0.696,M7_rr,Metronomic Breathing,Fixed-Rate Breathing 
41.992,0.624,M7_rr,Metronomic Breathing,Fixed-Rate Breathing 
42.672,0.68,M7_rr,Metronomic Breathing,Fixed-Rate Breathing 
43.388,0.716,M7_rr,Metronomic Breathing,Fixed-Rate Breathing 
44.012,0.624,M7_rr,Metronomic Breathing,Fixed-Rate Breathing 
44.708,0.696,M7_rr,Metronomic Breathing,Fixed-Rate Breathing 
45.428,0.72,M7_rr,Metronomic Breathing,Fixed-Rate Breathing 
46.06,0.632,M7_rr,Metronomic Breathing,Fixed-Rate Breathing 
46.748,0.688,M7_rr,Metronomic Breathing,Fixed-Rate Breathing 
47.46,0.712,M7_rr,Metronomic Breathing,Fixed-Rate Breathing 
48.068,0.608,M7_rr,Metronomic Breathing,Fixed-Rate Breathing 
48.712,0.644,M7_rr,Metronomic Breathing,Fixed-Rate Breathing 
49.432,0.72,M7_rr,Metronomic Breathing,Fixed-Rate Breathing 
50.076,0.644,M7_rr,Metronomic Breathing,Fixed-Rate Breathing 
50.72,0.644,M7_rr,Metronomic Breathing,Fixed-Rate Breathing 
51.444,0.724,M7_rr,Metronomic Breathing,Fixed-Rate Breathing 
52.132,0.688,M7_rr,Metronomic Breathing,Fixed-Rate Breathing 
52.792,0.66,M7_rr,Metronomic Breathing,Fixed-Rate Breathing 
53.516,0.724,M7_rr,Metronomic Breathing,Fixed-Rate Breathing 
54.2,0.684,M7_rr,Metronomic Breathing,Fixed-Rate Breathing 
54.832,0.632,M7_rr,Metronomic Breathing,Fixed-Rate Breathing 
55.54,0.708,M7_rr,Metronomic Breathing,Fixed-Rate Breathing 
56.228,0.688,M7_rr,Metronomic Breathing,Fixed-Rate Breathing 
56.852,0.624,M7_rr,Metronomic Breathing,Fixed-Rate Breathing 
57.568,0.716,M7_rr,Metronomic Breathing,Fixed-Rate Breathing 
58.264,0.696,M7_rr,Metronomic Breathing,Fixed-Rate Breathing 
58.896,0.632,M7_rr,Metronomic Breathing,Fixed-Rate Breathing 
59.588,0.692,M7_rr,Metronomic Breathing,Fixed-Rate Breathing 
60.304,0.716,M7_rr,Metronomic Breathing,Fixed-Rate Breathing 
60.948,0.644,M7_rr,Metronomic Breathing,Fixed-Rate Breathing 
61.636,0.688,M7_rr,Metronomic Breathing,Fixed-Rate Breathing 
62.36,0.724,M7_rr,Metronomic Breathing,Fixed-Rate Breathing 
62.988,0.628,M7_rr,Metronomic Breathing,Fixed-Rate Breathing 
63.656,0.668,M7_rr,Metronomic Breathing,Fixed-Rate Breathing 
64.368,0.712,M7_rr,Metronomic Breathing,Fixed-Rate Breathing 
65.0,0.632,M7_rr,Metronomic Breathing,Fixed-Rate Breathing 
65.656,0.656,M7_rr,Metronomic Breathing,Fixed-Rate Breathing 
66.392,0.736,M7_rr,Metronomic Breathing,Fixed-Rate Breathing 
67.036,0.644,M7_rr,Metronomic Breathing,Fixed-Rate Breathing 
67.7,0.664,M7_rr,Metronomic Breathing,Fixed-Rate Breathing 
68.42,0.72,M7_rr,Metronomic Breathing,Fixed-Rate Breathing 
69.064,0.644,M7_rr,Metronomic Breathing,Fixed-Rate Breathing 
69.708,0.644,M7_rr,Metronomic Breathing,Fixed-Rate Breathing 
70.436,0.728,M7_rr,Metronomic Breathing,Fixed-Rate Breathing 
71.08,0.644,M7_rr,Metronomic Breathing,Fixed-Rate Breathing 
71.772,0.692,M7_rr,Metronomic Breathing,Fixed-Rate Breathing 
72.476,0.704,M7_rr,Metronomic Breathing,Fixed-Rate Breathing 
73.096,0.62,M7_rr,Metronomic Breathing,Fixed-Rate Breathing 
73.772,0.676,M7_rr,Metronomic Breathing,Fixed-Rate Breathing 
74.488,0.716,M7_rr,Metronomic Breathing,Fixed-Rate Breathing 
75.128,0.64,M7_rr,Metronomic Breathing,Fixed-Rate Breathing 
75.788,0.66,M7_rr,Metronomic Breathing,Fixed-Rate Breathing 
76.492,0.704,M7_rr,Metronomic Breathing,Fixed-Rate Breathing 
77.184,0.692,M7_rr,Metronomic Breathing,Fixed-Rate Breathing 
77.788,0.604,M7_rr,Metronomic Breathing,Fixed-Rate Breathing 
78.46,0.672,M7_rr,Metronomic Breathing,Fixed-Rate Breathing 
79.172,0.712,M7_rr,Metronomic Breathing,Fixed-Rate Breathing 
79.8,0.628,M7_rr,Metronomic Breathing,Fixed-Rate Breathing 
80.44,0.64,M7_rr,Metronomic Breathing,Fixed-Rate Breathing 
81.144,0.704,M7_rr,Metronomic Breathing,Fixed-Rate Breathing 
81.784,0.64,M7_rr,Metronomic Breathing,Fixed-Rate Breathing 
82.404,0.62,M7_rr,Metronomic Breathing,Fixed-Rate Breathing 
83.096,0.692,M7_rr,Metronomic Breathing,Fixed-Rate Breathing 
83.744,0.648,M7_rr,Metronomic Breathing,Fixed-Rate Breathing 
84.32,0.576,M7_rr,Metronomic Breathing,Fixed-Rate Breathing 
84.988,0.668,M7_rr,Metronomic Breathing,Fixed-Rate Breathing 
85.696,0.708,M7_rr,Metronomic Breathing,Fixed-Rate Breathing 
86.328,0.632,M7_rr,Metronomic Breathing,Fixed-Rate Breathing 
87.016,0.688,M7_rr,Metronomic Breathing,Fixed-Rate Breathing 
87.688,0.672,M7_rr,Metronomic Breathing,Fixed-Rate Breathing 
88.308,0.62,M7_rr,Metronomic Breathing,Fixed-Rate Breathing 
89.004,0.696,M7_rr,Metronomic Breathing,Fixed-Rate Breathing 
89.732,0.728,M7_rr,Metronomic Breathing,Fixed-Rate Breathing 
90.364,0.632,M7_rr,Metronomic Breathing,Fixed-Rate Breathing 
90.952,0.588,M7_rr,Metronomic Breathing,Fixed-Rate Breathing 
91.624,0.672,M7_rr,Metronomic Breathing,Fixed-Rate Breathing 
92.292,0.668,M7_rr,Metronomic Breathing,Fixed-Rate Breathing 
92.892,0.6,M7_rr,Metronomic Breathing,Fixed-Rate Breathing 
93.544,0.652,M7_rr,Metronomic Breathing,Fixed-Rate Breathing 
94.24,0.696,M7_rr,Metronomic Breathing,Fixed-Rate Breathing 
94.844,0.604,M7_rr,Metronomic Breathing,Fixed-Rate Breathing 
95.484,0.64,M7_rr,Metronomic Breathing,Fixed-Rate Breathing 
96.184,0.7,M7_rr,Metronomic Breathing,Fixed-Rate Breathing 
96.804,0.62,M7_rr,Metronomic Breathing,Fixed-Rate Breathing 
97.464,0.66,M7_rr,Metronomic Breathing,Fixed-Rate Breathing 
98.18,0.716,M7_rr,Metronomic Breathing,Fixed-Rate Breathing 
98.812,0.632,M7_rr,Metronomic Breathing,Fixed-Rate Breathing 
99.472,0.66,M7_rr,Metronomic Breathing,Fixed-Rate Breathing 
100.164,0.692,M7_rr,Metronomic Breathing,Fixed-Rate Breathing 
100.784,0.62,M7_rr,Metronomic Breathing,Fixed-Rate Breathing 
101.4,0.616,M7_rr,Metronomic Breathing,Fixed-Rate Breathing 
102.096,0.696,M7_rr,Metronomic Breathing,Fixed-Rate Breathing 
102.752,0.656,M7_rr,Metronomic Breathing,Fixed-Rate Breathing 
103.368,0.616,M7_rr,Metronomic Breathing,Fixed-Rate Breathing 
104.048,0.68,M7_rr,Metronomic Breathing,Fixed-Rate Breathing 
104.7,0.652,M7_rr,Metronomic Breathing,Fixed-Rate Breathing 
105.312,0.612,M7_rr,Metronomic Breathing,Fixed-Rate Breathing 
105.984,0.672,M7_rr,Metronomic Breathing,Fixed-Rate Breathing 
106.672,0.688,M7_rr,Metronomic Breathing,Fixed-Rate Breathing 
107.296,0.624,M7_rr,Metronomic Breathing,Fixed-Rate Breathing 
107.872,0.576,M7_rr,Metronomic Breathing,Fixed-Rate Breathing 
108.552,0.68,M7_rr,Metronomic Breathing,Fixed-Rate Breathing 
109.208,0.656,M7_rr,Metronomic Breathing,Fixed-Rate Breathing 
109.84,0.632,M7_rr,Metronomic Breathing,Fixed-Rate Breathing 
110.536,0.696,M7_rr,Metronomic Breathing,Fixed-Rate Breathing 
111.196,0.66,M7_rr,Metronomic Breathing,Fixed-Rate Breathing 
111.832,0.636,M7_rr,Metronomic Breathing,Fixed-Rate Breathing 
112.512,0.68,M7_rr,Metronomic Breathing,Fixed-Rate Breathing 
113.18,0.668,M7_rr,Metronomic Breathing,Fixed-Rate Breathing 
113.796,0.616,M7_rr,Metronomic Breathing,Fixed-Rate Breathing 
114.488,0.692,M7_rr,Metronomic Breathing,Fixed-Rate Breathing 
115.16,0.672,M7_rr,Metronomic Breathing,Fixed-Rate Breathing 
115.776,0.616,M7_rr,Metronomic Breathing,Fixed-Rate Breathing 
116.432,0.656,M7_rr,Metronomic Breathing,Fixed-Rate Breathing 
117.136,0.704,M7_rr,Metronomic Breathing,Fixed-Rate Breathing 
117.748,0.612,M7_rr,Metronomic Breathing,Fixed-Rate Breathing 
118.392,0.644,M7_rr,Metronomic Breathing,Fixed-Rate Breathing 
119.08,0.688,M7_rr,Metronomic Breathing,Fixed-Rate Breathing 
119.704,0.624,M7_rr,Metronomic Breathing,Fixed-Rate Breathing 
120.348,0.644,M7_rr,Metronomic Breathing,Fixed-Rate Breathing 
121.028,0.68,M7_rr,Metronomic Breathing,Fixed-Rate Breathing 
121.636,0.608,M7_rr,Metronomic Breathing,Fixed-Rate Breathing 
122.244,0.608,M7_rr,Metronomic Breathing,Fixed-Rate Breathing 
122.932,0.688,M7_rr,Metronomic Breathing,Fixed-Rate Breathing 
123.58,0.648,M7_rr,Metronomic Breathing,Fixed-Rate Breathing 
124.252,0.672,M7_rr,Metronomic Breathing,Fixed-Rate Breathing 
124.86,0.608,M7_rr,Metronomic Breathing,Fixed-Rate Breathing 
125.516,0.656,M7_rr,Metronomic Breathing,Fixed-Rate Breathing 
126.196,0.68,M7_rr,Metronomic Breathing,Fixed-Rate Breathing 
126.792,0.596,M7_rr,Metronomic Breathing,Fixed-Rate Breathing 
127.484,0.692,M7_rr,Metronomic Breathing,Fixed-Rate Breathing 
128.168,0.684,M7_rr,Metronomic Breathing,Fixed-Rate Breathing 
128.76,0.592,M7_rr,Metronomic Breathing,Fixed-Rate Breathing 
129.44,0.68,M7_rr,Metronomic Breathing,Fixed-Rate Breathing 
130.152,0.712,M7_rr,Metronomic Breathing,Fixed-Rate Breathing 
130.744,0.592,M7_rr,Metronomic Breathing,Fixed-Rate Breathing 
131.42,0.676,M7_rr,Metronomic Breathing,Fixed-Rate Breathing 
132.128,0.708,M7_rr,Metronomic Breathing,Fixed-Rate Breathing 
132.744,0.616,M7_rr,Metronomic Breathing,Fixed-Rate Breathing 
133.424,0.68,M7_rr,Metronomic Breathing,Fixed-Rate Breathing 
134.132,0.708,M7_rr,Metronomic Breathing,Fixed-Rate Breathing 
134.768,0.636,M7_rr,Metronomic Breathing,Fixed-Rate Breathing 
135.384,0.616,M7_rr,Metronomic Breathing,Fixed-Rate Breathing 
136.088,0.704,M7_rr,Metronomic Breathing,Fixed-Rate Breathing 
136.716,0.628,M7_rr,Metronomic Breathing,Fixed-Rate Breathing 
137.368,0.652,M7_rr,Metronomic Breathing,Fixed-Rate Breathing 
138.0,0.632,M7_rr,Metronomic Breathing,Fixed-Rate Breathing 
138.672,0.672,M7_rr,Metronomic Breathing,Fixed-Rate Breathing 
139.312,0.64,M7_rr,Metronomic Breathing,Fixed-Rate Breathing 
140.008,0.696,M7_rr,Metronomic Breathing,Fixed-Rate Breathing 
140.696,0.688,M7_rr,Metronomic Breathing,Fixed-Rate Breathing 
141.332,0.636,M7_rr,Metronomic Breathing,Fixed-Rate Breathing 
142.024,0.692,M7_rr,Metronomic Breathing,Fixed-Rate Breathing 
142.672,0.648,M7_rr,Metronomic Breathing,Fixed-Rate Breathing 
143.304,0.632,M7_rr,Metronomic Breathing,Fixed-Rate Breathing 
144.0,0.696,M7_rr,Metronomic Breathing,Fixed-Rate Breathing 
144.608,0.608,M7_rr,Metronomic Breathing,Fixed-Rate Breathing 
145.248,0.64,M7_rr,Metronomic Breathing,Fixed-Rate Breathing 
145.932,0.684,M7_rr,Metronomic Breathing,Fixed-Rate Breathing 
146.616,0.684,M7_rr,Metronomic Breathing,Fixed-Rate Breathing 
147.212,0.596,M7_rr,Metronomic Breathing,Fixed-Rate Breathing 
147.86,0.648,M7_rr,Metronomic Breathing,Fixed-Rate Breathing 
148.556,0.696,M7_rr,Metronomic Breathing,Fixed-Rate Breathing 
149.196,0.64,M7_rr,Metronomic Breathing,Fixed-Rate Breathing 
149.796,0.6,M7_rr,Metronomic Breathing,Fixed-Rate Breathing 
150.472,0.676,M7_rr,Metronomic Breathing,Fixed-Rate Breathing 
151.116,0.644,M7_rr,Metronomic Breathing,Fixed-Rate Breathing 
151.756,0.64,M7_rr,Metronomic Breathing,Fixed-Rate Breathing 
152.428,0.672,M7_rr,Metronomic Breathing,Fixed-Rate Breathing 
152.976,0.548,M7_rr,Metronomic Breathing,Fixed-Rate Breathing 
153.644,0.668,M7_rr,Metronomic Breathing,Fixed-Rate Breathing 
154.2,0.556,M7_rr,Metronomic Breathing,Fixed-Rate Breathing 
154.852,0.652,M7_rr,Metronomic Breathing,Fixed-Rate Breathing 
155.544,0.692,M7_rr,Metronomic Breathing,Fixed-Rate Breathing 
156.12,0.576,M7_rr,Metronomic Breathing,Fixed-Rate Breathing 
156.768,0.648,M7_rr,Metronomic Breathing,Fixed-Rate Breathing 
157.464,0.696,M7_rr,Metronomic Breathing,Fixed-Rate Breathing 
158.032,0.568,M7_rr,Metronomic Breathing,Fixed-Rate Breathing 
158.656,0.624,M7_rr,Metronomic Breathing,Fixed-Rate Breathing 
159.372,0.716,M7_rr,Metronomic Breathing,Fixed-Rate Breathing 
159.984,0.612,M7_rr,Metronomic Breathing,Fixed-Rate Breathing 
160.584,0.6,M7_rr,Metronomic Breathing,Fixed-Rate Breathing 
161.268,0.684,M7_rr,Metronomic Breathing,Fixed-Rate Breathing 
161.9,0.632,M7_rr,Metronomic Breathing,Fixed-Rate Breathing 
162.5,0.6,M7_rr,Metronomic Breathing,Fixed-Rate Breathing 
163.204,0.704,M7_rr,Metronomic Breathing,Fixed-Rate Breathing 
163.84,0.636,M7_rr,Metronomic Breathing,Fixed-Rate Breathing 
164.428,0.588,M7_rr,Metronomic Breathing,Fixed-Rate Breathing 
165.124,0.696,M7_rr,Metronomic Breathing,Fixed-Rate Breathing 
165.784,0.66,M7_rr,Metronomic Breathing,Fixed-Rate Breathing 
166.356,0.572,M7_rr,Metronomic Breathing,Fixed-Rate Breathing 
167.044,0.688,M7_rr,Metronomic Breathing,Fixed-Rate Breathing 
167.752,0.708,M7_rr,Metronomic Breathing,Fixed-Rate Breathing 
168.36,0.608,M7_rr,Metronomic Breathing,Fixed-Rate Breathing 
169.012,0.652,M7_rr,Metronomic Breathing,Fixed-Rate Breathing 
169.72,0.708,M7_rr,Metronomic Breathing,Fixed-Rate Breathing 
170.352,0.632,M7_rr,Metronomic Breathing,Fixed-Rate Breathing 
170.94,0.588,M7_rr,Metronomic Breathing,Fixed-Rate Breathing 
171.624,0.684,M7_rr,Metronomic Breathing,Fixed-Rate Breathing 
172.208,0.584,M7_rr,Metronomic Breathing,Fixed-Rate Breathing 
172.84,0.632,M7_rr,Metronomic Breathing,Fixed-Rate Breathing 
173.516,0.676,M7_rr,Metronomic Breathing,Fixed-Rate Breathing 
174.136,0.62,M7_rr,Metronomic Breathing,Fixed-Rate Breathing 
174.756,0.62,M7_rr,Metronomic Breathing,Fixed-Rate Breathing 
175.356,0.6,M7_rr,Metronomic Breathing,Fixed-Rate Breathing 
176.048,0.692,M7_rr,Metronomic Breathing,Fixed-Rate Breathing 
176.72,0.672,M7_rr,Metronomic Breathing,Fixed-Rate Breathing 
177.336,0.616,M7_rr,Metronomic Breathing,Fixed-Rate Breathing 
177.996,0.66,M7_rr,Metronomic Breathing,Fixed-Rate Breathing 
178.68,0.684,M7_rr,Metronomic Breathing,Fixed-Rate Breathing 
179.26,0.58,M7_rr,Metronomic Breathing,Fixed-Rate Breathing 
179.88,0.62,M7_rr,Metronomic Breathing,Fixed-Rate Breathing 
180.52,0.64,M7_rr,Metronomic Breathing,Fixed-Rate Breathing 
181.128,0.608,M7_rr,Metronomic Breathing,Fixed-Rate Breathing 
181.756,0.628,M7_rr,Metronomic Breathing,Fixed-Rate Breathing 
182.428,0.672,M7_rr,Metronomic Breathing,Fixed-Rate Breathing 
183.068,0.64,M7_rr,Metronomic Breathing,Fixed-Rate Breathing 
183.72,0.652,M7_rr,Metronomic Breathing,Fixed-Rate Breathing 
184.388,0.668,M7_rr,Metronomic Breathing,Fixed-Rate Breathing 
185.036,0.648,M7_rr,Metronomic Breathing,Fixed-Rate Breathing 
185.672,0.636,M7_rr,Metronomic Breathing,Fixed-Rate Breathing 
186.336,0.664,M7_rr,Metronomic Breathing,Fixed-Rate Breathing 
186.992,0.656,M7_rr,Metronomic Breathing,Fixed-Rate Breathing 
187.62,0.628,M7_rr,Metronomic Breathing,Fixed-Rate Breathing 
188.28,0.66,M7_rr,Metronomic Breathing,Fixed-Rate Breathing 
188.916,0.636,M7_rr,Metronomic Breathing,Fixed-Rate Breathing 
189.52,0.604,M7_rr,Metronomic Breathing,Fixed-Rate Breathing 
190.156,0.636,M7_rr,Metronomic Breathing,Fixed-Rate Breathing 
190.84,0.684,M7_rr,Metronomic Breathing,Fixed-Rate Breathing 
191.448,0.608,M7_rr,Metronomic Breathing,Fixed-Rate Breathing 
192.06,0.612,M7_rr,Metronomic Breathing,Fixed-Rate Breathing 
192.728,0.668,M7_rr,Metronomic Breathing,Fixed-Rate Breathing 
193.32,0.592,M7_rr,Metronomic Breathing,Fixed-Rate Breathing 
193.904,0.584,M7_rr,Metronomic Breathing,Fixed-Rate Breathing 
194.564,0.66,M7_rr,Metronomic Breathing,Fixed-Rate Breathing 
195.216,0.652,M7_rr,Metronomic Breathing,Fixed-Rate Breathing 
195.804,0.588,M7_rr,Metronomic Breathing,Fixed-Rate Breathing 
196.376,0.572,M7_rr,Metronomic Breathing,Fixed-Rate Breathing 
197.036,0.66,M7_rr,Metronomic Breathing,Fixed-Rate Breathing 
197.708,0.672,M7_rr,Metronomic Breathing,Fixed-Rate Breathing 
198.308,0.6,M7_rr,Metronomic Breathing,Fixed-Rate Breathing 
198.96,0.652,M7_rr,Metronomic Breathing,Fixed-Rate Breathing 
199.64,0.68,M7_rr,Metronomic Breathing,Fixed-Rate Breathing 
200.252,0.612,M7_rr,Metronomic Breathing,Fixed-Rate Breathing 
200.884,0.632,M7_rr,Metronomic Breathing,Fixed-Rate Breathing 
201.56,0.676,M7_rr,Metronomic Breathing,Fixed-Rate Breathing 
202.14,0.58,M7_rr,Metronomic Breathing,Fixed-Rate Breathing 
202.8,0.66,M7_rr,Metronomic Breathing,Fixed-Rate Breathing 
203.472,0.672,M7_rr,Metronomic Breathing,Fixed-Rate Breathing 
204.116,0.644,M7_rr,Metronomic Breathing,Fixed-Rate Breathing 
204.784,0.668,M7_rr,Metronomic Breathing,Fixed-Rate Breathing 
205.376,0.592,M7_rr,Metronomic Breathing,Fixed-Rate Breathing 
206.048,0.672,M7_rr,Metronomic Breathing,Fixed-Rate Breathing 
206.668,0.62,M7_rr,Metronomic Breathing,Fixed-Rate Breathing 
207.344,0.676,M7_rr,Metronomic Breathing,Fixed-Rate Breathing 
208.028,0.684,M7_rr,Metronomic Breathing,Fixed-Rate Breathing 
208.648,0.62,M7_rr,Metronomic Breathing,Fixed-Rate Breathing 
209.316,0.668,M7_rr,Metronomic Breathing,Fixed-Rate Breathing 
210.012,0.696,M7_rr,Metronomic Breathing,Fixed-Rate Breathing 
210.648,0.636,M7_rr,Metronomic Breathing,Fixed-Rate Breathing 
211.304,0.656,M7_rr,Metronomic Breathing,Fixed-Rate Breathing 
212.012,0.708,M7_rr,Metronomic Breathing,Fixed-Rate Breathing 
212.66,0.648,M7_rr,Metronomic Breathing,Fixed-Rate Breathing 
213.316,0.656,M7_rr,Metronomic Breathing,Fixed-Rate Breathing 
214.02,0.704,M7_rr,Metronomic Breathing,Fixed-Rate Breathing 
214.672,0.652,M7_rr,Metronomic Breathing,Fixed-Rate Breathing 
215.348,0.676,M7_rr,Metronomic Breathing,Fixed-Rate Breathing 
216.036,0.688,M7_rr,Metronomic Breathing,Fixed-Rate Breathing 
216.66,0.624,M7_rr,Metronomic Breathing,Fixed-Rate Breathing 
217.312,0.652,M7_rr,Metronomic Breathing,Fixed-Rate Breathing 
217.988,0.676,M7_rr,Metronomic Breathing,Fixed-Rate Breathing 
218.6,0.612,M7_rr,Metronomic Breathing,Fixed-Rate Breathing 
219.176,0.576,M7_rr,Metronomic Breathing,Fixed-Rate Breathing 
219.852,0.676,M7_rr,Metronomic Breathing,Fixed-Rate Breathing 
220.544,0.692,M7_rr,Metronomic Breathing,Fixed-Rate Breathing 
221.132,0.588,M7_rr,Metronomic Breathing,Fixed-Rate Breathing 
221.776,0.644,M7_rr,Metronomic Breathing,Fixed-Rate Breathing 
222.46,0.684,M7_rr,Metronomic Breathing,Fixed-Rate Breathing 
223.048,0.588,M7_rr,Metronomic Breathing,Fixed-Rate Breathing 
223.708,0.66,M7_rr,Metronomic Breathing,Fixed-Rate Breathing 
224.396,0.688,M7_rr,Metronomic Breathing,Fixed-Rate Breathing 
224.956,0.56,M7_rr,Metronomic Breathing,Fixed-Rate Breathing 
225.572,0.616,M7_rr,Metronomic Breathing,Fixed-Rate Breathing 
226.276,0.704,M7_rr,Metronomic Breathing,Fixed-Rate Breathing 
226.928,0.652,M7_rr,Metronomic Breathing,Fixed-Rate Breathing 
227.512,0.584,M7_rr,Metronomic Breathing,Fixed-Rate Breathing 
228.176,0.664,M7_rr,Metronomic Breathing,Fixed-Rate Breathing 
228.848,0.672,M7_rr,Metronomic Breathing,Fixed-Rate Breathing 
229.444,0.596,M7_rr,Metronomic Breathing,Fixed-Rate Breathing 
230.108,0.664,M7_rr,Metronomic Breathing,Fixed-Rate Breathing 
230.8,0.692,M7_rr,Metronomic Breathing,Fixed-Rate Breathing 
231.42,0.62,M7_rr,Metronomic Breathing,Fixed-Rate Breathing 
232.076,0.656,M7_rr,Metronomic Breathing,Fixed-Rate Breathing 
232.76,0.684,M7_rr,Metronomic Breathing,Fixed-Rate Breathing 
233.348,0.588,M7_rr,Metronomic Breathing,Fixed-Rate Breathing 
233.964,0.616,M7_rr,Metronomic Breathing,Fixed-Rate Breathing 
234.656,0.692,M7_rr,Metronomic Breathing,Fixed-Rate Breathing 
235.34,0.684,M7_rr,Metronomic Breathing,Fixed-Rate Breathing 
235.936,0.596,M7_rr,Metronomic Breathing,Fixed-Rate Breathing 
236.6,0.664,M7_rr,Metronomic Breathing,Fixed-Rate Breathing 
237.296,0.696,M7_rr,Metronomic Breathing,Fixed-Rate Breathing 
237.932,0.636,M7_rr,Metronomic Breathing,Fixed-Rate Breathing 
238.568,0.636,M7_rr,Metronomic Breathing,Fixed-Rate Breathing 
239.256,0.688,M7_rr,Metronomic Breathing,Fixed-Rate Breathing 
239.908,0.652,M7_rr,Metronomic Breathing,Fixed-Rate Breathing 
240.572,0.664,M7_rr,Metronomic Breathing,Fixed-Rate Breathing 
241.256,0.684,M7_rr,Metronomic Breathing,Fixed-Rate Breathing 
241.856,0.6,M7_rr,Metronomic Breathing,Fixed-Rate Breathing 
242.508,0.652,M7_rr,Metronomic Breathing,Fixed-Rate Breathing 
243.188,0.68,M7_rr,Metronomic Breathing,Fixed-Rate Breathing 
243.828,0.64,M7_rr,Metronomic Breathing,Fixed-Rate Breathing 
244.492,0.664,M7_rr,Metronomic Breathing,Fixed-Rate Breathing 
245.16,0.668,M7_rr,Metronomic Breathing,Fixed-Rate Breathing 
245.74,0.58,M7_rr,Metronomic Breathing,Fixed-Rate Breathing 
246.312,0.572,M7_rr,Metronomic Breathing,Fixed-Rate Breathing 
247.0,0.688,M7_rr,Metronomic Breathing,Fixed-Rate Breathing 
247.656,0.656,M7_rr,Metronomic Breathing,Fixed-Rate Breathing 
248.292,0.636,M7_rr,Metronomic Breathing,Fixed-Rate Breathing 
248.976,0.684,M7_rr,Metronomic Breathing,Fixed-Rate Breathing 
249.584,0.608,M7_rr,Metronomic Breathing,Fixed-Rate Breathing 
250.14,0.556,M7_rr,Metronomic Breathing,Fixed-Rate Breathing 
250.644,0.504,M7_rr,Metronomic Breathing,Fixed-Rate Breathing 
251.14,0.496,M7_rr,Metronomic Breathing,Fixed-Rate Breathing 
251.64,0.5,M7_rr,Metronomic Breathing,Fixed-Rate Breathing 
252.324,0.684,M7_rr,Metronomic Breathing,Fixed-Rate Breathing 
252.908,0.584,M7_rr,Metronomic Breathing,Fixed-Rate Breathing 
253.516,0.608,M7_rr,Metronomic Breathing,Fixed-Rate Breathing 
254.18,0.664,M7_rr,Metronomic Breathing,Fixed-Rate Breathing 
254.8,0.62,M7_rr,Metronomic Breathing,Fixed-Rate Breathing 
255.44,0.64,M7_rr,Metronomic Breathing,Fixed-Rate Breathing 
256.108,0.668,M7_rr,Metronomic Breathing,Fixed-Rate Breathing 
256.748,0.64,M7_rr,Metronomic Breathing,Fixed-Rate Breathing 
257.42,0.672,M7_rr,Metronomic Breathing,Fixed-Rate Breathing 
258.1,0.68,M7_rr,Metronomic Breathing,Fixed-Rate Breathing 
258.736,0.636,M7_rr,Metronomic Breathing,Fixed-Rate Breathing 
259.388,0.652,M7_rr,Metronomic Breathing,Fixed-Rate Breathing 
260.064,0.676,M7_rr,Metronomic Breathing,Fixed-Rate Breathing 
260.716,0.652,M7_rr,Metronomic Breathing,Fixed-Rate Breathing 
261.348,0.632,M7_rr,Metronomic Breathing,Fixed-Rate Breathing 
262.016,0.668,M7_rr,Metronomic Breathing,Fixed-Rate Breathing 
262.7,0.684,M7_rr,Metronomic Breathing,Fixed-Rate Breathing 
263.344,0.644,M7_rr,Metronomic Breathing,Fixed-Rate Breathing 
263.972,0.628,M7_rr,Metronomic Breathing,Fixed-Rate Breathing 
264.616,0.644,M7_rr,Metronomic Breathing,Fixed-Rate Breathing 
265.264,0.648,M7_rr,Metronomic Breathing,Fixed-Rate Breathing 
265.872,0.608,M7_rr,Metronomic Breathing,Fixed-Rate Breathing 
266.532,0.66,M7_rr,Metronomic Breathing,Fixed-Rate Breathing 
267.22,0.688,M7_rr,Metronomic Breathing,Fixed-Rate Breathing 
267.84,0.62,M7_rr,Metronomic Breathing,Fixed-Rate Breathing 
268.5,0.66,M7_rr,Metronomic Breathing,Fixed-Rate Breathing 
269.176,0.676,M7_rr,Metronomic Breathing,Fixed-Rate Breathing 
269.836,0.66,M7_rr,Metronomic Breathing,Fixed-Rate Breathing 
270.504,0.668,M7_rr,Metronomic Breathing,Fixed-Rate Breathing 
271.168,0.664,M7_rr,Metronomic Breathing,Fixed-Rate Breathing 
271.852,0.684,M7_rr,Metronomic Breathing,Fixed-Rate Breathing 
272.532,0.68,M7_rr,Metronomic Breathing,Fixed-Rate Breathing 
273.208,0.676,M7_rr,Metronomic Breathing,Fixed-Rate Breathing 
273.816,0.608,M7_rr,Metronomic Breathing,Fixed-Rate Breathing 
274.484,0.668,M7_rr,Metronomic Breathing,Fixed-Rate Breathing 
275.172,0.688,M7_rr,Metronomic Breathing,Fixed-Rate Breathing 
275.816,0.644,M7_rr,Metronomic Breathing,Fixed-Rate Breathing 
276.476,0.66,M7_rr,Metronomic Breathing,Fixed-Rate Breathing 
277.144,0.668,M7_rr,Metronomic Breathing,Fixed-Rate Breathing 
277.772,0.628,M7_rr,Metronomic Breathing,Fixed-Rate Breathing 
278.436,0.664,M7_rr,Metronomic Breathing,Fixed-Rate Breathing 
279.128,0.692,M7_rr,Metronomic Breathing,Fixed-Rate Breathing 
279.8,0.672,M7_rr,Metronomic Breathing,Fixed-Rate Breathing 
280.44,0.64,M7_rr,Metronomic Breathing,Fixed-Rate Breathing 
281.14,0.7,M7_rr,Metronomic Breathing,Fixed-Rate Breathing 
281.784,0.644,M7_rr,Metronomic Breathing,Fixed-Rate Breathing 
282.428,0.644,M7_rr,Metronomic Breathing,Fixed-Rate Breathing 
283.088,0.66,M7_rr,Metronomic Breathing,Fixed-Rate Breathing 
283.772,0.684,M7_rr,Metronomic Breathing,Fixed-Rate Breathing 
284.396,0.624,M7_rr,Metronomic Breathing,Fixed-Rate Breathing 
285.004,0.608,M7_rr,Metronomic Breathing,Fixed-Rate Breathing 
285.664,0.66,M7_rr,Metronomic Breathing,Fixed-Rate Breathing 
286.324,0.66,M7_rr,Metronomic Breathing,Fixed-Rate Breathing 
286.94,0.616,M7_rr,Metronomic Breathing,Fixed-Rate Breathing 
287.608,0.668,M7_rr,Metronomic Breathing,Fixed-Rate Breathing 
288.244,0.636,M7_rr,Metronomic Breathing,Fixed-Rate Breathing 
288.856,0.612,M7_rr,Metronomic Breathing,Fixed-Rate Breathing 
289.524,0.668,M7_rr,Metronomic Breathing,Fixed-Rate Breathing 
290.216,0.692,M7_rr,Metronomic Breathing,Fixed-Rate Breathing 
290.848,0.632,M7_rr,Metronomic Breathing,Fixed-Rate Breathing 
291.512,0.664,M7_rr,Metronomic Breathing,Fixed-Rate Breathing 
292.188,0.676,M7_rr,Metronomic Breathing,Fixed-Rate Breathing 
292.848,0.66,M7_rr,Metronomic Breathing,Fixed-Rate Breathing 
293.528,0.68,M7_rr,Metronomic Breathing,Fixed-Rate Breathing 
294.188,0.66,M7_rr,Metronomic Breathing,Fixed-Rate Breathing 
294.824,0.636,M7_rr,Metronomic Breathing,Fixed-Rate Breathing 
295.496,0.672,M7_rr,Metronomic Breathing,Fixed-Rate Breathing 
296.168,0.672,M7_rr,Metronomic Breathing,Fixed-Rate Breathing 
296.82,0.652,M7_rr,Metronomic Breathing,Fixed-Rate Breathing 
297.492,0.672,M7_rr,Metronomic Breathing,Fixed-Rate Breathing 
298.152,0.66,M7_rr,Metronomic Breathing,Fixed-Rate Breathing 
298.744,0.592,M7_rr,Metronomic Breathing,Fixed-Rate Breathing 
299.308,0.564,M7_rr,Metronomic Breathing,Fixed-Rate Breathing 
299.88,0.572,M7_rr,Metronomic Breathing,Fixed-Rate Breathing 
300.548,0.668,M7_rr,Metronomic Breathing,Fixed-Rate Breathing 
301.18,0.632,M7_rr,Metronomic Breathing,Fixed-Rate Breathing 
301.8,0.62,M7_rr,Metronomic Breathing,Fixed-Rate Breathing 
302.452,0.652,M7_rr,Metronomic Breathing,Fixed-Rate Breathing 
303.088,0.636,M7_rr,Metronomic Breathing,Fixed-Rate Breathing 
303.68,0.592,M7_rr,Metronomic Breathing,Fixed-Rate Breathing 
304.3,0.62,M7_rr,Metronomic Breathing,Fixed-Rate Breathing 
304.924,0.624,M7_rr,Metronomic Breathing,Fixed-Rate Breathing 
305.52,0.596,M7_rr,Metronomic Breathing,Fixed-Rate Breathing 
306.18,0.66,M7_rr,Metronomic Breathing,Fixed-Rate Breathing 
