Time,RR_Interval,Subject,Group,State
1.112,0.396,M2_rr,Metronomic Breathing,Fixed-Rate Breathing 
1.556,0.444,M2_rr,Metronomic Breathing,Fixed-Rate Breathing 
2.0,0.444,M2_rr,Metronomic Breathing,Fixed-Rate Breathing 
2.424,0.424,M2_rr,Metronomic Breathing,Fixed-Rate Breathing 
2.824,0.4,M2_rr,Metronomic Breathing,Fixed-Rate Breathing 
3.216,0.392,M2_rr,Metronomic Breathing,Fixed-Rate Breathing 
3.644,0.428,M2_rr,Metronomic Breathing,Fixed-Rate Breathing 
4.12,0.476,M2_rr,Metronomic Breathing,Fixed-Rate Breathing 
4.612,0.492,M2_rr,Metronomic Breathing,Fixed-Rate Breathing 
5.096,0.484,M2_rr,Metronomic Breathing,Fixed-Rate Breathing 
5.536,0.44,M2_rr,Metronomic Breathing,Fixed-Rate Breathing 
5.968,0.432,M2_rr,Metronomic Breathing,Fixed-Rate Breathing 
6.384,0.416,M2_rr,Metronomic Breathing,Fixed-Rate Breathing 
6.812,0.428,M2_rr,Metronomic Breathing,Fixed-Rate Breathing 
7.252,0.44,M2_rr,Metronomic Breathing,Fixed-Rate Breathing 
7.668,0.416,M2_rr,Metronomic Breathing,Fixed-Rate Breathing 
8.076,0.408,M2_rr,Metronomic Breathing,Fixed-Rate Breathing 
8.496,0.42,M2_rr,Metronomic Breathing,Fixed-Rate Breathing 
8.936,0.44,M2_rr,Metronomic Breathing,Fixed-Rate Breathing 
9.372,0.436,M2_rr,Metronomic Breathing,Fixed-Rate Breathing 
9.816,0.444,M2_rr,Metronomic Breathing,Fixed-Rate Breathing 
10.236,0.42,M2_rr,Metronomic Breathing,Fixed-Rate Breathing 
10.66,0.424,M2_rr,Metronomic Breathing,Fixed-Rate Breathing 
11.088,0.428,M2_rr,Metronomic Breathing,Fixed-Rate Breathing 
11.544,0.456,M2_rr,Metronomic Breathing,Fixed-Rate Breathing 
12.024,0.48,M2_rr,Metronomic Breathing,Fixed-Rate Breathing 
12.484,0.46,M2_rr,Metronomic Breathing,Fixed-Rate Breathing 
12.908,0.424,M2_rr,Metronomic Breathing,Fixed-Rate Breathing 
13.336,0.428,M2_rr,Metronomic Breathing,Fixed-Rate Breathing 
13.76,0.424,M2_rr,Metronomic Breathing,Fixed-Rate Breathing 
14.2,0.44,M2_rr,Metronomic Breathing,Fixed-Rate Breathing 
14.64,0.44,M2_rr,Metronomic Breathing,Fixed-Rate Breathing 
15.088,0.448,M2_rr,Metronomic Breathing,Fixed-Rate Breathing 
15.528,0.44,M2_rr,Metronomic Breathing,Fixed-Rate Breathing 
15.956,0.428,M2_rr,Metronomic Breathing,Fixed-Rate Breathing 
16.376,0.42,M2_rr,Metronomic Breathing,Fixed-Rate Breathing 
16.804,0.428,M2_rr,Metronomic Breathing,Fixed-Rate Breathing 
17.268,0.464,M2_rr,Metronomic Breathing,Fixed-Rate Breathing 
17.724,0.456,M2_rr,Metronomic Breathing,Fixed-Rate Breathing 
18.184,0.46,M2_rr,Metronomic Breathing,Fixed-Rate Breathing 
18.64,0.456,M2_rr,Metronomic Breathing,Fixed-Rate Breathing 
19.116,0.476,M2_rr,Metronomic Breathing,Fixed-Rate Breathing 
19.564,0.448,M2_rr,Metronomic Breathing,Fixed-Rate Breathing 
20.0,0.436,M2_rr,Metronomic Breathing,Fixed-Rate Breathing 
20.452,0.452,M2_rr,Metronomic Breathing,Fixed-Rate Breathing 
20.932,0.48,M2_rr,Metronomic Breathing,Fixed-Rate Breathing 
21.408,0.476,M2_rr,Metronomic Breathing,Fixed-Rate Breathing 
21.848,0.44,M2_rr,Metronomic Breathing,Fixed-Rate Breathing 
22.284,0.436,M2_rr,Metronomic Breathing,Fixed-Rate Breathing 
22.736,0.452,M2_rr,Metronomic Breathing,Fixed-Rate Breathing 
23.208,0.472,M2_rr,Metronomic Breathing,Fixed-Rate Breathing 
23.664,0.456,M2_rr,Metronomic Breathing,Fixed-Rate Breathing 
24.108,0.444,M2_rr,Metronomic Breathing,Fixed-Rate Breathing 
24.56,0.452,M2_rr,Metronomic Breathing,Fixed-Rate Breathing 
25.04,0.48,M2_rr,Metronomic Breathing,Fixed-Rate Breathing 
25.504,0.464,M2_rr,Metronomic Breathing,Fixed-Rate Breathing 
25.98,0.476,M2_rr,Metronomic Breathing,Fixed-Rate Breathing 
26.448,0.468,M2_rr,Metronomic Breathing,Fixed-Rate Breathing 
26.944,0.496,M2_rr,Metronomic Breathing,Fixed-Rate Breathing 
27.44,0.496,M2_rr,Metronomic Breathing,Fixed-Rate Breathing 
27.896,0.456,M2_rr,Metronomic Breathing,Fixed-Rate Breathing 
28.344,0.448,M2_rr,Metronomic Breathing,Fixed-Rate Breathing 
28.816,0.472,M2_rr,Metronomic Breathing,Fixed-Rate Breathing 
29.296,0.48,M2_rr,Metronomic Breathing,Fixed-Rate Breathing 
29.752,0.456,M2_rr,Metronomic Breathing,Fixed-Rate Breathing 
30.196,0.444,M2_rr,Metronomic Breathing,Fixed-Rate Breathing 
30.648,0.452,M2_rr,Metronomic Breathing,Fixed-Rate Breathing 
31.12,0.472,M2_rr,Metronomic Breathing,Fixed-Rate Breathing 
31.6,0.48,M2_rr,Metronomic Breathing,Fixed-Rate Breathing 
32.056,0.456,M2_rr,Metronomic Breathing,Fixed-Rate Breathing 
32.492,0.436,M2_rr,Metronomic Breathing,Fixed-Rate Breathing 
32.936,0.444,M2_rr,Metronomic Breathing,Fixed-Rate Breathing 
33.392,0.456,M2_rr,Metronomic Breathing,Fixed-Rate Breathing 
33.84,0.448,M2_rr,Metronomic Breathing,Fixed-Rate Breathing 
34.276,0.436,M2_rr,Metronomic Breathing,Fixed-Rate Breathing 
34.72,0.444,M2_rr,Metronomic Breathing,Fixed-Rate Breathing 
35.172,0.452,M2_rr,Metronomic Breathing,Fixed-Rate Breathing 
35.628,0.456,M2_rr,Metronomic Breathing,Fixed-Rate Breathing 
36.068,0.44,M2_rr,Metronomic Breathing,Fixed-Rate Breathing 
36.504,0.436,M2_rr,Metronomic Breathing,Fixed-Rate Breathing 
36.952,0.448,M2_rr,Metronomic Breathing,Fixed-Rate Breathing 
37.404,0.452,M2_rr,Metronomic Breathing,Fixed-Rate Breathing 
37.864,0.46,M2_rr,Metronomic Breathing,Fixed-Rate Breathing 
38.304,0.44,M2_rr,Metronomic Breathing,Fixed-Rate Breathing 
38.736,0.432,M2_rr,Metronomic Breathing,Fixed-Rate Breathing 
39.192,0.456,M2_rr,Metronomic Breathing,Fixed-Rate Breathing 
39.668,0.476,M2_rr,Metronomic Breathing,Fixed-Rate Breathing 
40.136,0.468,M2_rr,Metronomic Breathing,Fixed-Rate Breathing 
40.58,0.444,M2_rr,Metronomic Breathing,Fixed-Rate Breathing 
41.016,0.436,M2_rr,Metronomic Breathing,Fixed-Rate Breathing 
41.476,0.46,M2_rr,Metronomic Breathing,Fixed-Rate Breathing 
41.932,0.456,M2_rr,Metronomic Breathing,Fixed-Rate Breathing 
42.38,0.448,M2_rr,Metronomic Breathing,Fixed-Rate Breathing 
42.82,0.44,M2_rr,Metronomic Breathing,Fixed-Rate Breathing 
43.276,0.456,M2_rr,Metronomic Breathing,Fixed-Rate Breathing 
43.764,0.488,M2_rr,Metronomic Breathing,Fixed-Rate Breathing 
44.252,0.488,M2_rr,Metronomic Breathing,Fixed-Rate Breathing 
44.704,0.452,M2_rr,Metronomic Breathing,Fixed-Rate Breathing 
45.144,0.44,M2_rr,Metronomic Breathing,Fixed-Rate Breathing 
45.6,0.456,M2_rr,Metronomic Breathing,Fixed-Rate Breathing 
46.068,0.468,M2_rr,Metronomic Breathing,Fixed-Rate Breathing 
46.54,0.472,M2_rr,Metronomic Breathing,Fixed-Rate Breathing 
47.0,0.46,M2_rr,Metronomic Breathing,Fixed-Rate Breathing 
47.484,0.484,M2_rr,Metronomic Breathing,Fixed-Rate Breathing 
47.988,0.504,M2_rr,Metronomic Breathing,Fixed-Rate Breathing 
48.476,0.488,M2_rr,Metronomic Breathing,Fixed-Rate Breathing 
48.94,0.464,M2_rr,Metronomic Breathing,Fixed-Rate Breathing 
49.404,0.464,M2_rr,Metronomic Breathing,Fixed-Rate Breathing 
49.896,0.492,M2_rr,Metronomic Breathing,Fixed-Rate Breathing 
50.388,0.492,M2_rr,Metronomic Breathing,Fixed-Rate Breathing 
50.856,0.468,M2_rr,Metronomic Breathing,Fixed-Rate Breathing 
51.316,0.46,M2_rr,Metronomic Breathing,Fixed-Rate Breathing 
51.78,0.464,M2_rr,Metronomic Breathing,Fixed-Rate Breathing 
52.248,0.468,M2_rr,Metronomic Breathing,Fixed-Rate Breathing 
52.7,0.452,M2_rr,Metronomic Breathing,Fixed-Rate Breathing 
53.14,0.44,M2_rr,Metronomic Breathing,Fixed-Rate Breathing 
53.596,0.456,M2_rr,Metronomic Breathing,Fixed-Rate Breathing 
54.096,0.5,M2_rr,Metronomic Breathing,Fixed-Rate Breathing 
54.584,0.488,M2_rr,Metronomic Breathing,Fixed-Rate Breathing 
55.04,0.456,M2_rr,Metronomic Breathing,Fixed-Rate Breathing 
55.484,0.444,M2_rr,Metronomic Breathing,Fixed-Rate Breathing 
55.94,0.456,M2_rr,Metronomic Breathing,Fixed-Rate Breathing 
56.4,0.46,M2_rr,Metronomic Breathing,Fixed-Rate Breathing 
56.844,0.444,M2_rr,Metronomic Breathing,Fixed-Rate Breathing 
57.272,0.428,M2_rr,Metronomic Breathing,Fixed-Rate Breathing 
57.724,0.452,M2_rr,Metronomic Breathing,Fixed-Rate Breathing 
58.184,0.46,M2_rr,Metronomic Breathing,Fixed-Rate Breathing 
58.612,0.428,M2_rr,Metronomic Breathing,Fixed-Rate Breathing 
59.016,0.404,M2_rr,Metronomic Breathing,Fixed-Rate Breathing 
59.436,0.42,M2_rr,Metronomic Breathing,Fixed-Rate Breathing 
59.92,0.484,M2_rr,Metronomic Breathing,Fixed-Rate Breathing 
60.436,0.516,M2_rr,Metronomic Breathing,Fixed-Rate Breathing 
60.928,0.492,M2_rr,Metronomic Breathing,Fixed-Rate Breathing 
61.392,0.464,M2_rr,Metronomic Breathing,Fixed-Rate Breathing 
61.848,0.456,M2_rr,Metronomic Breathing,Fixed-Rate Breathing 
62.324,0.476,M2_rr,Metronomic Breathing,Fixed-Rate Breathing 
62.824,0.5,M2_rr,Metronomic Breathing,Fixed-Rate Breathing 
63.304,0.48,M2_rr,Metronomic Breathing,Fixed-Rate Breathing 
63.752,0.448,M2_rr,Metronomic Breathing,Fixed-Rate Breathing 
64.188,0.436,M2_rr,Metronomic Breathing,Fixed-Rate Breathing 
64.66,0.472,M2_rr,Metronomic Breathing,Fixed-Rate Breathing 
65.176,0.516,M2_rr,Metronomic Breathing,Fixed-Rate Breathing 
65.652,0.476,M2_rr,Metronomic Breathing,Fixed-Rate Breathing 
66.116,0.464,M2_rr,Metronomic Breathing,Fixed-Rate Breathing 
66.572,0.456,M2_rr,Metronomic Breathing,Fixed-Rate Breathing 
67.024,0.452,M2_rr,Metronomic Breathing,Fixed-Rate Breathing 
67.456,0.432,M2_rr,Metronomic Breathing,Fixed-Rate Breathing 
67.884,0.428,M2_rr,Metronomic Breathing,Fixed-Rate Breathing 
68.344,0.46,M2_rr,Metronomic Breathing,Fixed-Rate Breathing 
68.884,0.54,M2_rr,Metronomic Breathing,Fixed-Rate Breathing 
69.4,0.516,M2_rr,Metronomic Breathing,Fixed-Rate Breathing 
69.876,0.476,M2_rr,Metronomic Breathing,Fixed-Rate Breathing 
70.34,0.464,M2_rr,Metronomic Breathing,Fixed-Rate Breathing 
70.84,0.5,M2_rr,Metronomic Breathing,Fixed-Rate Breathing 
71.344,0.504,M2_rr,Metronomic Breathing,Fixed-Rate Breathing 
71.82,0.476,M2_rr,Metronomic Breathing,Fixed-Rate Breathing 
72.288,0.468,M2_rr,Metronomic Breathing,Fixed-Rate Breathing 
72.776,0.488,M2_rr,Metronomic Breathing,Fixed-Rate Breathing 
73.288,0.512,M2_rr,Metronomic Breathing,Fixed-Rate Breathing 
73.784,0.496,M2_rr,Metronomic Breathing,Fixed-Rate Breathing 
74.256,0.472,M2_rr,Metronomic Breathing,Fixed-Rate Breathing 
74.728,0.472,M2_rr,Metronomic Breathing,Fixed-Rate Breathing 
75.236,0.508,M2_rr,Metronomic Breathing,Fixed-Rate Breathing 
75.712,0.476,M2_rr,Metronomic Breathing,Fixed-Rate Breathing 
76.168,0.456,M2_rr,Metronomic Breathing,Fixed-Rate Breathing 
76.62,0.452,M2_rr,Metronomic Breathing,Fixed-Rate Breathing 
77.112,0.492,M2_rr,Metronomic Breathing,Fixed-Rate Breathing 
77.588,0.476,M2_rr,Metronomic Breathing,Fixed-Rate Breathing 
78.044,0.456,M2_rr,Metronomic Breathing,Fixed-Rate Breathing 
78.488,0.444,M2_rr,Metronomic Breathing,Fixed-Rate Breathing 
78.956,0.468,M2_rr,Metronomic Breathing,Fixed-Rate Breathing 
79.472,0.516,M2_rr,Metronomic Breathing,Fixed-Rate Breathing 
79.964,0.492,M2_rr,Metronomic Breathing,Fixed-Rate Breathing 
80.432,0.468,M2_rr,Metronomic Breathing,Fixed-Rate Breathing 
80.9,0.468,M2_rr,Metronomic Breathing,Fixed-Rate Breathing 
81.404,0.504,M2_rr,Metronomic Breathing,Fixed-Rate Breathing 
81.896,0.492,M2_rr,Metronomic Breathing,Fixed-Rate Breathing 
82.36,0.464,M2_rr,Metronomic Breathing,Fixed-Rate Breathing 
82.812,0.452,M2_rr,Metronomic Breathing,Fixed-Rate Breathing 
83.292,0.48,M2_rr,Metronomic Breathing,Fixed-Rate Breathing 
83.808,0.516,M2_rr,Metronomic Breathing,Fixed-Rate Breathing 
84.292,0.484,M2_rr,Metronomic Breathing,Fixed-Rate Breathing 
84.764,0.472,M2_rr,Metronomic Breathing,Fixed-Rate Breathing 
85.22,0.456,M2_rr,Metronomic Breathing,Fixed-Rate Breathing 
85.72,0.5,M2_rr,Metronomic Breathing,Fixed-Rate Breathing 
86.224,0.504,M2_rr,Metronomic Breathing,Fixed-Rate Breathing 
86.696,0.472,M2_rr,Metronomic Breathing,Fixed-Rate Breathing 
87.16,0.464,M2_rr,Metronomic Breathing,Fixed-Rate Breathing 
87.664,0.504,M2_rr,Metronomic Breathing,Fixed-Rate Breathing 
88.164,0.5,M2_rr,Metronomic Breathing,Fixed-Rate Breathing 
88.62,0.456,M2_rr,Metronomic Breathing,Fixed-Rate Breathing 
89.084,0.464,M2_rr,Metronomic Breathing,Fixed-Rate Breathing 
89.572,0.488,M2_rr,Metronomic Breathing,Fixed-Rate Breathing 
90.068,0.496,M2_rr,Metronomic Breathing,Fixed-Rate Breathing 
90.536,0.468,M2_rr,Metronomic Breathing,Fixed-Rate Breathing 
90.984,0.448,M2_rr,Metronomic Breathing,Fixed-Rate Breathing 
91.456,0.472,M2_rr,Metronomic Breathing,Fixed-Rate Breathing 
91.956,0.5,M2_rr,Metronomic Breathing,Fixed-Rate Breathing 
92.436,0.48,M2_rr,Metronomic Breathing,Fixed-Rate Breathing 
92.888,0.452,M2_rr,Metronomic Breathing,Fixed-Rate Breathing 
93.328,0.44,M2_rr,Metronomic Breathing,Fixed-Rate Breathing 
93.8,0.472,M2_rr,Metronomic Breathing,Fixed-Rate Breathing 
94.288,0.488,M2_rr,Metronomic Breathing,Fixed-Rate Breathing 
94.772,0.484,M2_rr,Metronomic Breathing,Fixed-Rate Breathing 
95.228,0.456,M2_rr,Metronomic Breathing,Fixed-Rate Breathing 
95.688,0.46,M2_rr,Metronomic Breathing,Fixed-Rate Breathing 
96.164,0.476,M2_rr,Metronomic Breathing,Fixed-Rate Breathing 
96.624,0.46,M2_rr,Metronomic Breathing,Fixed-Rate Breathing 
97.072,0.448,M2_rr,Metronomic Breathing,Fixed-Rate Breathing 
97.5,0.428,M2_rr,Metronomic Breathing,Fixed-Rate Breathing 
97.908,0.408,M2_rr,Metronomic Breathing,Fixed-Rate Breathing 
98.312,0.404,M2_rr,Metronomic Breathing,Fixed-Rate Breathing 
98.716,0.404,M2_rr,Metronomic Breathing,Fixed-Rate Breathing 
99.124,0.408,M2_rr,Metronomic Breathing,Fixed-Rate Breathing 
99.552,0.428,M2_rr,Metronomic Breathing,Fixed-Rate Breathing 
100.076,0.524,M2_rr,Metronomic Breathing,Fixed-Rate Breathing 
100.608,0.532,M2_rr,Metronomic Breathing,Fixed-Rate Breathing 
101.112,0.504,M2_rr,Metronomic Breathing,Fixed-Rate Breathing 
101.588,0.476,M2_rr,Metronomic Breathing,Fixed-Rate Breathing 
102.072,0.484,M2_rr,Metronomic Breathing,Fixed-Rate Breathing 
102.588,0.516,M2_rr,Metronomic Breathing,Fixed-Rate Breathing 
103.076,0.488,M2_rr,Metronomic Breathing,Fixed-Rate Breathing 
103.54,0.464,M2_rr,Metronomic Breathing,Fixed-Rate Breathing 
104.008,0.468,M2_rr,Metronomic Breathing,Fixed-Rate Breathing 
104.516,0.508,M2_rr,Metronomic Breathing,Fixed-Rate Breathing 
105.004,0.488,M2_rr,Metronomic Breathing,Fixed-Rate Breathing 
105.456,0.452,M2_rr,Metronomic Breathing,Fixed-Rate Breathing 
105.916,0.46,M2_rr,Metronomic Breathing,Fixed-Rate Breathing 
106.432,0.516,M2_rr,Metronomic Breathing,Fixed-Rate Breathing 
106.92,0.488,M2_rr,Metronomic Breathing,Fixed-Rate Breathing 
107.384,0.464,M2_rr,Metronomic Breathing,Fixed-Rate Breathing 
107.832,0.448,M2_rr,Metronomic Breathing,Fixed-Rate Breathing 
108.304,0.472,M2_rr,Metronomic Breathing,Fixed-Rate Breathing 
108.78,0.476,M2_rr,Metronomic Breathing,Fixed-Rate Breathing 
109.236,0.456,M2_rr,Metronomic Breathing,Fixed-Rate Breathing 
109.668,0.432,M2_rr,Metronomic Breathing,Fixed-Rate Breathing 
110.092,0.424,M2_rr,Metronomic Breathing,Fixed-Rate Breathing 
110.54,0.448,M2_rr,Metronomic Breathing,Fixed-Rate Breathing 
111.004,0.464,M2_rr,Metronomic Breathing,Fixed-Rate Breathing 
111.452,0.448,M2_rr,Metronomic Breathing,Fixed-Rate Breathing 
111.892,0.44,M2_rr,Metronomic Breathing,Fixed-Rate Breathing 
112.336,0.444,M2_rr,Metronomic Breathing,Fixed-Rate Breathing 
112.828,0.492,M2_rr,Metronomic Breathing,Fixed-Rate Breathing 
113.304,0.476,M2_rr,Metronomic Breathing,Fixed-Rate Breathing 
113.764,0.46,M2_rr,Metronomic Breathing,Fixed-Rate Breathing 
114.212,0.448,M2_rr,Metronomic Breathing,Fixed-Rate Breathing 
114.704,0.492,M2_rr,Metronomic Breathing,Fixed-Rate Breathing 
115.192,0.488,M2_rr,Metronomic Breathing,Fixed-Rate Breathing 
115.668,0.476,M2_rr,Metronomic Breathing,Fixed-Rate Breathing 
116.12,0.452,M2_rr,Metronomic Breathing,Fixed-Rate Breathing 
116.572,0.452,M2_rr,Metronomic Breathing,Fixed-Rate Breathing 
117.08,0.508,M2_rr,Metronomic Breathing,Fixed-Rate Breathing 
117.556,0.476,M2_rr,Metronomic Breathing,Fixed-Rate Breathing 
118.008,0.452,M2_rr,Metronomic Breathing,Fixed-Rate Breathing 
118.448,0.44,M2_rr,Metronomic Breathing,Fixed-Rate Breathing 
118.904,0.456,M2_rr,Metronomic Breathing,Fixed-Rate Breathing 
119.396,0.492,M2_rr,Metronomic Breathing,Fixed-Rate Breathing 
119.86,0.464,M2_rr,Metronomic Breathing,Fixed-Rate Breathing 
120.3,0.44,M2_rr,Metronomic Breathing,Fixed-Rate Breathing 
120.744,0.444,M2_rr,Metronomic Breathing,Fixed-Rate Breathing 
121.288,0.544,M2_rr,Metronomic Breathing,Fixed-Rate Breathing 
121.792,0.504,M2_rr,Metronomic Breathing,Fixed-Rate Breathing 
122.252,0.46,M2_rr,Metronomic Breathing,Fixed-Rate Breathing 
122.688,0.436,M2_rr,Metronomic Breathing,Fixed-Rate Breathing 
123.148,0.46,M2_rr,Metronomic Breathing,Fixed-Rate Breathing 
123.632,0.484,M2_rr,Metronomic Breathing,Fixed-Rate Breathing 
124.088,0.456,M2_rr,Metronomic Breathing,Fixed-Rate Breathing 
124.516,0.428,M2_rr,Metronomic Breathing,Fixed-Rate Breathing 
124.948,0.432,M2_rr,Metronomic Breathing,Fixed-Rate Breathing 
125.468,0.52,M2_rr,Metronomic Breathing,Fixed-Rate Breathing 
125.956,0.488,M2_rr,Metronomic Breathing,Fixed-Rate Breathing 
126.404,0.448,M2_rr,Metronomic Breathing,Fixed-Rate Breathing 
126.844,0.44,M2_rr,Metronomic Breathing,Fixed-Rate Breathing 
127.344,0.5,M2_rr,Metronomic Breathing,Fixed-Rate Breathing 
127.856,0.512,M2_rr,Metronomic Breathing,Fixed-Rate Breathing 
128.328,0.472,M2_rr,Metronomic Breathing,Fixed-Rate Breathing 
128.768,0.44,M2_rr,Metronomic Breathing,Fixed-Rate Breathing 
129.172,0.404,M2_rr,Metronomic Breathing,Fixed-Rate Breathing 
129.56,0.388,M2_rr,Metronomic Breathing,Fixed-Rate Breathing 
129.952,0.392,M2_rr,Metronomic Breathing,Fixed-Rate Breathing 
130.352,0.4,M2_rr,Metronomic Breathing,Fixed-Rate Breathing 
130.756,0.404,M2_rr,Metronomic Breathing,Fixed-Rate Breathing 
131.196,0.44,M2_rr,Metronomic Breathing,Fixed-Rate Breathing 
131.724,0.528,M2_rr,Metronomic Breathing,Fixed-Rate Breathing 
132.228,0.504,M2_rr,Metronomic Breathing,Fixed-Rate Breathing 
132.712,0.484,M2_rr,Metronomic Breathing,Fixed-Rate Breathing 
133.18,0.468,M2_rr,Metronomic Breathing,Fixed-Rate Breathing 
133.716,0.536,M2_rr,Metronomic Breathing,Fixed-Rate Breathing 
134.248,0.532,M2_rr,Metronomic Breathing,Fixed-Rate Breathing 
134.756,0.508,M2_rr,Metronomic Breathing,Fixed-Rate Breathing 
135.232,0.476,M2_rr,Metronomic Breathing,Fixed-Rate Breathing 
135.7,0.468,M2_rr,Metronomic Breathing,Fixed-Rate Breathing 
136.224,0.524,M2_rr,Metronomic Breathing,Fixed-Rate Breathing 
136.728,0.504,M2_rr,Metronomic Breathing,Fixed-Rate Breathing 
137.212,0.484,M2_rr,Metronomic Breathing,Fixed-Rate Breathing 
137.7,0.488,M2_rr,Metronomic Breathing,Fixed-Rate Breathing 
138.236,0.536,M2_rr,Metronomic Breathing,Fixed-Rate Breathing 
138.744,0.508,M2_rr,Metronomic Breathing,Fixed-Rate Breathing 
139.232,0.488,M2_rr,Metronomic Breathing,Fixed-Rate Breathing 
139.72,0.488,M2_rr,Metronomic Breathing,Fixed-Rate Breathing 
140.244,0.524,M2_rr,Metronomic Breathing,Fixed-Rate Breathing 
140.74,0.496,M2_rr,Metronomic Breathing,Fixed-Rate Breathing 
141.204,0.464,M2_rr,Metronomic Breathing,Fixed-Rate Breathing 
141.664,0.46,M2_rr,Metronomic Breathing,Fixed-Rate Breathing 
142.192,0.528,M2_rr,Metronomic Breathing,Fixed-Rate Breathing 
142.684,0.492,M2_rr,Metronomic Breathing,Fixed-Rate Breathing 
143.14,0.456,M2_rr,Metronomic Breathing,Fixed-Rate Breathing 
143.596,0.456,M2_rr,Metronomic Breathing,Fixed-Rate Breathing 
144.1,0.504,M2_rr,Metronomic Breathing,Fixed-Rate Breathing 
144.592,0.492,M2_rr,Metronomic Breathing,Fixed-Rate Breathing 
145.056,0.464,M2_rr,Metronomic Breathing,Fixed-Rate Breathing 
145.52,0.464,M2_rr,Metronomic Breathing,Fixed-Rate Breathing 
145.988,0.468,M2_rr,Metronomic Breathing,Fixed-Rate Breathing 
146.508,0.52,M2_rr,Metronomic Breathing,Fixed-Rate Breathing 
147.02,0.512,M2_rr,Metronomic Breathing,Fixed-Rate Breathing 
147.492,0.472,M2_rr,Metronomic Breathing,Fixed-Rate Breathing 
147.936,0.444,M2_rr,Metronomic Breathing,Fixed-Rate Breathing 
148.404,0.468,M2_rr,Metronomic Breathing,Fixed-Rate Breathing 
148.932,0.528,M2_rr,Metronomic Breathing,Fixed-Rate Breathing 
149.424,0.492,M2_rr,Metronomic Breathing,Fixed-Rate Breathing 
149.896,0.472,M2_rr,Metronomic Breathing,Fixed-Rate Breathing 
150.4,0.504,M2_rr,Metronomic Breathing,Fixed-Rate Breathing 
150.916,0.516,M2_rr,Metronomic Breathing,Fixed-Rate Breathing 
151.404,0.488,M2_rr,Metronomic Breathing,Fixed-Rate Breathing 
151.864,0.46,M2_rr,Metronomic Breathing,Fixed-Rate Breathing 
152.332,0.468,M2_rr,Metronomic Breathing,Fixed-Rate Breathing 
152.84,0.508,M2_rr,Metronomic Breathing,Fixed-Rate Breathing 
153.332,0.492,M2_rr,Metronomic Breathing,Fixed-Rate Breathing 
153.808,0.476,M2_rr,Metronomic Breathing,Fixed-Rate Breathing 
154.272,0.464,M2_rr,Metronomic Breathing,Fixed-Rate Breathing 
154.764,0.492,M2_rr,Metronomic Breathing,Fixed-Rate Breathing 
155.264,0.5,M2_rr,Metronomic Breathing,Fixed-Rate Breathing 
155.748,0.484,M2_rr,Metronomic Breathing,Fixed-Rate Breathing 
156.208,0.46,M2_rr,Metronomic Breathing,Fixed-Rate Breathing 
156.68,0.472,M2_rr,Metronomic Breathing,Fixed-Rate Breathing 
157.204,0.524,M2_rr,Metronomic Breathing,Fixed-Rate Breathing 
157.7,0.496,M2_rr,Metronomic Breathing,Fixed-Rate Breathing 
158.168,0.468,M2_rr,Metronomic Breathing,Fixed-Rate Breathing 
158.648,0.48,M2_rr,Metronomic Breathing,Fixed-Rate Breathing 
159.164,0.516,M2_rr,Metronomic Breathing,Fixed-Rate Breathing 
159.652,0.488,M2_rr,Metronomic Breathing,Fixed-Rate Breathing 
160.124,0.472,M2_rr,Metronomic Breathing,Fixed-Rate Breathing 
160.6,0.476,M2_rr,Metronomic Breathing,Fixed-Rate Breathing 
161.12,0.52,M2_rr,Metronomic Breathing,Fixed-Rate Breathing 
161.62,0.5,M2_rr,Metronomic Breathing,Fixed-Rate Breathing 
162.092,0.472,M2_rr,Metronomic Breathing,Fixed-Rate Breathing 
162.548,0.456,M2_rr,Metronomic Breathing,Fixed-Rate Breathing 
163.012,0.464,M2_rr,Metronomic Breathing,Fixed-Rate Breathing 
163.532,0.52,M2_rr,Metronomic Breathing,Fixed-Rate Breathing 
164.024,0.492,M2_rr,Metronomic Breathing,Fixed-Rate Breathing 
164.476,0.452,M2_rr,Metronomic Breathing,Fixed-Rate Breathing 
164.952,0.476,M2_rr,Metronomic Breathing,Fixed-Rate Breathing 
165.488,0.536,M2_rr,Metronomic Breathing,Fixed-Rate Breathing 
165.98,0.492,M2_rr,Metronomic Breathing,Fixed-Rate Breathing 
166.444,0.464,M2_rr,Metronomic Breathing,Fixed-Rate Breathing 
166.9,0.456,M2_rr,Metronomic Breathing,Fixed-Rate Breathing 
167.416,0.516,M2_rr,Metronomic Breathing,Fixed-Rate Breathing 
167.908,0.492,M2_rr,Metronomic Breathing,Fixed-Rate Breathing 
168.372,0.464,M2_rr,Metronomic Breathing,Fixed-Rate Breathing 
168.816,0.444,M2_rr,Metronomic Breathing,Fixed-Rate Breathing 
169.292,0.476,M2_rr,Metronomic Breathing,Fixed-Rate Breathing 
169.82,0.528,M2_rr,Metronomic Breathing,Fixed-Rate Breathing 
170.312,0.492,M2_rr,Metronomic Breathing,Fixed-Rate Breathing 
170.776,0.464,M2_rr,Metronomic Breathing,Fixed-Rate Breathing 
171.228,0.452,M2_rr,Metronomic Breathing,Fixed-Rate Breathing 
171.764,0.536,M2_rr,Metronomic Breathing,Fixed-Rate Breathing 
172.272,0.508,M2_rr,Metronomic Breathing,Fixed-Rate Breathing 
172.744,0.472,M2_rr,Metronomic Breathing,Fixed-Rate Breathing 
173.196,0.452,M2_rr,Metronomic Breathing,Fixed-Rate Breathing 
173.68,0.484,M2_rr,Metronomic Breathing,Fixed-Rate Breathing 
174.184,0.504,M2_rr,Metronomic Breathing,Fixed-Rate Breathing 
174.66,0.476,M2_rr,Metronomic Breathing,Fixed-Rate Breathing 
175.108,0.448,M2_rr,Metronomic Breathing,Fixed-Rate Breathing 
175.52,0.412,M2_rr,Metronomic Breathing,Fixed-Rate Breathing 
175.936,0.416,M2_rr,Metronomic Breathing,Fixed-Rate Breathing 
176.368,0.432,M2_rr,Metronomic Breathing,Fixed-Rate Breathing 
176.832,0.464,M2_rr,Metronomic Breathing,Fixed-Rate Breathing 
177.352,0.52,M2_rr,Metronomic Breathing,Fixed-Rate Breathing 
177.852,0.5,M2_rr,Metronomic Breathing,Fixed-Rate Breathing 
178.332,0.48,M2_rr,Metronomic Breathing,Fixed-Rate Breathing 
178.792,0.46,M2_rr,Metronomic Breathing,Fixed-Rate Breathing 
179.244,0.452,M2_rr,Metronomic Breathing,Fixed-Rate Breathing 
179.728,0.484,M2_rr,Metronomic Breathing,Fixed-Rate Breathing 
180.236,0.508,M2_rr,Metronomic Breathing,Fixed-Rate Breathing 
180.72,0.484,M2_rr,Metronomic Breathing,Fixed-Rate Breathing 
181.196,0.476,M2_rr,Metronomic Breathing,Fixed-Rate Breathing 
181.66,0.464,M2_rr,Metronomic Breathing,Fixed-Rate Breathing 
182.176,0.516,M2_rr,Metronomic Breathing,Fixed-Rate Breathing 
182.66,0.484,M2_rr,Metronomic Breathing,Fixed-Rate Breathing 
183.12,0.46,M2_rr,Metronomic Breathing,Fixed-Rate Breathing 
183.576,0.456,M2_rr,Metronomic Breathing,Fixed-Rate Breathing 
184.076,0.5,M2_rr,Metronomic Breathing,Fixed-Rate Breathing 
184.572,0.496,M2_rr,Metronomic Breathing,Fixed-Rate Breathing 
185.056,0.484,M2_rr,Metronomic Breathing,Fixed-Rate Breathing 
185.496,0.44,M2_rr,Metronomic Breathing,Fixed-Rate Breathing 
185.96,0.464,M2_rr,Metronomic Breathing,Fixed-Rate Breathing 
186.416,0.456,M2_rr,Metronomic Breathing,Fixed-Rate Breathing 
186.86,0.444,M2_rr,Metronomic Breathing,Fixed-Rate Breathing 
187.296,0.436,M2_rr,Metronomic Breathing,Fixed-Rate Breathing 
187.728,0.432,M2_rr,Metronomic Breathing,Fixed-Rate Breathing 
188.18,0.452,M2_rr,Metronomic Breathing,Fixed-Rate Breathing 
188.66,0.48,M2_rr,Metronomic Breathing,Fixed-Rate Breathing 
189.112,0.452,M2_rr,Metronomic Breathing,Fixed-Rate Breathing 
189.54,0.428,M2_rr,Metronomic Breathing,Fixed-Rate Breathing 
189.964,0.424,M2_rr,Metronomic Breathing,Fixed-Rate Breathing 
190.444,0.48,M2_rr,Metronomic Breathing,Fixed-Rate Breathing 
190.916,0.472,M2_rr,Metronomic Breathing,Fixed-Rate Breathing 
191.36,0.444,M2_rr,Metronomic Breathing,Fixed-Rate Breathing 
191.796,0.436,M2_rr,Metronomic Breathing,Fixed-Rate Breathing 
192.24,0.444,M2_rr,Metronomic Breathing,Fixed-Rate Breathing 
192.752,0.512,M2_rr,Metronomic Breathing,Fixed-Rate Breathing 
193.24,0.488,M2_rr,Metronomic Breathing,Fixed-Rate Breathing 
193.696,0.456,M2_rr,Metronomic Breathing,Fixed-Rate Breathing 
194.132,0.436,M2_rr,Metronomic Breathing,Fixed-Rate Breathing 
194.592,0.46,M2_rr,Metronomic Breathing,Fixed-Rate Breathing 
195.136,0.544,M2_rr,Metronomic Breathing,Fixed-Rate Breathing 
195.628,0.492,M2_rr,Metronomic Breathing,Fixed-Rate Breathing 
196.104,0.476,M2_rr,Metronomic Breathing,Fixed-Rate Breathing 
196.564,0.46,M2_rr,Metronomic Breathing,Fixed-Rate Breathing 
196.996,0.432,M2_rr,Metronomic Breathing,Fixed-Rate Breathing 
197.4,0.404,M2_rr,Metronomic Breathing,Fixed-Rate Breathing 
197.78,0.38,M2_rr,Metronomic Breathing,Fixed-Rate Breathing 
198.168,0.388,M2_rr,Metronomic Breathing,Fixed-Rate Breathing 
198.58,0.412,M2_rr,Metronomic Breathing,Fixed-Rate Breathing 
199.016,0.436,M2_rr,Metronomic Breathing,Fixed-Rate Breathing 
199.468,0.452,M2_rr,Metronomic Breathing,Fixed-Rate Breathing 
199.92,0.452,M2_rr,Metronomic Breathing,Fixed-Rate Breathing 
200.38,0.46,M2_rr,Metronomic Breathing,Fixed-Rate Breathing 
200.892,0.512,M2_rr,Metronomic Breathing,Fixed-Rate Breathing 
201.404,0.512,M2_rr,Metronomic Breathing,Fixed-Rate Breathing 
201.892,0.488,M2_rr,Metronomic Breathing,Fixed-Rate Breathing 
202.352,0.46,M2_rr,Metronomic Breathing,Fixed-Rate Breathing 
202.812,0.46,M2_rr,Metronomic Breathing,Fixed-Rate Breathing 
203.324,0.512,M2_rr,Metronomic Breathing,Fixed-Rate Breathing 
203.82,0.496,M2_rr,Metronomic Breathing,Fixed-Rate Breathing 
204.292,0.472,M2_rr,Metronomic Breathing,Fixed-Rate Breathing 
204.756,0.464,M2_rr,Metronomic Breathing,Fixed-Rate Breathing 
205.276,0.52,M2_rr,Metronomic Breathing,Fixed-Rate Breathing 
205.8,0.524,M2_rr,Metronomic Breathing,Fixed-Rate Breathing 
206.284,0.484,M2_rr,Metronomic Breathing,Fixed-Rate Breathing 
206.736,0.452,M2_rr,Metronomic Breathing,Fixed-Rate Breathing 
207.22,0.484,M2_rr,Metronomic Breathing,Fixed-Rate Breathing 
207.712,0.492,M2_rr,Metronomic Breathing,Fixed-Rate Breathing 
208.18,0.468,M2_rr,Metronomic Breathing,Fixed-Rate Breathing 
208.624,0.444,M2_rr,Metronomic Breathing,Fixed-Rate Breathing 
209.056,0.432,M2_rr,Metronomic Breathing,Fixed-Rate Breathing 
209.5,0.444,M2_rr,Metronomic Breathing,Fixed-Rate Breathing 
209.976,0.476,M2_rr,Metronomic Breathing,Fixed-Rate Breathing 
210.436,0.46,M2_rr,Metronomic Breathing,Fixed-Rate Breathing 
210.872,0.436,M2_rr,Metronomic Breathing,Fixed-Rate Breathing 
211.312,0.44,M2_rr,Metronomic Breathing,Fixed-Rate Breathing 
211.824,0.512,M2_rr,Metronomic Breathing,Fixed-Rate Breathing 
212.312,0.488,M2_rr,Metronomic Breathing,Fixed-Rate Breathing 
212.764,0.452,M2_rr,Metronomic Breathing,Fixed-Rate Breathing 
213.192,0.428,M2_rr,Metronomic Breathing,Fixed-Rate Breathing 
213.624,0.432,M2_rr,Metronomic Breathing,Fixed-Rate Breathing 
214.076,0.452,M2_rr,Metronomic Breathing,Fixed-Rate Breathing 
214.536,0.46,M2_rr,Metronomic Breathing,Fixed-Rate Breathing 
214.96,0.424,M2_rr,Metronomic Breathing,Fixed-Rate Breathing 
215.372,0.412,M2_rr,Metronomic Breathing,Fixed-Rate Breathing 
215.828,0.456,M2_rr,Metronomic Breathing,Fixed-Rate Breathing 
216.316,0.488,M2_rr,Metronomic Breathing,Fixed-Rate Breathing 
216.784,0.468,M2_rr,Metronomic Breathing,Fixed-Rate Breathing 
217.224,0.44,M2_rr,Metronomic Breathing,Fixed-Rate Breathing 
217.704,0.48,M2_rr,Metronomic Breathing,Fixed-Rate Breathing 
218.188,0.484,M2_rr,Metronomic Breathing,Fixed-Rate Breathing 
218.644,0.456,M2_rr,Metronomic Breathing,Fixed-Rate Breathing 
219.084,0.44,M2_rr,Metronomic Breathing,Fixed-Rate Breathing 
219.524,0.44,M2_rr,Metronomic Breathing,Fixed-Rate Breathing 
219.984,0.46,M2_rr,Metronomic Breathing,Fixed-Rate Breathing 
220.468,0.484,M2_rr,Metronomic Breathing,Fixed-Rate Breathing 
220.916,0.448,M2_rr,Metronomic Breathing,Fixed-Rate Breathing 
221.344,0.428,M2_rr,Metronomic Breathing,Fixed-Rate Breathing 
221.748,0.404,M2_rr,Metronomic Breathing,Fixed-Rate Breathing 
222.148,0.4,M2_rr,Metronomic Breathing,Fixed-Rate Breathing 
222.544,0.396,M2_rr,Metronomic Breathing,Fixed-Rate Breathing 
222.952,0.408,M2_rr,Metronomic Breathing,Fixed-Rate Breathing 
223.396,0.444,M2_rr,Metronomic Breathing,Fixed-Rate Breathing 
223.9,0.504,M2_rr,Metronomic Breathing,Fixed-Rate Breathing 
224.384,0.484,M2_rr,Metronomic Breathing,Fixed-Rate Breathing 
224.848,0.464,M2_rr,Metronomic Breathing,Fixed-Rate Breathing 
225.304,0.456,M2_rr,Metronomic Breathing,Fixed-Rate Breathing 
225.736,0.432,M2_rr,Metronomic Breathing,Fixed-Rate Breathing 
226.152,0.416,M2_rr,Metronomic Breathing,Fixed-Rate Breathing 
226.564,0.412,M2_rr,Metronomic Breathing,Fixed-Rate Breathing 
226.972,0.408,M2_rr,Metronomic Breathing,Fixed-Rate Breathing 
227.388,0.416,M2_rr,Metronomic Breathing,Fixed-Rate Breathing 
227.812,0.424,M2_rr,Metronomic Breathing,Fixed-Rate Breathing 
228.272,0.46,M2_rr,Metronomic Breathing,Fixed-Rate Breathing 
228.792,0.52,M2_rr,Metronomic Breathing,Fixed-Rate Breathing 
229.284,0.492,M2_rr,Metronomic Breathing,Fixed-Rate Breathing 
229.748,0.464,M2_rr,Metronomic Breathing,Fixed-Rate Breathing 
230.2,0.452,M2_rr,Metronomic Breathing,Fixed-Rate Breathing 
230.68,0.48,M2_rr,Metronomic Breathing,Fixed-Rate Breathing 
231.172,0.492,M2_rr,Metronomic Breathing,Fixed-Rate Breathing 
231.64,0.468,M2_rr,Metronomic Breathing,Fixed-Rate Breathing 
232.088,0.448,M2_rr,Metronomic Breathing,Fixed-Rate Breathing 
232.532,0.444,M2_rr,Metronomic Breathing,Fixed-Rate Breathing 
232.992,0.46,M2_rr,Metronomic Breathing,Fixed-Rate Breathing 
233.46,0.468,M2_rr,Metronomic Breathing,Fixed-Rate Breathing 
233.904,0.444,M2_rr,Metronomic Breathing,Fixed-Rate Breathing 
234.332,0.428,M2_rr,Metronomic Breathing,Fixed-Rate Breathing 
234.768,0.436,M2_rr,Metronomic Breathing,Fixed-Rate Breathing 
235.26,0.492,M2_rr,Metronomic Breathing,Fixed-Rate Breathing 
235.732,0.472,M2_rr,Metronomic Breathing,Fixed-Rate Breathing 
236.176,0.444,M2_rr,Metronomic Breathing,Fixed-Rate Breathing 
236.608,0.432,M2_rr,Metronomic Breathing,Fixed-Rate Breathing 
237.044,0.436,M2_rr,Metronomic Breathing,Fixed-Rate Breathing 
237.508,0.464,M2_rr,Metronomic Breathing,Fixed-Rate Breathing 
237.964,0.456,M2_rr,Metronomic Breathing,Fixed-Rate Breathing 
238.4,0.436,M2_rr,Metronomic Breathing,Fixed-Rate Breathing 
238.812,0.412,M2_rr,Metronomic Breathing,Fixed-Rate Breathing 
239.224,0.412,M2_rr,Metronomic Breathing,Fixed-Rate Breathing 
239.656,0.432,M2_rr,Metronomic Breathing,Fixed-Rate Breathing 
240.148,0.492,M2_rr,Metronomic Breathing,Fixed-Rate Breathing 
240.652,0.504,M2_rr,Metronomic Breathing,Fixed-Rate Breathing 
241.14,0.488,M2_rr,Metronomic Breathing,Fixed-Rate Breathing 
241.62,0.48,M2_rr,Metronomic Breathing,Fixed-Rate Breathing 
242.072,0.452,M2_rr,Metronomic Breathing,Fixed-Rate Breathing 
242.52,0.448,M2_rr,Metronomic Breathing,Fixed-Rate Breathing 
243.0,0.48,M2_rr,Metronomic Breathing,Fixed-Rate Breathing 
243.492,0.492,M2_rr,Metronomic Breathing,Fixed-Rate Breathing 
243.948,0.456,M2_rr,Metronomic Breathing,Fixed-Rate Breathing 
244.38,0.432,M2_rr,Metronomic Breathing,Fixed-Rate Breathing 
244.824,0.444,M2_rr,Metronomic Breathing,Fixed-Rate Breathing 
245.26,0.436,M2_rr,Metronomic Breathing,Fixed-Rate Breathing 
245.7,0.44,M2_rr,Metronomic Breathing,Fixed-Rate Breathing 
246.124,0.424,M2_rr,Metronomic Breathing,Fixed-Rate Breathing 
246.556,0.432,M2_rr,Metronomic Breathing,Fixed-Rate Breathing 
247.052,0.496,M2_rr,Metronomic Breathing,Fixed-Rate Breathing 
247.54,0.488,M2_rr,Metronomic Breathing,Fixed-Rate Breathing 
248.004,0.464,M2_rr,Metronomic Breathing,Fixed-Rate Breathing 
248.44,0.436,M2_rr,Metronomic Breathing,Fixed-Rate Breathing 
248.888,0.448,M2_rr,Metronomic Breathing,Fixed-Rate Breathing 
249.332,0.444,M2_rr,Metronomic Breathing,Fixed-Rate Breathing 
249.772,0.44,M2_rr,Metronomic Breathing,Fixed-Rate Breathing 
250.204,0.432,M2_rr,Metronomic Breathing,Fixed-Rate Breathing 
250.624,0.42,M2_rr,Metronomic Breathing,Fixed-Rate Breathing 
251.044,0.42,M2_rr,Metronomic Breathing,Fixed-Rate Breathing 
251.456,0.412,M2_rr,Metronomic Breathing,Fixed-Rate Breathing 
251.86,0.404,M2_rr,Metronomic Breathing,Fixed-Rate Breathing 
252.264,0.404,M2_rr,Metronomic Breathing,Fixed-Rate Breathing 
252.684,0.42,M2_rr,Metronomic Breathing,Fixed-Rate Breathing 
253.132,0.448,M2_rr,Metronomic Breathing,Fixed-Rate Breathing 
253.604,0.472,M2_rr,Metronomic Breathing,Fixed-Rate Breathing 
254.064,0.46,M2_rr,Metronomic Breathing,Fixed-Rate Breathing 
254.508,0.444,M2_rr,Metronomic Breathing,Fixed-Rate Breathing 
254.956,0.448,M2_rr,Metronomic Breathing,Fixed-Rate Breathing 
255.42,0.464,M2_rr,Metronomic Breathing,Fixed-Rate Breathing 
255.912,0.492,M2_rr,Metronomic Breathing,Fixed-Rate Breathing 
256.4,0.488,M2_rr,Metronomic Breathing,Fixed-Rate Breathing 
256.86,0.46,M2_rr,Metronomic Breathing,Fixed-Rate Breathing 
257.3,0.44,M2_rr,Metronomic Breathing,Fixed-Rate Breathing 
257.72,0.42,M2_rr,Metronomic Breathing,Fixed-Rate Breathing 
258.136,0.416,M2_rr,Metronomic Breathing,Fixed-Rate Breathing 
258.592,0.456,M2_rr,Metronomic Breathing,Fixed-Rate Breathing 
259.056,0.464,M2_rr,Metronomic Breathing,Fixed-Rate Breathing 
259.512,0.456,M2_rr,Metronomic Breathing,Fixed-Rate Breathing 
259.984,0.472,M2_rr,Metronomic Breathing,Fixed-Rate Breathing 
260.48,0.496,M2_rr,Metronomic Breathing,Fixed-Rate Breathing 
260.956,0.476,M2_rr,Metronomic Breathing,Fixed-Rate Breathing 
261.408,0.452,M2_rr,Metronomic Breathing,Fixed-Rate Breathing 
261.856,0.448,M2_rr,Metronomic Breathing,Fixed-Rate Breathing 
262.328,0.472,M2_rr,Metronomic Breathing,Fixed-Rate Breathing 
262.812,0.484,M2_rr,Metronomic Breathing,Fixed-Rate Breathing 
263.272,0.46,M2_rr,Metronomic Breathing,Fixed-Rate Breathing 
263.716,0.444,M2_rr,Metronomic Breathing,Fixed-Rate Breathing 
264.16,0.444,M2_rr,Metronomic Breathing,Fixed-Rate Breathing 
264.644,0.484,M2_rr,Metronomic Breathing,Fixed-Rate Breathing 
265.112,0.468,M2_rr,Metronomic Breathing,Fixed-Rate Breathing 
265.568,0.456,M2_rr,Metronomic Breathing,Fixed-Rate Breathing 
266.012,0.444,M2_rr,Metronomic Breathing,Fixed-Rate Breathing 
266.488,0.476,M2_rr,Metronomic Breathing,Fixed-Rate Breathing 
266.956,0.468,M2_rr,Metronomic Breathing,Fixed-Rate Breathing 
267.404,0.448,M2_rr,Metronomic Breathing,Fixed-Rate Breathing 
267.832,0.428,M2_rr,Metronomic Breathing,Fixed-Rate Breathing 
268.268,0.436,M2_rr,Metronomic Breathing,Fixed-Rate Breathing 
268.728,0.46,M2_rr,Metronomic Breathing,Fixed-Rate Breathing 
269.18,0.452,M2_rr,Metronomic Breathing,Fixed-Rate Breathing 
269.612,0.432,M2_rr,Metronomic Breathing,Fixed-Rate Breathing 
270.04,0.428,M2_rr,Metronomic Breathing,Fixed-Rate Breathing 
270.488,0.448,M2_rr,Metronomic Breathing,Fixed-Rate Breathing 
270.932,0.444,M2_rr,Metronomic Breathing,Fixed-Rate Breathing 
271.372,0.44,M2_rr,Metronomic Breathing,Fixed-Rate Breathing 
271.804,0.432,M2_rr,Metronomic Breathing,Fixed-Rate Breathing 
272.24,0.436,M2_rr,Metronomic Breathing,Fixed-Rate Breathing 
272.696,0.456,M2_rr,Metronomic Breathing,Fixed-Rate Breathing 
273.152,0.456,M2_rr,Metronomic Breathing,Fixed-Rate Breathing 
273.592,0.44,M2_rr,Metronomic Breathing,Fixed-Rate Breathing 
274.02,0.428,M2_rr,Metronomic Breathing,Fixed-Rate Breathing 
274.452,0.432,M2_rr,Metronomic Breathing,Fixed-Rate Breathing 
274.9,0.448,M2_rr,Metronomic Breathing,Fixed-Rate Breathing 
275.352,0.452,M2_rr,Metronomic Breathing,Fixed-Rate Breathing 
275.792,0.44,M2_rr,Metronomic Breathing,Fixed-Rate Breathing 
276.22,0.428,M2_rr,Metronomic Breathing,Fixed-Rate Breathing 
276.648,0.428,M2_rr,Metronomic Breathing,Fixed-Rate Breathing 
277.092,0.444,M2_rr,Metronomic Breathing,Fixed-Rate Breathing 
277.54,0.448,M2_rr,Metronomic Breathing,Fixed-Rate Breathing 
277.98,0.44,M2_rr,Metronomic Breathing,Fixed-Rate Breathing 
278.416,0.436,M2_rr,Metronomic Breathing,Fixed-Rate Breathing 
278.872,0.456,M2_rr,Metronomic Breathing,Fixed-Rate Breathing 
279.344,0.472,M2_rr,Metronomic Breathing,Fixed-Rate Breathing 
279.8,0.456,M2_rr,Metronomic Breathing,Fixed-Rate Breathing 
280.244,0.444,M2_rr,Metronomic Breathing,Fixed-Rate Breathing 
280.676,0.432,M2_rr,Metronomic Breathing,Fixed-Rate Breathing 
281.128,0.452,M2_rr,Metronomic Breathing,Fixed-Rate Breathing 
281.58,0.452,M2_rr,Metronomic Breathing,Fixed-Rate Breathing 
282.02,0.44,M2_rr,Metronomic Breathing,Fixed-Rate Breathing 
282.46,0.44,M2_rr,Metronomic Breathing,Fixed-Rate Breathing 
282.916,0.456,M2_rr,Metronomic Breathing,Fixed-Rate Breathing 
283.372,0.456,M2_rr,Metronomic Breathing,Fixed-Rate Breathing 
283.812,0.44,M2_rr,Metronomic Breathing,Fixed-Rate Breathing 
284.244,0.432,M2_rr,Metronomic Breathing,Fixed-Rate Breathing 
284.684,0.44,M2_rr,Metronomic Breathing,Fixed-Rate Breathing 
285.16,0.476,M2_rr,Metronomic Breathing,Fixed-Rate Breathing 
285.648,0.488,M2_rr,Metronomic Breathing,Fixed-Rate Breathing 
286.12,0.472,M2_rr,Metronomic Breathing,Fixed-Rate Breathing 
286.576,0.456,M2_rr,Metronomic Breathing,Fixed-Rate Breathing 
287.024,0.448,M2_rr,Metronomic Breathing,Fixed-Rate Breathing 
287.504,0.48,M2_rr,Metronomic Breathing,Fixed-Rate Breathing 
287.976,0.472,M2_rr,Metronomic Breathing,Fixed-Rate Breathing 
288.432,0.456,M2_rr,Metronomic Breathing,Fixed-Rate Breathing 
288.892,0.46,M2_rr,Metronomic Breathing,Fixed-Rate Breathing 
289.356,0.464,M2_rr,Metronomic Breathing,Fixed-Rate Breathing 
289.832,0.476,M2_rr,Metronomic Breathing,Fixed-Rate Breathing 
290.296,0.464,M2_rr,Metronomic Breathing,Fixed-Rate Breathing 
290.752,0.456,M2_rr,Metronomic Breathing,Fixed-Rate Breathing 
291.204,0.452,M2_rr,Metronomic Breathing,Fixed-Rate Breathing 
291.652,0.448,M2_rr,Metronomic Breathing,Fixed-Rate Breathing 
292.112,0.46,M2_rr,Metronomic Breathing,Fixed-Rate Breathing 
292.556,0.444,M2_rr,Metronomic Breathing,Fixed-Rate Breathing 
292.992,0.436,M2_rr,Metronomic Breathing,Fixed-Rate Breathing 
293.432,0.44,M2_rr,Metronomic Breathing,Fixed-Rate Breathing 
293.916,0.484,M2_rr,Metronomic Breathing,Fixed-Rate Breathing 
294.384,0.468,M2_rr,Metronomic Breathing,Fixed-Rate Breathing 
294.836,0.452,M2_rr,Metronomic Breathing,Fixed-Rate Breathing 
295.288,0.452,M2_rr,Metronomic Breathing,Fixed-Rate Breathing 
295.748,0.46,M2_rr,Metronomic Breathing,Fixed-Rate Breathing 
296.216,0.468,M2_rr,Metronomic Breathing,Fixed-Rate Breathing 
296.68,0.464,M2_rr,Metronomic Breathing,Fixed-Rate Breathing 
297.14,0.46,M2_rr,Metronomic Breathing,Fixed-Rate Breathing 
297.6,0.46,M2_rr,Metronomic Breathing,Fixed-Rate Breathing 
298.072,0.472,M2_rr,Metronomic Breathing,Fixed-Rate Breathing 
298.532,0.46,M2_rr,Metronomic Breathing,Fixed-Rate Breathing 
298.976,0.444,M2_rr,Metronomic Breathing,Fixed-Rate Breathing 
299.416,0.44,M2_rr,Metronomic Breathing,Fixed-Rate Breathing 
299.864,0.448,M2_rr,Metronomic Breathing,Fixed-Rate Breathing 
300.324,0.46,M2_rr,Metronomic Breathing,Fixed-Rate Breathing 
300.78,0.456,M2_rr,Metronomic Breathing,Fixed-Rate Breathing 
301.212,0.432,M2_rr,Metronomic Breathing,Fixed-Rate Breathing 
301.652,0.44,M2_rr,Metronomic Breathing,Fixed-Rate Breathing 
302.112,0.46,M2_rr,Metronomic Breathing,Fixed-Rate Breathing 
302.58,0.468,M2_rr,Metronomic Breathing,Fixed-Rate Breathing 
303.024,0.444,M2_rr,Metronomic Breathing,Fixed-Rate Breathing 
303.464,0.44,M2_rr,Metronomic Breathing,Fixed-Rate Breathing 
303.908,0.444,M2_rr,Metronomic Breathing,Fixed-Rate Breathing 
304.36,0.452,M2_rr,Metronomic Breathing,Fixed-Rate Breathing 
304.808,0.448,M2_rr,Metronomic Breathing,Fixed-Rate Breathing 
305.248,0.44,M2_rr,Metronomic Breathing,Fixed-Rate Breathing 
305.692,0.444,M2_rr,Metronomic Breathing,Fixed-Rate Breathing 
306.164,0.472,M2_rr,Metronomic Breathing,Fixed-Rate Breathing 
306.632,0.468,M2_rr,Metronomic Breathing,Fixed-Rate Breathing 
