Time,RR_Interval,Subject,Group,State
1.076,0.392,M8_rr,Metronomic Breathing,Fixed-Rate Breathing 
1.476,0.4,M8_rr,Metronomic Breathing,Fixed-Rate Breathing 
1.884,0.408,M8_rr,Metronomic Breathing,Fixed-Rate Breathing 
2.316,0.432,M8_rr,Metronomic Breathing,Fixed-Rate Breathing 
2.76,0.444,M8_rr,Metronomic Breathing,Fixed-Rate Breathing 
3.196,0.436,M8_rr,Metronomic Breathing,Fixed-Rate Breathing 
3.616,0.42,M8_rr,Metronomic Breathing,Fixed-Rate Breathing 
4.032,0.416,M8_rr,Metronomic Breathing,Fixed-Rate Breathing 
4.448,0.416,M8_rr,Metronomic Breathing,Fixed-Rate Breathing 
4.856,0.408,M8_rr,Metronomic Breathing,Fixed-Rate Breathing 
5.264,0.408,M8_rr,Metronomic Breathing,Fixed-Rate Breathing 
5.676,0.412,M8_rr,Metronomic Breathing,Fixed-Rate Breathing 
6.104,0.428,M8_rr,Metronomic Breathing,Fixed-Rate Breathing 
6.532,0.428,M8_rr,Metronomic Breathing,Fixed-Rate Breathing 
6.956,0.424,M8_rr,Metronomic Breathing,Fixed-Rate Breathing 
7.388,0.432,M8_rr,Metronomic Breathing,Fixed-Rate Breathing 
7.828,0.44,M8_rr,Metronomic Breathing,Fixed-Rate Breathing 
8.248,0.42,M8_rr,Metronomic Breathing,Fixed-Rate Breathing 
8.66,0.412,M8_rr,Metronomic Breathing,Fixed-Rate Breathing 
9.088,0.428,M8_rr,Metronomic Breathing,Fixed-Rate Breathing 
9.52,0.432,M8_rr,Metronomic Breathing,Fixed-Rate Breathing 
9.944,0.424,M8_rr,Metronomic Breathing,Fixed-Rate Breathing 
10.356,0.412,M8_rr,Metronomic Breathing,Fixed-Rate Breathing 
10.768,0.412,M8_rr,Metronomic Breathing,Fixed-Rate Breathing 
11.18,0.412,M8_rr,Metronomic Breathing,Fixed-Rate Breathing 
11.6,0.42,M8_rr,Metronomic Breathing,Fixed-Rate Breathing 
12.024,0.424,M8_rr,Metronomic Breathing,Fixed-Rate Breathing 
12.436,0.412,M8_rr,Metronomic Breathing,Fixed-Rate Breathing 
12.848,0.412,M8_rr,Metronomic Breathing,Fixed-Rate Breathing 
13.268,0.42,M8_rr,Metronomic Breathing,Fixed-Rate Breathing 
13.688,0.42,M8_rr,Metronomic Breathing,Fixed-Rate Breathing 
14.104,0.416,M8_rr,Metronomic Breathing,Fixed-Rate Breathing 
14.512,0.408,M8_rr,Metronomic Breathing,Fixed-Rate Breathing 
14.92,0.408,M8_rr,Metronomic Breathing,Fixed-Rate Breathing 
15.332,0.412,M8_rr,Metronomic Breathing,Fixed-Rate Breathing 
15.752,0.42,M8_rr,Metronomic Breathing,Fixed-Rate Breathing 
16.168,0.416,M8_rr,Metronomic Breathing,Fixed-Rate Breathing 
16.58,0.412,M8_rr,Metronomic Breathing,Fixed-Rate Breathing 
16.992,0.412,M8_rr,Metronomic Breathing,Fixed-Rate Breathing 
17.412,0.42,M8_rr,Metronomic Breathing,Fixed-Rate Breathing 
17.84,0.428,M8_rr,Metronomic Breathing,Fixed-Rate Breathing 
18.26,0.42,M8_rr,Metronomic Breathing,Fixed-Rate Breathing 
18.672,0.412,M8_rr,Metronomic Breathing,Fixed-Rate Breathing 
19.084,0.412,M8_rr,Metronomic Breathing,Fixed-Rate Breathing 
19.5,0.416,M8_rr,Metronomic Breathing,Fixed-Rate Breathing 
19.928,0.428,M8_rr,Metronomic Breathing,Fixed-Rate Breathing 
20.344,0.416,M8_rr,Metronomic Breathing,Fixed-Rate Breathing 
20.756,0.412,M8_rr,Metronomic Breathing,Fixed-Rate Breathing 
21.168,0.412,M8_rr,Metronomic Breathing,Fixed-Rate Breathing 
21.592,0.424,M8_rr,Metronomic Breathing,Fixed-Rate Breathing 
22.02,0.428,M8_rr,Metronomic Breathing,Fixed-Rate Breathing 
22.44,0.42,M8_rr,Metronomic Breathing,Fixed-Rate Breathing 
22.86,0.42,M8_rr,Metronomic Breathing,Fixed-Rate Breathing 
23.276,0.416,M8_rr,Metronomic Breathing,Fixed-Rate Breathing 
23.708,0.432,M8_rr,Metronomic Breathing,Fixed-Rate Breathing 
24.144,0.436,M8_rr,Metronomic Breathing,Fixed-Rate Breathing 
24.568,0.424,M8_rr,Metronomic Breathing,Fixed-Rate Breathing 
24.98,0.412,M8_rr,Metronomic Breathing,Fixed-Rate Breathing 
25.392,0.412,M8_rr,Metronomic Breathing,Fixed-Rate Breathing 
25.808,0.416,M8_rr,Metronomic Breathing,Fixed-Rate Breathing 
26.232,0.424,M8_rr,Metronomic Breathing,Fixed-Rate Breathing 
26.648,0.416,M8_rr,Metronomic Breathing,Fixed-Rate Breathing 
27.056,0.408,M8_rr,Metronomic Breathing,Fixed-Rate Breathing 
27.468,0.412,M8_rr,Metronomic Breathing,Fixed-Rate Breathing 
27.884,0.416,M8_rr,Metronomic Breathing,Fixed-Rate Breathing 
28.304,0.42,M8_rr,Metronomic Breathing,Fixed-Rate Breathing 
28.732,0.428,M8_rr,Metronomic Breathing,Fixed-Rate Breathing 
29.152,0.42,M8_rr,Metronomic Breathing,Fixed-Rate Breathing 
29.572,0.42,M8_rr,Metronomic Breathing,Fixed-Rate Breathing 
30.0,0.428,M8_rr,Metronomic Breathing,Fixed-Rate Breathing 
30.436,0.436,M8_rr,Metronomic Breathing,Fixed-Rate Breathing 
30.864,0.428,M8_rr,Metronomic Breathing,Fixed-Rate Breathing 
31.284,0.42,M8_rr,Metronomic Breathing,Fixed-Rate Breathing 
31.704,0.42,M8_rr,Metronomic Breathing,Fixed-Rate Breathing 
32.136,0.432,M8_rr,Metronomic Breathing,Fixed-Rate Breathing 
32.56,0.424,M8_rr,Metronomic Breathing,Fixed-Rate Breathing 
32.976,0.416,M8_rr,Metronomic Breathing,Fixed-Rate Breathing 
33.392,0.416,M8_rr,Metronomic Breathing,Fixed-Rate Breathing 
33.812,0.42,M8_rr,Metronomic Breathing,Fixed-Rate Breathing 
34.248,0.436,M8_rr,Metronomic Breathing,Fixed-Rate Breathing 
34.684,0.436,M8_rr,Metronomic Breathing,Fixed-Rate Breathing 
35.108,0.424,M8_rr,Metronomic Breathing,Fixed-Rate Breathing 
35.528,0.42,M8_rr,Metronomic Breathing,Fixed-Rate Breathing 
35.948,0.42,M8_rr,Metronomic Breathing,Fixed-Rate Breathing 
36.38,0.432,M8_rr,Metronomic Breathing,Fixed-Rate Breathing 
36.82,0.44,M8_rr,Metronomic Breathing,Fixed-Rate Breathing 
37.248,0.428,M8_rr,Metronomic Breathing,Fixed-Rate Breathing 
37.668,0.42,M8_rr,Metronomic Breathing,Fixed-Rate Breathing 
38.1,0.432,M8_rr,Metronomic Breathing,Fixed-Rate Breathing 
38.544,0.444,M8_rr,Metronomic Breathing,Fixed-Rate Breathing 
38.98,0.436,M8_rr,Metronomic Breathing,Fixed-Rate Breathing 
39.4,0.42,M8_rr,Metronomic Breathing,Fixed-Rate Breathing 
39.808,0.408,M8_rr,Metronomic Breathing,Fixed-Rate Breathing 
40.22,0.412,M8_rr,Metronomic Breathing,Fixed-Rate Breathing 
40.636,0.416,M8_rr,Metronomic Breathing,Fixed-Rate Breathing 
41.048,0.412,M8_rr,Metronomic Breathing,Fixed-Rate Breathing 
41.456,0.408,M8_rr,Metronomic Breathing,Fixed-Rate Breathing 
41.872,0.416,M8_rr,Metronomic Breathing,Fixed-Rate Breathing 
42.296,0.424,M8_rr,Metronomic Breathing,Fixed-Rate Breathing 
42.732,0.436,M8_rr,Metronomic Breathing,Fixed-Rate Breathing 
43.156,0.424,M8_rr,Metronomic Breathing,Fixed-Rate Breathing 
43.572,0.416,M8_rr,Metronomic Breathing,Fixed-Rate Breathing 
43.98,0.408,M8_rr,Metronomic Breathing,Fixed-Rate Breathing 
44.392,0.412,M8_rr,Metronomic Breathing,Fixed-Rate Breathing 
44.808,0.416,M8_rr,Metronomic Breathing,Fixed-Rate Breathing 
45.216,0.408,M8_rr,Metronomic Breathing,Fixed-Rate Breathing 
45.624,0.408,M8_rr,Metronomic Breathing,Fixed-Rate Breathing 
46.028,0.404,M8_rr,Metronomic Breathing,Fixed-Rate Breathing 
46.44,0.412,M8_rr,Metronomic Breathing,Fixed-Rate Breathing 
46.86,0.42,M8_rr,Metronomic Breathing,Fixed-Rate Breathing 
47.28,0.42,M8_rr,Metronomic Breathing,Fixed-Rate Breathing 
47.688,0.408,M8_rr,Metronomic Breathing,Fixed-Rate Breathing 
48.096,0.408,M8_rr,Metronomic Breathing,Fixed-Rate Breathing 
48.512,0.416,M8_rr,Metronomic Breathing,Fixed-Rate Breathing 
48.928,0.416,M8_rr,Metronomic Breathing,Fixed-Rate Breathing 
49.34,0.412,M8_rr,Metronomic Breathing,Fixed-Rate Breathing 
49.744,0.404,M8_rr,Metronomic Breathing,Fixed-Rate Breathing 
50.14,0.396,M8_rr,Metronomic Breathing,Fixed-Rate Breathing 
50.54,0.4,M8_rr,Metronomic Breathing,Fixed-Rate Breathing 
50.948,0.408,M8_rr,Metronomic Breathing,Fixed-Rate Breathing 
51.356,0.408,M8_rr,Metronomic Breathing,Fixed-Rate Breathing 
51.764,0.408,M8_rr,Metronomic Breathing,Fixed-Rate Breathing 
52.168,0.404,M8_rr,Metronomic Breathing,Fixed-Rate Breathing 
52.572,0.404,M8_rr,Metronomic Breathing,Fixed-Rate Breathing 
52.984,0.412,M8_rr,Metronomic Breathing,Fixed-Rate Breathing 
53.4,0.416,M8_rr,Metronomic Breathing,Fixed-Rate Breathing 
53.82,0.42,M8_rr,Metronomic Breathing,Fixed-Rate Breathing 
54.236,0.416,M8_rr,Metronomic Breathing,Fixed-Rate Breathing 
54.648,0.412,M8_rr,Metronomic Breathing,Fixed-Rate Breathing 
55.064,0.416,M8_rr,Metronomic Breathing,Fixed-Rate Breathing 
55.488,0.424,M8_rr,Metronomic Breathing,Fixed-Rate Breathing 
55.924,0.436,M8_rr,Metronomic Breathing,Fixed-Rate Breathing 
56.348,0.424,M8_rr,Metronomic Breathing,Fixed-Rate Breathing 
56.772,0.424,M8_rr,Metronomic Breathing,Fixed-Rate Breathing 
57.2,0.428,M8_rr,Metronomic Breathing,Fixed-Rate Breathing 
57.636,0.436,M8_rr,Metronomic Breathing,Fixed-Rate Breathing 
58.064,0.428,M8_rr,Metronomic Breathing,Fixed-Rate Breathing 
58.484,0.42,M8_rr,Metronomic Breathing,Fixed-Rate Breathing 
58.904,0.42,M8_rr,Metronomic Breathing,Fixed-Rate Breathing 
59.324,0.42,M8_rr,Metronomic Breathing,Fixed-Rate Breathing 
59.748,0.424,M8_rr,Metronomic Breathing,Fixed-Rate Breathing 
60.16,0.412,M8_rr,Metronomic Breathing,Fixed-Rate Breathing 
60.564,0.404,M8_rr,Metronomic Breathing,Fixed-Rate Breathing 
60.984,0.42,M8_rr,Metronomic Breathing,Fixed-Rate Breathing 
61.416,0.432,M8_rr,Metronomic Breathing,Fixed-Rate Breathing 
61.864,0.448,M8_rr,Metronomic Breathing,Fixed-Rate Breathing 
62.312,0.448,M8_rr,Metronomic Breathing,Fixed-Rate Breathing 
62.74,0.428,M8_rr,Metronomic Breathing,Fixed-Rate Breathing 
63.168,0.428,M8_rr,Metronomic Breathing,Fixed-Rate Breathing 
63.608,0.44,M8_rr,Metronomic Breathing,Fixed-Rate Breathing 
64.056,0.448,M8_rr,Metronomic Breathing,Fixed-Rate Breathing 
64.496,0.44,M8_rr,Metronomic Breathing,Fixed-Rate Breathing 
64.916,0.42,M8_rr,Metronomic Breathing,Fixed-Rate Breathing 
65.32,0.404,M8_rr,Metronomic Breathing,Fixed-Rate Breathing 
65.728,0.408,M8_rr,Metronomic Breathing,Fixed-Rate Breathing 
66.136,0.408,M8_rr,Metronomic Breathing,Fixed-Rate Breathing 
66.536,0.4,M8_rr,Metronomic Breathing,Fixed-Rate Breathing 
66.94,0.404,M8_rr,Metronomic Breathing,Fixed-Rate Breathing 
67.36,0.42,M8_rr,Metronomic Breathing,Fixed-Rate Breathing 
67.788,0.428,M8_rr,Metronomic Breathing,Fixed-Rate Breathing 
68.212,0.424,M8_rr,Metronomic Breathing,Fixed-Rate Breathing 
68.624,0.412,M8_rr,Metronomic Breathing,Fixed-Rate Breathing 
69.036,0.412,M8_rr,Metronomic Breathing,Fixed-Rate Breathing 
69.452,0.416,M8_rr,Metronomic Breathing,Fixed-Rate Breathing 
69.876,0.424,M8_rr,Metronomic Breathing,Fixed-Rate Breathing 
70.292,0.416,M8_rr,Metronomic Breathing,Fixed-Rate Breathing 
70.7,0.408,M8_rr,Metronomic Breathing,Fixed-Rate Breathing 
71.104,0.404,M8_rr,Metronomic Breathing,Fixed-Rate Breathing 
71.52,0.416,M8_rr,Metronomic Breathing,Fixed-Rate Breathing 
71.944,0.424,M8_rr,Metronomic Breathing,Fixed-Rate Breathing 
72.368,0.424,M8_rr,Metronomic Breathing,Fixed-Rate Breathing 
72.772,0.404,M8_rr,Metronomic Breathing,Fixed-Rate Breathing 
73.176,0.404,M8_rr,Metronomic Breathing,Fixed-Rate Breathing 
73.584,0.408,M8_rr,Metronomic Breathing,Fixed-Rate Breathing 
74.004,0.42,M8_rr,Metronomic Breathing,Fixed-Rate Breathing 
74.428,0.424,M8_rr,Metronomic Breathing,Fixed-Rate Breathing 
74.844,0.416,M8_rr,Metronomic Breathing,Fixed-Rate Breathing 
75.244,0.4,M8_rr,Metronomic Breathing,Fixed-Rate Breathing 
75.652,0.408,M8_rr,Metronomic Breathing,Fixed-Rate Breathing 
76.072,0.42,M8_rr,Metronomic Breathing,Fixed-Rate Breathing 
76.496,0.424,M8_rr,Metronomic Breathing,Fixed-Rate Breathing 
76.912,0.416,M8_rr,Metronomic Breathing,Fixed-Rate Breathing 
77.312,0.4,M8_rr,Metronomic Breathing,Fixed-Rate Breathing 
77.704,0.392,M8_rr,Metronomic Breathing,Fixed-Rate Breathing 
78.096,0.392,M8_rr,Metronomic Breathing,Fixed-Rate Breathing 
78.496,0.4,M8_rr,Metronomic Breathing,Fixed-Rate Breathing 
78.904,0.408,M8_rr,Metronomic Breathing,Fixed-Rate Breathing 
79.3,0.396,M8_rr,Metronomic Breathing,Fixed-Rate Breathing 
79.692,0.392,M8_rr,Metronomic Breathing,Fixed-Rate Breathing 
80.088,0.396,M8_rr,Metronomic Breathing,Fixed-Rate Breathing 
80.496,0.408,M8_rr,Metronomic Breathing,Fixed-Rate Breathing 
80.908,0.412,M8_rr,Metronomic Breathing,Fixed-Rate Breathing 
81.308,0.4,M8_rr,Metronomic Breathing,Fixed-Rate Breathing 
81.708,0.4,M8_rr,Metronomic Breathing,Fixed-Rate Breathing 
82.112,0.404,M8_rr,Metronomic Breathing,Fixed-Rate Breathing 
82.524,0.412,M8_rr,Metronomic Breathing,Fixed-Rate Breathing 
82.94,0.416,M8_rr,Metronomic Breathing,Fixed-Rate Breathing 
83.348,0.408,M8_rr,Metronomic Breathing,Fixed-Rate Breathing 
83.748,0.4,M8_rr,Metronomic Breathing,Fixed-Rate Breathing 
84.144,0.396,M8_rr,Metronomic Breathing,Fixed-Rate Breathing 
84.548,0.404,M8_rr,Metronomic Breathing,Fixed-Rate Breathing 
84.96,0.412,M8_rr,Metronomic Breathing,Fixed-Rate Breathing 
85.356,0.396,M8_rr,Metronomic Breathing,Fixed-Rate Breathing 
85.752,0.396,M8_rr,Metronomic Breathing,Fixed-Rate Breathing 
86.16,0.408,M8_rr,Metronomic Breathing,Fixed-Rate Breathing 
86.58,0.42,M8_rr,Metronomic Breathing,Fixed-Rate Breathing 
87.0,0.42,M8_rr,Metronomic Breathing,Fixed-Rate Breathing 
87.404,0.404,M8_rr,Metronomic Breathing,Fixed-Rate Breathing 
87.792,0.388,M8_rr,Metronomic Breathing,Fixed-Rate Breathing 
88.192,0.4,M8_rr,Metronomic Breathing,Fixed-Rate Breathing 
88.604,0.412,M8_rr,Metronomic Breathing,Fixed-Rate Breathing 
89.02,0.416,M8_rr,Metronomic Breathing,Fixed-Rate Breathing 
89.424,0.404,M8_rr,Metronomic Breathing,Fixed-Rate Breathing 
89.816,0.392,M8_rr,Metronomic Breathing,Fixed-Rate Breathing 
90.208,0.392,M8_rr,Metronomic Breathing,Fixed-Rate Breathing 
90.604,0.396,M8_rr,Metronomic Breathing,Fixed-Rate Breathing 
91.012,0.408,M8_rr,Metronomic Breathing,Fixed-Rate Breathing 
91.424,0.412,M8_rr,Metronomic Breathing,Fixed-Rate Breathing 
91.82,0.396,M8_rr,Metronomic Breathing,Fixed-Rate Breathing 
92.204,0.384,M8_rr,Metronomic Breathing,Fixed-Rate Breathing 
92.596,0.392,M8_rr,Metronomic Breathing,Fixed-Rate Breathing 
92.992,0.396,M8_rr,Metronomic Breathing,Fixed-Rate Breathing 
93.396,0.404,M8_rr,Metronomic Breathing,Fixed-Rate Breathing 
93.796,0.4,M8_rr,Metronomic Breathing,Fixed-Rate Breathing 
94.184,0.388,M8_rr,Metronomic Breathing,Fixed-Rate Breathing 
94.58,0.396,M8_rr,Metronomic Breathing,Fixed-Rate Breathing 
95.0,0.42,M8_rr,Metronomic Breathing,Fixed-Rate Breathing 
95.42,0.42,M8_rr,Metronomic Breathing,Fixed-Rate Breathing 
95.836,0.416,M8_rr,Metronomic Breathing,Fixed-Rate Breathing 
96.228,0.392,M8_rr,Metronomic Breathing,Fixed-Rate Breathing 
96.628,0.4,M8_rr,Metronomic Breathing,Fixed-Rate Breathing 
97.036,0.408,M8_rr,Metronomic Breathing,Fixed-Rate Breathing 
97.444,0.408,M8_rr,Metronomic Breathing,Fixed-Rate Breathing 
97.844,0.4,M8_rr,Metronomic Breathing,Fixed-Rate Breathing 
98.236,0.392,M8_rr,Metronomic Breathing,Fixed-Rate Breathing 
98.616,0.38,M8_rr,Metronomic Breathing,Fixed-Rate Breathing 
99.008,0.392,M8_rr,Metronomic Breathing,Fixed-Rate Breathing 
99.4,0.392,M8_rr,Metronomic Breathing,Fixed-Rate Breathing 
99.796,0.396,M8_rr,Metronomic Breathing,Fixed-Rate Breathing 
100.18,0.384,M8_rr,Metronomic Breathing,Fixed-Rate Breathing 
100.556,0.376,M8_rr,Metronomic Breathing,Fixed-Rate Breathing 
100.928,0.372,M8_rr,Metronomic Breathing,Fixed-Rate Breathing 
101.312,0.384,M8_rr,Metronomic Breathing,Fixed-Rate Breathing 
101.7,0.388,M8_rr,Metronomic Breathing,Fixed-Rate Breathing 
102.092,0.392,M8_rr,Metronomic Breathing,Fixed-Rate Breathing 
102.472,0.38,M8_rr,Metronomic Breathing,Fixed-Rate Breathing 
102.856,0.384,M8_rr,Metronomic Breathing,Fixed-Rate Breathing 
103.244,0.388,M8_rr,Metronomic Breathing,Fixed-Rate Breathing 
103.644,0.4,M8_rr,Metronomic Breathing,Fixed-Rate Breathing 
104.048,0.404,M8_rr,Metronomic Breathing,Fixed-Rate Breathing 
104.436,0.388,M8_rr,Metronomic Breathing,Fixed-Rate Breathing 
104.816,0.38,M8_rr,Metronomic Breathing,Fixed-Rate Breathing 
105.188,0.372,M8_rr,Metronomic Breathing,Fixed-Rate Breathing 
105.572,0.384,M8_rr,Metronomic Breathing,Fixed-Rate Breathing 
105.956,0.384,M8_rr,Metronomic Breathing,Fixed-Rate Breathing 
106.34,0.384,M8_rr,Metronomic Breathing,Fixed-Rate Breathing 
106.712,0.372,M8_rr,Metronomic Breathing,Fixed-Rate Breathing 
107.084,0.372,M8_rr,Metronomic Breathing,Fixed-Rate Breathing 
107.464,0.38,M8_rr,Metronomic Breathing,Fixed-Rate Breathing 
107.856,0.392,M8_rr,Metronomic Breathing,Fixed-Rate Breathing 
108.252,0.396,M8_rr,Metronomic Breathing,Fixed-Rate Breathing 
108.644,0.392,M8_rr,Metronomic Breathing,Fixed-Rate Breathing 
109.02,0.376,M8_rr,Metronomic Breathing,Fixed-Rate Breathing 
109.4,0.38,M8_rr,Metronomic Breathing,Fixed-Rate Breathing 
109.792,0.392,M8_rr,Metronomic Breathing,Fixed-Rate Breathing 
110.184,0.392,M8_rr,Metronomic Breathing,Fixed-Rate Breathing 
110.576,0.392,M8_rr,Metronomic Breathing,Fixed-Rate Breathing 
110.964,0.388,M8_rr,Metronomic Breathing,Fixed-Rate Breathing 
111.348,0.384,M8_rr,Metronomic Breathing,Fixed-Rate Breathing 
111.748,0.4,M8_rr,Metronomic Breathing,Fixed-Rate Breathing 
112.156,0.408,M8_rr,Metronomic Breathing,Fixed-Rate Breathing 
112.568,0.412,M8_rr,Metronomic Breathing,Fixed-Rate Breathing 
112.96,0.392,M8_rr,Metronomic Breathing,Fixed-Rate Breathing 
113.356,0.396,M8_rr,Metronomic Breathing,Fixed-Rate Breathing 
113.764,0.408,M8_rr,Metronomic Breathing,Fixed-Rate Breathing 
114.184,0.42,M8_rr,Metronomic Breathing,Fixed-Rate Breathing 
114.596,0.412,M8_rr,Metronomic Breathing,Fixed-Rate Breathing 
115.008,0.412,M8_rr,Metronomic Breathing,Fixed-Rate Breathing 
115.404,0.396,M8_rr,Metronomic Breathing,Fixed-Rate Breathing 
115.792,0.388,M8_rr,Metronomic Breathing,Fixed-Rate Breathing 
116.196,0.404,M8_rr,Metronomic Breathing,Fixed-Rate Breathing 
116.604,0.408,M8_rr,Metronomic Breathing,Fixed-Rate Breathing 
117.004,0.4,M8_rr,Metronomic Breathing,Fixed-Rate Breathing 
117.404,0.4,M8_rr,Metronomic Breathing,Fixed-Rate Breathing 
117.824,0.42,M8_rr,Metronomic Breathing,Fixed-Rate Breathing 
118.244,0.42,M8_rr,Metronomic Breathing,Fixed-Rate Breathing 
118.652,0.408,M8_rr,Metronomic Breathing,Fixed-Rate Breathing 
119.052,0.4,M8_rr,Metronomic Breathing,Fixed-Rate Breathing 
119.444,0.392,M8_rr,Metronomic Breathing,Fixed-Rate Breathing 
119.816,0.372,M8_rr,Metronomic Breathing,Fixed-Rate Breathing 
120.176,0.36,M8_rr,Metronomic Breathing,Fixed-Rate Breathing 
120.524,0.348,M8_rr,Metronomic Breathing,Fixed-Rate Breathing 
120.86,0.336,M8_rr,Metronomic Breathing,Fixed-Rate Breathing 
121.196,0.336,M8_rr,Metronomic Breathing,Fixed-Rate Breathing 
121.536,0.34,M8_rr,Metronomic Breathing,Fixed-Rate Breathing 
121.884,0.348,M8_rr,Metronomic Breathing,Fixed-Rate Breathing 
122.244,0.36,M8_rr,Metronomic Breathing,Fixed-Rate Breathing 
122.62,0.376,M8_rr,Metronomic Breathing,Fixed-Rate Breathing 
122.996,0.376,M8_rr,Metronomic Breathing,Fixed-Rate Breathing 
123.372,0.376,M8_rr,Metronomic Breathing,Fixed-Rate Breathing 
123.76,0.388,M8_rr,Metronomic Breathing,Fixed-Rate Breathing 
124.148,0.388,M8_rr,Metronomic Breathing,Fixed-Rate Breathing 
124.54,0.392,M8_rr,Metronomic Breathing,Fixed-Rate Breathing 
124.92,0.38,M8_rr,Metronomic Breathing,Fixed-Rate Breathing 
125.296,0.376,M8_rr,Metronomic Breathing,Fixed-Rate Breathing 
125.672,0.376,M8_rr,Metronomic Breathing,Fixed-Rate Breathing 
126.056,0.384,M8_rr,Metronomic Breathing,Fixed-Rate Breathing 
126.444,0.388,M8_rr,Metronomic Breathing,Fixed-Rate Breathing 
126.84,0.396,M8_rr,Metronomic Breathing,Fixed-Rate Breathing 
127.224,0.384,M8_rr,Metronomic Breathing,Fixed-Rate Breathing 
127.608,0.384,M8_rr,Metronomic Breathing,Fixed-Rate Breathing 
127.996,0.388,M8_rr,Metronomic Breathing,Fixed-Rate Breathing 
128.396,0.4,M8_rr,Metronomic Breathing,Fixed-Rate Breathing 
128.804,0.408,M8_rr,Metronomic Breathing,Fixed-Rate Breathing 
129.212,0.408,M8_rr,Metronomic Breathing,Fixed-Rate Breathing 
129.608,0.396,M8_rr,Metronomic Breathing,Fixed-Rate Breathing 
130.004,0.396,M8_rr,Metronomic Breathing,Fixed-Rate Breathing 
130.404,0.4,M8_rr,Metronomic Breathing,Fixed-Rate Breathing 
130.804,0.4,M8_rr,Metronomic Breathing,Fixed-Rate Breathing 
131.204,0.4,M8_rr,Metronomic Breathing,Fixed-Rate Breathing 
131.592,0.388,M8_rr,Metronomic Breathing,Fixed-Rate Breathing 
131.976,0.384,M8_rr,Metronomic Breathing,Fixed-Rate Breathing 
132.364,0.388,M8_rr,Metronomic Breathing,Fixed-Rate Breathing 
132.76,0.396,M8_rr,Metronomic Breathing,Fixed-Rate Breathing 
133.156,0.396,M8_rr,Metronomic Breathing,Fixed-Rate Breathing 
133.54,0.384,M8_rr,Metronomic Breathing,Fixed-Rate Breathing 
133.928,0.388,M8_rr,Metronomic Breathing,Fixed-Rate Breathing 
134.324,0.396,M8_rr,Metronomic Breathing,Fixed-Rate Breathing 
134.724,0.4,M8_rr,Metronomic Breathing,Fixed-Rate Breathing 
135.12,0.396,M8_rr,Metronomic Breathing,Fixed-Rate Breathing 
135.512,0.392,M8_rr,Metronomic Breathing,Fixed-Rate Breathing 
135.9,0.388,M8_rr,Metronomic Breathing,Fixed-Rate Breathing 
136.296,0.396,M8_rr,Metronomic Breathing,Fixed-Rate Breathing 
136.696,0.4,M8_rr,Metronomic Breathing,Fixed-Rate Breathing 
137.1,0.404,M8_rr,Metronomic Breathing,Fixed-Rate Breathing 
137.496,0.396,M8_rr,Metronomic Breathing,Fixed-Rate Breathing 
137.896,0.4,M8_rr,Metronomic Breathing,Fixed-Rate Breathing 
138.308,0.412,M8_rr,Metronomic Breathing,Fixed-Rate Breathing 
138.716,0.408,M8_rr,Metronomic Breathing,Fixed-Rate Breathing 
139.116,0.4,M8_rr,Metronomic Breathing,Fixed-Rate Breathing 
139.504,0.388,M8_rr,Metronomic Breathing,Fixed-Rate Breathing 
139.888,0.384,M8_rr,Metronomic Breathing,Fixed-Rate Breathing 
140.26,0.372,M8_rr,Metronomic Breathing,Fixed-Rate Breathing 
140.624,0.364,M8_rr,Metronomic Breathing,Fixed-Rate Breathing 
140.988,0.364,M8_rr,Metronomic Breathing,Fixed-Rate Breathing 
141.352,0.364,M8_rr,Metronomic Breathing,Fixed-Rate Breathing 
141.724,0.372,M8_rr,Metronomic Breathing,Fixed-Rate Breathing 
142.104,0.38,M8_rr,Metronomic Breathing,Fixed-Rate Breathing 
142.48,0.376,M8_rr,Metronomic Breathing,Fixed-Rate Breathing 
142.868,0.388,M8_rr,Metronomic Breathing,Fixed-Rate Breathing 
143.26,0.392,M8_rr,Metronomic Breathing,Fixed-Rate Breathing 
143.652,0.392,M8_rr,Metronomic Breathing,Fixed-Rate Breathing 
144.032,0.38,M8_rr,Metronomic Breathing,Fixed-Rate Breathing 
144.408,0.376,M8_rr,Metronomic Breathing,Fixed-Rate Breathing 
144.788,0.38,M8_rr,Metronomic Breathing,Fixed-Rate Breathing 
145.168,0.38,M8_rr,Metronomic Breathing,Fixed-Rate Breathing 
145.544,0.376,M8_rr,Metronomic Breathing,Fixed-Rate Breathing 
145.908,0.364,M8_rr,Metronomic Breathing,Fixed-Rate Breathing 
146.268,0.36,M8_rr,Metronomic Breathing,Fixed-Rate Breathing 
146.628,0.36,M8_rr,Metronomic Breathing,Fixed-Rate Breathing 
146.984,0.356,M8_rr,Metronomic Breathing,Fixed-Rate Breathing 
147.344,0.36,M8_rr,Metronomic Breathing,Fixed-Rate Breathing 
147.7,0.356,M8_rr,Metronomic Breathing,Fixed-Rate Breathing 
148.056,0.356,M8_rr,Metronomic Breathing,Fixed-Rate Breathing 
148.412,0.356,M8_rr,Metronomic Breathing,Fixed-Rate Breathing 
148.764,0.352,M8_rr,Metronomic Breathing,Fixed-Rate Breathing 
149.124,0.36,M8_rr,Metronomic Breathing,Fixed-Rate Breathing 
149.484,0.36,M8_rr,Metronomic Breathing,Fixed-Rate Breathing 
149.848,0.364,M8_rr,Metronomic Breathing,Fixed-Rate Breathing 
150.208,0.36,M8_rr,Metronomic Breathing,Fixed-Rate Breathing 
150.56,0.352,M8_rr,Metronomic Breathing,Fixed-Rate Breathing 
150.916,0.356,M8_rr,Metronomic Breathing,Fixed-Rate Breathing 
151.28,0.364,M8_rr,Metronomic Breathing,Fixed-Rate Breathing 
151.644,0.364,M8_rr,Metronomic Breathing,Fixed-Rate Breathing 
152.012,0.368,M8_rr,Metronomic Breathing,Fixed-Rate Breathing 
152.376,0.364,M8_rr,Metronomic Breathing,Fixed-Rate Breathing 
152.736,0.36,M8_rr,Metronomic Breathing,Fixed-Rate Breathing 
153.104,0.368,M8_rr,Metronomic Breathing,Fixed-Rate Breathing 
153.48,0.376,M8_rr,Metronomic Breathing,Fixed-Rate Breathing 
153.856,0.376,M8_rr,Metronomic Breathing,Fixed-Rate Breathing 
154.228,0.372,M8_rr,Metronomic Breathing,Fixed-Rate Breathing 
154.592,0.364,M8_rr,Metronomic Breathing,Fixed-Rate Breathing 
154.952,0.36,M8_rr,Metronomic Breathing,Fixed-Rate Breathing 
155.316,0.364,M8_rr,Metronomic Breathing,Fixed-Rate Breathing 
155.68,0.364,M8_rr,Metronomic Breathing,Fixed-Rate Breathing 
156.052,0.372,M8_rr,Metronomic Breathing,Fixed-Rate Breathing 
156.424,0.372,M8_rr,Metronomic Breathing,Fixed-Rate Breathing 
156.796,0.372,M8_rr,Metronomic Breathing,Fixed-Rate Breathing 
157.168,0.372,M8_rr,Metronomic Breathing,Fixed-Rate Breathing 
157.548,0.38,M8_rr,Metronomic Breathing,Fixed-Rate Breathing 
157.936,0.388,M8_rr,Metronomic Breathing,Fixed-Rate Breathing 
158.324,0.388,M8_rr,Metronomic Breathing,Fixed-Rate Breathing 
158.704,0.38,M8_rr,Metronomic Breathing,Fixed-Rate Breathing 
159.084,0.38,M8_rr,Metronomic Breathing,Fixed-Rate Breathing 
159.46,0.376,M8_rr,Metronomic Breathing,Fixed-Rate Breathing 
159.844,0.384,M8_rr,Metronomic Breathing,Fixed-Rate Breathing 
160.224,0.38,M8_rr,Metronomic Breathing,Fixed-Rate Breathing 
160.6,0.376,M8_rr,Metronomic Breathing,Fixed-Rate Breathing 
160.972,0.372,M8_rr,Metronomic Breathing,Fixed-Rate Breathing 
161.336,0.364,M8_rr,Metronomic Breathing,Fixed-Rate Breathing 
161.7,0.364,M8_rr,Metronomic Breathing,Fixed-Rate Breathing 
162.072,0.372,M8_rr,Metronomic Breathing,Fixed-Rate Breathing 
162.44,0.368,M8_rr,Metronomic Breathing,Fixed-Rate Breathing 
162.808,0.368,M8_rr,Metronomic Breathing,Fixed-Rate Breathing 
163.176,0.368,M8_rr,Metronomic Breathing,Fixed-Rate Breathing 
163.536,0.36,M8_rr,Metronomic Breathing,Fixed-Rate Breathing 
163.9,0.364,M8_rr,Metronomic Breathing,Fixed-Rate Breathing 
164.272,0.372,M8_rr,Metronomic Breathing,Fixed-Rate Breathing 
164.648,0.376,M8_rr,Metronomic Breathing,Fixed-Rate Breathing 
165.016,0.368,M8_rr,Metronomic Breathing,Fixed-Rate Breathing 
165.388,0.372,M8_rr,Metronomic Breathing,Fixed-Rate Breathing 
165.756,0.368,M8_rr,Metronomic Breathing,Fixed-Rate Breathing 
166.136,0.38,M8_rr,Metronomic Breathing,Fixed-Rate Breathing 
166.516,0.38,M8_rr,Metronomic Breathing,Fixed-Rate Breathing 
166.896,0.38,M8_rr,Metronomic Breathing,Fixed-Rate Breathing 
167.268,0.372,M8_rr,Metronomic Breathing,Fixed-Rate Breathing 
167.636,0.368,M8_rr,Metronomic Breathing,Fixed-Rate Breathing 
168.016,0.38,M8_rr,Metronomic Breathing,Fixed-Rate Breathing 
168.404,0.388,M8_rr,Metronomic Breathing,Fixed-Rate Breathing 
168.788,0.384,M8_rr,Metronomic Breathing,Fixed-Rate Breathing 
169.16,0.372,M8_rr,Metronomic Breathing,Fixed-Rate Breathing 
169.532,0.372,M8_rr,Metronomic Breathing,Fixed-Rate Breathing 
169.896,0.364,M8_rr,Metronomic Breathing,Fixed-Rate Breathing 
170.272,0.376,M8_rr,Metronomic Breathing,Fixed-Rate Breathing 
170.644,0.372,M8_rr,Metronomic Breathing,Fixed-Rate Breathing 
171.016,0.372,M8_rr,Metronomic Breathing,Fixed-Rate Breathing 
171.384,0.368,M8_rr,Metronomic Breathing,Fixed-Rate Breathing 
171.748,0.364,M8_rr,Metronomic Breathing,Fixed-Rate Breathing 
172.116,0.368,M8_rr,Metronomic Breathing,Fixed-Rate Breathing 
172.488,0.372,M8_rr,Metronomic Breathing,Fixed-Rate Breathing 
172.86,0.372,M8_rr,Metronomic Breathing,Fixed-Rate Breathing 
173.236,0.376,M8_rr,Metronomic Breathing,Fixed-Rate Breathing 
173.6,0.364,M8_rr,Metronomic Breathing,Fixed-Rate Breathing 
173.968,0.368,M8_rr,Metronomic Breathing,Fixed-Rate Breathing 
174.34,0.372,M8_rr,Metronomic Breathing,Fixed-Rate Breathing 
174.712,0.372,M8_rr,Metronomic Breathing,Fixed-Rate Breathing 
175.084,0.372,M8_rr,Metronomic Breathing,Fixed-Rate Breathing 
175.456,0.372,M8_rr,Metronomic Breathing,Fixed-Rate Breathing 
175.824,0.368,M8_rr,Metronomic Breathing,Fixed-Rate Breathing 
176.2,0.376,M8_rr,Metronomic Breathing,Fixed-Rate Breathing 
176.584,0.384,M8_rr,Metronomic Breathing,Fixed-Rate Breathing 
176.964,0.38,M8_rr,Metronomic Breathing,Fixed-Rate Breathing 
177.336,0.372,M8_rr,Metronomic Breathing,Fixed-Rate Breathing 
177.708,0.372,M8_rr,Metronomic Breathing,Fixed-Rate Breathing 
178.08,0.372,M8_rr,Metronomic Breathing,Fixed-Rate Breathing 
178.46,0.38,M8_rr,Metronomic Breathing,Fixed-Rate Breathing 
178.836,0.376,M8_rr,Metronomic Breathing,Fixed-Rate Breathing 
179.212,0.376,M8_rr,Metronomic Breathing,Fixed-Rate Breathing 
179.58,0.368,M8_rr,Metronomic Breathing,Fixed-Rate Breathing 
179.948,0.368,M8_rr,Metronomic Breathing,Fixed-Rate Breathing 
180.328,0.38,M8_rr,Metronomic Breathing,Fixed-Rate Breathing 
180.704,0.376,M8_rr,Metronomic Breathing,Fixed-Rate Breathing 
181.084,0.38,M8_rr,Metronomic Breathing,Fixed-Rate Breathing 
181.452,0.368,M8_rr,Metronomic Breathing,Fixed-Rate Breathing 
181.824,0.372,M8_rr,Metronomic Breathing,Fixed-Rate Breathing 
182.2,0.376,M8_rr,Metronomic Breathing,Fixed-Rate Breathing 
182.58,0.38,M8_rr,Metronomic Breathing,Fixed-Rate Breathing 
182.964,0.384,M8_rr,Metronomic Breathing,Fixed-Rate Breathing 
183.348,0.384,M8_rr,Metronomic Breathing,Fixed-Rate Breathing 
183.728,0.38,M8_rr,Metronomic Breathing,Fixed-Rate Breathing 
184.104,0.376,M8_rr,Metronomic Breathing,Fixed-Rate Breathing 
184.48,0.376,M8_rr,Metronomic Breathing,Fixed-Rate Breathing 
184.864,0.384,M8_rr,Metronomic Breathing,Fixed-Rate Breathing 
185.248,0.384,M8_rr,Metronomic Breathing,Fixed-Rate Breathing 
185.632,0.384,M8_rr,Metronomic Breathing,Fixed-Rate Breathing 
186.004,0.372,M8_rr,Metronomic Breathing,Fixed-Rate Breathing 
186.384,0.38,M8_rr,Metronomic Breathing,Fixed-Rate Breathing 
186.764,0.38,M8_rr,Metronomic Breathing,Fixed-Rate Breathing 
187.148,0.384,M8_rr,Metronomic Breathing,Fixed-Rate Breathing 
187.528,0.38,M8_rr,Metronomic Breathing,Fixed-Rate Breathing 
187.908,0.38,M8_rr,Metronomic Breathing,Fixed-Rate Breathing 
188.272,0.364,M8_rr,Metronomic Breathing,Fixed-Rate Breathing 
188.636,0.364,M8_rr,Metronomic Breathing,Fixed-Rate Breathing 
189.004,0.368,M8_rr,Metronomic Breathing,Fixed-Rate Breathing 
189.38,0.376,M8_rr,Metronomic Breathing,Fixed-Rate Breathing 
189.756,0.376,M8_rr,Metronomic Breathing,Fixed-Rate Breathing 
190.136,0.38,M8_rr,Metronomic Breathing,Fixed-Rate Breathing 
190.508,0.372,M8_rr,Metronomic Breathing,Fixed-Rate Breathing 
190.884,0.376,M8_rr,Metronomic Breathing,Fixed-Rate Breathing 
191.272,0.388,M8_rr,Metronomic Breathing,Fixed-Rate Breathing 
191.66,0.388,M8_rr,Metronomic Breathing,Fixed-Rate Breathing 
192.044,0.384,M8_rr,Metronomic Breathing,Fixed-Rate Breathing 
192.416,0.372,M8_rr,Metronomic Breathing,Fixed-Rate Breathing 
192.792,0.376,M8_rr,Metronomic Breathing,Fixed-Rate Breathing 
193.168,0.376,M8_rr,Metronomic Breathing,Fixed-Rate Breathing 
193.54,0.372,M8_rr,Metronomic Breathing,Fixed-Rate Breathing 
193.904,0.364,M8_rr,Metronomic Breathing,Fixed-Rate Breathing 
194.256,0.352,M8_rr,Metronomic Breathing,Fixed-Rate Breathing 
194.6,0.344,M8_rr,Metronomic Breathing,Fixed-Rate Breathing 
194.944,0.344,M8_rr,Metronomic Breathing,Fixed-Rate Breathing 
195.288,0.344,M8_rr,Metronomic Breathing,Fixed-Rate Breathing 
195.64,0.352,M8_rr,Metronomic Breathing,Fixed-Rate Breathing 
196.0,0.36,M8_rr,Metronomic Breathing,Fixed-Rate Breathing 
196.372,0.372,M8_rr,Metronomic Breathing,Fixed-Rate Breathing 
196.74,0.368,M8_rr,Metronomic Breathing,Fixed-Rate Breathing 
197.116,0.376,M8_rr,Metronomic Breathing,Fixed-Rate Breathing 
197.5,0.384,M8_rr,Metronomic Breathing,Fixed-Rate Breathing 
197.884,0.384,M8_rr,Metronomic Breathing,Fixed-Rate Breathing 
198.272,0.388,M8_rr,Metronomic Breathing,Fixed-Rate Breathing 
198.648,0.376,M8_rr,Metronomic Breathing,Fixed-Rate Breathing 
199.02,0.372,M8_rr,Metronomic Breathing,Fixed-Rate Breathing 
199.396,0.376,M8_rr,Metronomic Breathing,Fixed-Rate Breathing 
199.772,0.376,M8_rr,Metronomic Breathing,Fixed-Rate Breathing 
200.148,0.376,M8_rr,Metronomic Breathing,Fixed-Rate Breathing 
200.532,0.384,M8_rr,Metronomic Breathing,Fixed-Rate Breathing 
200.912,0.38,M8_rr,Metronomic Breathing,Fixed-Rate Breathing 
201.296,0.384,M8_rr,Metronomic Breathing,Fixed-Rate Breathing 
201.692,0.396,M8_rr,Metronomic Breathing,Fixed-Rate Breathing 
202.088,0.396,M8_rr,Metronomic Breathing,Fixed-Rate Breathing 
202.476,0.388,M8_rr,Metronomic Breathing,Fixed-Rate Breathing 
202.86,0.384,M8_rr,Metronomic Breathing,Fixed-Rate Breathing 
203.24,0.38,M8_rr,Metronomic Breathing,Fixed-Rate Breathing 
203.624,0.384,M8_rr,Metronomic Breathing,Fixed-Rate Breathing 
204.02,0.396,M8_rr,Metronomic Breathing,Fixed-Rate Breathing 
204.412,0.392,M8_rr,Metronomic Breathing,Fixed-Rate Breathing 
204.808,0.396,M8_rr,Metronomic Breathing,Fixed-Rate Breathing 
205.196,0.388,M8_rr,Metronomic Breathing,Fixed-Rate Breathing 
205.592,0.396,M8_rr,Metronomic Breathing,Fixed-Rate Breathing 
205.988,0.396,M8_rr,Metronomic Breathing,Fixed-Rate Breathing 
206.384,0.396,M8_rr,Metronomic Breathing,Fixed-Rate Breathing 
206.78,0.396,M8_rr,Metronomic Breathing,Fixed-Rate Breathing 
207.164,0.384,M8_rr,Metronomic Breathing,Fixed-Rate Breathing 
207.552,0.388,M8_rr,Metronomic Breathing,Fixed-Rate Breathing 
207.944,0.392,M8_rr,Metronomic Breathing,Fixed-Rate Breathing 
208.34,0.396,M8_rr,Metronomic Breathing,Fixed-Rate Breathing 
208.736,0.396,M8_rr,Metronomic Breathing,Fixed-Rate Breathing 
209.128,0.392,M8_rr,Metronomic Breathing,Fixed-Rate Breathing 
209.536,0.408,M8_rr,Metronomic Breathing,Fixed-Rate Breathing 
209.948,0.412,M8_rr,Metronomic Breathing,Fixed-Rate Breathing 
210.352,0.404,M8_rr,Metronomic Breathing,Fixed-Rate Breathing 
210.756,0.404,M8_rr,Metronomic Breathing,Fixed-Rate Breathing 
211.152,0.396,M8_rr,Metronomic Breathing,Fixed-Rate Breathing 
211.54,0.388,M8_rr,Metronomic Breathing,Fixed-Rate Breathing 
211.936,0.396,M8_rr,Metronomic Breathing,Fixed-Rate Breathing 
212.336,0.4,M8_rr,Metronomic Breathing,Fixed-Rate Breathing 
212.74,0.404,M8_rr,Metronomic Breathing,Fixed-Rate Breathing 
213.14,0.4,M8_rr,Metronomic Breathing,Fixed-Rate Breathing 
213.532,0.392,M8_rr,Metronomic Breathing,Fixed-Rate Breathing 
213.924,0.392,M8_rr,Metronomic Breathing,Fixed-Rate Breathing 
214.328,0.404,M8_rr,Metronomic Breathing,Fixed-Rate Breathing 
214.728,0.4,M8_rr,Metronomic Breathing,Fixed-Rate Breathing 
215.132,0.404,M8_rr,Metronomic Breathing,Fixed-Rate Breathing 
215.528,0.396,M8_rr,Metronomic Breathing,Fixed-Rate Breathing 
215.92,0.392,M8_rr,Metronomic Breathing,Fixed-Rate Breathing 
216.312,0.392,M8_rr,Metronomic Breathing,Fixed-Rate Breathing 
216.708,0.396,M8_rr,Metronomic Breathing,Fixed-Rate Breathing 
217.108,0.4,M8_rr,Metronomic Breathing,Fixed-Rate Breathing 
217.508,0.4,M8_rr,Metronomic Breathing,Fixed-Rate Breathing 
217.908,0.4,M8_rr,Metronomic Breathing,Fixed-Rate Breathing 
218.304,0.396,M8_rr,Metronomic Breathing,Fixed-Rate Breathing 
218.692,0.388,M8_rr,Metronomic Breathing,Fixed-Rate Breathing 
219.088,0.396,M8_rr,Metronomic Breathing,Fixed-Rate Breathing 
219.488,0.4,M8_rr,Metronomic Breathing,Fixed-Rate Breathing 
219.884,0.396,M8_rr,Metronomic Breathing,Fixed-Rate Breathing 
220.284,0.4,M8_rr,Metronomic Breathing,Fixed-Rate Breathing 
220.676,0.392,M8_rr,Metronomic Breathing,Fixed-Rate Breathing 
221.064,0.388,M8_rr,Metronomic Breathing,Fixed-Rate Breathing 
221.456,0.392,M8_rr,Metronomic Breathing,Fixed-Rate Breathing 
221.86,0.404,M8_rr,Metronomic Breathing,Fixed-Rate Breathing 
222.276,0.416,M8_rr,Metronomic Breathing,Fixed-Rate Breathing 
222.696,0.42,M8_rr,Metronomic Breathing,Fixed-Rate Breathing 
223.1,0.404,M8_rr,Metronomic Breathing,Fixed-Rate Breathing 
223.504,0.404,M8_rr,Metronomic Breathing,Fixed-Rate Breathing 
223.924,0.42,M8_rr,Metronomic Breathing,Fixed-Rate Breathing 
224.332,0.408,M8_rr,Metronomic Breathing,Fixed-Rate Breathing 
224.744,0.412,M8_rr,Metronomic Breathing,Fixed-Rate Breathing 
225.156,0.412,M8_rr,Metronomic Breathing,Fixed-Rate Breathing 
225.56,0.404,M8_rr,Metronomic Breathing,Fixed-Rate Breathing 
225.952,0.392,M8_rr,Metronomic Breathing,Fixed-Rate Breathing 
226.34,0.388,M8_rr,Metronomic Breathing,Fixed-Rate Breathing 
226.74,0.4,M8_rr,Metronomic Breathing,Fixed-Rate Breathing 
227.148,0.408,M8_rr,Metronomic Breathing,Fixed-Rate Breathing 
227.564,0.416,M8_rr,Metronomic Breathing,Fixed-Rate Breathing 
227.98,0.416,M8_rr,Metronomic Breathing,Fixed-Rate Breathing 
228.384,0.404,M8_rr,Metronomic Breathing,Fixed-Rate Breathing 
228.784,0.4,M8_rr,Metronomic Breathing,Fixed-Rate Breathing 
229.184,0.4,M8_rr,Metronomic Breathing,Fixed-Rate Breathing 
229.592,0.408,M8_rr,Metronomic Breathing,Fixed-Rate Breathing 
230.0,0.408,M8_rr,Metronomic Breathing,Fixed-Rate Breathing 
230.4,0.4,M8_rr,Metronomic Breathing,Fixed-Rate Breathing 
230.796,0.396,M8_rr,Metronomic Breathing,Fixed-Rate Breathing 
231.204,0.408,M8_rr,Metronomic Breathing,Fixed-Rate Breathing 
231.608,0.404,M8_rr,Metronomic Breathing,Fixed-Rate Breathing 
232.008,0.4,M8_rr,Metronomic Breathing,Fixed-Rate Breathing 
232.4,0.392,M8_rr,Metronomic Breathing,Fixed-Rate Breathing 
232.78,0.38,M8_rr,Metronomic Breathing,Fixed-Rate Breathing 
233.164,0.384,M8_rr,Metronomic Breathing,Fixed-Rate Breathing 
233.548,0.384,M8_rr,Metronomic Breathing,Fixed-Rate Breathing 
233.94,0.392,M8_rr,Metronomic Breathing,Fixed-Rate Breathing 
234.332,0.392,M8_rr,Metronomic Breathing,Fixed-Rate Breathing 
234.716,0.384,M8_rr,Metronomic Breathing,Fixed-Rate Breathing 
235.104,0.388,M8_rr,Metronomic Breathing,Fixed-Rate Breathing 
235.504,0.4,M8_rr,Metronomic Breathing,Fixed-Rate Breathing 
235.908,0.404,M8_rr,Metronomic Breathing,Fixed-Rate Breathing 
236.312,0.404,M8_rr,Metronomic Breathing,Fixed-Rate Breathing 
236.704,0.392,M8_rr,Metronomic Breathing,Fixed-Rate Breathing 
237.1,0.396,M8_rr,Metronomic Breathing,Fixed-Rate Breathing 
237.5,0.4,M8_rr,Metronomic Breathing,Fixed-Rate Breathing 
237.896,0.396,M8_rr,Metronomic Breathing,Fixed-Rate Breathing 
238.288,0.392,M8_rr,Metronomic Breathing,Fixed-Rate Breathing 
238.684,0.396,M8_rr,Metronomic Breathing,Fixed-Rate Breathing 
239.08,0.396,M8_rr,Metronomic Breathing,Fixed-Rate Breathing 
239.492,0.412,M8_rr,Metronomic Breathing,Fixed-Rate Breathing 
239.904,0.412,M8_rr,Metronomic Breathing,Fixed-Rate Breathing 
240.32,0.416,M8_rr,Metronomic Breathing,Fixed-Rate Breathing 
240.72,0.4,M8_rr,Metronomic Breathing,Fixed-Rate Breathing 
241.12,0.4,M8_rr,Metronomic Breathing,Fixed-Rate Breathing 
241.528,0.408,M8_rr,Metronomic Breathing,Fixed-Rate Breathing 
241.936,0.408,M8_rr,Metronomic Breathing,Fixed-Rate Breathing 
242.352,0.416,M8_rr,Metronomic Breathing,Fixed-Rate Breathing 
242.756,0.404,M8_rr,Metronomic Breathing,Fixed-Rate Breathing 
243.156,0.4,M8_rr,Metronomic Breathing,Fixed-Rate Breathing 
243.56,0.404,M8_rr,Metronomic Breathing,Fixed-Rate Breathing 
243.964,0.404,M8_rr,Metronomic Breathing,Fixed-Rate Breathing 
244.372,0.408,M8_rr,Metronomic Breathing,Fixed-Rate Breathing 
244.78,0.408,M8_rr,Metronomic Breathing,Fixed-Rate Breathing 
245.18,0.4,M8_rr,Metronomic Breathing,Fixed-Rate Breathing 
245.572,0.392,M8_rr,Metronomic Breathing,Fixed-Rate Breathing 
245.976,0.404,M8_rr,Metronomic Breathing,Fixed-Rate Breathing 
246.388,0.412,M8_rr,Metronomic Breathing,Fixed-Rate Breathing 
246.808,0.42,M8_rr,Metronomic Breathing,Fixed-Rate Breathing 
247.216,0.408,M8_rr,Metronomic Breathing,Fixed-Rate Breathing 
247.616,0.4,M8_rr,Metronomic Breathing,Fixed-Rate Breathing 
248.024,0.408,M8_rr,Metronomic Breathing,Fixed-Rate Breathing 
248.44,0.416,M8_rr,Metronomic Breathing,Fixed-Rate Breathing 
248.864,0.424,M8_rr,Metronomic Breathing,Fixed-Rate Breathing 
249.284,0.42,M8_rr,Metronomic Breathing,Fixed-Rate Breathing 
249.692,0.408,M8_rr,Metronomic Breathing,Fixed-Rate Breathing 
250.092,0.4,M8_rr,Metronomic Breathing,Fixed-Rate Breathing 
250.508,0.416,M8_rr,Metronomic Breathing,Fixed-Rate Breathing 
250.928,0.42,M8_rr,Metronomic Breathing,Fixed-Rate Breathing 
251.352,0.424,M8_rr,Metronomic Breathing,Fixed-Rate Breathing 
251.76,0.408,M8_rr,Metronomic Breathing,Fixed-Rate Breathing 
252.172,0.412,M8_rr,Metronomic Breathing,Fixed-Rate Breathing 
252.596,0.424,M8_rr,Metronomic Breathing,Fixed-Rate Breathing 
253.024,0.428,M8_rr,Metronomic Breathing,Fixed-Rate Breathing 
253.452,0.428,M8_rr,Metronomic Breathing,Fixed-Rate Breathing 
253.86,0.408,M8_rr,Metronomic Breathing,Fixed-Rate Breathing 
254.264,0.404,M8_rr,Metronomic Breathing,Fixed-Rate Breathing 
254.676,0.412,M8_rr,Metronomic Breathing,Fixed-Rate Breathing 
255.084,0.408,M8_rr,Metronomic Breathing,Fixed-Rate Breathing 
255.496,0.412,M8_rr,Metronomic Breathing,Fixed-Rate Breathing 
255.892,0.396,M8_rr,Metronomic Breathing,Fixed-Rate Breathing 
256.292,0.4,M8_rr,Metronomic Breathing,Fixed-Rate Breathing 
256.7,0.408,M8_rr,Metronomic Breathing,Fixed-Rate Breathing 
257.12,0.42,M8_rr,Metronomic Breathing,Fixed-Rate Breathing 
257.54,0.42,M8_rr,Metronomic Breathing,Fixed-Rate Breathing 
257.948,0.408,M8_rr,Metronomic Breathing,Fixed-Rate Breathing 
258.356,0.408,M8_rr,Metronomic Breathing,Fixed-Rate Breathing 
258.772,0.416,M8_rr,Metronomic Breathing,Fixed-Rate Breathing 
259.192,0.42,M8_rr,Metronomic Breathing,Fixed-Rate Breathing 
259.608,0.416,M8_rr,Metronomic Breathing,Fixed-Rate Breathing 
260.012,0.404,M8_rr,Metronomic Breathing,Fixed-Rate Breathing 
260.416,0.404,M8_rr,Metronomic Breathing,Fixed-Rate Breathing 
260.828,0.412,M8_rr,Metronomic Breathing,Fixed-Rate Breathing 
261.24,0.412,M8_rr,Metronomic Breathing,Fixed-Rate Breathing 
261.66,0.42,M8_rr,Metronomic Breathing,Fixed-Rate Breathing 
262.068,0.408,M8_rr,Metronomic Breathing,Fixed-Rate Breathing 
262.472,0.404,M8_rr,Metronomic Breathing,Fixed-Rate Breathing 
262.88,0.408,M8_rr,Metronomic Breathing,Fixed-Rate Breathing 
263.284,0.404,M8_rr,Metronomic Breathing,Fixed-Rate Breathing 
263.684,0.4,M8_rr,Metronomic Breathing,Fixed-Rate Breathing 
264.084,0.4,M8_rr,Metronomic Breathing,Fixed-Rate Breathing 
264.484,0.4,M8_rr,Metronomic Breathing,Fixed-Rate Breathing 
264.892,0.408,M8_rr,Metronomic Breathing,Fixed-Rate Breathing 
265.312,0.42,M8_rr,Metronomic Breathing,Fixed-Rate Breathing 
265.724,0.412,M8_rr,Metronomic Breathing,Fixed-Rate Breathing 
266.136,0.412,M8_rr,Metronomic Breathing,Fixed-Rate Breathing 
266.54,0.404,M8_rr,Metronomic Breathing,Fixed-Rate Breathing 
266.952,0.412,M8_rr,Metronomic Breathing,Fixed-Rate Breathing 
267.368,0.416,M8_rr,Metronomic Breathing,Fixed-Rate Breathing 
267.788,0.42,M8_rr,Metronomic Breathing,Fixed-Rate Breathing 
268.196,0.408,M8_rr,Metronomic Breathing,Fixed-Rate Breathing 
268.596,0.4,M8_rr,Metronomic Breathing,Fixed-Rate Breathing 
269.0,0.404,M8_rr,Metronomic Breathing,Fixed-Rate Breathing 
269.396,0.396,M8_rr,Metronomic Breathing,Fixed-Rate Breathing 
269.788,0.392,M8_rr,Metronomic Breathing,Fixed-Rate Breathing 
270.168,0.38,M8_rr,Metronomic Breathing,Fixed-Rate Breathing 
270.544,0.376,M8_rr,Metronomic Breathing,Fixed-Rate Breathing 
270.928,0.384,M8_rr,Metronomic Breathing,Fixed-Rate Breathing 
271.32,0.392,M8_rr,Metronomic Breathing,Fixed-Rate Breathing 
271.728,0.408,M8_rr,Metronomic Breathing,Fixed-Rate Breathing 
272.132,0.404,M8_rr,Metronomic Breathing,Fixed-Rate Breathing 
272.536,0.404,M8_rr,Metronomic Breathing,Fixed-Rate Breathing 
272.924,0.388,M8_rr,Metronomic Breathing,Fixed-Rate Breathing 
273.3,0.376,M8_rr,Metronomic Breathing,Fixed-Rate Breathing 
273.656,0.356,M8_rr,Metronomic Breathing,Fixed-Rate Breathing 
274.012,0.356,M8_rr,Metronomic Breathing,Fixed-Rate Breathing 
274.36,0.348,M8_rr,Metronomic Breathing,Fixed-Rate Breathing 
274.712,0.352,M8_rr,Metronomic Breathing,Fixed-Rate Breathing 
275.072,0.36,M8_rr,Metronomic Breathing,Fixed-Rate Breathing 
275.44,0.368,M8_rr,Metronomic Breathing,Fixed-Rate Breathing 
275.816,0.376,M8_rr,Metronomic Breathing,Fixed-Rate Breathing 
276.18,0.364,M8_rr,Metronomic Breathing,Fixed-Rate Breathing 
276.552,0.372,M8_rr,Metronomic Breathing,Fixed-Rate Breathing 
276.928,0.376,M8_rr,Metronomic Breathing,Fixed-Rate Breathing 
277.308,0.38,M8_rr,Metronomic Breathing,Fixed-Rate Breathing 
277.692,0.384,M8_rr,Metronomic Breathing,Fixed-Rate Breathing 
278.076,0.384,M8_rr,Metronomic Breathing,Fixed-Rate Breathing 
278.464,0.388,M8_rr,Metronomic Breathing,Fixed-Rate Breathing 
278.856,0.392,M8_rr,Metronomic Breathing,Fixed-Rate Breathing 
279.264,0.408,M8_rr,Metronomic Breathing,Fixed-Rate Breathing 
279.676,0.412,M8_rr,Metronomic Breathing,Fixed-Rate Breathing 
280.092,0.416,M8_rr,Metronomic Breathing,Fixed-Rate Breathing 
280.504,0.412,M8_rr,Metronomic Breathing,Fixed-Rate Breathing 
280.908,0.404,M8_rr,Metronomic Breathing,Fixed-Rate Breathing 
281.32,0.412,M8_rr,Metronomic Breathing,Fixed-Rate Breathing 
281.732,0.412,M8_rr,Metronomic Breathing,Fixed-Rate Breathing 
282.14,0.408,M8_rr,Metronomic Breathing,Fixed-Rate Breathing 
282.544,0.404,M8_rr,Metronomic Breathing,Fixed-Rate Breathing 
282.94,0.396,M8_rr,Metronomic Breathing,Fixed-Rate Breathing 
283.344,0.404,M8_rr,Metronomic Breathing,Fixed-Rate Breathing 
283.752,0.408,M8_rr,Metronomic Breathing,Fixed-Rate Breathing 
284.168,0.416,M8_rr,Metronomic Breathing,Fixed-Rate Breathing 
284.576,0.408,M8_rr,Metronomic Breathing,Fixed-Rate Breathing 
284.98,0.404,M8_rr,Metronomic Breathing,Fixed-Rate Breathing 
285.38,0.4,M8_rr,Metronomic Breathing,Fixed-Rate Breathing 
285.784,0.404,M8_rr,Metronomic Breathing,Fixed-Rate Breathing 
286.192,0.408,M8_rr,Metronomic Breathing,Fixed-Rate Breathing 
286.6,0.408,M8_rr,Metronomic Breathing,Fixed-Rate Breathing 
287.012,0.412,M8_rr,Metronomic Breathing,Fixed-Rate Breathing 
287.408,0.396,M8_rr,Metronomic Breathing,Fixed-Rate Breathing 
287.804,0.396,M8_rr,Metronomic Breathing,Fixed-Rate Breathing 
288.216,0.412,M8_rr,Metronomic Breathing,Fixed-Rate Breathing 
288.628,0.412,M8_rr,Metronomic Breathing,Fixed-Rate Breathing 
289.048,0.42,M8_rr,Metronomic Breathing,Fixed-Rate Breathing 
289.456,0.408,M8_rr,Metronomic Breathing,Fixed-Rate Breathing 
289.864,0.408,M8_rr,Metronomic Breathing,Fixed-Rate Breathing 
290.28,0.416,M8_rr,Metronomic Breathing,Fixed-Rate Breathing 
290.7,0.42,M8_rr,Metronomic Breathing,Fixed-Rate Breathing 
291.116,0.416,M8_rr,Metronomic Breathing,Fixed-Rate Breathing 
291.52,0.404,M8_rr,Metronomic Breathing,Fixed-Rate Breathing 
291.928,0.408,M8_rr,Metronomic Breathing,Fixed-Rate Breathing 
292.344,0.416,M8_rr,Metronomic Breathing,Fixed-Rate Breathing 
292.752,0.408,M8_rr,Metronomic Breathing,Fixed-Rate Breathing 
293.164,0.412,M8_rr,Metronomic Breathing,Fixed-Rate Breathing 
293.568,0.404,M8_rr,Metronomic Breathing,Fixed-Rate Breathing 
293.956,0.388,M8_rr,Metronomic Breathing,Fixed-Rate Breathing 
294.344,0.388,M8_rr,Metronomic Breathing,Fixed-Rate Breathing 
294.74,0.396,M8_rr,Metronomic Breathing,Fixed-Rate Breathing 
295.144,0.404,M8_rr,Metronomic Breathing,Fixed-Rate Breathing 
295.544,0.4,M8_rr,Metronomic Breathing,Fixed-Rate Breathing 
295.94,0.396,M8_rr,Metronomic Breathing,Fixed-Rate Breathing 
296.344,0.404,M8_rr,Metronomic Breathing,Fixed-Rate Breathing 
296.752,0.408,M8_rr,Metronomic Breathing,Fixed-Rate Breathing 
297.168,0.416,M8_rr,Metronomic Breathing,Fixed-Rate Breathing 
297.584,0.416,M8_rr,Metronomic Breathing,Fixed-Rate Breathing 
297.992,0.408,M8_rr,Metronomic Breathing,Fixed-Rate Breathing 
298.384,0.392,M8_rr,Metronomic Breathing,Fixed-Rate Breathing 
298.78,0.396,M8_rr,Metronomic Breathing,Fixed-Rate Breathing 
299.188,0.408,M8_rr,Metronomic Breathing,Fixed-Rate Breathing 
299.604,0.416,M8_rr,Metronomic Breathing,Fixed-Rate Breathing 
300.008,0.404,M8_rr,Metronomic Breathing,Fixed-Rate Breathing 
300.412,0.404,M8_rr,Metronomic Breathing,Fixed-Rate Breathing 
300.828,0.416,M8_rr,Metronomic Breathing,Fixed-Rate Breathing 
301.248,0.42,M8_rr,Metronomic Breathing,Fixed-Rate Breathing 
301.672,0.424,M8_rr,Metronomic Breathing,Fixed-Rate Breathing 
302.076,0.404,M8_rr,Metronomic Breathing,Fixed-Rate Breathing 
302.48,0.404,M8_rr,Metronomic Breathing,Fixed-Rate Breathing 
302.884,0.404,M8_rr,Metronomic Breathing,Fixed-Rate Breathing 
303.292,0.408,M8_rr,Metronomic Breathing,Fixed-Rate Breathing 
303.696,0.404,M8_rr,Metronomic Breathing,Fixed-Rate Breathing 
304.092,0.396,M8_rr,Metronomic Breathing,Fixed-Rate Breathing 
304.492,0.4,M8_rr,Metronomic Breathing,Fixed-Rate Breathing 
304.896,0.404,M8_rr,Metronomic Breathing,Fixed-Rate Breathing 
305.308,0.412,M8_rr,Metronomic Breathing,Fixed-Rate Breathing 
305.716,0.408,M8_rr,Metronomic Breathing,Fixed-Rate Breathing 
306.12,0.404,M8_rr,Metronomic Breathing,Fixed-Rate Breathing 
306.524,0.404,M8_rr,Metronomic Breathing,Fixed-Rate Breathing 
