Time,RR_Interval,Subject,Group,State
1.16,0.54,M13_rr,Metronomic Breathing,Fixed-Rate Breathing 
1.692,0.532,M13_rr,Metronomic Breathing,Fixed-Rate Breathing 
2.232,0.54,M13_rr,Metronomic Breathing,Fixed-Rate Breathing 
2.776,0.544,M13_rr,Metronomic Breathing,Fixed-Rate Breathing 
3.32,0.544,M13_rr,Metronomic Breathing,Fixed-Rate Breathing 
3.884,0.564,M13_rr,Metronomic Breathing,Fixed-Rate Breathing 
4.432,0.548,M13_rr,Metronomic Breathing,Fixed-Rate Breathing 
4.976,0.544,M13_rr,Metronomic Breathing,Fixed-Rate Breathing 
5.524,0.548,M13_rr,Metronomic Breathing,Fixed-Rate Breathing 
6.064,0.54,M13_rr,Metronomic Breathing,Fixed-Rate Breathing 
6.624,0.56,M13_rr,Metronomic Breathing,Fixed-Rate Breathing 
7.188,0.564,M13_rr,Metronomic Breathing,Fixed-Rate Breathing 
7.732,0.544,M13_rr,Metronomic Breathing,Fixed-Rate Breathing 
8.272,0.54,M13_rr,Metronomic Breathing,Fixed-Rate Breathing 
8.84,0.568,M13_rr,Metronomic Breathing,Fixed-Rate Breathing 
9.416,0.576,M13_rr,Metronomic Breathing,Fixed-Rate Breathing 
9.972,0.556,M13_rr,Metronomic Breathing,Fixed-Rate Breathing 
10.532,0.56,M13_rr,Metronomic Breathing,Fixed-Rate Breathing 
11.104,0.572,M13_rr,Metronomic Breathing,Fixed-Rate Breathing 
11.652,0.548,M13_rr,Metronomic Breathing,Fixed-Rate Breathing 
12.18,0.528,M13_rr,Metronomic Breathing,Fixed-Rate Breathing 
12.74,0.56,M13_rr,Metronomic Breathing,Fixed-Rate Breathing 
13.3,0.56,M13_rr,Metronomic Breathing,Fixed-Rate Breathing 
13.852,0.552,M13_rr,Metronomic Breathing,Fixed-Rate Breathing 
14.388,0.536,M13_rr,Metronomic Breathing,Fixed-Rate Breathing 
14.948,0.56,M13_rr,Metronomic Breathing,Fixed-Rate Breathing 
15.5,0.552,M13_rr,Metronomic Breathing,Fixed-Rate Breathing 
16.024,0.524,M13_rr,Metronomic Breathing,Fixed-Rate Breathing 
16.572,0.548,M13_rr,Metronomic Breathing,Fixed-Rate Breathing 
17.116,0.544,M13_rr,Metronomic Breathing,Fixed-Rate Breathing 
17.656,0.54,M13_rr,Metronomic Breathing,Fixed-Rate Breathing 
18.18,0.524,M13_rr,Metronomic Breathing,Fixed-Rate Breathing 
18.708,0.528,M13_rr,Metronomic Breathing,Fixed-Rate Breathing 
19.236,0.528,M13_rr,Metronomic Breathing,Fixed-Rate Breathing 
19.764,0.528,M13_rr,Metronomic Breathing,Fixed-Rate Breathing 
20.276,0.512,M13_rr,Metronomic Breathing,Fixed-Rate Breathing 
20.812,0.536,M13_rr,Metronomic Breathing,Fixed-Rate Breathing 
21.352,0.54,M13_rr,Metronomic Breathing,Fixed-Rate Breathing 
21.876,0.524,M13_rr,Metronomic Breathing,Fixed-Rate Breathing 
22.384,0.508,M13_rr,Metronomic Breathing,Fixed-Rate Breathing 
22.9,0.516,M13_rr,Metronomic Breathing,Fixed-Rate Breathing 
23.416,0.516,M13_rr,Metronomic Breathing,Fixed-Rate Breathing 
23.94,0.524,M13_rr,Metronomic Breathing,Fixed-Rate Breathing 
24.452,0.512,M13_rr,Metronomic Breathing,Fixed-Rate Breathing 
24.98,0.528,M13_rr,Metronomic Breathing,Fixed-Rate Breathing 
25.524,0.544,M13_rr,Metronomic Breathing,Fixed-Rate Breathing 
26.068,0.544,M13_rr,Metronomic Breathing,Fixed-Rate Breathing 
26.588,0.52,M13_rr,Metronomic Breathing,Fixed-Rate Breathing 
27.124,0.536,M13_rr,Metronomic Breathing,Fixed-Rate Breathing 
27.64,0.516,M13_rr,Metronomic Breathing,Fixed-Rate Breathing 
28.132,0.492,M13_rr,Metronomic Breathing,Fixed-Rate Breathing 
28.612,0.48,M13_rr,Metronomic Breathing,Fixed-Rate Breathing 
29.128,0.516,M13_rr,Metronomic Breathing,Fixed-Rate Breathing 
29.656,0.528,M13_rr,Metronomic Breathing,Fixed-Rate Breathing 
30.196,0.54,M13_rr,Metronomic Breathing,Fixed-Rate Breathing 
30.72,0.524,M13_rr,Metronomic Breathing,Fixed-Rate Breathing 
31.232,0.512,M13_rr,Metronomic Breathing,Fixed-Rate Breathing 
31.776,0.544,M13_rr,Metronomic Breathing,Fixed-Rate Breathing 
32.308,0.532,M13_rr,Metronomic Breathing,Fixed-Rate Breathing 
32.816,0.508,M13_rr,Metronomic Breathing,Fixed-Rate Breathing 
33.328,0.512,M13_rr,Metronomic Breathing,Fixed-Rate Breathing 
33.864,0.536,M13_rr,Metronomic Breathing,Fixed-Rate Breathing 
34.428,0.564,M13_rr,Metronomic Breathing,Fixed-Rate Breathing 
34.972,0.544,M13_rr,Metronomic Breathing,Fixed-Rate Breathing 
35.524,0.552,M13_rr,Metronomic Breathing,Fixed-Rate Breathing 
36.084,0.56,M13_rr,Metronomic Breathing,Fixed-Rate Breathing 
36.632,0.548,M13_rr,Metronomic Breathing,Fixed-Rate Breathing 
37.176,0.544,M13_rr,Metronomic Breathing,Fixed-Rate Breathing 
37.724,0.548,M13_rr,Metronomic Breathing,Fixed-Rate Breathing 
38.28,0.556,M13_rr,Metronomic Breathing,Fixed-Rate Breathing 
38.828,0.548,M13_rr,Metronomic Breathing,Fixed-Rate Breathing 
39.364,0.536,M13_rr,Metronomic Breathing,Fixed-Rate Breathing 
39.908,0.544,M13_rr,Metronomic Breathing,Fixed-Rate Breathing 
40.452,0.544,M13_rr,Metronomic Breathing,Fixed-Rate Breathing 
40.996,0.544,M13_rr,Metronomic Breathing,Fixed-Rate Breathing 
41.528,0.532,M13_rr,Metronomic Breathing,Fixed-Rate Breathing 
42.076,0.548,M13_rr,Metronomic Breathing,Fixed-Rate Breathing 
42.612,0.536,M13_rr,Metronomic Breathing,Fixed-Rate Breathing 
43.144,0.532,M13_rr,Metronomic Breathing,Fixed-Rate Breathing 
43.676,0.532,M13_rr,Metronomic Breathing,Fixed-Rate Breathing 
44.216,0.54,M13_rr,Metronomic Breathing,Fixed-Rate Breathing 
44.724,0.508,M13_rr,Metronomic Breathing,Fixed-Rate Breathing 
45.228,0.504,M13_rr,Metronomic Breathing,Fixed-Rate Breathing 
45.732,0.504,M13_rr,Metronomic Breathing,Fixed-Rate Breathing 
46.244,0.512,M13_rr,Metronomic Breathing,Fixed-Rate Breathing 
46.712,0.468,M13_rr,Metronomic Breathing,Fixed-Rate Breathing 
47.116,0.404,M13_rr,Metronomic Breathing,Fixed-Rate Breathing 
47.548,0.432,M13_rr,Metronomic Breathing,Fixed-Rate Breathing 
48.096,0.548,M13_rr,Metronomic Breathing,Fixed-Rate Breathing 
48.656,0.56,M13_rr,Metronomic Breathing,Fixed-Rate Breathing 
49.216,0.56,M13_rr,Metronomic Breathing,Fixed-Rate Breathing 
49.756,0.54,M13_rr,Metronomic Breathing,Fixed-Rate Breathing 
50.296,0.54,M13_rr,Metronomic Breathing,Fixed-Rate Breathing 
50.856,0.56,M13_rr,Metronomic Breathing,Fixed-Rate Breathing 
51.408,0.552,M13_rr,Metronomic Breathing,Fixed-Rate Breathing 
51.944,0.536,M13_rr,Metronomic Breathing,Fixed-Rate Breathing 
52.488,0.544,M13_rr,Metronomic Breathing,Fixed-Rate Breathing 
53.032,0.544,M13_rr,Metronomic Breathing,Fixed-Rate Breathing 
53.572,0.54,M13_rr,Metronomic Breathing,Fixed-Rate Breathing 
54.108,0.536,M13_rr,Metronomic Breathing,Fixed-Rate Breathing 
54.66,0.552,M13_rr,Metronomic Breathing,Fixed-Rate Breathing 
55.224,0.564,M13_rr,Metronomic Breathing,Fixed-Rate Breathing 
55.78,0.556,M13_rr,Metronomic Breathing,Fixed-Rate Breathing 
56.34,0.56,M13_rr,Metronomic Breathing,Fixed-Rate Breathing 
56.912,0.572,M13_rr,Metronomic Breathing,Fixed-Rate Breathing 
57.476,0.564,M13_rr,Metronomic Breathing,Fixed-Rate Breathing 
58.02,0.544,M13_rr,Metronomic Breathing,Fixed-Rate Breathing 
58.58,0.56,M13_rr,Metronomic Breathing,Fixed-Rate Breathing 
59.144,0.564,M13_rr,Metronomic Breathing,Fixed-Rate Breathing 
59.696,0.552,M13_rr,Metronomic Breathing,Fixed-Rate Breathing 
60.248,0.552,M13_rr,Metronomic Breathing,Fixed-Rate Breathing 
60.8,0.552,M13_rr,Metronomic Breathing,Fixed-Rate Breathing 
61.372,0.572,M13_rr,Metronomic Breathing,Fixed-Rate Breathing 
61.928,0.556,M13_rr,Metronomic Breathing,Fixed-Rate Breathing 
62.468,0.54,M13_rr,Metronomic Breathing,Fixed-Rate Breathing 
63.012,0.544,M13_rr,Metronomic Breathing,Fixed-Rate Breathing 
63.568,0.556,M13_rr,Metronomic Breathing,Fixed-Rate Breathing 
64.124,0.556,M13_rr,Metronomic Breathing,Fixed-Rate Breathing 
64.672,0.548,M13_rr,Metronomic Breathing,Fixed-Rate Breathing 
65.248,0.576,M13_rr,Metronomic Breathing,Fixed-Rate Breathing 
65.82,0.572,M13_rr,Metronomic Breathing,Fixed-Rate Breathing 
66.384,0.564,M13_rr,Metronomic Breathing,Fixed-Rate Breathing 
66.952,0.568,M13_rr,Metronomic Breathing,Fixed-Rate Breathing 
67.504,0.552,M13_rr,Metronomic Breathing,Fixed-Rate Breathing 
68.048,0.544,M13_rr,Metronomic Breathing,Fixed-Rate Breathing 
68.58,0.532,M13_rr,Metronomic Breathing,Fixed-Rate Breathing 
69.16,0.58,M13_rr,Metronomic Breathing,Fixed-Rate Breathing 
69.74,0.58,M13_rr,Metronomic Breathing,Fixed-Rate Breathing 
70.304,0.564,M13_rr,Metronomic Breathing,Fixed-Rate Breathing 
70.868,0.564,M13_rr,Metronomic Breathing,Fixed-Rate Breathing 
71.448,0.58,M13_rr,Metronomic Breathing,Fixed-Rate Breathing 
72.024,0.576,M13_rr,Metronomic Breathing,Fixed-Rate Breathing 
72.584,0.56,M13_rr,Metronomic Breathing,Fixed-Rate Breathing 
73.136,0.552,M13_rr,Metronomic Breathing,Fixed-Rate Breathing 
73.7,0.564,M13_rr,Metronomic Breathing,Fixed-Rate Breathing 
74.256,0.556,M13_rr,Metronomic Breathing,Fixed-Rate Breathing 
74.804,0.548,M13_rr,Metronomic Breathing,Fixed-Rate Breathing 
75.372,0.568,M13_rr,Metronomic Breathing,Fixed-Rate Breathing 
75.94,0.568,M13_rr,Metronomic Breathing,Fixed-Rate Breathing 
76.496,0.556,M13_rr,Metronomic Breathing,Fixed-Rate Breathing 
77.04,0.544,M13_rr,Metronomic Breathing,Fixed-Rate Breathing 
77.616,0.576,M13_rr,Metronomic Breathing,Fixed-Rate Breathing 
78.184,0.568,M13_rr,Metronomic Breathing,Fixed-Rate Breathing 
78.74,0.556,M13_rr,Metronomic Breathing,Fixed-Rate Breathing 
79.308,0.568,M13_rr,Metronomic Breathing,Fixed-Rate Breathing 
79.884,0.576,M13_rr,Metronomic Breathing,Fixed-Rate Breathing 
80.46,0.576,M13_rr,Metronomic Breathing,Fixed-Rate Breathing 
81.028,0.568,M13_rr,Metronomic Breathing,Fixed-Rate Breathing 
81.604,0.576,M13_rr,Metronomic Breathing,Fixed-Rate Breathing 
82.172,0.568,M13_rr,Metronomic Breathing,Fixed-Rate Breathing 
82.736,0.564,M13_rr,Metronomic Breathing,Fixed-Rate Breathing 
83.288,0.552,M13_rr,Metronomic Breathing,Fixed-Rate Breathing 
83.852,0.564,M13_rr,Metronomic Breathing,Fixed-Rate Breathing 
84.416,0.564,M13_rr,Metronomic Breathing,Fixed-Rate Breathing 
84.976,0.56,M13_rr,Metronomic Breathing,Fixed-Rate Breathing 
85.528,0.552,M13_rr,Metronomic Breathing,Fixed-Rate Breathing 
86.088,0.56,M13_rr,Metronomic Breathing,Fixed-Rate Breathing 
86.652,0.564,M13_rr,Metronomic Breathing,Fixed-Rate Breathing 
87.204,0.552,M13_rr,Metronomic Breathing,Fixed-Rate Breathing 
87.752,0.548,M13_rr,Metronomic Breathing,Fixed-Rate Breathing 
88.304,0.552,M13_rr,Metronomic Breathing,Fixed-Rate Breathing 
88.86,0.556,M13_rr,Metronomic Breathing,Fixed-Rate Breathing 
89.416,0.556,M13_rr,Metronomic Breathing,Fixed-Rate Breathing 
89.968,0.552,M13_rr,Metronomic Breathing,Fixed-Rate Breathing 
90.532,0.564,M13_rr,Metronomic Breathing,Fixed-Rate Breathing 
91.1,0.568,M13_rr,Metronomic Breathing,Fixed-Rate Breathing 
91.64,0.54,M13_rr,Metronomic Breathing,Fixed-Rate Breathing 
92.184,0.544,M13_rr,Metronomic Breathing,Fixed-Rate Breathing 
92.748,0.564,M13_rr,Metronomic Breathing,Fixed-Rate Breathing 
93.3,0.552,M13_rr,Metronomic Breathing,Fixed-Rate Breathing 
93.844,0.544,M13_rr,Metronomic Breathing,Fixed-Rate Breathing 
94.4,0.556,M13_rr,Metronomic Breathing,Fixed-Rate Breathing 
94.96,0.56,M13_rr,Metronomic Breathing,Fixed-Rate Breathing 
95.504,0.544,M13_rr,Metronomic Breathing,Fixed-Rate Breathing 
96.04,0.536,M13_rr,Metronomic Breathing,Fixed-Rate Breathing 
96.584,0.544,M13_rr,Metronomic Breathing,Fixed-Rate Breathing 
97.14,0.556,M13_rr,Metronomic Breathing,Fixed-Rate Breathing 
97.688,0.548,M13_rr,Metronomic Breathing,Fixed-Rate Breathing 
98.24,0.552,M13_rr,Metronomic Breathing,Fixed-Rate Breathing 
98.796,0.556,M13_rr,Metronomic Breathing,Fixed-Rate Breathing 
99.352,0.556,M13_rr,Metronomic Breathing,Fixed-Rate Breathing 
99.896,0.544,M13_rr,Metronomic Breathing,Fixed-Rate Breathing 
100.436,0.54,M13_rr,Metronomic Breathing,Fixed-Rate Breathing 
100.992,0.556,M13_rr,Metronomic Breathing,Fixed-Rate Breathing 
101.54,0.548,M13_rr,Metronomic Breathing,Fixed-Rate Breathing 
102.08,0.54,M13_rr,Metronomic Breathing,Fixed-Rate Breathing 
102.624,0.544,M13_rr,Metronomic Breathing,Fixed-Rate Breathing 
103.18,0.556,M13_rr,Metronomic Breathing,Fixed-Rate Breathing 
103.728,0.548,M13_rr,Metronomic Breathing,Fixed-Rate Breathing 
104.272,0.544,M13_rr,Metronomic Breathing,Fixed-Rate Breathing 
104.82,0.548,M13_rr,Metronomic Breathing,Fixed-Rate Breathing 
105.38,0.56,M13_rr,Metronomic Breathing,Fixed-Rate Breathing 
105.932,0.552,M13_rr,Metronomic Breathing,Fixed-Rate Breathing 
106.472,0.54,M13_rr,Metronomic Breathing,Fixed-Rate Breathing 
107.024,0.552,M13_rr,Metronomic Breathing,Fixed-Rate Breathing 
107.576,0.552,M13_rr,Metronomic Breathing,Fixed-Rate Breathing 
108.12,0.544,M13_rr,Metronomic Breathing,Fixed-Rate Breathing 
108.656,0.536,M13_rr,Metronomic Breathing,Fixed-Rate Breathing 
109.196,0.54,M13_rr,Metronomic Breathing,Fixed-Rate Breathing 
109.74,0.544,M13_rr,Metronomic Breathing,Fixed-Rate Breathing 
110.26,0.52,M13_rr,Metronomic Breathing,Fixed-Rate Breathing 
110.776,0.516,M13_rr,Metronomic Breathing,Fixed-Rate Breathing 
111.32,0.544,M13_rr,Metronomic Breathing,Fixed-Rate Breathing 
111.876,0.556,M13_rr,Metronomic Breathing,Fixed-Rate Breathing 
112.408,0.532,M13_rr,Metronomic Breathing,Fixed-Rate Breathing 
112.936,0.528,M13_rr,Metronomic Breathing,Fixed-Rate Breathing 
113.48,0.544,M13_rr,Metronomic Breathing,Fixed-Rate Breathing 
114.024,0.544,M13_rr,Metronomic Breathing,Fixed-Rate Breathing 
114.556,0.532,M13_rr,Metronomic Breathing,Fixed-Rate Breathing 
115.088,0.532,M13_rr,Metronomic Breathing,Fixed-Rate Breathing 
115.644,0.556,M13_rr,Metronomic Breathing,Fixed-Rate Breathing 
116.192,0.548,M13_rr,Metronomic Breathing,Fixed-Rate Breathing 
116.72,0.528,M13_rr,Metronomic Breathing,Fixed-Rate Breathing 
117.244,0.524,M13_rr,Metronomic Breathing,Fixed-Rate Breathing 
117.792,0.548,M13_rr,Metronomic Breathing,Fixed-Rate Breathing 
118.332,0.54,M13_rr,Metronomic Breathing,Fixed-Rate Breathing 
118.848,0.516,M13_rr,Metronomic Breathing,Fixed-Rate Breathing 
119.368,0.52,M13_rr,Metronomic Breathing,Fixed-Rate Breathing 
119.904,0.536,M13_rr,Metronomic Breathing,Fixed-Rate Breathing 
120.424,0.52,M13_rr,Metronomic Breathing,Fixed-Rate Breathing 
120.94,0.516,M13_rr,Metronomic Breathing,Fixed-Rate Breathing 
121.456,0.516,M13_rr,Metronomic Breathing,Fixed-Rate Breathing 
121.988,0.532,M13_rr,Metronomic Breathing,Fixed-Rate Breathing 
122.516,0.528,M13_rr,Metronomic Breathing,Fixed-Rate Breathing 
123.028,0.512,M13_rr,Metronomic Breathing,Fixed-Rate Breathing 
123.544,0.516,M13_rr,Metronomic Breathing,Fixed-Rate Breathing 
124.084,0.54,M13_rr,Metronomic Breathing,Fixed-Rate Breathing 
124.596,0.512,M13_rr,Metronomic Breathing,Fixed-Rate Breathing 
125.096,0.5,M13_rr,Metronomic Breathing,Fixed-Rate Breathing 
125.604,0.508,M13_rr,Metronomic Breathing,Fixed-Rate Breathing 
126.14,0.536,M13_rr,Metronomic Breathing,Fixed-Rate Breathing 
126.676,0.536,M13_rr,Metronomic Breathing,Fixed-Rate Breathing 
127.188,0.512,M13_rr,Metronomic Breathing,Fixed-Rate Breathing 
127.7,0.512,M13_rr,Metronomic Breathing,Fixed-Rate Breathing 
128.228,0.528,M13_rr,Metronomic Breathing,Fixed-Rate Breathing 
128.744,0.516,M13_rr,Metronomic Breathing,Fixed-Rate Breathing 
129.256,0.512,M13_rr,Metronomic Breathing,Fixed-Rate Breathing 
129.784,0.528,M13_rr,Metronomic Breathing,Fixed-Rate Breathing 
130.34,0.556,M13_rr,Metronomic Breathing,Fixed-Rate Breathing 
130.876,0.536,M13_rr,Metronomic Breathing,Fixed-Rate Breathing 
131.4,0.524,M13_rr,Metronomic Breathing,Fixed-Rate Breathing 
131.92,0.52,M13_rr,Metronomic Breathing,Fixed-Rate Breathing 
132.468,0.548,M13_rr,Metronomic Breathing,Fixed-Rate Breathing 
133.016,0.548,M13_rr,Metronomic Breathing,Fixed-Rate Breathing 
133.54,0.524,M13_rr,Metronomic Breathing,Fixed-Rate Breathing 
134.076,0.536,M13_rr,Metronomic Breathing,Fixed-Rate Breathing 
134.628,0.552,M13_rr,Metronomic Breathing,Fixed-Rate Breathing 
135.184,0.556,M13_rr,Metronomic Breathing,Fixed-Rate Breathing 
135.716,0.532,M13_rr,Metronomic Breathing,Fixed-Rate Breathing 
136.252,0.536,M13_rr,Metronomic Breathing,Fixed-Rate Breathing 
136.808,0.556,M13_rr,Metronomic Breathing,Fixed-Rate Breathing 
137.364,0.556,M13_rr,Metronomic Breathing,Fixed-Rate Breathing 
137.896,0.532,M13_rr,Metronomic Breathing,Fixed-Rate Breathing 
138.444,0.548,M13_rr,Metronomic Breathing,Fixed-Rate Breathing 
138.992,0.548,M13_rr,Metronomic Breathing,Fixed-Rate Breathing 
139.524,0.532,M13_rr,Metronomic Breathing,Fixed-Rate Breathing 
140.048,0.524,M13_rr,Metronomic Breathing,Fixed-Rate Breathing 
140.608,0.56,M13_rr,Metronomic Breathing,Fixed-Rate Breathing 
141.172,0.564,M13_rr,Metronomic Breathing,Fixed-Rate Breathing 
141.712,0.54,M13_rr,Metronomic Breathing,Fixed-Rate Breathing 
142.244,0.532,M13_rr,Metronomic Breathing,Fixed-Rate Breathing 
142.796,0.552,M13_rr,Metronomic Breathing,Fixed-Rate Breathing 
143.34,0.544,M13_rr,Metronomic Breathing,Fixed-Rate Breathing 
143.872,0.532,M13_rr,Metronomic Breathing,Fixed-Rate Breathing 
144.416,0.544,M13_rr,Metronomic Breathing,Fixed-Rate Breathing 
144.964,0.548,M13_rr,Metronomic Breathing,Fixed-Rate Breathing 
145.512,0.548,M13_rr,Metronomic Breathing,Fixed-Rate Breathing 
146.044,0.532,M13_rr,Metronomic Breathing,Fixed-Rate Breathing 
146.596,0.552,M13_rr,Metronomic Breathing,Fixed-Rate Breathing 
147.152,0.556,M13_rr,Metronomic Breathing,Fixed-Rate Breathing 
147.7,0.548,M13_rr,Metronomic Breathing,Fixed-Rate Breathing 
148.244,0.544,M13_rr,Metronomic Breathing,Fixed-Rate Breathing 
148.796,0.552,M13_rr,Metronomic Breathing,Fixed-Rate Breathing 
149.356,0.56,M13_rr,Metronomic Breathing,Fixed-Rate Breathing 
149.908,0.552,M13_rr,Metronomic Breathing,Fixed-Rate Breathing 
150.448,0.54,M13_rr,Metronomic Breathing,Fixed-Rate Breathing 
151.0,0.552,M13_rr,Metronomic Breathing,Fixed-Rate Breathing 
151.568,0.568,M13_rr,Metronomic Breathing,Fixed-Rate Breathing 
152.116,0.548,M13_rr,Metronomic Breathing,Fixed-Rate Breathing 
152.644,0.528,M13_rr,Metronomic Breathing,Fixed-Rate Breathing 
153.188,0.544,M13_rr,Metronomic Breathing,Fixed-Rate Breathing 
153.748,0.56,M13_rr,Metronomic Breathing,Fixed-Rate Breathing 
154.292,0.544,M13_rr,Metronomic Breathing,Fixed-Rate Breathing 
154.832,0.54,M13_rr,Metronomic Breathing,Fixed-Rate Breathing 
155.368,0.536,M13_rr,Metronomic Breathing,Fixed-Rate Breathing 
155.924,0.556,M13_rr,Metronomic Breathing,Fixed-Rate Breathing 
156.468,0.544,M13_rr,Metronomic Breathing,Fixed-Rate Breathing 
156.984,0.516,M13_rr,Metronomic Breathing,Fixed-Rate Breathing 
157.516,0.532,M13_rr,Metronomic Breathing,Fixed-Rate Breathing 
158.064,0.548,M13_rr,Metronomic Breathing,Fixed-Rate Breathing 
158.596,0.532,M13_rr,Metronomic Breathing,Fixed-Rate Breathing 
159.12,0.524,M13_rr,Metronomic Breathing,Fixed-Rate Breathing 
159.668,0.548,M13_rr,Metronomic Breathing,Fixed-Rate Breathing 
160.224,0.556,M13_rr,Metronomic Breathing,Fixed-Rate Breathing 
160.764,0.54,M13_rr,Metronomic Breathing,Fixed-Rate Breathing 
161.304,0.54,M13_rr,Metronomic Breathing,Fixed-Rate Breathing 
161.844,0.54,M13_rr,Metronomic Breathing,Fixed-Rate Breathing 
162.4,0.556,M13_rr,Metronomic Breathing,Fixed-Rate Breathing 
162.944,0.544,M13_rr,Metronomic Breathing,Fixed-Rate Breathing 
163.476,0.532,M13_rr,Metronomic Breathing,Fixed-Rate Breathing 
164.02,0.544,M13_rr,Metronomic Breathing,Fixed-Rate Breathing 
164.56,0.54,M13_rr,Metronomic Breathing,Fixed-Rate Breathing 
165.08,0.52,M13_rr,Metronomic Breathing,Fixed-Rate Breathing 
165.596,0.516,M13_rr,Metronomic Breathing,Fixed-Rate Breathing 
166.136,0.54,M13_rr,Metronomic Breathing,Fixed-Rate Breathing 
166.664,0.528,M13_rr,Metronomic Breathing,Fixed-Rate Breathing 
167.176,0.512,M13_rr,Metronomic Breathing,Fixed-Rate Breathing 
167.688,0.512,M13_rr,Metronomic Breathing,Fixed-Rate Breathing 
168.228,0.54,M13_rr,Metronomic Breathing,Fixed-Rate Breathing 
168.768,0.54,M13_rr,Metronomic Breathing,Fixed-Rate Breathing 
169.284,0.516,M13_rr,Metronomic Breathing,Fixed-Rate Breathing 
169.788,0.504,M13_rr,Metronomic Breathing,Fixed-Rate Breathing 
170.312,0.524,M13_rr,Metronomic Breathing,Fixed-Rate Breathing 
170.84,0.528,M13_rr,Metronomic Breathing,Fixed-Rate Breathing 
171.324,0.484,M13_rr,Metronomic Breathing,Fixed-Rate Breathing 
171.82,0.496,M13_rr,Metronomic Breathing,Fixed-Rate Breathing 
172.344,0.524,M13_rr,Metronomic Breathing,Fixed-Rate Breathing 
172.872,0.528,M13_rr,Metronomic Breathing,Fixed-Rate Breathing 
173.388,0.516,M13_rr,Metronomic Breathing,Fixed-Rate Breathing 
173.892,0.504,M13_rr,Metronomic Breathing,Fixed-Rate Breathing 
174.412,0.52,M13_rr,Metronomic Breathing,Fixed-Rate Breathing 
174.948,0.536,M13_rr,Metronomic Breathing,Fixed-Rate Breathing 
175.456,0.508,M13_rr,Metronomic Breathing,Fixed-Rate Breathing 
175.972,0.516,M13_rr,Metronomic Breathing,Fixed-Rate Breathing 
176.504,0.532,M13_rr,Metronomic Breathing,Fixed-Rate Breathing 
177.044,0.54,M13_rr,Metronomic Breathing,Fixed-Rate Breathing 
177.568,0.524,M13_rr,Metronomic Breathing,Fixed-Rate Breathing 
178.096,0.528,M13_rr,Metronomic Breathing,Fixed-Rate Breathing 
178.648,0.552,M13_rr,Metronomic Breathing,Fixed-Rate Breathing 
179.192,0.544,M13_rr,Metronomic Breathing,Fixed-Rate Breathing 
179.72,0.528,M13_rr,Metronomic Breathing,Fixed-Rate Breathing 
180.24,0.52,M13_rr,Metronomic Breathing,Fixed-Rate Breathing 
180.776,0.536,M13_rr,Metronomic Breathing,Fixed-Rate Breathing 
181.292,0.516,M13_rr,Metronomic Breathing,Fixed-Rate Breathing 
181.808,0.516,M13_rr,Metronomic Breathing,Fixed-Rate Breathing 
182.32,0.512,M13_rr,Metronomic Breathing,Fixed-Rate Breathing 
182.856,0.536,M13_rr,Metronomic Breathing,Fixed-Rate Breathing 
183.392,0.536,M13_rr,Metronomic Breathing,Fixed-Rate Breathing 
183.912,0.52,M13_rr,Metronomic Breathing,Fixed-Rate Breathing 
184.448,0.536,M13_rr,Metronomic Breathing,Fixed-Rate Breathing 
185.008,0.56,M13_rr,Metronomic Breathing,Fixed-Rate Breathing 
185.576,0.568,M13_rr,Metronomic Breathing,Fixed-Rate Breathing 
186.124,0.548,M13_rr,Metronomic Breathing,Fixed-Rate Breathing 
186.66,0.536,M13_rr,Metronomic Breathing,Fixed-Rate Breathing 
187.208,0.548,M13_rr,Metronomic Breathing,Fixed-Rate Breathing 
187.748,0.54,M13_rr,Metronomic Breathing,Fixed-Rate Breathing 
188.28,0.532,M13_rr,Metronomic Breathing,Fixed-Rate Breathing 
188.82,0.54,M13_rr,Metronomic Breathing,Fixed-Rate Breathing 
189.384,0.564,M13_rr,Metronomic Breathing,Fixed-Rate Breathing 
189.932,0.548,M13_rr,Metronomic Breathing,Fixed-Rate Breathing 
190.476,0.544,M13_rr,Metronomic Breathing,Fixed-Rate Breathing 
191.016,0.54,M13_rr,Metronomic Breathing,Fixed-Rate Breathing 
191.54,0.524,M13_rr,Metronomic Breathing,Fixed-Rate Breathing 
192.04,0.5,M13_rr,Metronomic Breathing,Fixed-Rate Breathing 
192.532,0.492,M13_rr,Metronomic Breathing,Fixed-Rate Breathing 
193.048,0.516,M13_rr,Metronomic Breathing,Fixed-Rate Breathing 
193.604,0.556,M13_rr,Metronomic Breathing,Fixed-Rate Breathing 
194.124,0.52,M13_rr,Metronomic Breathing,Fixed-Rate Breathing 
194.628,0.504,M13_rr,Metronomic Breathing,Fixed-Rate Breathing 
195.156,0.528,M13_rr,Metronomic Breathing,Fixed-Rate Breathing 
195.692,0.536,M13_rr,Metronomic Breathing,Fixed-Rate Breathing 
196.216,0.524,M13_rr,Metronomic Breathing,Fixed-Rate Breathing 
196.728,0.512,M13_rr,Metronomic Breathing,Fixed-Rate Breathing 
197.264,0.536,M13_rr,Metronomic Breathing,Fixed-Rate Breathing 
197.792,0.528,M13_rr,Metronomic Breathing,Fixed-Rate Breathing 
198.308,0.516,M13_rr,Metronomic Breathing,Fixed-Rate Breathing 
198.812,0.504,M13_rr,Metronomic Breathing,Fixed-Rate Breathing 
199.344,0.532,M13_rr,Metronomic Breathing,Fixed-Rate Breathing 
199.884,0.54,M13_rr,Metronomic Breathing,Fixed-Rate Breathing 
200.404,0.52,M13_rr,Metronomic Breathing,Fixed-Rate Breathing 
200.908,0.504,M13_rr,Metronomic Breathing,Fixed-Rate Breathing 
201.432,0.524,M13_rr,Metronomic Breathing,Fixed-Rate Breathing 
201.956,0.524,M13_rr,Metronomic Breathing,Fixed-Rate Breathing 
202.46,0.504,M13_rr,Metronomic Breathing,Fixed-Rate Breathing 
202.956,0.496,M13_rr,Metronomic Breathing,Fixed-Rate Breathing 
203.46,0.504,M13_rr,Metronomic Breathing,Fixed-Rate Breathing 
203.96,0.5,M13_rr,Metronomic Breathing,Fixed-Rate Breathing 
204.436,0.476,M13_rr,Metronomic Breathing,Fixed-Rate Breathing 
204.892,0.456,M13_rr,Metronomic Breathing,Fixed-Rate Breathing 
205.384,0.492,M13_rr,Metronomic Breathing,Fixed-Rate Breathing 
205.868,0.484,M13_rr,Metronomic Breathing,Fixed-Rate Breathing 
206.288,0.42,M13_rr,Metronomic Breathing,Fixed-Rate Breathing 
206.696,0.408,M13_rr,Metronomic Breathing,Fixed-Rate Breathing 
207.124,0.428,M13_rr,Metronomic Breathing,Fixed-Rate Breathing 
207.664,0.54,M13_rr,Metronomic Breathing,Fixed-Rate Breathing 
208.244,0.58,M13_rr,Metronomic Breathing,Fixed-Rate Breathing 
208.792,0.548,M13_rr,Metronomic Breathing,Fixed-Rate Breathing 
209.332,0.54,M13_rr,Metronomic Breathing,Fixed-Rate Breathing 
209.888,0.556,M13_rr,Metronomic Breathing,Fixed-Rate Breathing 
210.436,0.548,M13_rr,Metronomic Breathing,Fixed-Rate Breathing 
210.968,0.532,M13_rr,Metronomic Breathing,Fixed-Rate Breathing 
211.492,0.524,M13_rr,Metronomic Breathing,Fixed-Rate Breathing 
212.036,0.544,M13_rr,Metronomic Breathing,Fixed-Rate Breathing 
212.58,0.544,M13_rr,Metronomic Breathing,Fixed-Rate Breathing 
213.116,0.536,M13_rr,Metronomic Breathing,Fixed-Rate Breathing 
213.644,0.528,M13_rr,Metronomic Breathing,Fixed-Rate Breathing 
214.192,0.548,M13_rr,Metronomic Breathing,Fixed-Rate Breathing 
214.736,0.544,M13_rr,Metronomic Breathing,Fixed-Rate Breathing 
215.264,0.528,M13_rr,Metronomic Breathing,Fixed-Rate Breathing 
215.788,0.524,M13_rr,Metronomic Breathing,Fixed-Rate Breathing 
216.328,0.54,M13_rr,Metronomic Breathing,Fixed-Rate Breathing 
216.872,0.544,M13_rr,Metronomic Breathing,Fixed-Rate Breathing 
217.4,0.528,M13_rr,Metronomic Breathing,Fixed-Rate Breathing 
217.924,0.524,M13_rr,Metronomic Breathing,Fixed-Rate Breathing 
218.472,0.548,M13_rr,Metronomic Breathing,Fixed-Rate Breathing 
219.024,0.552,M13_rr,Metronomic Breathing,Fixed-Rate Breathing 
219.56,0.536,M13_rr,Metronomic Breathing,Fixed-Rate Breathing 
220.096,0.536,M13_rr,Metronomic Breathing,Fixed-Rate Breathing 
220.656,0.56,M13_rr,Metronomic Breathing,Fixed-Rate Breathing 
221.2,0.544,M13_rr,Metronomic Breathing,Fixed-Rate Breathing 
221.744,0.544,M13_rr,Metronomic Breathing,Fixed-Rate Breathing 
222.28,0.536,M13_rr,Metronomic Breathing,Fixed-Rate Breathing 
222.812,0.532,M13_rr,Metronomic Breathing,Fixed-Rate Breathing 
223.34,0.528,M13_rr,Metronomic Breathing,Fixed-Rate Breathing 
223.876,0.536,M13_rr,Metronomic Breathing,Fixed-Rate Breathing 
224.436,0.56,M13_rr,Metronomic Breathing,Fixed-Rate Breathing 
224.984,0.548,M13_rr,Metronomic Breathing,Fixed-Rate Breathing 
225.52,0.536,M13_rr,Metronomic Breathing,Fixed-Rate Breathing 
226.044,0.524,M13_rr,Metronomic Breathing,Fixed-Rate Breathing 
226.588,0.544,M13_rr,Metronomic Breathing,Fixed-Rate Breathing 
227.132,0.544,M13_rr,Metronomic Breathing,Fixed-Rate Breathing 
227.66,0.528,M13_rr,Metronomic Breathing,Fixed-Rate Breathing 
228.192,0.532,M13_rr,Metronomic Breathing,Fixed-Rate Breathing 
228.736,0.544,M13_rr,Metronomic Breathing,Fixed-Rate Breathing 
229.276,0.54,M13_rr,Metronomic Breathing,Fixed-Rate Breathing 
229.816,0.54,M13_rr,Metronomic Breathing,Fixed-Rate Breathing 
230.344,0.528,M13_rr,Metronomic Breathing,Fixed-Rate Breathing 
230.888,0.544,M13_rr,Metronomic Breathing,Fixed-Rate Breathing 
231.444,0.556,M13_rr,Metronomic Breathing,Fixed-Rate Breathing 
231.984,0.54,M13_rr,Metronomic Breathing,Fixed-Rate Breathing 
232.52,0.536,M13_rr,Metronomic Breathing,Fixed-Rate Breathing 
233.08,0.56,M13_rr,Metronomic Breathing,Fixed-Rate Breathing 
233.636,0.556,M13_rr,Metronomic Breathing,Fixed-Rate Breathing 
234.176,0.54,M13_rr,Metronomic Breathing,Fixed-Rate Breathing 
234.704,0.528,M13_rr,Metronomic Breathing,Fixed-Rate Breathing 
235.252,0.548,M13_rr,Metronomic Breathing,Fixed-Rate Breathing 
235.796,0.544,M13_rr,Metronomic Breathing,Fixed-Rate Breathing 
236.324,0.528,M13_rr,Metronomic Breathing,Fixed-Rate Breathing 
236.86,0.536,M13_rr,Metronomic Breathing,Fixed-Rate Breathing 
237.392,0.532,M13_rr,Metronomic Breathing,Fixed-Rate Breathing 
237.916,0.524,M13_rr,Metronomic Breathing,Fixed-Rate Breathing 
238.436,0.52,M13_rr,Metronomic Breathing,Fixed-Rate Breathing 
238.96,0.524,M13_rr,Metronomic Breathing,Fixed-Rate Breathing 
239.504,0.544,M13_rr,Metronomic Breathing,Fixed-Rate Breathing 
240.036,0.532,M13_rr,Metronomic Breathing,Fixed-Rate Breathing 
240.564,0.528,M13_rr,Metronomic Breathing,Fixed-Rate Breathing 
241.104,0.54,M13_rr,Metronomic Breathing,Fixed-Rate Breathing 
241.652,0.548,M13_rr,Metronomic Breathing,Fixed-Rate Breathing 
242.196,0.544,M13_rr,Metronomic Breathing,Fixed-Rate Breathing 
242.716,0.52,M13_rr,Metronomic Breathing,Fixed-Rate Breathing 
243.26,0.544,M13_rr,Metronomic Breathing,Fixed-Rate Breathing 
243.816,0.556,M13_rr,Metronomic Breathing,Fixed-Rate Breathing 
244.356,0.54,M13_rr,Metronomic Breathing,Fixed-Rate Breathing 
244.892,0.536,M13_rr,Metronomic Breathing,Fixed-Rate Breathing 
245.444,0.552,M13_rr,Metronomic Breathing,Fixed-Rate Breathing 
245.992,0.548,M13_rr,Metronomic Breathing,Fixed-Rate Breathing 
246.524,0.532,M13_rr,Metronomic Breathing,Fixed-Rate Breathing 
247.048,0.524,M13_rr,Metronomic Breathing,Fixed-Rate Breathing 
247.572,0.524,M13_rr,Metronomic Breathing,Fixed-Rate Breathing 
248.1,0.528,M13_rr,Metronomic Breathing,Fixed-Rate Breathing 
248.612,0.512,M13_rr,Metronomic Breathing,Fixed-Rate Breathing 
249.128,0.516,M13_rr,Metronomic Breathing,Fixed-Rate Breathing 
249.66,0.532,M13_rr,Metronomic Breathing,Fixed-Rate Breathing 
250.204,0.544,M13_rr,Metronomic Breathing,Fixed-Rate Breathing 
250.74,0.536,M13_rr,Metronomic Breathing,Fixed-Rate Breathing 
251.256,0.516,M13_rr,Metronomic Breathing,Fixed-Rate Breathing 
251.788,0.532,M13_rr,Metronomic Breathing,Fixed-Rate Breathing 
252.324,0.536,M13_rr,Metronomic Breathing,Fixed-Rate Breathing 
252.848,0.524,M13_rr,Metronomic Breathing,Fixed-Rate Breathing 
253.368,0.52,M13_rr,Metronomic Breathing,Fixed-Rate Breathing 
253.904,0.536,M13_rr,Metronomic Breathing,Fixed-Rate Breathing 
254.444,0.54,M13_rr,Metronomic Breathing,Fixed-Rate Breathing 
254.968,0.524,M13_rr,Metronomic Breathing,Fixed-Rate Breathing 
255.48,0.512,M13_rr,Metronomic Breathing,Fixed-Rate Breathing 
256.004,0.524,M13_rr,Metronomic Breathing,Fixed-Rate Breathing 
256.532,0.528,M13_rr,Metronomic Breathing,Fixed-Rate Breathing 
257.052,0.52,M13_rr,Metronomic Breathing,Fixed-Rate Breathing 
257.56,0.508,M13_rr,Metronomic Breathing,Fixed-Rate Breathing 
258.092,0.532,M13_rr,Metronomic Breathing,Fixed-Rate Breathing 
258.632,0.54,M13_rr,Metronomic Breathing,Fixed-Rate Breathing 
259.148,0.516,M13_rr,Metronomic Breathing,Fixed-Rate Breathing 
259.664,0.516,M13_rr,Metronomic Breathing,Fixed-Rate Breathing 
260.2,0.536,M13_rr,Metronomic Breathing,Fixed-Rate Breathing 
260.748,0.548,M13_rr,Metronomic Breathing,Fixed-Rate Breathing 
261.272,0.524,M13_rr,Metronomic Breathing,Fixed-Rate Breathing 
261.784,0.512,M13_rr,Metronomic Breathing,Fixed-Rate Breathing 
262.316,0.532,M13_rr,Metronomic Breathing,Fixed-Rate Breathing 
262.844,0.528,M13_rr,Metronomic Breathing,Fixed-Rate Breathing 
263.36,0.516,M13_rr,Metronomic Breathing,Fixed-Rate Breathing 
263.872,0.512,M13_rr,Metronomic Breathing,Fixed-Rate Breathing 
264.4,0.528,M13_rr,Metronomic Breathing,Fixed-Rate Breathing 
264.932,0.532,M13_rr,Metronomic Breathing,Fixed-Rate Breathing 
265.44,0.508,M13_rr,Metronomic Breathing,Fixed-Rate Breathing 
265.956,0.516,M13_rr,Metronomic Breathing,Fixed-Rate Breathing 
266.5,0.544,M13_rr,Metronomic Breathing,Fixed-Rate Breathing 
267.04,0.54,M13_rr,Metronomic Breathing,Fixed-Rate Breathing 
267.572,0.532,M13_rr,Metronomic Breathing,Fixed-Rate Breathing 
268.088,0.516,M13_rr,Metronomic Breathing,Fixed-Rate Breathing 
268.608,0.52,M13_rr,Metronomic Breathing,Fixed-Rate Breathing 
269.152,0.544,M13_rr,Metronomic Breathing,Fixed-Rate Breathing 
269.704,0.552,M13_rr,Metronomic Breathing,Fixed-Rate Breathing 
270.236,0.532,M13_rr,Metronomic Breathing,Fixed-Rate Breathing 
270.76,0.524,M13_rr,Metronomic Breathing,Fixed-Rate Breathing 
271.312,0.552,M13_rr,Metronomic Breathing,Fixed-Rate Breathing 
271.856,0.544,M13_rr,Metronomic Breathing,Fixed-Rate Breathing 
272.388,0.532,M13_rr,Metronomic Breathing,Fixed-Rate Breathing 
272.928,0.54,M13_rr,Metronomic Breathing,Fixed-Rate Breathing 
273.472,0.544,M13_rr,Metronomic Breathing,Fixed-Rate Breathing 
274.008,0.536,M13_rr,Metronomic Breathing,Fixed-Rate Breathing 
274.524,0.516,M13_rr,Metronomic Breathing,Fixed-Rate Breathing 
275.056,0.532,M13_rr,Metronomic Breathing,Fixed-Rate Breathing 
275.584,0.528,M13_rr,Metronomic Breathing,Fixed-Rate Breathing 
276.108,0.524,M13_rr,Metronomic Breathing,Fixed-Rate Breathing 
276.616,0.508,M13_rr,Metronomic Breathing,Fixed-Rate Breathing 
277.124,0.508,M13_rr,Metronomic Breathing,Fixed-Rate Breathing 
277.628,0.504,M13_rr,Metronomic Breathing,Fixed-Rate Breathing 
278.128,0.5,M13_rr,Metronomic Breathing,Fixed-Rate Breathing 
278.62,0.492,M13_rr,Metronomic Breathing,Fixed-Rate Breathing 
279.12,0.5,M13_rr,Metronomic Breathing,Fixed-Rate Breathing 
279.644,0.524,M13_rr,Metronomic Breathing,Fixed-Rate Breathing 
280.16,0.516,M13_rr,Metronomic Breathing,Fixed-Rate Breathing 
280.66,0.5,M13_rr,Metronomic Breathing,Fixed-Rate Breathing 
281.18,0.52,M13_rr,Metronomic Breathing,Fixed-Rate Breathing 
281.712,0.532,M13_rr,Metronomic Breathing,Fixed-Rate Breathing 
282.24,0.528,M13_rr,Metronomic Breathing,Fixed-Rate Breathing 
282.736,0.496,M13_rr,Metronomic Breathing,Fixed-Rate Breathing 
283.252,0.516,M13_rr,Metronomic Breathing,Fixed-Rate Breathing 
283.772,0.52,M13_rr,Metronomic Breathing,Fixed-Rate Breathing 
284.28,0.508,M13_rr,Metronomic Breathing,Fixed-Rate Breathing 
284.78,0.5,M13_rr,Metronomic Breathing,Fixed-Rate Breathing 
285.308,0.528,M13_rr,Metronomic Breathing,Fixed-Rate Breathing 
285.832,0.524,M13_rr,Metronomic Breathing,Fixed-Rate Breathing 
286.352,0.52,M13_rr,Metronomic Breathing,Fixed-Rate Breathing 
286.864,0.512,M13_rr,Metronomic Breathing,Fixed-Rate Breathing 
287.388,0.524,M13_rr,Metronomic Breathing,Fixed-Rate Breathing 
287.936,0.548,M13_rr,Metronomic Breathing,Fixed-Rate Breathing 
288.488,0.552,M13_rr,Metronomic Breathing,Fixed-Rate Breathing 
289.02,0.532,M13_rr,Metronomic Breathing,Fixed-Rate Breathing 
289.552,0.532,M13_rr,Metronomic Breathing,Fixed-Rate Breathing 
290.092,0.54,M13_rr,Metronomic Breathing,Fixed-Rate Breathing 
290.632,0.54,M13_rr,Metronomic Breathing,Fixed-Rate Breathing 
291.164,0.532,M13_rr,Metronomic Breathing,Fixed-Rate Breathing 
291.716,0.552,M13_rr,Metronomic Breathing,Fixed-Rate Breathing 
292.28,0.564,M13_rr,Metronomic Breathing,Fixed-Rate Breathing 
292.832,0.552,M13_rr,Metronomic Breathing,Fixed-Rate Breathing 
293.368,0.536,M13_rr,Metronomic Breathing,Fixed-Rate Breathing 
293.916,0.548,M13_rr,Metronomic Breathing,Fixed-Rate Breathing 
294.472,0.556,M13_rr,Metronomic Breathing,Fixed-Rate Breathing 
295.004,0.532,M13_rr,Metronomic Breathing,Fixed-Rate Breathing 
295.532,0.528,M13_rr,Metronomic Breathing,Fixed-Rate Breathing 
296.08,0.548,M13_rr,Metronomic Breathing,Fixed-Rate Breathing 
296.628,0.548,M13_rr,Metronomic Breathing,Fixed-Rate Breathing 
297.16,0.532,M13_rr,Metronomic Breathing,Fixed-Rate Breathing 
297.7,0.54,M13_rr,Metronomic Breathing,Fixed-Rate Breathing 
298.26,0.56,M13_rr,Metronomic Breathing,Fixed-Rate Breathing 
298.816,0.556,M13_rr,Metronomic Breathing,Fixed-Rate Breathing 
299.344,0.528,M13_rr,Metronomic Breathing,Fixed-Rate Breathing 
299.868,0.524,M13_rr,Metronomic Breathing,Fixed-Rate Breathing 
300.416,0.548,M13_rr,Metronomic Breathing,Fixed-Rate Breathing 
300.976,0.56,M13_rr,Metronomic Breathing,Fixed-Rate Breathing 
301.524,0.548,M13_rr,Metronomic Breathing,Fixed-Rate Breathing 
302.06,0.536,M13_rr,Metronomic Breathing,Fixed-Rate Breathing 
302.608,0.548,M13_rr,Metronomic Breathing,Fixed-Rate Breathing 
303.172,0.564,M13_rr,Metronomic Breathing,Fixed-Rate Breathing 
303.708,0.536,M13_rr,Metronomic Breathing,Fixed-Rate Breathing 
304.24,0.532,M13_rr,Metronomic Breathing,Fixed-Rate Breathing 
304.792,0.552,M13_rr,Metronomic Breathing,Fixed-Rate Breathing 
305.352,0.56,M13_rr,Metronomic Breathing,Fixed-Rate Breathing 
305.904,0.552,M13_rr,Metronomic Breathing,Fixed-Rate Breathing 
306.464,0.56,M13_rr,Metronomic Breathing,Fixed-Rate Breathing 
