Time,RR_Interval,Subject,Group,State
1.056,0.432,M14_rr,Metronomic Breathing,Fixed-Rate Breathing 
1.452,0.396,M14_rr,Metronomic Breathing,Fixed-Rate Breathing 
1.832,0.38,M14_rr,Metronomic Breathing,Fixed-Rate Breathing 
2.208,0.376,M14_rr,Metronomic Breathing,Fixed-Rate Breathing 
2.596,0.388,M14_rr,Metronomic Breathing,Fixed-Rate Breathing 
2.996,0.4,M14_rr,Metronomic Breathing,Fixed-Rate Breathing 
3.428,0.432,M14_rr,Metronomic Breathing,Fixed-Rate Breathing 
3.88,0.452,M14_rr,Metronomic Breathing,Fixed-Rate Breathing 
4.332,0.452,M14_rr,Metronomic Breathing,Fixed-Rate Breathing 
4.788,0.456,M14_rr,Metronomic Breathing,Fixed-Rate Breathing 
5.252,0.464,M14_rr,Metronomic Breathing,Fixed-Rate Breathing 
5.748,0.496,M14_rr,Metronomic Breathing,Fixed-Rate Breathing 
6.264,0.516,M14_rr,Metronomic Breathing,Fixed-Rate Breathing 
6.772,0.508,M14_rr,Metronomic Breathing,Fixed-Rate Breathing 
7.248,0.476,M14_rr,Metronomic Breathing,Fixed-Rate Breathing 
7.692,0.444,M14_rr,Metronomic Breathing,Fixed-Rate Breathing 
8.136,0.444,M14_rr,Metronomic Breathing,Fixed-Rate Breathing 
8.64,0.504,M14_rr,Metronomic Breathing,Fixed-Rate Breathing 
9.192,0.552,M14_rr,Metronomic Breathing,Fixed-Rate Breathing 
9.736,0.544,M14_rr,Metronomic Breathing,Fixed-Rate Breathing 
10.256,0.52,M14_rr,Metronomic Breathing,Fixed-Rate Breathing 
10.772,0.516,M14_rr,Metronomic Breathing,Fixed-Rate Breathing 
11.296,0.524,M14_rr,Metronomic Breathing,Fixed-Rate Breathing 
11.832,0.536,M14_rr,Metronomic Breathing,Fixed-Rate Breathing 
12.352,0.52,M14_rr,Metronomic Breathing,Fixed-Rate Breathing 
12.868,0.516,M14_rr,Metronomic Breathing,Fixed-Rate Breathing 
13.388,0.52,M14_rr,Metronomic Breathing,Fixed-Rate Breathing 
13.908,0.52,M14_rr,Metronomic Breathing,Fixed-Rate Breathing 
14.436,0.528,M14_rr,Metronomic Breathing,Fixed-Rate Breathing 
14.976,0.54,M14_rr,Metronomic Breathing,Fixed-Rate Breathing 
15.508,0.532,M14_rr,Metronomic Breathing,Fixed-Rate Breathing 
16.016,0.508,M14_rr,Metronomic Breathing,Fixed-Rate Breathing 
16.52,0.504,M14_rr,Metronomic Breathing,Fixed-Rate Breathing 
17.032,0.512,M14_rr,Metronomic Breathing,Fixed-Rate Breathing 
17.552,0.52,M14_rr,Metronomic Breathing,Fixed-Rate Breathing 
18.06,0.508,M14_rr,Metronomic Breathing,Fixed-Rate Breathing 
18.572,0.512,M14_rr,Metronomic Breathing,Fixed-Rate Breathing 
19.092,0.52,M14_rr,Metronomic Breathing,Fixed-Rate Breathing 
19.62,0.528,M14_rr,Metronomic Breathing,Fixed-Rate Breathing 
20.148,0.528,M14_rr,Metronomic Breathing,Fixed-Rate Breathing 
20.668,0.52,M14_rr,Metronomic Breathing,Fixed-Rate Breathing 
21.188,0.52,M14_rr,Metronomic Breathing,Fixed-Rate Breathing 
21.708,0.52,M14_rr,Metronomic Breathing,Fixed-Rate Breathing 
22.212,0.504,M14_rr,Metronomic Breathing,Fixed-Rate Breathing 
22.704,0.492,M14_rr,Metronomic Breathing,Fixed-Rate Breathing 
23.224,0.52,M14_rr,Metronomic Breathing,Fixed-Rate Breathing 
23.78,0.556,M14_rr,Metronomic Breathing,Fixed-Rate Breathing 
24.34,0.56,M14_rr,Metronomic Breathing,Fixed-Rate Breathing 
24.868,0.528,M14_rr,Metronomic Breathing,Fixed-Rate Breathing 
25.396,0.528,M14_rr,Metronomic Breathing,Fixed-Rate Breathing 
25.92,0.524,M14_rr,Metronomic Breathing,Fixed-Rate Breathing 
26.432,0.512,M14_rr,Metronomic Breathing,Fixed-Rate Breathing 
26.936,0.504,M14_rr,Metronomic Breathing,Fixed-Rate Breathing 
27.468,0.532,M14_rr,Metronomic Breathing,Fixed-Rate Breathing 
28.012,0.544,M14_rr,Metronomic Breathing,Fixed-Rate Breathing 
28.548,0.536,M14_rr,Metronomic Breathing,Fixed-Rate Breathing 
29.072,0.524,M14_rr,Metronomic Breathing,Fixed-Rate Breathing 
29.592,0.52,M14_rr,Metronomic Breathing,Fixed-Rate Breathing 
30.12,0.528,M14_rr,Metronomic Breathing,Fixed-Rate Breathing 
30.632,0.512,M14_rr,Metronomic Breathing,Fixed-Rate Breathing 
31.132,0.5,M14_rr,Metronomic Breathing,Fixed-Rate Breathing 
31.652,0.52,M14_rr,Metronomic Breathing,Fixed-Rate Breathing 
32.2,0.548,M14_rr,Metronomic Breathing,Fixed-Rate Breathing 
32.732,0.532,M14_rr,Metronomic Breathing,Fixed-Rate Breathing 
33.236,0.504,M14_rr,Metronomic Breathing,Fixed-Rate Breathing 
33.76,0.524,M14_rr,Metronomic Breathing,Fixed-Rate Breathing 
34.308,0.548,M14_rr,Metronomic Breathing,Fixed-Rate Breathing 
34.844,0.536,M14_rr,Metronomic Breathing,Fixed-Rate Breathing 
35.36,0.516,M14_rr,Metronomic Breathing,Fixed-Rate Breathing 
35.888,0.528,M14_rr,Metronomic Breathing,Fixed-Rate Breathing 
36.44,0.552,M14_rr,Metronomic Breathing,Fixed-Rate Breathing 
36.972,0.532,M14_rr,Metronomic Breathing,Fixed-Rate Breathing 
37.496,0.524,M14_rr,Metronomic Breathing,Fixed-Rate Breathing 
38.028,0.532,M14_rr,Metronomic Breathing,Fixed-Rate Breathing 
38.56,0.532,M14_rr,Metronomic Breathing,Fixed-Rate Breathing 
39.08,0.52,M14_rr,Metronomic Breathing,Fixed-Rate Breathing 
39.584,0.504,M14_rr,Metronomic Breathing,Fixed-Rate Breathing 
40.116,0.532,M14_rr,Metronomic Breathing,Fixed-Rate Breathing 
40.652,0.536,M14_rr,Metronomic Breathing,Fixed-Rate Breathing 
41.172,0.52,M14_rr,Metronomic Breathing,Fixed-Rate Breathing 
41.68,0.508,M14_rr,Metronomic Breathing,Fixed-Rate Breathing 
42.2,0.52,M14_rr,Metronomic Breathing,Fixed-Rate Breathing 
42.724,0.524,M14_rr,Metronomic Breathing,Fixed-Rate Breathing 
43.224,0.5,M14_rr,Metronomic Breathing,Fixed-Rate Breathing 
43.72,0.496,M14_rr,Metronomic Breathing,Fixed-Rate Breathing 
44.224,0.504,M14_rr,Metronomic Breathing,Fixed-Rate Breathing 
44.748,0.524,M14_rr,Metronomic Breathing,Fixed-Rate Breathing 
45.26,0.512,M14_rr,Metronomic Breathing,Fixed-Rate Breathing 
45.756,0.496,M14_rr,Metronomic Breathing,Fixed-Rate Breathing 
46.264,0.508,M14_rr,Metronomic Breathing,Fixed-Rate Breathing 
46.784,0.52,M14_rr,Metronomic Breathing,Fixed-Rate Breathing 
47.3,0.516,M14_rr,Metronomic Breathing,Fixed-Rate Breathing 
47.812,0.512,M14_rr,Metronomic Breathing,Fixed-Rate Breathing 
48.324,0.512,M14_rr,Metronomic Breathing,Fixed-Rate Breathing 
48.856,0.532,M14_rr,Metronomic Breathing,Fixed-Rate Breathing 
49.376,0.52,M14_rr,Metronomic Breathing,Fixed-Rate Breathing 
49.868,0.492,M14_rr,Metronomic Breathing,Fixed-Rate Breathing 
50.364,0.496,M14_rr,Metronomic Breathing,Fixed-Rate Breathing 
50.868,0.504,M14_rr,Metronomic Breathing,Fixed-Rate Breathing 
51.396,0.528,M14_rr,Metronomic Breathing,Fixed-Rate Breathing 
51.916,0.52,M14_rr,Metronomic Breathing,Fixed-Rate Breathing 
52.412,0.496,M14_rr,Metronomic Breathing,Fixed-Rate Breathing 
52.916,0.504,M14_rr,Metronomic Breathing,Fixed-Rate Breathing 
53.424,0.508,M14_rr,Metronomic Breathing,Fixed-Rate Breathing 
53.924,0.5,M14_rr,Metronomic Breathing,Fixed-Rate Breathing 
54.436,0.512,M14_rr,Metronomic Breathing,Fixed-Rate Breathing 
54.944,0.508,M14_rr,Metronomic Breathing,Fixed-Rate Breathing 
55.448,0.504,M14_rr,Metronomic Breathing,Fixed-Rate Breathing 
55.94,0.492,M14_rr,Metronomic Breathing,Fixed-Rate Breathing 
56.44,0.5,M14_rr,Metronomic Breathing,Fixed-Rate Breathing 
56.956,0.516,M14_rr,Metronomic Breathing,Fixed-Rate Breathing 
57.48,0.524,M14_rr,Metronomic Breathing,Fixed-Rate Breathing 
57.992,0.512,M14_rr,Metronomic Breathing,Fixed-Rate Breathing 
58.488,0.496,M14_rr,Metronomic Breathing,Fixed-Rate Breathing 
58.98,0.492,M14_rr,Metronomic Breathing,Fixed-Rate Breathing 
59.488,0.508,M14_rr,Metronomic Breathing,Fixed-Rate Breathing 
59.992,0.504,M14_rr,Metronomic Breathing,Fixed-Rate Breathing 
60.484,0.492,M14_rr,Metronomic Breathing,Fixed-Rate Breathing 
60.992,0.508,M14_rr,Metronomic Breathing,Fixed-Rate Breathing 
61.516,0.524,M14_rr,Metronomic Breathing,Fixed-Rate Breathing 
62.024,0.508,M14_rr,Metronomic Breathing,Fixed-Rate Breathing 
62.52,0.496,M14_rr,Metronomic Breathing,Fixed-Rate Breathing 
63.008,0.488,M14_rr,Metronomic Breathing,Fixed-Rate Breathing 
63.488,0.48,M14_rr,Metronomic Breathing,Fixed-Rate Breathing 
63.976,0.488,M14_rr,Metronomic Breathing,Fixed-Rate Breathing 
64.472,0.496,M14_rr,Metronomic Breathing,Fixed-Rate Breathing 
65.0,0.528,M14_rr,Metronomic Breathing,Fixed-Rate Breathing 
65.532,0.532,M14_rr,Metronomic Breathing,Fixed-Rate Breathing 
66.028,0.496,M14_rr,Metronomic Breathing,Fixed-Rate Breathing 
66.456,0.428,M14_rr,Metronomic Breathing,Fixed-Rate Breathing 
66.872,0.416,M14_rr,Metronomic Breathing,Fixed-Rate Breathing 
67.32,0.448,M14_rr,Metronomic Breathing,Fixed-Rate Breathing 
67.796,0.476,M14_rr,Metronomic Breathing,Fixed-Rate Breathing 
68.268,0.472,M14_rr,Metronomic Breathing,Fixed-Rate Breathing 
68.732,0.464,M14_rr,Metronomic Breathing,Fixed-Rate Breathing 
69.22,0.488,M14_rr,Metronomic Breathing,Fixed-Rate Breathing 
69.732,0.512,M14_rr,Metronomic Breathing,Fixed-Rate Breathing 
70.244,0.512,M14_rr,Metronomic Breathing,Fixed-Rate Breathing 
70.716,0.472,M14_rr,Metronomic Breathing,Fixed-Rate Breathing 
71.176,0.46,M14_rr,Metronomic Breathing,Fixed-Rate Breathing 
71.648,0.472,M14_rr,Metronomic Breathing,Fixed-Rate Breathing 
72.136,0.488,M14_rr,Metronomic Breathing,Fixed-Rate Breathing 
72.64,0.504,M14_rr,Metronomic Breathing,Fixed-Rate Breathing 
73.136,0.496,M14_rr,Metronomic Breathing,Fixed-Rate Breathing 
73.644,0.508,M14_rr,Metronomic Breathing,Fixed-Rate Breathing 
74.168,0.524,M14_rr,Metronomic Breathing,Fixed-Rate Breathing 
74.688,0.52,M14_rr,Metronomic Breathing,Fixed-Rate Breathing 
75.184,0.496,M14_rr,Metronomic Breathing,Fixed-Rate Breathing 
75.68,0.496,M14_rr,Metronomic Breathing,Fixed-Rate Breathing 
76.18,0.5,M14_rr,Metronomic Breathing,Fixed-Rate Breathing 
76.692,0.512,M14_rr,Metronomic Breathing,Fixed-Rate Breathing 
77.192,0.5,M14_rr,Metronomic Breathing,Fixed-Rate Breathing 
77.7,0.508,M14_rr,Metronomic Breathing,Fixed-Rate Breathing 
78.208,0.508,M14_rr,Metronomic Breathing,Fixed-Rate Breathing 
78.716,0.508,M14_rr,Metronomic Breathing,Fixed-Rate Breathing 
79.2,0.484,M14_rr,Metronomic Breathing,Fixed-Rate Breathing 
79.688,0.488,M14_rr,Metronomic Breathing,Fixed-Rate Breathing 
80.18,0.492,M14_rr,Metronomic Breathing,Fixed-Rate Breathing 
80.688,0.508,M14_rr,Metronomic Breathing,Fixed-Rate Breathing 
81.184,0.496,M14_rr,Metronomic Breathing,Fixed-Rate Breathing 
81.684,0.5,M14_rr,Metronomic Breathing,Fixed-Rate Breathing 
82.188,0.504,M14_rr,Metronomic Breathing,Fixed-Rate Breathing 
82.684,0.496,M14_rr,Metronomic Breathing,Fixed-Rate Breathing 
83.168,0.484,M14_rr,Metronomic Breathing,Fixed-Rate Breathing 
83.636,0.468,M14_rr,Metronomic Breathing,Fixed-Rate Breathing 
84.116,0.48,M14_rr,Metronomic Breathing,Fixed-Rate Breathing 
84.616,0.5,M14_rr,Metronomic Breathing,Fixed-Rate Breathing 
85.116,0.5,M14_rr,Metronomic Breathing,Fixed-Rate Breathing 
85.596,0.48,M14_rr,Metronomic Breathing,Fixed-Rate Breathing 
86.076,0.48,M14_rr,Metronomic Breathing,Fixed-Rate Breathing 
86.576,0.5,M14_rr,Metronomic Breathing,Fixed-Rate Breathing 
87.084,0.508,M14_rr,Metronomic Breathing,Fixed-Rate Breathing 
87.572,0.488,M14_rr,Metronomic Breathing,Fixed-Rate Breathing 
88.032,0.46,M14_rr,Metronomic Breathing,Fixed-Rate Breathing 
88.508,0.476,M14_rr,Metronomic Breathing,Fixed-Rate Breathing 
88.996,0.488,M14_rr,Metronomic Breathing,Fixed-Rate Breathing 
89.488,0.492,M14_rr,Metronomic Breathing,Fixed-Rate Breathing 
89.976,0.488,M14_rr,Metronomic Breathing,Fixed-Rate Breathing 
90.468,0.492,M14_rr,Metronomic Breathing,Fixed-Rate Breathing 
90.968,0.5,M14_rr,Metronomic Breathing,Fixed-Rate Breathing 
91.452,0.484,M14_rr,Metronomic Breathing,Fixed-Rate Breathing 
91.924,0.472,M14_rr,Metronomic Breathing,Fixed-Rate Breathing 
92.396,0.472,M14_rr,Metronomic Breathing,Fixed-Rate Breathing 
92.896,0.5,M14_rr,Metronomic Breathing,Fixed-Rate Breathing 
93.4,0.504,M14_rr,Metronomic Breathing,Fixed-Rate Breathing 
93.9,0.5,M14_rr,Metronomic Breathing,Fixed-Rate Breathing 
94.388,0.488,M14_rr,Metronomic Breathing,Fixed-Rate Breathing 
94.892,0.504,M14_rr,Metronomic Breathing,Fixed-Rate Breathing 
95.404,0.512,M14_rr,Metronomic Breathing,Fixed-Rate Breathing 
95.912,0.508,M14_rr,Metronomic Breathing,Fixed-Rate Breathing 
96.412,0.5,M14_rr,Metronomic Breathing,Fixed-Rate Breathing 
96.892,0.48,M14_rr,Metronomic Breathing,Fixed-Rate Breathing 
97.336,0.444,M14_rr,Metronomic Breathing,Fixed-Rate Breathing 
97.748,0.412,M14_rr,Metronomic Breathing,Fixed-Rate Breathing 
98.148,0.4,M14_rr,Metronomic Breathing,Fixed-Rate Breathing 
98.568,0.42,M14_rr,Metronomic Breathing,Fixed-Rate Breathing 
99.04,0.472,M14_rr,Metronomic Breathing,Fixed-Rate Breathing 
99.556,0.516,M14_rr,Metronomic Breathing,Fixed-Rate Breathing 
100.064,0.508,M14_rr,Metronomic Breathing,Fixed-Rate Breathing 
100.556,0.492,M14_rr,Metronomic Breathing,Fixed-Rate Breathing 
101.052,0.496,M14_rr,Metronomic Breathing,Fixed-Rate Breathing 
101.528,0.476,M14_rr,Metronomic Breathing,Fixed-Rate Breathing 
101.988,0.46,M14_rr,Metronomic Breathing,Fixed-Rate Breathing 
102.42,0.432,M14_rr,Metronomic Breathing,Fixed-Rate Breathing 
102.86,0.44,M14_rr,Metronomic Breathing,Fixed-Rate Breathing 
103.332,0.472,M14_rr,Metronomic Breathing,Fixed-Rate Breathing 
103.808,0.476,M14_rr,Metronomic Breathing,Fixed-Rate Breathing 
104.264,0.456,M14_rr,Metronomic Breathing,Fixed-Rate Breathing 
104.728,0.464,M14_rr,Metronomic Breathing,Fixed-Rate Breathing 
105.204,0.476,M14_rr,Metronomic Breathing,Fixed-Rate Breathing 
105.68,0.476,M14_rr,Metronomic Breathing,Fixed-Rate Breathing 
106.144,0.464,M14_rr,Metronomic Breathing,Fixed-Rate Breathing 
106.6,0.456,M14_rr,Metronomic Breathing,Fixed-Rate Breathing 
107.076,0.476,M14_rr,Metronomic Breathing,Fixed-Rate Breathing 
107.576,0.5,M14_rr,Metronomic Breathing,Fixed-Rate Breathing 
108.06,0.484,M14_rr,Metronomic Breathing,Fixed-Rate Breathing 
108.52,0.46,M14_rr,Metronomic Breathing,Fixed-Rate Breathing 
108.972,0.452,M14_rr,Metronomic Breathing,Fixed-Rate Breathing 
109.444,0.472,M14_rr,Metronomic Breathing,Fixed-Rate Breathing 
109.92,0.476,M14_rr,Metronomic Breathing,Fixed-Rate Breathing 
110.4,0.48,M14_rr,Metronomic Breathing,Fixed-Rate Breathing 
110.876,0.476,M14_rr,Metronomic Breathing,Fixed-Rate Breathing 
111.348,0.472,M14_rr,Metronomic Breathing,Fixed-Rate Breathing 
111.836,0.488,M14_rr,Metronomic Breathing,Fixed-Rate Breathing 
112.312,0.476,M14_rr,Metronomic Breathing,Fixed-Rate Breathing 
112.792,0.48,M14_rr,Metronomic Breathing,Fixed-Rate Breathing 
113.268,0.476,M14_rr,Metronomic Breathing,Fixed-Rate Breathing 
113.748,0.48,M14_rr,Metronomic Breathing,Fixed-Rate Breathing 
114.216,0.468,M14_rr,Metronomic Breathing,Fixed-Rate Breathing 
114.664,0.448,M14_rr,Metronomic Breathing,Fixed-Rate Breathing 
115.124,0.46,M14_rr,Metronomic Breathing,Fixed-Rate Breathing 
115.616,0.492,M14_rr,Metronomic Breathing,Fixed-Rate Breathing 
116.12,0.504,M14_rr,Metronomic Breathing,Fixed-Rate Breathing 
116.612,0.492,M14_rr,Metronomic Breathing,Fixed-Rate Breathing 
117.088,0.476,M14_rr,Metronomic Breathing,Fixed-Rate Breathing 
117.564,0.476,M14_rr,Metronomic Breathing,Fixed-Rate Breathing 
118.044,0.48,M14_rr,Metronomic Breathing,Fixed-Rate Breathing 
118.512,0.468,M14_rr,Metronomic Breathing,Fixed-Rate Breathing 
118.968,0.456,M14_rr,Metronomic Breathing,Fixed-Rate Breathing 
119.428,0.46,M14_rr,Metronomic Breathing,Fixed-Rate Breathing 
119.904,0.476,M14_rr,Metronomic Breathing,Fixed-Rate Breathing 
120.376,0.472,M14_rr,Metronomic Breathing,Fixed-Rate Breathing 
120.844,0.468,M14_rr,Metronomic Breathing,Fixed-Rate Breathing 
121.312,0.468,M14_rr,Metronomic Breathing,Fixed-Rate Breathing 
121.8,0.488,M14_rr,Metronomic Breathing,Fixed-Rate Breathing 
122.292,0.492,M14_rr,Metronomic Breathing,Fixed-Rate Breathing 
122.76,0.468,M14_rr,Metronomic Breathing,Fixed-Rate Breathing 
123.208,0.448,M14_rr,Metronomic Breathing,Fixed-Rate Breathing 
123.66,0.452,M14_rr,Metronomic Breathing,Fixed-Rate Breathing 
124.136,0.476,M14_rr,Metronomic Breathing,Fixed-Rate Breathing 
124.632,0.496,M14_rr,Metronomic Breathing,Fixed-Rate Breathing 
125.112,0.48,M14_rr,Metronomic Breathing,Fixed-Rate Breathing 
125.572,0.46,M14_rr,Metronomic Breathing,Fixed-Rate Breathing 
126.048,0.476,M14_rr,Metronomic Breathing,Fixed-Rate Breathing 
126.536,0.488,M14_rr,Metronomic Breathing,Fixed-Rate Breathing 
127.004,0.468,M14_rr,Metronomic Breathing,Fixed-Rate Breathing 
127.444,0.44,M14_rr,Metronomic Breathing,Fixed-Rate Breathing 
127.896,0.452,M14_rr,Metronomic Breathing,Fixed-Rate Breathing 
128.392,0.496,M14_rr,Metronomic Breathing,Fixed-Rate Breathing 
128.908,0.516,M14_rr,Metronomic Breathing,Fixed-Rate Breathing 
129.408,0.5,M14_rr,Metronomic Breathing,Fixed-Rate Breathing 
129.88,0.472,M14_rr,Metronomic Breathing,Fixed-Rate Breathing 
130.336,0.456,M14_rr,Metronomic Breathing,Fixed-Rate Breathing 
130.804,0.468,M14_rr,Metronomic Breathing,Fixed-Rate Breathing 
131.28,0.476,M14_rr,Metronomic Breathing,Fixed-Rate Breathing 
131.772,0.492,M14_rr,Metronomic Breathing,Fixed-Rate Breathing 
132.276,0.504,M14_rr,Metronomic Breathing,Fixed-Rate Breathing 
132.788,0.512,M14_rr,Metronomic Breathing,Fixed-Rate Breathing 
133.292,0.504,M14_rr,Metronomic Breathing,Fixed-Rate Breathing 
133.78,0.488,M14_rr,Metronomic Breathing,Fixed-Rate Breathing 
134.272,0.492,M14_rr,Metronomic Breathing,Fixed-Rate Breathing 
134.78,0.508,M14_rr,Metronomic Breathing,Fixed-Rate Breathing 
135.28,0.5,M14_rr,Metronomic Breathing,Fixed-Rate Breathing 
135.764,0.484,M14_rr,Metronomic Breathing,Fixed-Rate Breathing 
136.248,0.484,M14_rr,Metronomic Breathing,Fixed-Rate Breathing 
136.744,0.496,M14_rr,Metronomic Breathing,Fixed-Rate Breathing 
137.22,0.476,M14_rr,Metronomic Breathing,Fixed-Rate Breathing 
137.68,0.46,M14_rr,Metronomic Breathing,Fixed-Rate Breathing 
138.152,0.472,M14_rr,Metronomic Breathing,Fixed-Rate Breathing 
138.652,0.5,M14_rr,Metronomic Breathing,Fixed-Rate Breathing 
139.168,0.516,M14_rr,Metronomic Breathing,Fixed-Rate Breathing 
139.66,0.492,M14_rr,Metronomic Breathing,Fixed-Rate Breathing 
140.14,0.48,M14_rr,Metronomic Breathing,Fixed-Rate Breathing 
140.608,0.468,M14_rr,Metronomic Breathing,Fixed-Rate Breathing 
141.084,0.476,M14_rr,Metronomic Breathing,Fixed-Rate Breathing 
141.564,0.48,M14_rr,Metronomic Breathing,Fixed-Rate Breathing 
142.036,0.472,M14_rr,Metronomic Breathing,Fixed-Rate Breathing 
142.544,0.508,M14_rr,Metronomic Breathing,Fixed-Rate Breathing 
143.076,0.532,M14_rr,Metronomic Breathing,Fixed-Rate Breathing 
143.572,0.496,M14_rr,Metronomic Breathing,Fixed-Rate Breathing 
144.032,0.46,M14_rr,Metronomic Breathing,Fixed-Rate Breathing 
144.496,0.464,M14_rr,Metronomic Breathing,Fixed-Rate Breathing 
144.968,0.472,M14_rr,Metronomic Breathing,Fixed-Rate Breathing 
145.48,0.512,M14_rr,Metronomic Breathing,Fixed-Rate Breathing 
145.964,0.484,M14_rr,Metronomic Breathing,Fixed-Rate Breathing 
146.436,0.472,M14_rr,Metronomic Breathing,Fixed-Rate Breathing 
146.892,0.456,M14_rr,Metronomic Breathing,Fixed-Rate Breathing 
147.368,0.476,M14_rr,Metronomic Breathing,Fixed-Rate Breathing 
147.856,0.488,M14_rr,Metronomic Breathing,Fixed-Rate Breathing 
148.356,0.5,M14_rr,Metronomic Breathing,Fixed-Rate Breathing 
148.864,0.508,M14_rr,Metronomic Breathing,Fixed-Rate Breathing 
149.368,0.504,M14_rr,Metronomic Breathing,Fixed-Rate Breathing 
149.856,0.488,M14_rr,Metronomic Breathing,Fixed-Rate Breathing 
150.316,0.46,M14_rr,Metronomic Breathing,Fixed-Rate Breathing 
150.792,0.476,M14_rr,Metronomic Breathing,Fixed-Rate Breathing 
151.284,0.492,M14_rr,Metronomic Breathing,Fixed-Rate Breathing 
151.784,0.5,M14_rr,Metronomic Breathing,Fixed-Rate Breathing 
152.268,0.484,M14_rr,Metronomic Breathing,Fixed-Rate Breathing 
152.76,0.492,M14_rr,Metronomic Breathing,Fixed-Rate Breathing 
153.252,0.492,M14_rr,Metronomic Breathing,Fixed-Rate Breathing 
153.74,0.488,M14_rr,Metronomic Breathing,Fixed-Rate Breathing 
154.212,0.472,M14_rr,Metronomic Breathing,Fixed-Rate Breathing 
154.68,0.468,M14_rr,Metronomic Breathing,Fixed-Rate Breathing 
155.164,0.484,M14_rr,Metronomic Breathing,Fixed-Rate Breathing 
155.652,0.488,M14_rr,Metronomic Breathing,Fixed-Rate Breathing 
156.128,0.476,M14_rr,Metronomic Breathing,Fixed-Rate Breathing 
156.588,0.46,M14_rr,Metronomic Breathing,Fixed-Rate Breathing 
157.064,0.476,M14_rr,Metronomic Breathing,Fixed-Rate Breathing 
157.544,0.48,M14_rr,Metronomic Breathing,Fixed-Rate Breathing 
158.004,0.46,M14_rr,Metronomic Breathing,Fixed-Rate Breathing 
158.452,0.448,M14_rr,Metronomic Breathing,Fixed-Rate Breathing 
158.896,0.444,M14_rr,Metronomic Breathing,Fixed-Rate Breathing 
159.372,0.476,M14_rr,Metronomic Breathing,Fixed-Rate Breathing 
159.872,0.5,M14_rr,Metronomic Breathing,Fixed-Rate Breathing 
160.364,0.492,M14_rr,Metronomic Breathing,Fixed-Rate Breathing 
160.832,0.468,M14_rr,Metronomic Breathing,Fixed-Rate Breathing 
161.304,0.472,M14_rr,Metronomic Breathing,Fixed-Rate Breathing 
161.784,0.48,M14_rr,Metronomic Breathing,Fixed-Rate Breathing 
162.248,0.464,M14_rr,Metronomic Breathing,Fixed-Rate Breathing 
162.692,0.444,M14_rr,Metronomic Breathing,Fixed-Rate Breathing 
163.132,0.44,M14_rr,Metronomic Breathing,Fixed-Rate Breathing 
163.604,0.472,M14_rr,Metronomic Breathing,Fixed-Rate Breathing 
164.12,0.516,M14_rr,Metronomic Breathing,Fixed-Rate Breathing 
164.628,0.508,M14_rr,Metronomic Breathing,Fixed-Rate Breathing 
165.112,0.484,M14_rr,Metronomic Breathing,Fixed-Rate Breathing 
165.588,0.476,M14_rr,Metronomic Breathing,Fixed-Rate Breathing 
166.068,0.48,M14_rr,Metronomic Breathing,Fixed-Rate Breathing 
166.536,0.468,M14_rr,Metronomic Breathing,Fixed-Rate Breathing 
166.984,0.448,M14_rr,Metronomic Breathing,Fixed-Rate Breathing 
167.444,0.46,M14_rr,Metronomic Breathing,Fixed-Rate Breathing 
167.924,0.48,M14_rr,Metronomic Breathing,Fixed-Rate Breathing 
168.416,0.492,M14_rr,Metronomic Breathing,Fixed-Rate Breathing 
168.908,0.492,M14_rr,Metronomic Breathing,Fixed-Rate Breathing 
169.412,0.504,M14_rr,Metronomic Breathing,Fixed-Rate Breathing 
169.912,0.5,M14_rr,Metronomic Breathing,Fixed-Rate Breathing 
170.396,0.484,M14_rr,Metronomic Breathing,Fixed-Rate Breathing 
170.856,0.46,M14_rr,Metronomic Breathing,Fixed-Rate Breathing 
171.3,0.444,M14_rr,Metronomic Breathing,Fixed-Rate Breathing 
171.772,0.472,M14_rr,Metronomic Breathing,Fixed-Rate Breathing 
172.264,0.492,M14_rr,Metronomic Breathing,Fixed-Rate Breathing 
172.756,0.492,M14_rr,Metronomic Breathing,Fixed-Rate Breathing 
173.232,0.476,M14_rr,Metronomic Breathing,Fixed-Rate Breathing 
173.704,0.472,M14_rr,Metronomic Breathing,Fixed-Rate Breathing 
174.192,0.488,M14_rr,Metronomic Breathing,Fixed-Rate Breathing 
174.676,0.484,M14_rr,Metronomic Breathing,Fixed-Rate Breathing 
175.132,0.456,M14_rr,Metronomic Breathing,Fixed-Rate Breathing 
175.572,0.44,M14_rr,Metronomic Breathing,Fixed-Rate Breathing 
176.028,0.456,M14_rr,Metronomic Breathing,Fixed-Rate Breathing 
176.516,0.488,M14_rr,Metronomic Breathing,Fixed-Rate Breathing 
176.988,0.472,M14_rr,Metronomic Breathing,Fixed-Rate Breathing 
177.436,0.448,M14_rr,Metronomic Breathing,Fixed-Rate Breathing 
177.892,0.456,M14_rr,Metronomic Breathing,Fixed-Rate Breathing 
178.372,0.48,M14_rr,Metronomic Breathing,Fixed-Rate Breathing 
178.848,0.476,M14_rr,Metronomic Breathing,Fixed-Rate Breathing 
179.308,0.46,M14_rr,Metronomic Breathing,Fixed-Rate Breathing 
179.752,0.444,M14_rr,Metronomic Breathing,Fixed-Rate Breathing 
180.204,0.452,M14_rr,Metronomic Breathing,Fixed-Rate Breathing 
180.672,0.468,M14_rr,Metronomic Breathing,Fixed-Rate Breathing 
181.112,0.44,M14_rr,Metronomic Breathing,Fixed-Rate Breathing 
181.544,0.432,M14_rr,Metronomic Breathing,Fixed-Rate Breathing 
181.976,0.432,M14_rr,Metronomic Breathing,Fixed-Rate Breathing 
182.44,0.464,M14_rr,Metronomic Breathing,Fixed-Rate Breathing 
182.912,0.472,M14_rr,Metronomic Breathing,Fixed-Rate Breathing 
183.368,0.456,M14_rr,Metronomic Breathing,Fixed-Rate Breathing 
183.82,0.452,M14_rr,Metronomic Breathing,Fixed-Rate Breathing 
184.276,0.456,M14_rr,Metronomic Breathing,Fixed-Rate Breathing 
184.748,0.472,M14_rr,Metronomic Breathing,Fixed-Rate Breathing 
185.192,0.444,M14_rr,Metronomic Breathing,Fixed-Rate Breathing 
185.612,0.42,M14_rr,Metronomic Breathing,Fixed-Rate Breathing 
186.036,0.424,M14_rr,Metronomic Breathing,Fixed-Rate Breathing 
186.488,0.452,M14_rr,Metronomic Breathing,Fixed-Rate Breathing 
186.984,0.496,M14_rr,Metronomic Breathing,Fixed-Rate Breathing 
187.476,0.492,M14_rr,Metronomic Breathing,Fixed-Rate Breathing 
187.956,0.48,M14_rr,Metronomic Breathing,Fixed-Rate Breathing 
188.444,0.488,M14_rr,Metronomic Breathing,Fixed-Rate Breathing 
188.932,0.488,M14_rr,Metronomic Breathing,Fixed-Rate Breathing 
189.396,0.464,M14_rr,Metronomic Breathing,Fixed-Rate Breathing 
189.844,0.448,M14_rr,Metronomic Breathing,Fixed-Rate Breathing 
190.288,0.444,M14_rr,Metronomic Breathing,Fixed-Rate Breathing 
190.768,0.48,M14_rr,Metronomic Breathing,Fixed-Rate Breathing 
191.272,0.504,M14_rr,Metronomic Breathing,Fixed-Rate Breathing 
191.756,0.484,M14_rr,Metronomic Breathing,Fixed-Rate Breathing 
192.216,0.46,M14_rr,Metronomic Breathing,Fixed-Rate Breathing 
192.688,0.472,M14_rr,Metronomic Breathing,Fixed-Rate Breathing 
193.164,0.476,M14_rr,Metronomic Breathing,Fixed-Rate Breathing 
193.636,0.472,M14_rr,Metronomic Breathing,Fixed-Rate Breathing 
194.088,0.452,M14_rr,Metronomic Breathing,Fixed-Rate Breathing 
194.544,0.456,M14_rr,Metronomic Breathing,Fixed-Rate Breathing 
195.04,0.496,M14_rr,Metronomic Breathing,Fixed-Rate Breathing 
195.536,0.496,M14_rr,Metronomic Breathing,Fixed-Rate Breathing 
196.004,0.468,M14_rr,Metronomic Breathing,Fixed-Rate Breathing 
196.456,0.452,M14_rr,Metronomic Breathing,Fixed-Rate Breathing 
196.924,0.468,M14_rr,Metronomic Breathing,Fixed-Rate Breathing 
197.408,0.484,M14_rr,Metronomic Breathing,Fixed-Rate Breathing 
197.884,0.476,M14_rr,Metronomic Breathing,Fixed-Rate Breathing 
198.356,0.472,M14_rr,Metronomic Breathing,Fixed-Rate Breathing 
198.824,0.468,M14_rr,Metronomic Breathing,Fixed-Rate Breathing 
199.308,0.484,M14_rr,Metronomic Breathing,Fixed-Rate Breathing 
199.8,0.492,M14_rr,Metronomic Breathing,Fixed-Rate Breathing 
200.268,0.468,M14_rr,Metronomic Breathing,Fixed-Rate Breathing 
200.728,0.46,M14_rr,Metronomic Breathing,Fixed-Rate Breathing 
201.2,0.472,M14_rr,Metronomic Breathing,Fixed-Rate Breathing 
201.692,0.492,M14_rr,Metronomic Breathing,Fixed-Rate Breathing 
202.176,0.484,M14_rr,Metronomic Breathing,Fixed-Rate Breathing 
202.664,0.488,M14_rr,Metronomic Breathing,Fixed-Rate Breathing 
203.16,0.496,M14_rr,Metronomic Breathing,Fixed-Rate Breathing 
203.652,0.492,M14_rr,Metronomic Breathing,Fixed-Rate Breathing 
204.12,0.468,M14_rr,Metronomic Breathing,Fixed-Rate Breathing 
204.58,0.46,M14_rr,Metronomic Breathing,Fixed-Rate Breathing 
205.044,0.464,M14_rr,Metronomic Breathing,Fixed-Rate Breathing 
205.512,0.468,M14_rr,Metronomic Breathing,Fixed-Rate Breathing 
205.992,0.48,M14_rr,Metronomic Breathing,Fixed-Rate Breathing 
206.464,0.472,M14_rr,Metronomic Breathing,Fixed-Rate Breathing 
206.928,0.464,M14_rr,Metronomic Breathing,Fixed-Rate Breathing 
207.416,0.488,M14_rr,Metronomic Breathing,Fixed-Rate Breathing 
207.912,0.496,M14_rr,Metronomic Breathing,Fixed-Rate Breathing 
208.404,0.492,M14_rr,Metronomic Breathing,Fixed-Rate Breathing 
208.876,0.472,M14_rr,Metronomic Breathing,Fixed-Rate Breathing 
209.352,0.476,M14_rr,Metronomic Breathing,Fixed-Rate Breathing 
209.828,0.476,M14_rr,Metronomic Breathing,Fixed-Rate Breathing 
210.316,0.488,M14_rr,Metronomic Breathing,Fixed-Rate Breathing 
210.784,0.468,M14_rr,Metronomic Breathing,Fixed-Rate Breathing 
211.26,0.476,M14_rr,Metronomic Breathing,Fixed-Rate Breathing 
211.744,0.484,M14_rr,Metronomic Breathing,Fixed-Rate Breathing 
212.232,0.488,M14_rr,Metronomic Breathing,Fixed-Rate Breathing 
212.712,0.48,M14_rr,Metronomic Breathing,Fixed-Rate Breathing 
213.192,0.48,M14_rr,Metronomic Breathing,Fixed-Rate Breathing 
213.672,0.48,M14_rr,Metronomic Breathing,Fixed-Rate Breathing 
214.16,0.488,M14_rr,Metronomic Breathing,Fixed-Rate Breathing 
214.636,0.476,M14_rr,Metronomic Breathing,Fixed-Rate Breathing 
215.092,0.456,M14_rr,Metronomic Breathing,Fixed-Rate Breathing 
215.548,0.456,M14_rr,Metronomic Breathing,Fixed-Rate Breathing 
216.024,0.476,M14_rr,Metronomic Breathing,Fixed-Rate Breathing 
216.508,0.484,M14_rr,Metronomic Breathing,Fixed-Rate Breathing 
216.988,0.48,M14_rr,Metronomic Breathing,Fixed-Rate Breathing 
217.452,0.464,M14_rr,Metronomic Breathing,Fixed-Rate Breathing 
217.932,0.48,M14_rr,Metronomic Breathing,Fixed-Rate Breathing 
218.416,0.484,M14_rr,Metronomic Breathing,Fixed-Rate Breathing 
218.888,0.472,M14_rr,Metronomic Breathing,Fixed-Rate Breathing 
219.34,0.452,M14_rr,Metronomic Breathing,Fixed-Rate Breathing 
219.76,0.42,M14_rr,Metronomic Breathing,Fixed-Rate Breathing 
220.148,0.388,M14_rr,Metronomic Breathing,Fixed-Rate Breathing 
220.568,0.42,M14_rr,Metronomic Breathing,Fixed-Rate Breathing 
221.044,0.476,M14_rr,Metronomic Breathing,Fixed-Rate Breathing 
221.544,0.5,M14_rr,Metronomic Breathing,Fixed-Rate Breathing 
222.056,0.512,M14_rr,Metronomic Breathing,Fixed-Rate Breathing 
222.552,0.496,M14_rr,Metronomic Breathing,Fixed-Rate Breathing 
223.032,0.48,M14_rr,Metronomic Breathing,Fixed-Rate Breathing 
223.476,0.444,M14_rr,Metronomic Breathing,Fixed-Rate Breathing 
223.932,0.456,M14_rr,Metronomic Breathing,Fixed-Rate Breathing 
224.404,0.472,M14_rr,Metronomic Breathing,Fixed-Rate Breathing 
224.9,0.496,M14_rr,Metronomic Breathing,Fixed-Rate Breathing 
225.392,0.492,M14_rr,Metronomic Breathing,Fixed-Rate Breathing 
225.896,0.504,M14_rr,Metronomic Breathing,Fixed-Rate Breathing 
226.412,0.516,M14_rr,Metronomic Breathing,Fixed-Rate Breathing 
226.932,0.52,M14_rr,Metronomic Breathing,Fixed-Rate Breathing 
227.436,0.504,M14_rr,Metronomic Breathing,Fixed-Rate Breathing 
227.92,0.484,M14_rr,Metronomic Breathing,Fixed-Rate Breathing 
228.404,0.484,M14_rr,Metronomic Breathing,Fixed-Rate Breathing 
228.888,0.484,M14_rr,Metronomic Breathing,Fixed-Rate Breathing 
229.368,0.48,M14_rr,Metronomic Breathing,Fixed-Rate Breathing 
229.868,0.5,M14_rr,Metronomic Breathing,Fixed-Rate Breathing 
230.372,0.504,M14_rr,Metronomic Breathing,Fixed-Rate Breathing 
230.876,0.504,M14_rr,Metronomic Breathing,Fixed-Rate Breathing 
231.372,0.496,M14_rr,Metronomic Breathing,Fixed-Rate Breathing 
231.856,0.484,M14_rr,Metronomic Breathing,Fixed-Rate Breathing 
232.332,0.476,M14_rr,Metronomic Breathing,Fixed-Rate Breathing 
232.828,0.496,M14_rr,Metronomic Breathing,Fixed-Rate Breathing 
233.34,0.512,M14_rr,Metronomic Breathing,Fixed-Rate Breathing 
233.832,0.492,M14_rr,Metronomic Breathing,Fixed-Rate Breathing 
234.312,0.48,M14_rr,Metronomic Breathing,Fixed-Rate Breathing 
234.804,0.492,M14_rr,Metronomic Breathing,Fixed-Rate Breathing 
235.304,0.5,M14_rr,Metronomic Breathing,Fixed-Rate Breathing 
235.788,0.484,M14_rr,Metronomic Breathing,Fixed-Rate Breathing 
236.272,0.484,M14_rr,Metronomic Breathing,Fixed-Rate Breathing 
236.788,0.516,M14_rr,Metronomic Breathing,Fixed-Rate Breathing 
237.308,0.52,M14_rr,Metronomic Breathing,Fixed-Rate Breathing 
237.812,0.504,M14_rr,Metronomic Breathing,Fixed-Rate Breathing 
238.308,0.496,M14_rr,Metronomic Breathing,Fixed-Rate Breathing 
238.812,0.504,M14_rr,Metronomic Breathing,Fixed-Rate Breathing 
239.324,0.512,M14_rr,Metronomic Breathing,Fixed-Rate Breathing 
239.816,0.492,M14_rr,Metronomic Breathing,Fixed-Rate Breathing 
240.284,0.468,M14_rr,Metronomic Breathing,Fixed-Rate Breathing 
240.76,0.476,M14_rr,Metronomic Breathing,Fixed-Rate Breathing 
241.244,0.484,M14_rr,Metronomic Breathing,Fixed-Rate Breathing 
241.74,0.496,M14_rr,Metronomic Breathing,Fixed-Rate Breathing 
242.24,0.5,M14_rr,Metronomic Breathing,Fixed-Rate Breathing 
242.744,0.504,M14_rr,Metronomic Breathing,Fixed-Rate Breathing 
243.26,0.516,M14_rr,Metronomic Breathing,Fixed-Rate Breathing 
243.764,0.504,M14_rr,Metronomic Breathing,Fixed-Rate Breathing 
244.248,0.484,M14_rr,Metronomic Breathing,Fixed-Rate Breathing 
244.712,0.464,M14_rr,Metronomic Breathing,Fixed-Rate Breathing 
245.196,0.484,M14_rr,Metronomic Breathing,Fixed-Rate Breathing 
245.688,0.492,M14_rr,Metronomic Breathing,Fixed-Rate Breathing 
246.204,0.516,M14_rr,Metronomic Breathing,Fixed-Rate Breathing 
246.704,0.5,M14_rr,Metronomic Breathing,Fixed-Rate Breathing 
247.204,0.5,M14_rr,Metronomic Breathing,Fixed-Rate Breathing 
247.704,0.5,M14_rr,Metronomic Breathing,Fixed-Rate Breathing 
248.188,0.484,M14_rr,Metronomic Breathing,Fixed-Rate Breathing 
248.656,0.468,M14_rr,Metronomic Breathing,Fixed-Rate Breathing 
249.132,0.476,M14_rr,Metronomic Breathing,Fixed-Rate Breathing 
249.636,0.504,M14_rr,Metronomic Breathing,Fixed-Rate Breathing 
250.152,0.516,M14_rr,Metronomic Breathing,Fixed-Rate Breathing 
250.668,0.516,M14_rr,Metronomic Breathing,Fixed-Rate Breathing 
251.188,0.52,M14_rr,Metronomic Breathing,Fixed-Rate Breathing 
251.708,0.52,M14_rr,Metronomic Breathing,Fixed-Rate Breathing 
252.224,0.516,M14_rr,Metronomic Breathing,Fixed-Rate Breathing 
252.736,0.512,M14_rr,Metronomic Breathing,Fixed-Rate Breathing 
253.248,0.512,M14_rr,Metronomic Breathing,Fixed-Rate Breathing 
253.752,0.504,M14_rr,Metronomic Breathing,Fixed-Rate Breathing 
254.26,0.508,M14_rr,Metronomic Breathing,Fixed-Rate Breathing 
254.748,0.488,M14_rr,Metronomic Breathing,Fixed-Rate Breathing 
255.232,0.484,M14_rr,Metronomic Breathing,Fixed-Rate Breathing 
255.736,0.504,M14_rr,Metronomic Breathing,Fixed-Rate Breathing 
256.26,0.524,M14_rr,Metronomic Breathing,Fixed-Rate Breathing 
256.756,0.496,M14_rr,Metronomic Breathing,Fixed-Rate Breathing 
257.236,0.48,M14_rr,Metronomic Breathing,Fixed-Rate Breathing 
257.716,0.48,M14_rr,Metronomic Breathing,Fixed-Rate Breathing 
258.204,0.488,M14_rr,Metronomic Breathing,Fixed-Rate Breathing 
258.7,0.496,M14_rr,Metronomic Breathing,Fixed-Rate Breathing 
259.204,0.504,M14_rr,Metronomic Breathing,Fixed-Rate Breathing 
259.724,0.52,M14_rr,Metronomic Breathing,Fixed-Rate Breathing 
260.24,0.516,M14_rr,Metronomic Breathing,Fixed-Rate Breathing 
260.748,0.508,M14_rr,Metronomic Breathing,Fixed-Rate Breathing 
261.244,0.496,M14_rr,Metronomic Breathing,Fixed-Rate Breathing 
261.744,0.5,M14_rr,Metronomic Breathing,Fixed-Rate Breathing 
262.248,0.504,M14_rr,Metronomic Breathing,Fixed-Rate Breathing 
262.756,0.508,M14_rr,Metronomic Breathing,Fixed-Rate Breathing 
263.248,0.492,M14_rr,Metronomic Breathing,Fixed-Rate Breathing 
263.736,0.488,M14_rr,Metronomic Breathing,Fixed-Rate Breathing 
264.224,0.488,M14_rr,Metronomic Breathing,Fixed-Rate Breathing 
264.732,0.508,M14_rr,Metronomic Breathing,Fixed-Rate Breathing 
265.24,0.508,M14_rr,Metronomic Breathing,Fixed-Rate Breathing 
265.732,0.492,M14_rr,Metronomic Breathing,Fixed-Rate Breathing 
266.232,0.5,M14_rr,Metronomic Breathing,Fixed-Rate Breathing 
266.724,0.492,M14_rr,Metronomic Breathing,Fixed-Rate Breathing 
267.208,0.484,M14_rr,Metronomic Breathing,Fixed-Rate Breathing 
267.692,0.484,M14_rr,Metronomic Breathing,Fixed-Rate Breathing 
268.188,0.496,M14_rr,Metronomic Breathing,Fixed-Rate Breathing 
268.704,0.516,M14_rr,Metronomic Breathing,Fixed-Rate Breathing 
269.228,0.524,M14_rr,Metronomic Breathing,Fixed-Rate Breathing 
269.724,0.496,M14_rr,Metronomic Breathing,Fixed-Rate Breathing 
270.188,0.464,M14_rr,Metronomic Breathing,Fixed-Rate Breathing 
270.66,0.472,M14_rr,Metronomic Breathing,Fixed-Rate Breathing 
271.168,0.508,M14_rr,Metronomic Breathing,Fixed-Rate Breathing 
271.688,0.52,M14_rr,Metronomic Breathing,Fixed-Rate Breathing 
272.212,0.524,M14_rr,Metronomic Breathing,Fixed-Rate Breathing 
272.736,0.524,M14_rr,Metronomic Breathing,Fixed-Rate Breathing 
273.264,0.528,M14_rr,Metronomic Breathing,Fixed-Rate Breathing 
273.772,0.508,M14_rr,Metronomic Breathing,Fixed-Rate Breathing 
274.256,0.484,M14_rr,Metronomic Breathing,Fixed-Rate Breathing 
274.744,0.488,M14_rr,Metronomic Breathing,Fixed-Rate Breathing 
275.252,0.508,M14_rr,Metronomic Breathing,Fixed-Rate Breathing 
275.74,0.488,M14_rr,Metronomic Breathing,Fixed-Rate Breathing 
276.224,0.484,M14_rr,Metronomic Breathing,Fixed-Rate Breathing 
276.716,0.492,M14_rr,Metronomic Breathing,Fixed-Rate Breathing 
277.224,0.508,M14_rr,Metronomic Breathing,Fixed-Rate Breathing 
277.716,0.492,M14_rr,Metronomic Breathing,Fixed-Rate Breathing 
278.204,0.488,M14_rr,Metronomic Breathing,Fixed-Rate Breathing 
278.688,0.484,M14_rr,Metronomic Breathing,Fixed-Rate Breathing 
279.172,0.484,M14_rr,Metronomic Breathing,Fixed-Rate Breathing 
279.664,0.492,M14_rr,Metronomic Breathing,Fixed-Rate Breathing 
280.156,0.492,M14_rr,Metronomic Breathing,Fixed-Rate Breathing 
280.652,0.496,M14_rr,Metronomic Breathing,Fixed-Rate Breathing 
281.148,0.496,M14_rr,Metronomic Breathing,Fixed-Rate Breathing 
281.644,0.496,M14_rr,Metronomic Breathing,Fixed-Rate Breathing 
282.108,0.464,M14_rr,Metronomic Breathing,Fixed-Rate Breathing 
282.56,0.452,M14_rr,Metronomic Breathing,Fixed-Rate Breathing 
283.032,0.472,M14_rr,Metronomic Breathing,Fixed-Rate Breathing 
283.532,0.5,M14_rr,Metronomic Breathing,Fixed-Rate Breathing 
284.048,0.516,M14_rr,Metronomic Breathing,Fixed-Rate Breathing 
284.552,0.504,M14_rr,Metronomic Breathing,Fixed-Rate Breathing 
285.044,0.492,M14_rr,Metronomic Breathing,Fixed-Rate Breathing 
285.544,0.5,M14_rr,Metronomic Breathing,Fixed-Rate Breathing 
286.044,0.5,M14_rr,Metronomic Breathing,Fixed-Rate Breathing 
286.54,0.496,M14_rr,Metronomic Breathing,Fixed-Rate Breathing 
287.04,0.5,M14_rr,Metronomic Breathing,Fixed-Rate Breathing 
287.548,0.508,M14_rr,Metronomic Breathing,Fixed-Rate Breathing 
288.056,0.508,M14_rr,Metronomic Breathing,Fixed-Rate Breathing 
288.544,0.488,M14_rr,Metronomic Breathing,Fixed-Rate Breathing 
289.008,0.464,M14_rr,Metronomic Breathing,Fixed-Rate Breathing 
289.484,0.476,M14_rr,Metronomic Breathing,Fixed-Rate Breathing 
289.98,0.496,M14_rr,Metronomic Breathing,Fixed-Rate Breathing 
290.46,0.48,M14_rr,Metronomic Breathing,Fixed-Rate Breathing 
290.928,0.468,M14_rr,Metronomic Breathing,Fixed-Rate Breathing 
291.42,0.492,M14_rr,Metronomic Breathing,Fixed-Rate Breathing 
291.92,0.5,M14_rr,Metronomic Breathing,Fixed-Rate Breathing 
292.396,0.476,M14_rr,Metronomic Breathing,Fixed-Rate Breathing 
292.852,0.456,M14_rr,Metronomic Breathing,Fixed-Rate Breathing 
293.292,0.44,M14_rr,Metronomic Breathing,Fixed-Rate Breathing 
293.764,0.472,M14_rr,Metronomic Breathing,Fixed-Rate Breathing 
294.26,0.496,M14_rr,Metronomic Breathing,Fixed-Rate Breathing 
294.736,0.476,M14_rr,Metronomic Breathing,Fixed-Rate Breathing 
295.188,0.452,M14_rr,Metronomic Breathing,Fixed-Rate Breathing 
295.648,0.46,M14_rr,Metronomic Breathing,Fixed-Rate Breathing 
296.132,0.484,M14_rr,Metronomic Breathing,Fixed-Rate Breathing 
296.604,0.472,M14_rr,Metronomic Breathing,Fixed-Rate Breathing 
297.068,0.464,M14_rr,Metronomic Breathing,Fixed-Rate Breathing 
297.52,0.452,M14_rr,Metronomic Breathing,Fixed-Rate Breathing 
297.992,0.472,M14_rr,Metronomic Breathing,Fixed-Rate Breathing 
298.472,0.48,M14_rr,Metronomic Breathing,Fixed-Rate Breathing 
298.932,0.46,M14_rr,Metronomic Breathing,Fixed-Rate Breathing 
299.376,0.444,M14_rr,Metronomic Breathing,Fixed-Rate Breathing 
299.828,0.452,M14_rr,Metronomic Breathing,Fixed-Rate Breathing 
300.296,0.468,M14_rr,Metronomic Breathing,Fixed-Rate Breathing 
300.772,0.476,M14_rr,Metronomic Breathing,Fixed-Rate Breathing 
301.228,0.456,M14_rr,Metronomic Breathing,Fixed-Rate Breathing 
301.664,0.436,M14_rr,Metronomic Breathing,Fixed-Rate Breathing 
302.112,0.448,M14_rr,Metronomic Breathing,Fixed-Rate Breathing 
302.58,0.468,M14_rr,Metronomic Breathing,Fixed-Rate Breathing 
303.06,0.48,M14_rr,Metronomic Breathing,Fixed-Rate Breathing 
303.552,0.492,M14_rr,Metronomic Breathing,Fixed-Rate Breathing 
304.056,0.504,M14_rr,Metronomic Breathing,Fixed-Rate Breathing 
304.568,0.512,M14_rr,Metronomic Breathing,Fixed-Rate Breathing 
305.048,0.48,M14_rr,Metronomic Breathing,Fixed-Rate Breathing 
305.496,0.448,M14_rr,Metronomic Breathing,Fixed-Rate Breathing 
305.944,0.448,M14_rr,Metronomic Breathing,Fixed-Rate Breathing 
306.42,0.476,M14_rr,Metronomic Breathing,Fixed-Rate Breathing 
