Time,RR_Interval,Subject,Group,State
1.248,0.484,M4_rr,Metronomic Breathing,Fixed-Rate Breathing 
1.74,0.492,M4_rr,Metronomic Breathing,Fixed-Rate Breathing 
2.264,0.524,M4_rr,Metronomic Breathing,Fixed-Rate Breathing 
2.768,0.504,M4_rr,Metronomic Breathing,Fixed-Rate Breathing 
3.276,0.508,M4_rr,Metronomic Breathing,Fixed-Rate Breathing 
3.78,0.504,M4_rr,Metronomic Breathing,Fixed-Rate Breathing 
4.276,0.496,M4_rr,Metronomic Breathing,Fixed-Rate Breathing 
4.732,0.456,M4_rr,Metronomic Breathing,Fixed-Rate Breathing 
5.144,0.412,M4_rr,Metronomic Breathing,Fixed-Rate Breathing 
5.58,0.436,M4_rr,Metronomic Breathing,Fixed-Rate Breathing 
6.196,0.616,M4_rr,Metronomic Breathing,Fixed-Rate Breathing 
6.756,0.56,M4_rr,Metronomic Breathing,Fixed-Rate Breathing 
7.256,0.5,M4_rr,Metronomic Breathing,Fixed-Rate Breathing 
7.708,0.452,M4_rr,Metronomic Breathing,Fixed-Rate Breathing 
8.136,0.428,M4_rr,Metronomic Breathing,Fixed-Rate Breathing 
8.656,0.52,M4_rr,Metronomic Breathing,Fixed-Rate Breathing 
9.168,0.512,M4_rr,Metronomic Breathing,Fixed-Rate Breathing 
9.592,0.424,M4_rr,Metronomic Breathing,Fixed-Rate Breathing 
10.016,0.424,M4_rr,Metronomic Breathing,Fixed-Rate Breathing 
10.612,0.596,M4_rr,Metronomic Breathing,Fixed-Rate Breathing 
11.164,0.552,M4_rr,Metronomic Breathing,Fixed-Rate Breathing 
11.684,0.52,M4_rr,Metronomic Breathing,Fixed-Rate Breathing 
12.14,0.456,M4_rr,Metronomic Breathing,Fixed-Rate Breathing 
12.588,0.448,M4_rr,Metronomic Breathing,Fixed-Rate Breathing 
13.136,0.548,M4_rr,Metronomic Breathing,Fixed-Rate Breathing 
13.684,0.548,M4_rr,Metronomic Breathing,Fixed-Rate Breathing 
14.136,0.452,M4_rr,Metronomic Breathing,Fixed-Rate Breathing 
14.688,0.552,M4_rr,Metronomic Breathing,Fixed-Rate Breathing 
15.236,0.548,M4_rr,Metronomic Breathing,Fixed-Rate Breathing 
15.728,0.492,M4_rr,Metronomic Breathing,Fixed-Rate Breathing 
16.172,0.444,M4_rr,Metronomic Breathing,Fixed-Rate Breathing 
16.708,0.536,M4_rr,Metronomic Breathing,Fixed-Rate Breathing 
17.256,0.548,M4_rr,Metronomic Breathing,Fixed-Rate Breathing 
17.736,0.48,M4_rr,Metronomic Breathing,Fixed-Rate Breathing 
18.2,0.464,M4_rr,Metronomic Breathing,Fixed-Rate Breathing 
18.744,0.544,M4_rr,Metronomic Breathing,Fixed-Rate Breathing 
19.284,0.54,M4_rr,Metronomic Breathing,Fixed-Rate Breathing 
19.784,0.5,M4_rr,Metronomic Breathing,Fixed-Rate Breathing 
20.268,0.484,M4_rr,Metronomic Breathing,Fixed-Rate Breathing 
20.84,0.572,M4_rr,Metronomic Breathing,Fixed-Rate Breathing 
21.392,0.552,M4_rr,Metronomic Breathing,Fixed-Rate Breathing 
21.892,0.5,M4_rr,Metronomic Breathing,Fixed-Rate Breathing 
22.356,0.464,M4_rr,Metronomic Breathing,Fixed-Rate Breathing 
22.94,0.584,M4_rr,Metronomic Breathing,Fixed-Rate Breathing 
23.492,0.552,M4_rr,Metronomic Breathing,Fixed-Rate Breathing 
24.008,0.516,M4_rr,Metronomic Breathing,Fixed-Rate Breathing 
24.484,0.476,M4_rr,Metronomic Breathing,Fixed-Rate Breathing 
25.016,0.532,M4_rr,Metronomic Breathing,Fixed-Rate Breathing 
25.576,0.56,M4_rr,Metronomic Breathing,Fixed-Rate Breathing 
26.08,0.504,M4_rr,Metronomic Breathing,Fixed-Rate Breathing 
26.56,0.48,M4_rr,Metronomic Breathing,Fixed-Rate Breathing 
27.1,0.54,M4_rr,Metronomic Breathing,Fixed-Rate Breathing 
27.628,0.528,M4_rr,Metronomic Breathing,Fixed-Rate Breathing 
28.12,0.492,M4_rr,Metronomic Breathing,Fixed-Rate Breathing 
28.62,0.5,M4_rr,Metronomic Breathing,Fixed-Rate Breathing 
29.188,0.568,M4_rr,Metronomic Breathing,Fixed-Rate Breathing 
29.74,0.552,M4_rr,Metronomic Breathing,Fixed-Rate Breathing 
30.244,0.504,M4_rr,Metronomic Breathing,Fixed-Rate Breathing 
30.756,0.512,M4_rr,Metronomic Breathing,Fixed-Rate Breathing 
31.296,0.54,M4_rr,Metronomic Breathing,Fixed-Rate Breathing 
31.832,0.536,M4_rr,Metronomic Breathing,Fixed-Rate Breathing 
32.324,0.492,M4_rr,Metronomic Breathing,Fixed-Rate Breathing 
32.832,0.508,M4_rr,Metronomic Breathing,Fixed-Rate Breathing 
33.388,0.556,M4_rr,Metronomic Breathing,Fixed-Rate Breathing 
33.9,0.512,M4_rr,Metronomic Breathing,Fixed-Rate Breathing 
34.396,0.496,M4_rr,Metronomic Breathing,Fixed-Rate Breathing 
34.916,0.52,M4_rr,Metronomic Breathing,Fixed-Rate Breathing 
35.488,0.572,M4_rr,Metronomic Breathing,Fixed-Rate Breathing 
36.024,0.536,M4_rr,Metronomic Breathing,Fixed-Rate Breathing 
36.544,0.52,M4_rr,Metronomic Breathing,Fixed-Rate Breathing 
37.076,0.532,M4_rr,Metronomic Breathing,Fixed-Rate Breathing 
37.588,0.512,M4_rr,Metronomic Breathing,Fixed-Rate Breathing 
38.072,0.484,M4_rr,Metronomic Breathing,Fixed-Rate Breathing 
38.56,0.488,M4_rr,Metronomic Breathing,Fixed-Rate Breathing 
39.104,0.544,M4_rr,Metronomic Breathing,Fixed-Rate Breathing 
39.66,0.556,M4_rr,Metronomic Breathing,Fixed-Rate Breathing 
40.204,0.544,M4_rr,Metronomic Breathing,Fixed-Rate Breathing 
40.74,0.536,M4_rr,Metronomic Breathing,Fixed-Rate Breathing 
41.28,0.54,M4_rr,Metronomic Breathing,Fixed-Rate Breathing 
41.824,0.544,M4_rr,Metronomic Breathing,Fixed-Rate Breathing 
42.312,0.488,M4_rr,Metronomic Breathing,Fixed-Rate Breathing 
42.784,0.472,M4_rr,Metronomic Breathing,Fixed-Rate Breathing 
43.332,0.548,M4_rr,Metronomic Breathing,Fixed-Rate Breathing 
43.888,0.556,M4_rr,Metronomic Breathing,Fixed-Rate Breathing 
44.384,0.496,M4_rr,Metronomic Breathing,Fixed-Rate Breathing 
44.9,0.516,M4_rr,Metronomic Breathing,Fixed-Rate Breathing 
45.46,0.56,M4_rr,Metronomic Breathing,Fixed-Rate Breathing 
46.02,0.56,M4_rr,Metronomic Breathing,Fixed-Rate Breathing 
46.52,0.5,M4_rr,Metronomic Breathing,Fixed-Rate Breathing 
47.048,0.528,M4_rr,Metronomic Breathing,Fixed-Rate Breathing 
47.588,0.54,M4_rr,Metronomic Breathing,Fixed-Rate Breathing 
48.112,0.524,M4_rr,Metronomic Breathing,Fixed-Rate Breathing 
48.624,0.512,M4_rr,Metronomic Breathing,Fixed-Rate Breathing 
49.128,0.504,M4_rr,Metronomic Breathing,Fixed-Rate Breathing 
49.632,0.504,M4_rr,Metronomic Breathing,Fixed-Rate Breathing 
50.136,0.504,M4_rr,Metronomic Breathing,Fixed-Rate Breathing 
50.644,0.508,M4_rr,Metronomic Breathing,Fixed-Rate Breathing 
51.184,0.54,M4_rr,Metronomic Breathing,Fixed-Rate Breathing 
51.732,0.548,M4_rr,Metronomic Breathing,Fixed-Rate Breathing 
52.272,0.54,M4_rr,Metronomic Breathing,Fixed-Rate Breathing 
52.78,0.508,M4_rr,Metronomic Breathing,Fixed-Rate Breathing 
53.288,0.508,M4_rr,Metronomic Breathing,Fixed-Rate Breathing 
53.708,0.42,M4_rr,Metronomic Breathing,Fixed-Rate Breathing 
54.112,0.404,M4_rr,Metronomic Breathing,Fixed-Rate Breathing 
54.56,0.448,M4_rr,Metronomic Breathing,Fixed-Rate Breathing 
55.008,0.448,M4_rr,Metronomic Breathing,Fixed-Rate Breathing 
55.44,0.432,M4_rr,Metronomic Breathing,Fixed-Rate Breathing 
55.836,0.396,M4_rr,Metronomic Breathing,Fixed-Rate Breathing 
56.248,0.412,M4_rr,Metronomic Breathing,Fixed-Rate Breathing 
56.668,0.42,M4_rr,Metronomic Breathing,Fixed-Rate Breathing 
57.092,0.424,M4_rr,Metronomic Breathing,Fixed-Rate Breathing 
57.58,0.488,M4_rr,Metronomic Breathing,Fixed-Rate Breathing 
58.084,0.504,M4_rr,Metronomic Breathing,Fixed-Rate Breathing 
58.568,0.484,M4_rr,Metronomic Breathing,Fixed-Rate Breathing 
59.016,0.448,M4_rr,Metronomic Breathing,Fixed-Rate Breathing 
59.468,0.452,M4_rr,Metronomic Breathing,Fixed-Rate Breathing 
59.992,0.524,M4_rr,Metronomic Breathing,Fixed-Rate Breathing 
60.48,0.488,M4_rr,Metronomic Breathing,Fixed-Rate Breathing 
60.936,0.456,M4_rr,Metronomic Breathing,Fixed-Rate Breathing 
61.34,0.404,M4_rr,Metronomic Breathing,Fixed-Rate Breathing 
61.748,0.408,M4_rr,Metronomic Breathing,Fixed-Rate Breathing 
62.26,0.512,M4_rr,Metronomic Breathing,Fixed-Rate Breathing 
62.788,0.528,M4_rr,Metronomic Breathing,Fixed-Rate Breathing 
63.26,0.472,M4_rr,Metronomic Breathing,Fixed-Rate Breathing 
63.716,0.456,M4_rr,Metronomic Breathing,Fixed-Rate Breathing 
64.264,0.548,M4_rr,Metronomic Breathing,Fixed-Rate Breathing 
64.816,0.552,M4_rr,Metronomic Breathing,Fixed-Rate Breathing 
65.316,0.5,M4_rr,Metronomic Breathing,Fixed-Rate Breathing 
65.78,0.464,M4_rr,Metronomic Breathing,Fixed-Rate Breathing 
66.348,0.568,M4_rr,Metronomic Breathing,Fixed-Rate Breathing 
66.896,0.548,M4_rr,Metronomic Breathing,Fixed-Rate Breathing 
67.408,0.512,M4_rr,Metronomic Breathing,Fixed-Rate Breathing 
67.904,0.496,M4_rr,Metronomic Breathing,Fixed-Rate Breathing 
68.476,0.572,M4_rr,Metronomic Breathing,Fixed-Rate Breathing 
69.048,0.572,M4_rr,Metronomic Breathing,Fixed-Rate Breathing 
69.54,0.492,M4_rr,Metronomic Breathing,Fixed-Rate Breathing 
70.052,0.512,M4_rr,Metronomic Breathing,Fixed-Rate Breathing 
70.608,0.556,M4_rr,Metronomic Breathing,Fixed-Rate Breathing 
71.152,0.544,M4_rr,Metronomic Breathing,Fixed-Rate Breathing 
71.64,0.488,M4_rr,Metronomic Breathing,Fixed-Rate Breathing 
72.14,0.5,M4_rr,Metronomic Breathing,Fixed-Rate Breathing 
72.696,0.556,M4_rr,Metronomic Breathing,Fixed-Rate Breathing 
73.232,0.536,M4_rr,Metronomic Breathing,Fixed-Rate Breathing 
73.72,0.488,M4_rr,Metronomic Breathing,Fixed-Rate Breathing 
74.28,0.56,M4_rr,Metronomic Breathing,Fixed-Rate Breathing 
74.848,0.568,M4_rr,Metronomic Breathing,Fixed-Rate Breathing 
75.372,0.524,M4_rr,Metronomic Breathing,Fixed-Rate Breathing 
75.88,0.508,M4_rr,Metronomic Breathing,Fixed-Rate Breathing 
76.448,0.568,M4_rr,Metronomic Breathing,Fixed-Rate Breathing 
77.028,0.58,M4_rr,Metronomic Breathing,Fixed-Rate Breathing 
77.528,0.5,M4_rr,Metronomic Breathing,Fixed-Rate Breathing 
78.016,0.488,M4_rr,Metronomic Breathing,Fixed-Rate Breathing 
78.58,0.564,M4_rr,Metronomic Breathing,Fixed-Rate Breathing 
79.164,0.584,M4_rr,Metronomic Breathing,Fixed-Rate Breathing 
79.668,0.504,M4_rr,Metronomic Breathing,Fixed-Rate Breathing 
80.184,0.516,M4_rr,Metronomic Breathing,Fixed-Rate Breathing 
80.78,0.596,M4_rr,Metronomic Breathing,Fixed-Rate Breathing 
81.332,0.552,M4_rr,Metronomic Breathing,Fixed-Rate Breathing 
81.82,0.488,M4_rr,Metronomic Breathing,Fixed-Rate Breathing 
82.324,0.504,M4_rr,Metronomic Breathing,Fixed-Rate Breathing 
82.884,0.56,M4_rr,Metronomic Breathing,Fixed-Rate Breathing 
83.456,0.572,M4_rr,Metronomic Breathing,Fixed-Rate Breathing 
83.948,0.492,M4_rr,Metronomic Breathing,Fixed-Rate Breathing 
84.464,0.516,M4_rr,Metronomic Breathing,Fixed-Rate Breathing 
85.032,0.568,M4_rr,Metronomic Breathing,Fixed-Rate Breathing 
85.592,0.56,M4_rr,Metronomic Breathing,Fixed-Rate Breathing 
86.08,0.488,M4_rr,Metronomic Breathing,Fixed-Rate Breathing 
86.592,0.512,M4_rr,Metronomic Breathing,Fixed-Rate Breathing 
87.164,0.572,M4_rr,Metronomic Breathing,Fixed-Rate Breathing 
87.704,0.54,M4_rr,Metronomic Breathing,Fixed-Rate Breathing 
88.188,0.484,M4_rr,Metronomic Breathing,Fixed-Rate Breathing 
88.712,0.524,M4_rr,Metronomic Breathing,Fixed-Rate Breathing 
89.28,0.568,M4_rr,Metronomic Breathing,Fixed-Rate Breathing 
89.824,0.544,M4_rr,Metronomic Breathing,Fixed-Rate Breathing 
90.3,0.476,M4_rr,Metronomic Breathing,Fixed-Rate Breathing 
90.744,0.444,M4_rr,Metronomic Breathing,Fixed-Rate Breathing 
91.316,0.572,M4_rr,Metronomic Breathing,Fixed-Rate Breathing 
91.88,0.564,M4_rr,Metronomic Breathing,Fixed-Rate Breathing 
92.372,0.492,M4_rr,Metronomic Breathing,Fixed-Rate Breathing 
92.904,0.532,M4_rr,Metronomic Breathing,Fixed-Rate Breathing 
93.46,0.556,M4_rr,Metronomic Breathing,Fixed-Rate Breathing 
93.996,0.536,M4_rr,Metronomic Breathing,Fixed-Rate Breathing 
94.488,0.492,M4_rr,Metronomic Breathing,Fixed-Rate Breathing 
95.008,0.52,M4_rr,Metronomic Breathing,Fixed-Rate Breathing 
95.564,0.556,M4_rr,Metronomic Breathing,Fixed-Rate Breathing 
96.08,0.516,M4_rr,Metronomic Breathing,Fixed-Rate Breathing 
96.588,0.508,M4_rr,Metronomic Breathing,Fixed-Rate Breathing 
97.136,0.548,M4_rr,Metronomic Breathing,Fixed-Rate Breathing 
97.7,0.564,M4_rr,Metronomic Breathing,Fixed-Rate Breathing 
98.228,0.528,M4_rr,Metronomic Breathing,Fixed-Rate Breathing 
98.72,0.492,M4_rr,Metronomic Breathing,Fixed-Rate Breathing 
99.264,0.544,M4_rr,Metronomic Breathing,Fixed-Rate Breathing 
99.82,0.556,M4_rr,Metronomic Breathing,Fixed-Rate Breathing 
100.324,0.504,M4_rr,Metronomic Breathing,Fixed-Rate Breathing 
100.824,0.5,M4_rr,Metronomic Breathing,Fixed-Rate Breathing 
101.372,0.548,M4_rr,Metronomic Breathing,Fixed-Rate Breathing 
101.928,0.556,M4_rr,Metronomic Breathing,Fixed-Rate Breathing 
102.436,0.508,M4_rr,Metronomic Breathing,Fixed-Rate Breathing 
102.932,0.496,M4_rr,Metronomic Breathing,Fixed-Rate Breathing 
103.476,0.544,M4_rr,Metronomic Breathing,Fixed-Rate Breathing 
104.028,0.552,M4_rr,Metronomic Breathing,Fixed-Rate Breathing 
104.54,0.512,M4_rr,Metronomic Breathing,Fixed-Rate Breathing 
105.06,0.52,M4_rr,Metronomic Breathing,Fixed-Rate Breathing 
105.64,0.58,M4_rr,Metronomic Breathing,Fixed-Rate Breathing 
106.216,0.576,M4_rr,Metronomic Breathing,Fixed-Rate Breathing 
106.736,0.52,M4_rr,Metronomic Breathing,Fixed-Rate Breathing 
107.288,0.552,M4_rr,Metronomic Breathing,Fixed-Rate Breathing 
107.852,0.564,M4_rr,Metronomic Breathing,Fixed-Rate Breathing 
108.404,0.552,M4_rr,Metronomic Breathing,Fixed-Rate Breathing 
108.924,0.52,M4_rr,Metronomic Breathing,Fixed-Rate Breathing 
109.432,0.508,M4_rr,Metronomic Breathing,Fixed-Rate Breathing 
110.008,0.576,M4_rr,Metronomic Breathing,Fixed-Rate Breathing 
110.568,0.56,M4_rr,Metronomic Breathing,Fixed-Rate Breathing 
111.096,0.528,M4_rr,Metronomic Breathing,Fixed-Rate Breathing 
111.616,0.52,M4_rr,Metronomic Breathing,Fixed-Rate Breathing 
112.204,0.588,M4_rr,Metronomic Breathing,Fixed-Rate Breathing 
112.776,0.572,M4_rr,Metronomic Breathing,Fixed-Rate Breathing 
113.292,0.516,M4_rr,Metronomic Breathing,Fixed-Rate Breathing 
113.824,0.532,M4_rr,Metronomic Breathing,Fixed-Rate Breathing 
114.376,0.552,M4_rr,Metronomic Breathing,Fixed-Rate Breathing 
114.9,0.524,M4_rr,Metronomic Breathing,Fixed-Rate Breathing 
115.396,0.496,M4_rr,Metronomic Breathing,Fixed-Rate Breathing 
115.92,0.524,M4_rr,Metronomic Breathing,Fixed-Rate Breathing 
116.5,0.58,M4_rr,Metronomic Breathing,Fixed-Rate Breathing 
117.044,0.544,M4_rr,Metronomic Breathing,Fixed-Rate Breathing 
117.544,0.5,M4_rr,Metronomic Breathing,Fixed-Rate Breathing 
118.072,0.528,M4_rr,Metronomic Breathing,Fixed-Rate Breathing 
118.628,0.556,M4_rr,Metronomic Breathing,Fixed-Rate Breathing 
119.164,0.536,M4_rr,Metronomic Breathing,Fixed-Rate Breathing 
119.68,0.516,M4_rr,Metronomic Breathing,Fixed-Rate Breathing 
120.252,0.572,M4_rr,Metronomic Breathing,Fixed-Rate Breathing 
120.812,0.56,M4_rr,Metronomic Breathing,Fixed-Rate Breathing 
121.336,0.524,M4_rr,Metronomic Breathing,Fixed-Rate Breathing 
121.824,0.488,M4_rr,Metronomic Breathing,Fixed-Rate Breathing 
122.38,0.556,M4_rr,Metronomic Breathing,Fixed-Rate Breathing 
122.944,0.564,M4_rr,Metronomic Breathing,Fixed-Rate Breathing 
123.468,0.524,M4_rr,Metronomic Breathing,Fixed-Rate Breathing 
123.96,0.492,M4_rr,Metronomic Breathing,Fixed-Rate Breathing 
124.504,0.544,M4_rr,Metronomic Breathing,Fixed-Rate Breathing 
125.072,0.568,M4_rr,Metronomic Breathing,Fixed-Rate Breathing 
125.596,0.524,M4_rr,Metronomic Breathing,Fixed-Rate Breathing 
126.1,0.504,M4_rr,Metronomic Breathing,Fixed-Rate Breathing 
126.656,0.556,M4_rr,Metronomic Breathing,Fixed-Rate Breathing 
127.22,0.564,M4_rr,Metronomic Breathing,Fixed-Rate Breathing 
127.74,0.52,M4_rr,Metronomic Breathing,Fixed-Rate Breathing 
128.252,0.512,M4_rr,Metronomic Breathing,Fixed-Rate Breathing 
128.808,0.556,M4_rr,Metronomic Breathing,Fixed-Rate Breathing 
129.368,0.56,M4_rr,Metronomic Breathing,Fixed-Rate Breathing 
129.88,0.512,M4_rr,Metronomic Breathing,Fixed-Rate Breathing 
130.388,0.508,M4_rr,Metronomic Breathing,Fixed-Rate Breathing 
130.952,0.564,M4_rr,Metronomic Breathing,Fixed-Rate Breathing 
131.504,0.552,M4_rr,Metronomic Breathing,Fixed-Rate Breathing 
132.016,0.512,M4_rr,Metronomic Breathing,Fixed-Rate Breathing 
132.524,0.508,M4_rr,Metronomic Breathing,Fixed-Rate Breathing 
133.08,0.556,M4_rr,Metronomic Breathing,Fixed-Rate Breathing 
133.648,0.568,M4_rr,Metronomic Breathing,Fixed-Rate Breathing 
134.168,0.52,M4_rr,Metronomic Breathing,Fixed-Rate Breathing 
134.708,0.54,M4_rr,Metronomic Breathing,Fixed-Rate Breathing 
135.284,0.576,M4_rr,Metronomic Breathing,Fixed-Rate Breathing 
135.824,0.54,M4_rr,Metronomic Breathing,Fixed-Rate Breathing 
136.32,0.496,M4_rr,Metronomic Breathing,Fixed-Rate Breathing 
136.812,0.492,M4_rr,Metronomic Breathing,Fixed-Rate Breathing 
137.352,0.54,M4_rr,Metronomic Breathing,Fixed-Rate Breathing 
137.892,0.54,M4_rr,Metronomic Breathing,Fixed-Rate Breathing 
138.396,0.504,M4_rr,Metronomic Breathing,Fixed-Rate Breathing 
138.928,0.532,M4_rr,Metronomic Breathing,Fixed-Rate Breathing 
139.476,0.548,M4_rr,Metronomic Breathing,Fixed-Rate Breathing 
140.004,0.528,M4_rr,Metronomic Breathing,Fixed-Rate Breathing 
140.484,0.48,M4_rr,Metronomic Breathing,Fixed-Rate Breathing 
140.976,0.492,M4_rr,Metronomic Breathing,Fixed-Rate Breathing 
141.508,0.532,M4_rr,Metronomic Breathing,Fixed-Rate Breathing 
142.056,0.548,M4_rr,Metronomic Breathing,Fixed-Rate Breathing 
142.564,0.508,M4_rr,Metronomic Breathing,Fixed-Rate Breathing 
143.068,0.504,M4_rr,Metronomic Breathing,Fixed-Rate Breathing 
143.592,0.524,M4_rr,Metronomic Breathing,Fixed-Rate Breathing 
144.116,0.524,M4_rr,Metronomic Breathing,Fixed-Rate Breathing 
144.6,0.484,M4_rr,Metronomic Breathing,Fixed-Rate Breathing 
145.1,0.5,M4_rr,Metronomic Breathing,Fixed-Rate Breathing 
145.632,0.532,M4_rr,Metronomic Breathing,Fixed-Rate Breathing 
146.176,0.544,M4_rr,Metronomic Breathing,Fixed-Rate Breathing 
146.676,0.5,M4_rr,Metronomic Breathing,Fixed-Rate Breathing 
147.168,0.492,M4_rr,Metronomic Breathing,Fixed-Rate Breathing 
147.74,0.572,M4_rr,Metronomic Breathing,Fixed-Rate Breathing 
148.292,0.552,M4_rr,Metronomic Breathing,Fixed-Rate Breathing 
148.776,0.484,M4_rr,Metronomic Breathing,Fixed-Rate Breathing 
149.32,0.544,M4_rr,Metronomic Breathing,Fixed-Rate Breathing 
149.88,0.56,M4_rr,Metronomic Breathing,Fixed-Rate Breathing 
150.388,0.508,M4_rr,Metronomic Breathing,Fixed-Rate Breathing 
150.844,0.456,M4_rr,Metronomic Breathing,Fixed-Rate Breathing 
151.388,0.544,M4_rr,Metronomic Breathing,Fixed-Rate Breathing 
151.988,0.6,M4_rr,Metronomic Breathing,Fixed-Rate Breathing 
152.512,0.524,M4_rr,Metronomic Breathing,Fixed-Rate Breathing 
153.024,0.512,M4_rr,Metronomic Breathing,Fixed-Rate Breathing 
153.58,0.556,M4_rr,Metronomic Breathing,Fixed-Rate Breathing 
154.116,0.536,M4_rr,Metronomic Breathing,Fixed-Rate Breathing 
154.612,0.496,M4_rr,Metronomic Breathing,Fixed-Rate Breathing 
155.096,0.484,M4_rr,Metronomic Breathing,Fixed-Rate Breathing 
155.632,0.536,M4_rr,Metronomic Breathing,Fixed-Rate Breathing 
156.184,0.552,M4_rr,Metronomic Breathing,Fixed-Rate Breathing 
156.68,0.496,M4_rr,Metronomic Breathing,Fixed-Rate Breathing 
157.184,0.504,M4_rr,Metronomic Breathing,Fixed-Rate Breathing 
157.736,0.552,M4_rr,Metronomic Breathing,Fixed-Rate Breathing 
158.304,0.568,M4_rr,Metronomic Breathing,Fixed-Rate Breathing 
158.82,0.516,M4_rr,Metronomic Breathing,Fixed-Rate Breathing 
159.304,0.484,M4_rr,Metronomic Breathing,Fixed-Rate Breathing 
159.844,0.54,M4_rr,Metronomic Breathing,Fixed-Rate Breathing 
160.4,0.556,M4_rr,Metronomic Breathing,Fixed-Rate Breathing 
160.92,0.52,M4_rr,Metronomic Breathing,Fixed-Rate Breathing 
161.42,0.5,M4_rr,Metronomic Breathing,Fixed-Rate Breathing 
161.976,0.556,M4_rr,Metronomic Breathing,Fixed-Rate Breathing 
162.528,0.552,M4_rr,Metronomic Breathing,Fixed-Rate Breathing 
163.036,0.508,M4_rr,Metronomic Breathing,Fixed-Rate Breathing 
163.544,0.508,M4_rr,Metronomic Breathing,Fixed-Rate Breathing 
164.1,0.556,M4_rr,Metronomic Breathing,Fixed-Rate Breathing 
164.636,0.536,M4_rr,Metronomic Breathing,Fixed-Rate Breathing 
165.136,0.5,M4_rr,Metronomic Breathing,Fixed-Rate Breathing 
165.628,0.492,M4_rr,Metronomic Breathing,Fixed-Rate Breathing 
166.184,0.556,M4_rr,Metronomic Breathing,Fixed-Rate Breathing 
166.76,0.576,M4_rr,Metronomic Breathing,Fixed-Rate Breathing 
167.264,0.504,M4_rr,Metronomic Breathing,Fixed-Rate Breathing 
167.752,0.488,M4_rr,Metronomic Breathing,Fixed-Rate Breathing 
168.272,0.52,M4_rr,Metronomic Breathing,Fixed-Rate Breathing 
168.812,0.54,M4_rr,Metronomic Breathing,Fixed-Rate Breathing 
169.356,0.544,M4_rr,Metronomic Breathing,Fixed-Rate Breathing 
169.844,0.488,M4_rr,Metronomic Breathing,Fixed-Rate Breathing 
170.368,0.524,M4_rr,Metronomic Breathing,Fixed-Rate Breathing 
170.976,0.608,M4_rr,Metronomic Breathing,Fixed-Rate Breathing 
171.488,0.512,M4_rr,Metronomic Breathing,Fixed-Rate Breathing 
171.98,0.492,M4_rr,Metronomic Breathing,Fixed-Rate Breathing 
172.484,0.504,M4_rr,Metronomic Breathing,Fixed-Rate Breathing 
173.032,0.548,M4_rr,Metronomic Breathing,Fixed-Rate Breathing 
173.52,0.488,M4_rr,Metronomic Breathing,Fixed-Rate Breathing 
173.968,0.448,M4_rr,Metronomic Breathing,Fixed-Rate Breathing 
174.496,0.528,M4_rr,Metronomic Breathing,Fixed-Rate Breathing 
175.028,0.532,M4_rr,Metronomic Breathing,Fixed-Rate Breathing 
175.548,0.52,M4_rr,Metronomic Breathing,Fixed-Rate Breathing 
176.028,0.48,M4_rr,Metronomic Breathing,Fixed-Rate Breathing 
176.576,0.548,M4_rr,Metronomic Breathing,Fixed-Rate Breathing 
177.112,0.536,M4_rr,Metronomic Breathing,Fixed-Rate Breathing 
177.608,0.496,M4_rr,Metronomic Breathing,Fixed-Rate Breathing 
178.048,0.44,M4_rr,Metronomic Breathing,Fixed-Rate Breathing 
178.492,0.444,M4_rr,Metronomic Breathing,Fixed-Rate Breathing 
179.076,0.584,M4_rr,Metronomic Breathing,Fixed-Rate Breathing 
179.616,0.54,M4_rr,Metronomic Breathing,Fixed-Rate Breathing 
180.06,0.444,M4_rr,Metronomic Breathing,Fixed-Rate Breathing 
180.512,0.452,M4_rr,Metronomic Breathing,Fixed-Rate Breathing 
181.088,0.576,M4_rr,Metronomic Breathing,Fixed-Rate Breathing 
181.632,0.544,M4_rr,Metronomic Breathing,Fixed-Rate Breathing 
182.124,0.492,M4_rr,Metronomic Breathing,Fixed-Rate Breathing 
182.656,0.532,M4_rr,Metronomic Breathing,Fixed-Rate Breathing 
183.228,0.572,M4_rr,Metronomic Breathing,Fixed-Rate Breathing 
183.756,0.528,M4_rr,Metronomic Breathing,Fixed-Rate Breathing 
184.176,0.42,M4_rr,Metronomic Breathing,Fixed-Rate Breathing 
184.616,0.44,M4_rr,Metronomic Breathing,Fixed-Rate Breathing 
185.256,0.64,M4_rr,Metronomic Breathing,Fixed-Rate Breathing 
185.812,0.556,M4_rr,Metronomic Breathing,Fixed-Rate Breathing 
186.296,0.484,M4_rr,Metronomic Breathing,Fixed-Rate Breathing 
186.768,0.472,M4_rr,Metronomic Breathing,Fixed-Rate Breathing 
187.372,0.604,M4_rr,Metronomic Breathing,Fixed-Rate Breathing 
187.928,0.556,M4_rr,Metronomic Breathing,Fixed-Rate Breathing 
188.404,0.476,M4_rr,Metronomic Breathing,Fixed-Rate Breathing 
188.888,0.484,M4_rr,Metronomic Breathing,Fixed-Rate Breathing 
189.456,0.568,M4_rr,Metronomic Breathing,Fixed-Rate Breathing 
190.02,0.564,M4_rr,Metronomic Breathing,Fixed-Rate Breathing 
190.52,0.5,M4_rr,Metronomic Breathing,Fixed-Rate Breathing 
191.036,0.516,M4_rr,Metronomic Breathing,Fixed-Rate Breathing 
191.612,0.576,M4_rr,Metronomic Breathing,Fixed-Rate Breathing 
192.144,0.532,M4_rr,Metronomic Breathing,Fixed-Rate Breathing 
192.66,0.516,M4_rr,Metronomic Breathing,Fixed-Rate Breathing 
193.172,0.512,M4_rr,Metronomic Breathing,Fixed-Rate Breathing 
193.692,0.52,M4_rr,Metronomic Breathing,Fixed-Rate Breathing 
194.2,0.508,M4_rr,Metronomic Breathing,Fixed-Rate Breathing 
194.684,0.484,M4_rr,Metronomic Breathing,Fixed-Rate Breathing 
195.16,0.476,M4_rr,Metronomic Breathing,Fixed-Rate Breathing 
195.716,0.556,M4_rr,Metronomic Breathing,Fixed-Rate Breathing 
196.292,0.576,M4_rr,Metronomic Breathing,Fixed-Rate Breathing 
196.792,0.5,M4_rr,Metronomic Breathing,Fixed-Rate Breathing 
197.284,0.492,M4_rr,Metronomic Breathing,Fixed-Rate Breathing 
197.864,0.58,M4_rr,Metronomic Breathing,Fixed-Rate Breathing 
198.424,0.56,M4_rr,Metronomic Breathing,Fixed-Rate Breathing 
198.908,0.484,M4_rr,Metronomic Breathing,Fixed-Rate Breathing 
199.368,0.46,M4_rr,Metronomic Breathing,Fixed-Rate Breathing 
199.94,0.572,M4_rr,Metronomic Breathing,Fixed-Rate Breathing 
200.5,0.56,M4_rr,Metronomic Breathing,Fixed-Rate Breathing 
200.984,0.484,M4_rr,Metronomic Breathing,Fixed-Rate Breathing 
201.424,0.44,M4_rr,Metronomic Breathing,Fixed-Rate Breathing 
201.944,0.52,M4_rr,Metronomic Breathing,Fixed-Rate Breathing 
202.54,0.596,M4_rr,Metronomic Breathing,Fixed-Rate Breathing 
203.06,0.52,M4_rr,Metronomic Breathing,Fixed-Rate Breathing 
203.556,0.496,M4_rr,Metronomic Breathing,Fixed-Rate Breathing 
204.092,0.536,M4_rr,Metronomic Breathing,Fixed-Rate Breathing 
204.64,0.548,M4_rr,Metronomic Breathing,Fixed-Rate Breathing 
205.164,0.524,M4_rr,Metronomic Breathing,Fixed-Rate Breathing 
205.672,0.508,M4_rr,Metronomic Breathing,Fixed-Rate Breathing 
206.176,0.504,M4_rr,Metronomic Breathing,Fixed-Rate Breathing 
206.716,0.54,M4_rr,Metronomic Breathing,Fixed-Rate Breathing 
207.244,0.528,M4_rr,Metronomic Breathing,Fixed-Rate Breathing 
207.764,0.52,M4_rr,Metronomic Breathing,Fixed-Rate Breathing 
208.276,0.512,M4_rr,Metronomic Breathing,Fixed-Rate Breathing 
208.764,0.488,M4_rr,Metronomic Breathing,Fixed-Rate Breathing 
209.216,0.452,M4_rr,Metronomic Breathing,Fixed-Rate Breathing 
209.728,0.512,M4_rr,Metronomic Breathing,Fixed-Rate Breathing 
210.356,0.628,M4_rr,Metronomic Breathing,Fixed-Rate Breathing 
210.892,0.536,M4_rr,Metronomic Breathing,Fixed-Rate Breathing 
211.384,0.492,M4_rr,Metronomic Breathing,Fixed-Rate Breathing 
211.956,0.572,M4_rr,Metronomic Breathing,Fixed-Rate Breathing 
212.512,0.556,M4_rr,Metronomic Breathing,Fixed-Rate Breathing 
212.976,0.464,M4_rr,Metronomic Breathing,Fixed-Rate Breathing 
213.4,0.424,M4_rr,Metronomic Breathing,Fixed-Rate Breathing 
214.012,0.612,M4_rr,Metronomic Breathing,Fixed-Rate Breathing 
214.572,0.56,M4_rr,Metronomic Breathing,Fixed-Rate Breathing 
215.06,0.488,M4_rr,Metronomic Breathing,Fixed-Rate Breathing 
215.464,0.404,M4_rr,Metronomic Breathing,Fixed-Rate Breathing 
215.988,0.524,M4_rr,Metronomic Breathing,Fixed-Rate Breathing 
216.6,0.612,M4_rr,Metronomic Breathing,Fixed-Rate Breathing 
217.132,0.532,M4_rr,Metronomic Breathing,Fixed-Rate Breathing 
217.564,0.432,M4_rr,Metronomic Breathing,Fixed-Rate Breathing 
218.032,0.468,M4_rr,Metronomic Breathing,Fixed-Rate Breathing 
218.652,0.62,M4_rr,Metronomic Breathing,Fixed-Rate Breathing 
219.196,0.544,M4_rr,Metronomic Breathing,Fixed-Rate Breathing 
219.692,0.496,M4_rr,Metronomic Breathing,Fixed-Rate Breathing 
220.24,0.548,M4_rr,Metronomic Breathing,Fixed-Rate Breathing 
220.832,0.592,M4_rr,Metronomic Breathing,Fixed-Rate Breathing 
221.404,0.572,M4_rr,Metronomic Breathing,Fixed-Rate Breathing 
221.944,0.54,M4_rr,Metronomic Breathing,Fixed-Rate Breathing 
222.456,0.512,M4_rr,Metronomic Breathing,Fixed-Rate Breathing 
223.02,0.564,M4_rr,Metronomic Breathing,Fixed-Rate Breathing 
223.584,0.564,M4_rr,Metronomic Breathing,Fixed-Rate Breathing 
224.116,0.532,M4_rr,Metronomic Breathing,Fixed-Rate Breathing 
224.688,0.572,M4_rr,Metronomic Breathing,Fixed-Rate Breathing 
225.26,0.572,M4_rr,Metronomic Breathing,Fixed-Rate Breathing 
225.816,0.556,M4_rr,Metronomic Breathing,Fixed-Rate Breathing 
226.328,0.512,M4_rr,Metronomic Breathing,Fixed-Rate Breathing 
226.864,0.536,M4_rr,Metronomic Breathing,Fixed-Rate Breathing 
227.432,0.568,M4_rr,Metronomic Breathing,Fixed-Rate Breathing 
227.94,0.508,M4_rr,Metronomic Breathing,Fixed-Rate Breathing 
228.428,0.488,M4_rr,Metronomic Breathing,Fixed-Rate Breathing 
229.04,0.612,M4_rr,Metronomic Breathing,Fixed-Rate Breathing 
229.636,0.596,M4_rr,Metronomic Breathing,Fixed-Rate Breathing 
230.2,0.564,M4_rr,Metronomic Breathing,Fixed-Rate Breathing 
230.756,0.556,M4_rr,Metronomic Breathing,Fixed-Rate Breathing 
231.272,0.516,M4_rr,Metronomic Breathing,Fixed-Rate Breathing 
231.808,0.536,M4_rr,Metronomic Breathing,Fixed-Rate Breathing 
232.352,0.544,M4_rr,Metronomic Breathing,Fixed-Rate Breathing 
232.888,0.536,M4_rr,Metronomic Breathing,Fixed-Rate Breathing 
233.44,0.552,M4_rr,Metronomic Breathing,Fixed-Rate Breathing 
233.988,0.548,M4_rr,Metronomic Breathing,Fixed-Rate Breathing 
234.508,0.52,M4_rr,Metronomic Breathing,Fixed-Rate Breathing 
235.064,0.556,M4_rr,Metronomic Breathing,Fixed-Rate Breathing 
235.628,0.564,M4_rr,Metronomic Breathing,Fixed-Rate Breathing 
236.168,0.54,M4_rr,Metronomic Breathing,Fixed-Rate Breathing 
236.664,0.496,M4_rr,Metronomic Breathing,Fixed-Rate Breathing 
237.096,0.432,M4_rr,Metronomic Breathing,Fixed-Rate Breathing 
237.532,0.436,M4_rr,Metronomic Breathing,Fixed-Rate Breathing 
238.124,0.592,M4_rr,Metronomic Breathing,Fixed-Rate Breathing 
238.596,0.472,M4_rr,Metronomic Breathing,Fixed-Rate Breathing 
239.06,0.464,M4_rr,Metronomic Breathing,Fixed-Rate Breathing 
239.624,0.564,M4_rr,Metronomic Breathing,Fixed-Rate Breathing 
240.18,0.556,M4_rr,Metronomic Breathing,Fixed-Rate Breathing 
240.664,0.484,M4_rr,Metronomic Breathing,Fixed-Rate Breathing 
241.16,0.496,M4_rr,Metronomic Breathing,Fixed-Rate Breathing 
241.744,0.584,M4_rr,Metronomic Breathing,Fixed-Rate Breathing 
242.304,0.56,M4_rr,Metronomic Breathing,Fixed-Rate Breathing 
242.78,0.476,M4_rr,Metronomic Breathing,Fixed-Rate Breathing 
243.196,0.416,M4_rr,Metronomic Breathing,Fixed-Rate Breathing 
243.688,0.492,M4_rr,Metronomic Breathing,Fixed-Rate Breathing 
244.268,0.58,M4_rr,Metronomic Breathing,Fixed-Rate Breathing 
244.8,0.532,M4_rr,Metronomic Breathing,Fixed-Rate Breathing 
245.256,0.456,M4_rr,Metronomic Breathing,Fixed-Rate Breathing 
245.732,0.476,M4_rr,Metronomic Breathing,Fixed-Rate Breathing 
246.328,0.596,M4_rr,Metronomic Breathing,Fixed-Rate Breathing 
246.876,0.548,M4_rr,Metronomic Breathing,Fixed-Rate Breathing 
247.388,0.512,M4_rr,Metronomic Breathing,Fixed-Rate Breathing 
247.948,0.56,M4_rr,Metronomic Breathing,Fixed-Rate Breathing 
248.516,0.568,M4_rr,Metronomic Breathing,Fixed-Rate Breathing 
249.016,0.5,M4_rr,Metronomic Breathing,Fixed-Rate Breathing 
249.488,0.472,M4_rr,Metronomic Breathing,Fixed-Rate Breathing 
250.076,0.588,M4_rr,Metronomic Breathing,Fixed-Rate Breathing 
250.668,0.592,M4_rr,Metronomic Breathing,Fixed-Rate Breathing 
251.16,0.492,M4_rr,Metronomic Breathing,Fixed-Rate Breathing 
251.732,0.572,M4_rr,Metronomic Breathing,Fixed-Rate Breathing 
252.304,0.572,M4_rr,Metronomic Breathing,Fixed-Rate Breathing 
252.836,0.532,M4_rr,Metronomic Breathing,Fixed-Rate Breathing 
253.36,0.524,M4_rr,Metronomic Breathing,Fixed-Rate Breathing 
253.932,0.572,M4_rr,Metronomic Breathing,Fixed-Rate Breathing 
254.484,0.552,M4_rr,Metronomic Breathing,Fixed-Rate Breathing 
254.964,0.48,M4_rr,Metronomic Breathing,Fixed-Rate Breathing 
255.452,0.488,M4_rr,Metronomic Breathing,Fixed-Rate Breathing 
256.012,0.56,M4_rr,Metronomic Breathing,Fixed-Rate Breathing 
256.568,0.556,M4_rr,Metronomic Breathing,Fixed-Rate Breathing 
257.076,0.508,M4_rr,Metronomic Breathing,Fixed-Rate Breathing 
257.648,0.572,M4_rr,Metronomic Breathing,Fixed-Rate Breathing 
258.236,0.588,M4_rr,Metronomic Breathing,Fixed-Rate Breathing 
258.796,0.56,M4_rr,Metronomic Breathing,Fixed-Rate Breathing 
259.304,0.508,M4_rr,Metronomic Breathing,Fixed-Rate Breathing 
259.844,0.54,M4_rr,Metronomic Breathing,Fixed-Rate Breathing 
260.428,0.584,M4_rr,Metronomic Breathing,Fixed-Rate Breathing 
260.968,0.54,M4_rr,Metronomic Breathing,Fixed-Rate Breathing 
261.476,0.508,M4_rr,Metronomic Breathing,Fixed-Rate Breathing 
262.028,0.552,M4_rr,Metronomic Breathing,Fixed-Rate Breathing 
262.608,0.58,M4_rr,Metronomic Breathing,Fixed-Rate Breathing 
263.132,0.524,M4_rr,Metronomic Breathing,Fixed-Rate Breathing 
263.644,0.512,M4_rr,Metronomic Breathing,Fixed-Rate Breathing 
264.2,0.556,M4_rr,Metronomic Breathing,Fixed-Rate Breathing 
264.764,0.564,M4_rr,Metronomic Breathing,Fixed-Rate Breathing 
265.296,0.532,M4_rr,Metronomic Breathing,Fixed-Rate Breathing 
265.808,0.512,M4_rr,Metronomic Breathing,Fixed-Rate Breathing 
266.372,0.564,M4_rr,Metronomic Breathing,Fixed-Rate Breathing 
266.932,0.56,M4_rr,Metronomic Breathing,Fixed-Rate Breathing 
267.436,0.504,M4_rr,Metronomic Breathing,Fixed-Rate Breathing 
267.912,0.476,M4_rr,Metronomic Breathing,Fixed-Rate Breathing 
268.468,0.556,M4_rr,Metronomic Breathing,Fixed-Rate Breathing 
269.048,0.58,M4_rr,Metronomic Breathing,Fixed-Rate Breathing 
269.568,0.52,M4_rr,Metronomic Breathing,Fixed-Rate Breathing 
270.06,0.492,M4_rr,Metronomic Breathing,Fixed-Rate Breathing 
270.628,0.568,M4_rr,Metronomic Breathing,Fixed-Rate Breathing 
271.212,0.584,M4_rr,Metronomic Breathing,Fixed-Rate Breathing 
271.728,0.516,M4_rr,Metronomic Breathing,Fixed-Rate Breathing 
272.24,0.512,M4_rr,Metronomic Breathing,Fixed-Rate Breathing 
272.82,0.58,M4_rr,Metronomic Breathing,Fixed-Rate Breathing 
273.376,0.556,M4_rr,Metronomic Breathing,Fixed-Rate Breathing 
273.928,0.552,M4_rr,Metronomic Breathing,Fixed-Rate Breathing 
274.476,0.548,M4_rr,Metronomic Breathing,Fixed-Rate Breathing 
275.048,0.572,M4_rr,Metronomic Breathing,Fixed-Rate Breathing 
275.6,0.552,M4_rr,Metronomic Breathing,Fixed-Rate Breathing 
276.108,0.508,M4_rr,Metronomic Breathing,Fixed-Rate Breathing 
276.612,0.504,M4_rr,Metronomic Breathing,Fixed-Rate Breathing 
277.172,0.56,M4_rr,Metronomic Breathing,Fixed-Rate Breathing 
277.74,0.568,M4_rr,Metronomic Breathing,Fixed-Rate Breathing 
278.256,0.516,M4_rr,Metronomic Breathing,Fixed-Rate Breathing 
278.772,0.516,M4_rr,Metronomic Breathing,Fixed-Rate Breathing 
279.348,0.576,M4_rr,Metronomic Breathing,Fixed-Rate Breathing 
279.928,0.58,M4_rr,Metronomic Breathing,Fixed-Rate Breathing 
280.428,0.5,M4_rr,Metronomic Breathing,Fixed-Rate Breathing 
280.948,0.52,M4_rr,Metronomic Breathing,Fixed-Rate Breathing 
281.512,0.564,M4_rr,Metronomic Breathing,Fixed-Rate Breathing 
282.032,0.52,M4_rr,Metronomic Breathing,Fixed-Rate Breathing 
282.504,0.472,M4_rr,Metronomic Breathing,Fixed-Rate Breathing 
283.052,0.548,M4_rr,Metronomic Breathing,Fixed-Rate Breathing 
283.616,0.564,M4_rr,Metronomic Breathing,Fixed-Rate Breathing 
284.14,0.524,M4_rr,Metronomic Breathing,Fixed-Rate Breathing 
284.636,0.496,M4_rr,Metronomic Breathing,Fixed-Rate Breathing 
285.2,0.564,M4_rr,Metronomic Breathing,Fixed-Rate Breathing 
285.756,0.556,M4_rr,Metronomic Breathing,Fixed-Rate Breathing 
286.26,0.504,M4_rr,Metronomic Breathing,Fixed-Rate Breathing 
286.732,0.472,M4_rr,Metronomic Breathing,Fixed-Rate Breathing 
287.28,0.548,M4_rr,Metronomic Breathing,Fixed-Rate Breathing 
287.848,0.568,M4_rr,Metronomic Breathing,Fixed-Rate Breathing 
288.388,0.54,M4_rr,Metronomic Breathing,Fixed-Rate Breathing 
288.86,0.472,M4_rr,Metronomic Breathing,Fixed-Rate Breathing 
289.4,0.54,M4_rr,Metronomic Breathing,Fixed-Rate Breathing 
289.984,0.584,M4_rr,Metronomic Breathing,Fixed-Rate Breathing 
290.504,0.52,M4_rr,Metronomic Breathing,Fixed-Rate Breathing 
290.972,0.468,M4_rr,Metronomic Breathing,Fixed-Rate Breathing 
291.532,0.56,M4_rr,Metronomic Breathing,Fixed-Rate Breathing 
292.124,0.592,M4_rr,Metronomic Breathing,Fixed-Rate Breathing 
292.644,0.52,M4_rr,Metronomic Breathing,Fixed-Rate Breathing 
293.116,0.472,M4_rr,Metronomic Breathing,Fixed-Rate Breathing 
293.64,0.524,M4_rr,Metronomic Breathing,Fixed-Rate Breathing 
294.188,0.548,M4_rr,Metronomic Breathing,Fixed-Rate Breathing 
294.724,0.536,M4_rr,Metronomic Breathing,Fixed-Rate Breathing 
295.204,0.48,M4_rr,Metronomic Breathing,Fixed-Rate Breathing 
295.7,0.496,M4_rr,Metronomic Breathing,Fixed-Rate Breathing 
296.272,0.572,M4_rr,Metronomic Breathing,Fixed-Rate Breathing 
296.82,0.548,M4_rr,Metronomic Breathing,Fixed-Rate Breathing 
297.308,0.488,M4_rr,Metronomic Breathing,Fixed-Rate Breathing 
297.788,0.48,M4_rr,Metronomic Breathing,Fixed-Rate Breathing 
298.348,0.56,M4_rr,Metronomic Breathing,Fixed-Rate Breathing 
298.892,0.544,M4_rr,Metronomic Breathing,Fixed-Rate Breathing 
299.368,0.476,M4_rr,Metronomic Breathing,Fixed-Rate Breathing 
299.828,0.46,M4_rr,Metronomic Breathing,Fixed-Rate Breathing 
300.368,0.54,M4_rr,Metronomic Breathing,Fixed-Rate Breathing 
300.908,0.54,M4_rr,Metronomic Breathing,Fixed-Rate Breathing 
301.364,0.456,M4_rr,Metronomic Breathing,Fixed-Rate Breathing 
301.828,0.464,M4_rr,Metronomic Breathing,Fixed-Rate Breathing 
302.388,0.56,M4_rr,Metronomic Breathing,Fixed-Rate Breathing 
302.924,0.536,M4_rr,Metronomic Breathing,Fixed-Rate Breathing 
303.412,0.488,M4_rr,Metronomic Breathing,Fixed-Rate Breathing 
303.928,0.516,M4_rr,Metronomic Breathing,Fixed-Rate Breathing 
304.5,0.572,M4_rr,Metronomic Breathing,Fixed-Rate Breathing 
305.028,0.528,M4_rr,Metronomic Breathing,Fixed-Rate Breathing 
305.536,0.508,M4_rr,Metronomic Breathing,Fixed-Rate Breathing 
306.08,0.544,M4_rr,Metronomic Breathing,Fixed-Rate Breathing 
306.632,0.552,M4_rr,Metronomic Breathing,Fixed-Rate Breathing 
