Time,RR_Interval,Subject,Group,State
1.144,0.472,M6_rr,Metronomic Breathing,Fixed-Rate Breathing 
1.628,0.484,M6_rr,Metronomic Breathing,Fixed-Rate Breathing 
2.116,0.488,M6_rr,Metronomic Breathing,Fixed-Rate Breathing 
2.616,0.5,M6_rr,Metronomic Breathing,Fixed-Rate Breathing 
3.104,0.488,M6_rr,Metronomic Breathing,Fixed-Rate Breathing 
3.612,0.508,M6_rr,Metronomic Breathing,Fixed-Rate Breathing 
4.112,0.5,M6_rr,Metronomic Breathing,Fixed-Rate Breathing 
4.588,0.476,M6_rr,Metronomic Breathing,Fixed-Rate Breathing 
5.084,0.496,M6_rr,Metronomic Breathing,Fixed-Rate Breathing 
5.572,0.488,M6_rr,Metronomic Breathing,Fixed-Rate Breathing 
6.064,0.492,M6_rr,Metronomic Breathing,Fixed-Rate Breathing 
6.568,0.504,M6_rr,Metronomic Breathing,Fixed-Rate Breathing 
7.052,0.484,M6_rr,Metronomic Breathing,Fixed-Rate Breathing 
7.544,0.492,M6_rr,Metronomic Breathing,Fixed-Rate Breathing 
8.028,0.484,M6_rr,Metronomic Breathing,Fixed-Rate Breathing 
8.48,0.452,M6_rr,Metronomic Breathing,Fixed-Rate Breathing 
8.94,0.46,M6_rr,Metronomic Breathing,Fixed-Rate Breathing 
9.384,0.444,M6_rr,Metronomic Breathing,Fixed-Rate Breathing 
9.844,0.46,M6_rr,Metronomic Breathing,Fixed-Rate Breathing 
10.304,0.46,M6_rr,Metronomic Breathing,Fixed-Rate Breathing 
10.772,0.468,M6_rr,Metronomic Breathing,Fixed-Rate Breathing 
11.256,0.484,M6_rr,Metronomic Breathing,Fixed-Rate Breathing 
11.748,0.492,M6_rr,Metronomic Breathing,Fixed-Rate Breathing 
12.232,0.484,M6_rr,Metronomic Breathing,Fixed-Rate Breathing 
12.716,0.484,M6_rr,Metronomic Breathing,Fixed-Rate Breathing 
13.232,0.516,M6_rr,Metronomic Breathing,Fixed-Rate Breathing 
13.74,0.508,M6_rr,Metronomic Breathing,Fixed-Rate Breathing 
14.232,0.492,M6_rr,Metronomic Breathing,Fixed-Rate Breathing 
14.724,0.492,M6_rr,Metronomic Breathing,Fixed-Rate Breathing 
15.224,0.5,M6_rr,Metronomic Breathing,Fixed-Rate Breathing 
15.708,0.484,M6_rr,Metronomic Breathing,Fixed-Rate Breathing 
16.176,0.468,M6_rr,Metronomic Breathing,Fixed-Rate Breathing 
16.676,0.5,M6_rr,Metronomic Breathing,Fixed-Rate Breathing 
17.14,0.464,M6_rr,Metronomic Breathing,Fixed-Rate Breathing 
17.636,0.496,M6_rr,Metronomic Breathing,Fixed-Rate Breathing 
18.14,0.504,M6_rr,Metronomic Breathing,Fixed-Rate Breathing 
18.652,0.512,M6_rr,Metronomic Breathing,Fixed-Rate Breathing 
19.132,0.48,M6_rr,Metronomic Breathing,Fixed-Rate Breathing 
19.636,0.504,M6_rr,Metronomic Breathing,Fixed-Rate Breathing 
20.148,0.512,M6_rr,Metronomic Breathing,Fixed-Rate Breathing 
20.648,0.5,M6_rr,Metronomic Breathing,Fixed-Rate Breathing 
21.176,0.528,M6_rr,Metronomic Breathing,Fixed-Rate Breathing 
21.712,0.536,M6_rr,Metronomic Breathing,Fixed-Rate Breathing 
22.236,0.524,M6_rr,Metronomic Breathing,Fixed-Rate Breathing 
22.768,0.532,M6_rr,Metronomic Breathing,Fixed-Rate Breathing 
23.304,0.536,M6_rr,Metronomic Breathing,Fixed-Rate Breathing 
23.844,0.54,M6_rr,Metronomic Breathing,Fixed-Rate Breathing 
24.388,0.544,M6_rr,Metronomic Breathing,Fixed-Rate Breathing 
24.908,0.52,M6_rr,Metronomic Breathing,Fixed-Rate Breathing 
25.428,0.52,M6_rr,Metronomic Breathing,Fixed-Rate Breathing 
25.952,0.524,M6_rr,Metronomic Breathing,Fixed-Rate Breathing 
26.468,0.516,M6_rr,Metronomic Breathing,Fixed-Rate Breathing 
26.988,0.52,M6_rr,Metronomic Breathing,Fixed-Rate Breathing 
27.504,0.516,M6_rr,Metronomic Breathing,Fixed-Rate Breathing 
28.024,0.52,M6_rr,Metronomic Breathing,Fixed-Rate Breathing 
28.556,0.532,M6_rr,Metronomic Breathing,Fixed-Rate Breathing 
29.06,0.504,M6_rr,Metronomic Breathing,Fixed-Rate Breathing 
29.58,0.52,M6_rr,Metronomic Breathing,Fixed-Rate Breathing 
30.108,0.528,M6_rr,Metronomic Breathing,Fixed-Rate Breathing 
30.64,0.532,M6_rr,Metronomic Breathing,Fixed-Rate Breathing 
31.136,0.496,M6_rr,Metronomic Breathing,Fixed-Rate Breathing 
31.644,0.508,M6_rr,Metronomic Breathing,Fixed-Rate Breathing 
32.168,0.524,M6_rr,Metronomic Breathing,Fixed-Rate Breathing 
32.68,0.512,M6_rr,Metronomic Breathing,Fixed-Rate Breathing 
33.16,0.48,M6_rr,Metronomic Breathing,Fixed-Rate Breathing 
33.652,0.492,M6_rr,Metronomic Breathing,Fixed-Rate Breathing 
34.172,0.52,M6_rr,Metronomic Breathing,Fixed-Rate Breathing 
34.688,0.516,M6_rr,Metronomic Breathing,Fixed-Rate Breathing 
35.188,0.5,M6_rr,Metronomic Breathing,Fixed-Rate Breathing 
35.684,0.496,M6_rr,Metronomic Breathing,Fixed-Rate Breathing 
36.196,0.512,M6_rr,Metronomic Breathing,Fixed-Rate Breathing 
36.708,0.512,M6_rr,Metronomic Breathing,Fixed-Rate Breathing 
37.196,0.488,M6_rr,Metronomic Breathing,Fixed-Rate Breathing 
37.696,0.5,M6_rr,Metronomic Breathing,Fixed-Rate Breathing 
38.204,0.508,M6_rr,Metronomic Breathing,Fixed-Rate Breathing 
38.676,0.472,M6_rr,Metronomic Breathing,Fixed-Rate Breathing 
39.124,0.448,M6_rr,Metronomic Breathing,Fixed-Rate Breathing 
39.568,0.444,M6_rr,Metronomic Breathing,Fixed-Rate Breathing 
40.048,0.48,M6_rr,Metronomic Breathing,Fixed-Rate Breathing 
40.548,0.5,M6_rr,Metronomic Breathing,Fixed-Rate Breathing 
41.052,0.504,M6_rr,Metronomic Breathing,Fixed-Rate Breathing 
41.552,0.5,M6_rr,Metronomic Breathing,Fixed-Rate Breathing 
42.044,0.492,M6_rr,Metronomic Breathing,Fixed-Rate Breathing 
42.528,0.484,M6_rr,Metronomic Breathing,Fixed-Rate Breathing 
43.02,0.492,M6_rr,Metronomic Breathing,Fixed-Rate Breathing 
43.524,0.504,M6_rr,Metronomic Breathing,Fixed-Rate Breathing 
44.02,0.496,M6_rr,Metronomic Breathing,Fixed-Rate Breathing 
44.492,0.472,M6_rr,Metronomic Breathing,Fixed-Rate Breathing 
44.976,0.484,M6_rr,Metronomic Breathing,Fixed-Rate Breathing 
45.464,0.488,M6_rr,Metronomic Breathing,Fixed-Rate Breathing 
45.956,0.492,M6_rr,Metronomic Breathing,Fixed-Rate Breathing 
46.436,0.48,M6_rr,Metronomic Breathing,Fixed-Rate Breathing 
46.916,0.48,M6_rr,Metronomic Breathing,Fixed-Rate Breathing 
47.412,0.496,M6_rr,Metronomic Breathing,Fixed-Rate Breathing 
47.92,0.508,M6_rr,Metronomic Breathing,Fixed-Rate Breathing 
48.412,0.492,M6_rr,Metronomic Breathing,Fixed-Rate Breathing 
48.888,0.476,M6_rr,Metronomic Breathing,Fixed-Rate Breathing 
49.384,0.496,M6_rr,Metronomic Breathing,Fixed-Rate Breathing 
49.88,0.496,M6_rr,Metronomic Breathing,Fixed-Rate Breathing 
50.364,0.484,M6_rr,Metronomic Breathing,Fixed-Rate Breathing 
50.844,0.48,M6_rr,Metronomic Breathing,Fixed-Rate Breathing 
51.352,0.508,M6_rr,Metronomic Breathing,Fixed-Rate Breathing 
51.86,0.508,M6_rr,Metronomic Breathing,Fixed-Rate Breathing 
52.352,0.492,M6_rr,Metronomic Breathing,Fixed-Rate Breathing 
52.82,0.468,M6_rr,Metronomic Breathing,Fixed-Rate Breathing 
53.3,0.48,M6_rr,Metronomic Breathing,Fixed-Rate Breathing 
53.796,0.496,M6_rr,Metronomic Breathing,Fixed-Rate Breathing 
54.292,0.496,M6_rr,Metronomic Breathing,Fixed-Rate Breathing 
54.752,0.46,M6_rr,Metronomic Breathing,Fixed-Rate Breathing 
55.24,0.488,M6_rr,Metronomic Breathing,Fixed-Rate Breathing 
55.74,0.5,M6_rr,Metronomic Breathing,Fixed-Rate Breathing 
56.228,0.488,M6_rr,Metronomic Breathing,Fixed-Rate Breathing 
56.72,0.492,M6_rr,Metronomic Breathing,Fixed-Rate Breathing 
57.212,0.492,M6_rr,Metronomic Breathing,Fixed-Rate Breathing 
57.712,0.5,M6_rr,Metronomic Breathing,Fixed-Rate Breathing 
58.192,0.48,M6_rr,Metronomic Breathing,Fixed-Rate Breathing 
58.688,0.496,M6_rr,Metronomic Breathing,Fixed-Rate Breathing 
59.18,0.492,M6_rr,Metronomic Breathing,Fixed-Rate Breathing 
59.66,0.48,M6_rr,Metronomic Breathing,Fixed-Rate Breathing 
60.1,0.44,M6_rr,Metronomic Breathing,Fixed-Rate Breathing 
60.56,0.46,M6_rr,Metronomic Breathing,Fixed-Rate Breathing 
61.008,0.448,M6_rr,Metronomic Breathing,Fixed-Rate Breathing 
61.464,0.456,M6_rr,Metronomic Breathing,Fixed-Rate Breathing 
61.928,0.464,M6_rr,Metronomic Breathing,Fixed-Rate Breathing 
62.396,0.468,M6_rr,Metronomic Breathing,Fixed-Rate Breathing 
62.844,0.448,M6_rr,Metronomic Breathing,Fixed-Rate Breathing 
63.312,0.468,M6_rr,Metronomic Breathing,Fixed-Rate Breathing 
63.796,0.484,M6_rr,Metronomic Breathing,Fixed-Rate Breathing 
64.24,0.444,M6_rr,Metronomic Breathing,Fixed-Rate Breathing 
64.672,0.432,M6_rr,Metronomic Breathing,Fixed-Rate Breathing 
65.144,0.472,M6_rr,Metronomic Breathing,Fixed-Rate Breathing 
65.644,0.5,M6_rr,Metronomic Breathing,Fixed-Rate Breathing 
66.148,0.504,M6_rr,Metronomic Breathing,Fixed-Rate Breathing 
66.644,0.496,M6_rr,Metronomic Breathing,Fixed-Rate Breathing 
67.108,0.464,M6_rr,Metronomic Breathing,Fixed-Rate Breathing 
67.592,0.484,M6_rr,Metronomic Breathing,Fixed-Rate Breathing 
68.088,0.496,M6_rr,Metronomic Breathing,Fixed-Rate Breathing 
68.58,0.492,M6_rr,Metronomic Breathing,Fixed-Rate Breathing 
69.056,0.476,M6_rr,Metronomic Breathing,Fixed-Rate Breathing 
69.528,0.472,M6_rr,Metronomic Breathing,Fixed-Rate Breathing 
70.036,0.508,M6_rr,Metronomic Breathing,Fixed-Rate Breathing 
70.544,0.508,M6_rr,Metronomic Breathing,Fixed-Rate Breathing 
71.028,0.484,M6_rr,Metronomic Breathing,Fixed-Rate Breathing 
71.516,0.488,M6_rr,Metronomic Breathing,Fixed-Rate Breathing 
72.016,0.5,M6_rr,Metronomic Breathing,Fixed-Rate Breathing 
72.516,0.5,M6_rr,Metronomic Breathing,Fixed-Rate Breathing 
73.012,0.496,M6_rr,Metronomic Breathing,Fixed-Rate Breathing 
73.504,0.492,M6_rr,Metronomic Breathing,Fixed-Rate Breathing 
74.004,0.5,M6_rr,Metronomic Breathing,Fixed-Rate Breathing 
74.508,0.504,M6_rr,Metronomic Breathing,Fixed-Rate Breathing 
75.016,0.508,M6_rr,Metronomic Breathing,Fixed-Rate Breathing 
75.5,0.484,M6_rr,Metronomic Breathing,Fixed-Rate Breathing 
76.0,0.5,M6_rr,Metronomic Breathing,Fixed-Rate Breathing 
76.476,0.476,M6_rr,Metronomic Breathing,Fixed-Rate Breathing 
76.98,0.504,M6_rr,Metronomic Breathing,Fixed-Rate Breathing 
77.448,0.468,M6_rr,Metronomic Breathing,Fixed-Rate Breathing 
77.924,0.476,M6_rr,Metronomic Breathing,Fixed-Rate Breathing 
78.432,0.508,M6_rr,Metronomic Breathing,Fixed-Rate Breathing 
78.9,0.468,M6_rr,Metronomic Breathing,Fixed-Rate Breathing 
79.388,0.488,M6_rr,Metronomic Breathing,Fixed-Rate Breathing 
79.884,0.496,M6_rr,Metronomic Breathing,Fixed-Rate Breathing 
80.348,0.464,M6_rr,Metronomic Breathing,Fixed-Rate Breathing 
80.844,0.496,M6_rr,Metronomic Breathing,Fixed-Rate Breathing 
81.352,0.508,M6_rr,Metronomic Breathing,Fixed-Rate Breathing 
81.836,0.484,M6_rr,Metronomic Breathing,Fixed-Rate Breathing 
82.336,0.5,M6_rr,Metronomic Breathing,Fixed-Rate Breathing 
82.84,0.504,M6_rr,Metronomic Breathing,Fixed-Rate Breathing 
83.34,0.5,M6_rr,Metronomic Breathing,Fixed-Rate Breathing 
83.832,0.492,M6_rr,Metronomic Breathing,Fixed-Rate Breathing 
84.324,0.492,M6_rr,Metronomic Breathing,Fixed-Rate Breathing 
84.836,0.512,M6_rr,Metronomic Breathing,Fixed-Rate Breathing 
85.356,0.52,M6_rr,Metronomic Breathing,Fixed-Rate Breathing 
85.896,0.54,M6_rr,Metronomic Breathing,Fixed-Rate Breathing 
86.392,0.496,M6_rr,Metronomic Breathing,Fixed-Rate Breathing 
86.908,0.516,M6_rr,Metronomic Breathing,Fixed-Rate Breathing 
87.436,0.528,M6_rr,Metronomic Breathing,Fixed-Rate Breathing 
87.96,0.524,M6_rr,Metronomic Breathing,Fixed-Rate Breathing 
88.464,0.504,M6_rr,Metronomic Breathing,Fixed-Rate Breathing 
88.968,0.504,M6_rr,Metronomic Breathing,Fixed-Rate Breathing 
89.468,0.5,M6_rr,Metronomic Breathing,Fixed-Rate Breathing 
89.972,0.504,M6_rr,Metronomic Breathing,Fixed-Rate Breathing 
90.44,0.468,M6_rr,Metronomic Breathing,Fixed-Rate Breathing 
90.944,0.504,M6_rr,Metronomic Breathing,Fixed-Rate Breathing 
91.44,0.496,M6_rr,Metronomic Breathing,Fixed-Rate Breathing 
91.924,0.484,M6_rr,Metronomic Breathing,Fixed-Rate Breathing 
92.4,0.476,M6_rr,Metronomic Breathing,Fixed-Rate Breathing 
92.904,0.504,M6_rr,Metronomic Breathing,Fixed-Rate Breathing 
93.408,0.504,M6_rr,Metronomic Breathing,Fixed-Rate Breathing 
93.892,0.484,M6_rr,Metronomic Breathing,Fixed-Rate Breathing 
94.356,0.464,M6_rr,Metronomic Breathing,Fixed-Rate Breathing 
94.844,0.488,M6_rr,Metronomic Breathing,Fixed-Rate Breathing 
95.344,0.5,M6_rr,Metronomic Breathing,Fixed-Rate Breathing 
95.856,0.512,M6_rr,Metronomic Breathing,Fixed-Rate Breathing 
96.34,0.484,M6_rr,Metronomic Breathing,Fixed-Rate Breathing 
96.844,0.504,M6_rr,Metronomic Breathing,Fixed-Rate Breathing 
97.356,0.512,M6_rr,Metronomic Breathing,Fixed-Rate Breathing 
97.828,0.472,M6_rr,Metronomic Breathing,Fixed-Rate Breathing 
98.324,0.496,M6_rr,Metronomic Breathing,Fixed-Rate Breathing 
98.828,0.504,M6_rr,Metronomic Breathing,Fixed-Rate Breathing 
99.324,0.496,M6_rr,Metronomic Breathing,Fixed-Rate Breathing 
99.828,0.504,M6_rr,Metronomic Breathing,Fixed-Rate Breathing 
100.332,0.504,M6_rr,Metronomic Breathing,Fixed-Rate Breathing 
100.812,0.48,M6_rr,Metronomic Breathing,Fixed-Rate Breathing 
101.312,0.5,M6_rr,Metronomic Breathing,Fixed-Rate Breathing 
101.824,0.512,M6_rr,Metronomic Breathing,Fixed-Rate Breathing 
102.336,0.512,M6_rr,Metronomic Breathing,Fixed-Rate Breathing 
102.812,0.476,M6_rr,Metronomic Breathing,Fixed-Rate Breathing 
103.316,0.504,M6_rr,Metronomic Breathing,Fixed-Rate Breathing 
103.816,0.5,M6_rr,Metronomic Breathing,Fixed-Rate Breathing 
104.308,0.492,M6_rr,Metronomic Breathing,Fixed-Rate Breathing 
104.788,0.48,M6_rr,Metronomic Breathing,Fixed-Rate Breathing 
105.3,0.512,M6_rr,Metronomic Breathing,Fixed-Rate Breathing 
105.816,0.516,M6_rr,Metronomic Breathing,Fixed-Rate Breathing 
106.328,0.512,M6_rr,Metronomic Breathing,Fixed-Rate Breathing 
106.812,0.484,M6_rr,Metronomic Breathing,Fixed-Rate Breathing 
107.328,0.516,M6_rr,Metronomic Breathing,Fixed-Rate Breathing 
107.852,0.524,M6_rr,Metronomic Breathing,Fixed-Rate Breathing 
108.364,0.512,M6_rr,Metronomic Breathing,Fixed-Rate Breathing 
108.852,0.488,M6_rr,Metronomic Breathing,Fixed-Rate Breathing 
109.376,0.524,M6_rr,Metronomic Breathing,Fixed-Rate Breathing 
109.896,0.52,M6_rr,Metronomic Breathing,Fixed-Rate Breathing 
110.428,0.532,M6_rr,Metronomic Breathing,Fixed-Rate Breathing 
110.924,0.496,M6_rr,Metronomic Breathing,Fixed-Rate Breathing 
111.44,0.516,M6_rr,Metronomic Breathing,Fixed-Rate Breathing 
111.976,0.536,M6_rr,Metronomic Breathing,Fixed-Rate Breathing 
112.516,0.54,M6_rr,Metronomic Breathing,Fixed-Rate Breathing 
113.064,0.548,M6_rr,Metronomic Breathing,Fixed-Rate Breathing 
113.604,0.54,M6_rr,Metronomic Breathing,Fixed-Rate Breathing 
114.1,0.496,M6_rr,Metronomic Breathing,Fixed-Rate Breathing 
114.632,0.532,M6_rr,Metronomic Breathing,Fixed-Rate Breathing 
115.164,0.532,M6_rr,Metronomic Breathing,Fixed-Rate Breathing 
115.684,0.52,M6_rr,Metronomic Breathing,Fixed-Rate Breathing 
116.176,0.492,M6_rr,Metronomic Breathing,Fixed-Rate Breathing 
116.684,0.508,M6_rr,Metronomic Breathing,Fixed-Rate Breathing 
117.188,0.504,M6_rr,Metronomic Breathing,Fixed-Rate Breathing 
117.688,0.5,M6_rr,Metronomic Breathing,Fixed-Rate Breathing 
118.176,0.488,M6_rr,Metronomic Breathing,Fixed-Rate Breathing 
118.692,0.516,M6_rr,Metronomic Breathing,Fixed-Rate Breathing 
119.208,0.516,M6_rr,Metronomic Breathing,Fixed-Rate Breathing 
119.68,0.472,M6_rr,Metronomic Breathing,Fixed-Rate Breathing 
120.16,0.48,M6_rr,Metronomic Breathing,Fixed-Rate Breathing 
120.652,0.492,M6_rr,Metronomic Breathing,Fixed-Rate Breathing 
121.136,0.484,M6_rr,Metronomic Breathing,Fixed-Rate Breathing 
121.608,0.472,M6_rr,Metronomic Breathing,Fixed-Rate Breathing 
122.084,0.476,M6_rr,Metronomic Breathing,Fixed-Rate Breathing 
122.576,0.492,M6_rr,Metronomic Breathing,Fixed-Rate Breathing 
123.08,0.504,M6_rr,Metronomic Breathing,Fixed-Rate Breathing 
123.568,0.488,M6_rr,Metronomic Breathing,Fixed-Rate Breathing 
124.024,0.456,M6_rr,Metronomic Breathing,Fixed-Rate Breathing 
124.508,0.484,M6_rr,Metronomic Breathing,Fixed-Rate Breathing 
125.0,0.492,M6_rr,Metronomic Breathing,Fixed-Rate Breathing 
125.5,0.5,M6_rr,Metronomic Breathing,Fixed-Rate Breathing 
125.972,0.472,M6_rr,Metronomic Breathing,Fixed-Rate Breathing 
126.46,0.488,M6_rr,Metronomic Breathing,Fixed-Rate Breathing 
126.956,0.496,M6_rr,Metronomic Breathing,Fixed-Rate Breathing 
127.46,0.504,M6_rr,Metronomic Breathing,Fixed-Rate Breathing 
127.932,0.472,M6_rr,Metronomic Breathing,Fixed-Rate Breathing 
128.42,0.488,M6_rr,Metronomic Breathing,Fixed-Rate Breathing 
128.928,0.508,M6_rr,Metronomic Breathing,Fixed-Rate Breathing 
129.436,0.508,M6_rr,Metronomic Breathing,Fixed-Rate Breathing 
129.932,0.496,M6_rr,Metronomic Breathing,Fixed-Rate Breathing 
130.416,0.484,M6_rr,Metronomic Breathing,Fixed-Rate Breathing 
130.924,0.508,M6_rr,Metronomic Breathing,Fixed-Rate Breathing 
131.444,0.52,M6_rr,Metronomic Breathing,Fixed-Rate Breathing 
131.96,0.516,M6_rr,Metronomic Breathing,Fixed-Rate Breathing 
132.44,0.48,M6_rr,Metronomic Breathing,Fixed-Rate Breathing 
132.948,0.508,M6_rr,Metronomic Breathing,Fixed-Rate Breathing 
133.46,0.512,M6_rr,Metronomic Breathing,Fixed-Rate Breathing 
133.972,0.512,M6_rr,Metronomic Breathing,Fixed-Rate Breathing 
134.444,0.472,M6_rr,Metronomic Breathing,Fixed-Rate Breathing 
134.96,0.516,M6_rr,Metronomic Breathing,Fixed-Rate Breathing 
135.484,0.524,M6_rr,Metronomic Breathing,Fixed-Rate Breathing 
136.02,0.536,M6_rr,Metronomic Breathing,Fixed-Rate Breathing 
136.552,0.532,M6_rr,Metronomic Breathing,Fixed-Rate Breathing 
137.044,0.492,M6_rr,Metronomic Breathing,Fixed-Rate Breathing 
137.572,0.528,M6_rr,Metronomic Breathing,Fixed-Rate Breathing 
138.096,0.524,M6_rr,Metronomic Breathing,Fixed-Rate Breathing 
138.604,0.508,M6_rr,Metronomic Breathing,Fixed-Rate Breathing 
139.068,0.464,M6_rr,Metronomic Breathing,Fixed-Rate Breathing 
139.568,0.5,M6_rr,Metronomic Breathing,Fixed-Rate Breathing 
140.072,0.504,M6_rr,Metronomic Breathing,Fixed-Rate Breathing 
140.584,0.512,M6_rr,Metronomic Breathing,Fixed-Rate Breathing 
141.048,0.464,M6_rr,Metronomic Breathing,Fixed-Rate Breathing 
141.544,0.496,M6_rr,Metronomic Breathing,Fixed-Rate Breathing 
142.052,0.508,M6_rr,Metronomic Breathing,Fixed-Rate Breathing 
142.552,0.5,M6_rr,Metronomic Breathing,Fixed-Rate Breathing 
143.032,0.48,M6_rr,Metronomic Breathing,Fixed-Rate Breathing 
143.536,0.504,M6_rr,Metronomic Breathing,Fixed-Rate Breathing 
144.04,0.504,M6_rr,Metronomic Breathing,Fixed-Rate Breathing 
144.544,0.504,M6_rr,Metronomic Breathing,Fixed-Rate Breathing 
145.012,0.468,M6_rr,Metronomic Breathing,Fixed-Rate Breathing 
145.52,0.508,M6_rr,Metronomic Breathing,Fixed-Rate Breathing 
146.024,0.504,M6_rr,Metronomic Breathing,Fixed-Rate Breathing 
146.528,0.504,M6_rr,Metronomic Breathing,Fixed-Rate Breathing 
146.996,0.468,M6_rr,Metronomic Breathing,Fixed-Rate Breathing 
147.492,0.496,M6_rr,Metronomic Breathing,Fixed-Rate Breathing 
147.992,0.5,M6_rr,Metronomic Breathing,Fixed-Rate Breathing 
148.484,0.492,M6_rr,Metronomic Breathing,Fixed-Rate Breathing 
148.956,0.472,M6_rr,Metronomic Breathing,Fixed-Rate Breathing 
149.44,0.484,M6_rr,Metronomic Breathing,Fixed-Rate Breathing 
149.932,0.492,M6_rr,Metronomic Breathing,Fixed-Rate Breathing 
150.424,0.492,M6_rr,Metronomic Breathing,Fixed-Rate Breathing 
150.912,0.488,M6_rr,Metronomic Breathing,Fixed-Rate Breathing 
151.392,0.48,M6_rr,Metronomic Breathing,Fixed-Rate Breathing 
151.888,0.496,M6_rr,Metronomic Breathing,Fixed-Rate Breathing 
152.392,0.504,M6_rr,Metronomic Breathing,Fixed-Rate Breathing 
152.884,0.492,M6_rr,Metronomic Breathing,Fixed-Rate Breathing 
153.384,0.5,M6_rr,Metronomic Breathing,Fixed-Rate Breathing 
153.904,0.52,M6_rr,Metronomic Breathing,Fixed-Rate Breathing 
154.424,0.52,M6_rr,Metronomic Breathing,Fixed-Rate Breathing 
154.932,0.508,M6_rr,Metronomic Breathing,Fixed-Rate Breathing 
155.428,0.496,M6_rr,Metronomic Breathing,Fixed-Rate Breathing 
155.94,0.512,M6_rr,Metronomic Breathing,Fixed-Rate Breathing 
156.448,0.508,M6_rr,Metronomic Breathing,Fixed-Rate Breathing 
156.948,0.5,M6_rr,Metronomic Breathing,Fixed-Rate Breathing 
157.408,0.46,M6_rr,Metronomic Breathing,Fixed-Rate Breathing 
157.876,0.468,M6_rr,Metronomic Breathing,Fixed-Rate Breathing 
158.352,0.476,M6_rr,Metronomic Breathing,Fixed-Rate Breathing 
158.848,0.496,M6_rr,Metronomic Breathing,Fixed-Rate Breathing 
159.356,0.508,M6_rr,Metronomic Breathing,Fixed-Rate Breathing 
159.868,0.512,M6_rr,Metronomic Breathing,Fixed-Rate Breathing 
160.348,0.48,M6_rr,Metronomic Breathing,Fixed-Rate Breathing 
160.84,0.492,M6_rr,Metronomic Breathing,Fixed-Rate Breathing 
161.348,0.508,M6_rr,Metronomic Breathing,Fixed-Rate Breathing 
161.86,0.512,M6_rr,Metronomic Breathing,Fixed-Rate Breathing 
162.36,0.5,M6_rr,Metronomic Breathing,Fixed-Rate Breathing 
162.86,0.5,M6_rr,Metronomic Breathing,Fixed-Rate Breathing 
163.368,0.508,M6_rr,Metronomic Breathing,Fixed-Rate Breathing 
163.888,0.52,M6_rr,Metronomic Breathing,Fixed-Rate Breathing 
164.356,0.468,M6_rr,Metronomic Breathing,Fixed-Rate Breathing 
164.848,0.492,M6_rr,Metronomic Breathing,Fixed-Rate Breathing 
165.36,0.512,M6_rr,Metronomic Breathing,Fixed-Rate Breathing 
165.884,0.524,M6_rr,Metronomic Breathing,Fixed-Rate Breathing 
166.36,0.476,M6_rr,Metronomic Breathing,Fixed-Rate Breathing 
166.876,0.516,M6_rr,Metronomic Breathing,Fixed-Rate Breathing 
167.396,0.52,M6_rr,Metronomic Breathing,Fixed-Rate Breathing 
167.916,0.52,M6_rr,Metronomic Breathing,Fixed-Rate Breathing 
168.42,0.504,M6_rr,Metronomic Breathing,Fixed-Rate Breathing 
168.92,0.5,M6_rr,Metronomic Breathing,Fixed-Rate Breathing 
169.444,0.524,M6_rr,Metronomic Breathing,Fixed-Rate Breathing 
169.98,0.536,M6_rr,Metronomic Breathing,Fixed-Rate Breathing 
170.476,0.496,M6_rr,Metronomic Breathing,Fixed-Rate Breathing 
170.996,0.52,M6_rr,Metronomic Breathing,Fixed-Rate Breathing 
171.528,0.532,M6_rr,Metronomic Breathing,Fixed-Rate Breathing 
172.056,0.528,M6_rr,Metronomic Breathing,Fixed-Rate Breathing 
172.56,0.504,M6_rr,Metronomic Breathing,Fixed-Rate Breathing 
173.064,0.504,M6_rr,Metronomic Breathing,Fixed-Rate Breathing 
173.588,0.524,M6_rr,Metronomic Breathing,Fixed-Rate Breathing 
174.112,0.524,M6_rr,Metronomic Breathing,Fixed-Rate Breathing 
174.592,0.48,M6_rr,Metronomic Breathing,Fixed-Rate Breathing 
175.124,0.532,M6_rr,Metronomic Breathing,Fixed-Rate Breathing 
175.656,0.532,M6_rr,Metronomic Breathing,Fixed-Rate Breathing 
176.18,0.524,M6_rr,Metronomic Breathing,Fixed-Rate Breathing 
176.66,0.48,M6_rr,Metronomic Breathing,Fixed-Rate Breathing 
177.18,0.52,M6_rr,Metronomic Breathing,Fixed-Rate Breathing 
177.704,0.524,M6_rr,Metronomic Breathing,Fixed-Rate Breathing 
178.224,0.52,M6_rr,Metronomic Breathing,Fixed-Rate Breathing 
178.716,0.492,M6_rr,Metronomic Breathing,Fixed-Rate Breathing 
179.228,0.512,M6_rr,Metronomic Breathing,Fixed-Rate Breathing 
179.744,0.516,M6_rr,Metronomic Breathing,Fixed-Rate Breathing 
180.248,0.504,M6_rr,Metronomic Breathing,Fixed-Rate Breathing 
180.724,0.476,M6_rr,Metronomic Breathing,Fixed-Rate Breathing 
181.228,0.504,M6_rr,Metronomic Breathing,Fixed-Rate Breathing 
181.74,0.512,M6_rr,Metronomic Breathing,Fixed-Rate Breathing 
182.256,0.516,M6_rr,Metronomic Breathing,Fixed-Rate Breathing 
182.772,0.516,M6_rr,Metronomic Breathing,Fixed-Rate Breathing 
183.26,0.488,M6_rr,Metronomic Breathing,Fixed-Rate Breathing 
183.76,0.5,M6_rr,Metronomic Breathing,Fixed-Rate Breathing 
184.272,0.512,M6_rr,Metronomic Breathing,Fixed-Rate Breathing 
184.784,0.512,M6_rr,Metronomic Breathing,Fixed-Rate Breathing 
185.272,0.488,M6_rr,Metronomic Breathing,Fixed-Rate Breathing 
185.776,0.504,M6_rr,Metronomic Breathing,Fixed-Rate Breathing 
186.272,0.496,M6_rr,Metronomic Breathing,Fixed-Rate Breathing 
186.776,0.504,M6_rr,Metronomic Breathing,Fixed-Rate Breathing 
187.264,0.488,M6_rr,Metronomic Breathing,Fixed-Rate Breathing 
187.744,0.48,M6_rr,Metronomic Breathing,Fixed-Rate Breathing 
188.236,0.492,M6_rr,Metronomic Breathing,Fixed-Rate Breathing 
188.744,0.508,M6_rr,Metronomic Breathing,Fixed-Rate Breathing 
189.248,0.504,M6_rr,Metronomic Breathing,Fixed-Rate Breathing 
189.748,0.5,M6_rr,Metronomic Breathing,Fixed-Rate Breathing 
190.256,0.508,M6_rr,Metronomic Breathing,Fixed-Rate Breathing 
190.76,0.504,M6_rr,Metronomic Breathing,Fixed-Rate Breathing 
191.236,0.476,M6_rr,Metronomic Breathing,Fixed-Rate Breathing 
191.736,0.5,M6_rr,Metronomic Breathing,Fixed-Rate Breathing 
192.252,0.516,M6_rr,Metronomic Breathing,Fixed-Rate Breathing 
192.764,0.512,M6_rr,Metronomic Breathing,Fixed-Rate Breathing 
193.264,0.5,M6_rr,Metronomic Breathing,Fixed-Rate Breathing 
193.752,0.488,M6_rr,Metronomic Breathing,Fixed-Rate Breathing 
194.248,0.496,M6_rr,Metronomic Breathing,Fixed-Rate Breathing 
194.756,0.508,M6_rr,Metronomic Breathing,Fixed-Rate Breathing 
195.24,0.484,M6_rr,Metronomic Breathing,Fixed-Rate Breathing 
195.728,0.488,M6_rr,Metronomic Breathing,Fixed-Rate Breathing 
196.208,0.48,M6_rr,Metronomic Breathing,Fixed-Rate Breathing 
196.7,0.492,M6_rr,Metronomic Breathing,Fixed-Rate Breathing 
197.196,0.496,M6_rr,Metronomic Breathing,Fixed-Rate Breathing 
197.68,0.484,M6_rr,Metronomic Breathing,Fixed-Rate Breathing 
198.168,0.488,M6_rr,Metronomic Breathing,Fixed-Rate Breathing 
198.656,0.488,M6_rr,Metronomic Breathing,Fixed-Rate Breathing 
199.152,0.496,M6_rr,Metronomic Breathing,Fixed-Rate Breathing 
199.64,0.488,M6_rr,Metronomic Breathing,Fixed-Rate Breathing 
200.128,0.488,M6_rr,Metronomic Breathing,Fixed-Rate Breathing 
200.596,0.468,M6_rr,Metronomic Breathing,Fixed-Rate Breathing 
201.08,0.484,M6_rr,Metronomic Breathing,Fixed-Rate Breathing 
201.544,0.464,M6_rr,Metronomic Breathing,Fixed-Rate Breathing 
202.012,0.468,M6_rr,Metronomic Breathing,Fixed-Rate Breathing 
202.456,0.444,M6_rr,Metronomic Breathing,Fixed-Rate Breathing 
202.94,0.484,M6_rr,Metronomic Breathing,Fixed-Rate Breathing 
203.416,0.476,M6_rr,Metronomic Breathing,Fixed-Rate Breathing 
203.884,0.468,M6_rr,Metronomic Breathing,Fixed-Rate Breathing 
204.316,0.432,M6_rr,Metronomic Breathing,Fixed-Rate Breathing 
204.732,0.416,M6_rr,Metronomic Breathing,Fixed-Rate Breathing 
205.216,0.484,M6_rr,Metronomic Breathing,Fixed-Rate Breathing 
205.696,0.48,M6_rr,Metronomic Breathing,Fixed-Rate Breathing 
206.18,0.484,M6_rr,Metronomic Breathing,Fixed-Rate Breathing 
206.672,0.492,M6_rr,Metronomic Breathing,Fixed-Rate Breathing 
207.128,0.456,M6_rr,Metronomic Breathing,Fixed-Rate Breathing 
207.62,0.492,M6_rr,Metronomic Breathing,Fixed-Rate Breathing 
208.12,0.5,M6_rr,Metronomic Breathing,Fixed-Rate Breathing 
208.624,0.504,M6_rr,Metronomic Breathing,Fixed-Rate Breathing 
209.092,0.468,M6_rr,Metronomic Breathing,Fixed-Rate Breathing 
209.568,0.476,M6_rr,Metronomic Breathing,Fixed-Rate Breathing 
210.064,0.496,M6_rr,Metronomic Breathing,Fixed-Rate Breathing 
210.572,0.508,M6_rr,Metronomic Breathing,Fixed-Rate Breathing 
211.036,0.464,M6_rr,Metronomic Breathing,Fixed-Rate Breathing 
211.532,0.496,M6_rr,Metronomic Breathing,Fixed-Rate Breathing 
212.04,0.508,M6_rr,Metronomic Breathing,Fixed-Rate Breathing 
212.548,0.508,M6_rr,Metronomic Breathing,Fixed-Rate Breathing 
213.004,0.456,M6_rr,Metronomic Breathing,Fixed-Rate Breathing 
213.456,0.452,M6_rr,Metronomic Breathing,Fixed-Rate Breathing 
213.948,0.492,M6_rr,Metronomic Breathing,Fixed-Rate Breathing 
214.444,0.496,M6_rr,Metronomic Breathing,Fixed-Rate Breathing 
214.948,0.504,M6_rr,Metronomic Breathing,Fixed-Rate Breathing 
215.444,0.496,M6_rr,Metronomic Breathing,Fixed-Rate Breathing 
215.956,0.512,M6_rr,Metronomic Breathing,Fixed-Rate Breathing 
216.476,0.52,M6_rr,Metronomic Breathing,Fixed-Rate Breathing 
216.996,0.52,M6_rr,Metronomic Breathing,Fixed-Rate Breathing 
217.496,0.5,M6_rr,Metronomic Breathing,Fixed-Rate Breathing 
218.036,0.54,M6_rr,Metronomic Breathing,Fixed-Rate Breathing 
218.576,0.54,M6_rr,Metronomic Breathing,Fixed-Rate Breathing 
219.12,0.544,M6_rr,Metronomic Breathing,Fixed-Rate Breathing 
219.62,0.5,M6_rr,Metronomic Breathing,Fixed-Rate Breathing 
220.164,0.544,M6_rr,Metronomic Breathing,Fixed-Rate Breathing 
220.712,0.548,M6_rr,Metronomic Breathing,Fixed-Rate Breathing 
221.256,0.544,M6_rr,Metronomic Breathing,Fixed-Rate Breathing 
221.76,0.504,M6_rr,Metronomic Breathing,Fixed-Rate Breathing 
222.308,0.548,M6_rr,Metronomic Breathing,Fixed-Rate Breathing 
222.856,0.548,M6_rr,Metronomic Breathing,Fixed-Rate Breathing 
223.396,0.54,M6_rr,Metronomic Breathing,Fixed-Rate Breathing 
223.904,0.508,M6_rr,Metronomic Breathing,Fixed-Rate Breathing 
224.436,0.532,M6_rr,Metronomic Breathing,Fixed-Rate Breathing 
224.968,0.532,M6_rr,Metronomic Breathing,Fixed-Rate Breathing 
225.496,0.528,M6_rr,Metronomic Breathing,Fixed-Rate Breathing 
226.016,0.52,M6_rr,Metronomic Breathing,Fixed-Rate Breathing 
226.536,0.52,M6_rr,Metronomic Breathing,Fixed-Rate Breathing 
227.068,0.532,M6_rr,Metronomic Breathing,Fixed-Rate Breathing 
227.588,0.52,M6_rr,Metronomic Breathing,Fixed-Rate Breathing 
228.108,0.52,M6_rr,Metronomic Breathing,Fixed-Rate Breathing 
228.644,0.536,M6_rr,Metronomic Breathing,Fixed-Rate Breathing 
229.18,0.536,M6_rr,Metronomic Breathing,Fixed-Rate Breathing 
229.68,0.5,M6_rr,Metronomic Breathing,Fixed-Rate Breathing 
230.2,0.52,M6_rr,Metronomic Breathing,Fixed-Rate Breathing 
230.704,0.504,M6_rr,Metronomic Breathing,Fixed-Rate Breathing 
231.224,0.52,M6_rr,Metronomic Breathing,Fixed-Rate Breathing 
231.7,0.476,M6_rr,Metronomic Breathing,Fixed-Rate Breathing 
232.216,0.516,M6_rr,Metronomic Breathing,Fixed-Rate Breathing 
232.736,0.52,M6_rr,Metronomic Breathing,Fixed-Rate Breathing 
233.252,0.516,M6_rr,Metronomic Breathing,Fixed-Rate Breathing 
233.74,0.488,M6_rr,Metronomic Breathing,Fixed-Rate Breathing 
234.256,0.516,M6_rr,Metronomic Breathing,Fixed-Rate Breathing 
234.78,0.524,M6_rr,Metronomic Breathing,Fixed-Rate Breathing 
235.304,0.524,M6_rr,Metronomic Breathing,Fixed-Rate Breathing 
235.812,0.508,M6_rr,Metronomic Breathing,Fixed-Rate Breathing 
236.324,0.512,M6_rr,Metronomic Breathing,Fixed-Rate Breathing 
236.832,0.508,M6_rr,Metronomic Breathing,Fixed-Rate Breathing 
237.34,0.508,M6_rr,Metronomic Breathing,Fixed-Rate Breathing 
237.844,0.504,M6_rr,Metronomic Breathing,Fixed-Rate Breathing 
238.34,0.496,M6_rr,Metronomic Breathing,Fixed-Rate Breathing 
238.844,0.504,M6_rr,Metronomic Breathing,Fixed-Rate Breathing 
239.356,0.512,M6_rr,Metronomic Breathing,Fixed-Rate Breathing 
239.868,0.512,M6_rr,Metronomic Breathing,Fixed-Rate Breathing 
240.344,0.476,M6_rr,Metronomic Breathing,Fixed-Rate Breathing 
240.844,0.5,M6_rr,Metronomic Breathing,Fixed-Rate Breathing 
241.36,0.516,M6_rr,Metronomic Breathing,Fixed-Rate Breathing 
241.852,0.492,M6_rr,Metronomic Breathing,Fixed-Rate Breathing 
242.36,0.508,M6_rr,Metronomic Breathing,Fixed-Rate Breathing 
242.868,0.508,M6_rr,Metronomic Breathing,Fixed-Rate Breathing 
243.368,0.5,M6_rr,Metronomic Breathing,Fixed-Rate Breathing 
243.88,0.512,M6_rr,Metronomic Breathing,Fixed-Rate Breathing 
244.348,0.468,M6_rr,Metronomic Breathing,Fixed-Rate Breathing 
244.824,0.476,M6_rr,Metronomic Breathing,Fixed-Rate Breathing 
245.312,0.488,M6_rr,Metronomic Breathing,Fixed-Rate Breathing 
245.764,0.452,M6_rr,Metronomic Breathing,Fixed-Rate Breathing 
246.212,0.448,M6_rr,Metronomic Breathing,Fixed-Rate Breathing 
246.652,0.44,M6_rr,Metronomic Breathing,Fixed-Rate Breathing 
247.124,0.472,M6_rr,Metronomic Breathing,Fixed-Rate Breathing 
247.608,0.484,M6_rr,Metronomic Breathing,Fixed-Rate Breathing 
248.108,0.5,M6_rr,Metronomic Breathing,Fixed-Rate Breathing 
248.592,0.484,M6_rr,Metronomic Breathing,Fixed-Rate Breathing 
249.088,0.496,M6_rr,Metronomic Breathing,Fixed-Rate Breathing 
249.588,0.5,M6_rr,Metronomic Breathing,Fixed-Rate Breathing 
250.08,0.492,M6_rr,Metronomic Breathing,Fixed-Rate Breathing 
250.584,0.504,M6_rr,Metronomic Breathing,Fixed-Rate Breathing 
251.056,0.472,M6_rr,Metronomic Breathing,Fixed-Rate Breathing 
251.544,0.488,M6_rr,Metronomic Breathing,Fixed-Rate Breathing 
252.052,0.508,M6_rr,Metronomic Breathing,Fixed-Rate Breathing 
252.576,0.524,M6_rr,Metronomic Breathing,Fixed-Rate Breathing 
253.056,0.48,M6_rr,Metronomic Breathing,Fixed-Rate Breathing 
253.568,0.512,M6_rr,Metronomic Breathing,Fixed-Rate Breathing 
254.092,0.524,M6_rr,Metronomic Breathing,Fixed-Rate Breathing 
254.596,0.504,M6_rr,Metronomic Breathing,Fixed-Rate Breathing 
255.108,0.512,M6_rr,Metronomic Breathing,Fixed-Rate Breathing 
255.628,0.52,M6_rr,Metronomic Breathing,Fixed-Rate Breathing 
256.156,0.528,M6_rr,Metronomic Breathing,Fixed-Rate Breathing 
256.636,0.48,M6_rr,Metronomic Breathing,Fixed-Rate Breathing 
257.148,0.512,M6_rr,Metronomic Breathing,Fixed-Rate Breathing 
257.672,0.524,M6_rr,Metronomic Breathing,Fixed-Rate Breathing 
258.2,0.528,M6_rr,Metronomic Breathing,Fixed-Rate Breathing 
258.672,0.472,M6_rr,Metronomic Breathing,Fixed-Rate Breathing 
259.192,0.52,M6_rr,Metronomic Breathing,Fixed-Rate Breathing 
259.72,0.528,M6_rr,Metronomic Breathing,Fixed-Rate Breathing 
260.256,0.536,M6_rr,Metronomic Breathing,Fixed-Rate Breathing 
260.776,0.52,M6_rr,Metronomic Breathing,Fixed-Rate Breathing 
261.296,0.52,M6_rr,Metronomic Breathing,Fixed-Rate Breathing 
261.82,0.524,M6_rr,Metronomic Breathing,Fixed-Rate Breathing 
262.34,0.52,M6_rr,Metronomic Breathing,Fixed-Rate Breathing 
262.856,0.516,M6_rr,Metronomic Breathing,Fixed-Rate Breathing 
263.348,0.492,M6_rr,Metronomic Breathing,Fixed-Rate Breathing 
263.856,0.508,M6_rr,Metronomic Breathing,Fixed-Rate Breathing 
264.352,0.496,M6_rr,Metronomic Breathing,Fixed-Rate Breathing 
264.856,0.504,M6_rr,Metronomic Breathing,Fixed-Rate Breathing 
265.348,0.492,M6_rr,Metronomic Breathing,Fixed-Rate Breathing 
265.832,0.484,M6_rr,Metronomic Breathing,Fixed-Rate Breathing 
266.312,0.48,M6_rr,Metronomic Breathing,Fixed-Rate Breathing 
266.812,0.5,M6_rr,Metronomic Breathing,Fixed-Rate Breathing 
267.304,0.492,M6_rr,Metronomic Breathing,Fixed-Rate Breathing 
267.792,0.488,M6_rr,Metronomic Breathing,Fixed-Rate Breathing 
268.26,0.468,M6_rr,Metronomic Breathing,Fixed-Rate Breathing 
268.76,0.5,M6_rr,Metronomic Breathing,Fixed-Rate Breathing 
269.272,0.512,M6_rr,Metronomic Breathing,Fixed-Rate Breathing 
269.776,0.504,M6_rr,Metronomic Breathing,Fixed-Rate Breathing 
270.256,0.48,M6_rr,Metronomic Breathing,Fixed-Rate Breathing 
270.76,0.504,M6_rr,Metronomic Breathing,Fixed-Rate Breathing 
271.268,0.508,M6_rr,Metronomic Breathing,Fixed-Rate Breathing 
271.76,0.492,M6_rr,Metronomic Breathing,Fixed-Rate Breathing 
272.256,0.496,M6_rr,Metronomic Breathing,Fixed-Rate Breathing 
272.756,0.5,M6_rr,Metronomic Breathing,Fixed-Rate Breathing 
273.256,0.5,M6_rr,Metronomic Breathing,Fixed-Rate Breathing 
273.72,0.464,M6_rr,Metronomic Breathing,Fixed-Rate Breathing 
274.204,0.484,M6_rr,Metronomic Breathing,Fixed-Rate Breathing 
274.692,0.488,M6_rr,Metronomic Breathing,Fixed-Rate Breathing 
275.184,0.492,M6_rr,Metronomic Breathing,Fixed-Rate Breathing 
275.672,0.488,M6_rr,Metronomic Breathing,Fixed-Rate Breathing 
276.144,0.472,M6_rr,Metronomic Breathing,Fixed-Rate Breathing 
276.632,0.488,M6_rr,Metronomic Breathing,Fixed-Rate Breathing 
277.124,0.492,M6_rr,Metronomic Breathing,Fixed-Rate Breathing 
277.608,0.484,M6_rr,Metronomic Breathing,Fixed-Rate Breathing 
278.08,0.472,M6_rr,Metronomic Breathing,Fixed-Rate Breathing 
278.576,0.496,M6_rr,Metronomic Breathing,Fixed-Rate Breathing 
279.064,0.488,M6_rr,Metronomic Breathing,Fixed-Rate Breathing 
279.544,0.48,M6_rr,Metronomic Breathing,Fixed-Rate Breathing 
280.004,0.46,M6_rr,Metronomic Breathing,Fixed-Rate Breathing 
280.472,0.468,M6_rr,Metronomic Breathing,Fixed-Rate Breathing 
280.92,0.448,M6_rr,Metronomic Breathing,Fixed-Rate Breathing 
281.42,0.5,M6_rr,Metronomic Breathing,Fixed-Rate Breathing 
281.92,0.5,M6_rr,Metronomic Breathing,Fixed-Rate Breathing 
282.388,0.468,M6_rr,Metronomic Breathing,Fixed-Rate Breathing 
282.892,0.504,M6_rr,Metronomic Breathing,Fixed-Rate Breathing 
283.4,0.508,M6_rr,Metronomic Breathing,Fixed-Rate Breathing 
283.912,0.512,M6_rr,Metronomic Breathing,Fixed-Rate Breathing 
284.392,0.48,M6_rr,Metronomic Breathing,Fixed-Rate Breathing 
284.916,0.524,M6_rr,Metronomic Breathing,Fixed-Rate Breathing 
285.42,0.504,M6_rr,Metronomic Breathing,Fixed-Rate Breathing 
285.88,0.46,M6_rr,Metronomic Breathing,Fixed-Rate Breathing 
286.336,0.456,M6_rr,Metronomic Breathing,Fixed-Rate Breathing 
286.836,0.5,M6_rr,Metronomic Breathing,Fixed-Rate Breathing 
287.308,0.472,M6_rr,Metronomic Breathing,Fixed-Rate Breathing 
287.816,0.508,M6_rr,Metronomic Breathing,Fixed-Rate Breathing 
288.344,0.528,M6_rr,Metronomic Breathing,Fixed-Rate Breathing 
288.84,0.496,M6_rr,Metronomic Breathing,Fixed-Rate Breathing 
289.348,0.508,M6_rr,Metronomic Breathing,Fixed-Rate Breathing 
289.86,0.512,M6_rr,Metronomic Breathing,Fixed-Rate Breathing 
290.384,0.524,M6_rr,Metronomic Breathing,Fixed-Rate Breathing 
290.904,0.52,M6_rr,Metronomic Breathing,Fixed-Rate Breathing 
291.424,0.52,M6_rr,Metronomic Breathing,Fixed-Rate Breathing 
291.956,0.532,M6_rr,Metronomic Breathing,Fixed-Rate Breathing 
292.488,0.532,M6_rr,Metronomic Breathing,Fixed-Rate Breathing 
292.96,0.472,M6_rr,Metronomic Breathing,Fixed-Rate Breathing 
293.444,0.484,M6_rr,Metronomic Breathing,Fixed-Rate Breathing 
293.948,0.504,M6_rr,Metronomic Breathing,Fixed-Rate Breathing 
294.44,0.492,M6_rr,Metronomic Breathing,Fixed-Rate Breathing 
294.92,0.48,M6_rr,Metronomic Breathing,Fixed-Rate Breathing 
295.372,0.452,M6_rr,Metronomic Breathing,Fixed-Rate Breathing 
295.872,0.5,M6_rr,Metronomic Breathing,Fixed-Rate Breathing 
296.376,0.504,M6_rr,Metronomic Breathing,Fixed-Rate Breathing 
296.864,0.488,M6_rr,Metronomic Breathing,Fixed-Rate Breathing 
297.348,0.484,M6_rr,Metronomic Breathing,Fixed-Rate Breathing 
297.856,0.508,M6_rr,Metronomic Breathing,Fixed-Rate Breathing 
298.372,0.516,M6_rr,Metronomic Breathing,Fixed-Rate Breathing 
298.888,0.516,M6_rr,Metronomic Breathing,Fixed-Rate Breathing 
299.388,0.5,M6_rr,Metronomic Breathing,Fixed-Rate Breathing 
299.916,0.528,M6_rr,Metronomic Breathing,Fixed-Rate Breathing 
300.44,0.524,M6_rr,Metronomic Breathing,Fixed-Rate Breathing 
300.964,0.524,M6_rr,Metronomic Breathing,Fixed-Rate Breathing 
301.472,0.508,M6_rr,Metronomic Breathing,Fixed-Rate Breathing 
301.968,0.496,M6_rr,Metronomic Breathing,Fixed-Rate Breathing 
302.484,0.516,M6_rr,Metronomic Breathing,Fixed-Rate Breathing 
302.996,0.512,M6_rr,Metronomic Breathing,Fixed-Rate Breathing 
303.508,0.512,M6_rr,Metronomic Breathing,Fixed-Rate Breathing 
303.996,0.488,M6_rr,Metronomic Breathing,Fixed-Rate Breathing 
304.516,0.52,M6_rr,Metronomic Breathing,Fixed-Rate Breathing 
305.032,0.516,M6_rr,Metronomic Breathing,Fixed-Rate Breathing 
305.52,0.488,M6_rr,Metronomic Breathing,Fixed-Rate Breathing 
305.996,0.476,M6_rr,Metronomic Breathing,Fixed-Rate Breathing 
306.488,0.492,M6_rr,Metronomic Breathing,Fixed-Rate Breathing 
