Time,RR_Interval,Subject,Group,State
1.376,0.52,M9_rr,Metronomic Breathing,Fixed-Rate Breathing 
1.88,0.504,M9_rr,Metronomic Breathing,Fixed-Rate Breathing 
2.38,0.5,M9_rr,Metronomic Breathing,Fixed-Rate Breathing 
2.904,0.524,M9_rr,Metronomic Breathing,Fixed-Rate Breathing 
3.396,0.492,M9_rr,Metronomic Breathing,Fixed-Rate Breathing 
3.896,0.5,M9_rr,Metronomic Breathing,Fixed-Rate Breathing 
4.38,0.484,M9_rr,Metronomic Breathing,Fixed-Rate Breathing 
4.88,0.5,M9_rr,Metronomic Breathing,Fixed-Rate Breathing 
5.36,0.48,M9_rr,Metronomic Breathing,Fixed-Rate Breathing 
5.824,0.464,M9_rr,Metronomic Breathing,Fixed-Rate Breathing 
6.308,0.484,M9_rr,Metronomic Breathing,Fixed-Rate Breathing 
6.836,0.528,M9_rr,Metronomic Breathing,Fixed-Rate Breathing 
7.36,0.524,M9_rr,Metronomic Breathing,Fixed-Rate Breathing 
7.84,0.48,M9_rr,Metronomic Breathing,Fixed-Rate Breathing 
8.304,0.464,M9_rr,Metronomic Breathing,Fixed-Rate Breathing 
8.792,0.488,M9_rr,Metronomic Breathing,Fixed-Rate Breathing 
9.224,0.432,M9_rr,Metronomic Breathing,Fixed-Rate Breathing 
9.712,0.488,M9_rr,Metronomic Breathing,Fixed-Rate Breathing 
10.248,0.536,M9_rr,Metronomic Breathing,Fixed-Rate Breathing 
10.748,0.5,M9_rr,Metronomic Breathing,Fixed-Rate Breathing 
11.252,0.504,M9_rr,Metronomic Breathing,Fixed-Rate Breathing 
11.788,0.536,M9_rr,Metronomic Breathing,Fixed-Rate Breathing 
12.312,0.524,M9_rr,Metronomic Breathing,Fixed-Rate Breathing 
12.776,0.464,M9_rr,Metronomic Breathing,Fixed-Rate Breathing 
13.268,0.492,M9_rr,Metronomic Breathing,Fixed-Rate Breathing 
13.784,0.516,M9_rr,Metronomic Breathing,Fixed-Rate Breathing 
14.3,0.516,M9_rr,Metronomic Breathing,Fixed-Rate Breathing 
14.792,0.492,M9_rr,Metronomic Breathing,Fixed-Rate Breathing 
15.264,0.472,M9_rr,Metronomic Breathing,Fixed-Rate Breathing 
15.768,0.504,M9_rr,Metronomic Breathing,Fixed-Rate Breathing 
16.292,0.524,M9_rr,Metronomic Breathing,Fixed-Rate Breathing 
16.78,0.488,M9_rr,Metronomic Breathing,Fixed-Rate Breathing 
17.244,0.464,M9_rr,Metronomic Breathing,Fixed-Rate Breathing 
17.724,0.48,M9_rr,Metronomic Breathing,Fixed-Rate Breathing 
18.24,0.516,M9_rr,Metronomic Breathing,Fixed-Rate Breathing 
18.74,0.5,M9_rr,Metronomic Breathing,Fixed-Rate Breathing 
19.208,0.468,M9_rr,Metronomic Breathing,Fixed-Rate Breathing 
19.672,0.464,M9_rr,Metronomic Breathing,Fixed-Rate Breathing 
20.144,0.472,M9_rr,Metronomic Breathing,Fixed-Rate Breathing 
20.616,0.472,M9_rr,Metronomic Breathing,Fixed-Rate Breathing 
21.08,0.464,M9_rr,Metronomic Breathing,Fixed-Rate Breathing 
21.528,0.448,M9_rr,Metronomic Breathing,Fixed-Rate Breathing 
21.98,0.452,M9_rr,Metronomic Breathing,Fixed-Rate Breathing 
22.472,0.492,M9_rr,Metronomic Breathing,Fixed-Rate Breathing 
22.956,0.484,M9_rr,Metronomic Breathing,Fixed-Rate Breathing 
23.424,0.468,M9_rr,Metronomic Breathing,Fixed-Rate Breathing 
23.9,0.476,M9_rr,Metronomic Breathing,Fixed-Rate Breathing 
24.396,0.496,M9_rr,Metronomic Breathing,Fixed-Rate Breathing 
24.86,0.464,M9_rr,Metronomic Breathing,Fixed-Rate Breathing 
25.296,0.436,M9_rr,Metronomic Breathing,Fixed-Rate Breathing 
25.748,0.452,M9_rr,Metronomic Breathing,Fixed-Rate Breathing 
26.224,0.476,M9_rr,Metronomic Breathing,Fixed-Rate Breathing 
26.704,0.48,M9_rr,Metronomic Breathing,Fixed-Rate Breathing 
27.164,0.46,M9_rr,Metronomic Breathing,Fixed-Rate Breathing 
27.584,0.42,M9_rr,Metronomic Breathing,Fixed-Rate Breathing 
28.008,0.424,M9_rr,Metronomic Breathing,Fixed-Rate Breathing 
28.448,0.44,M9_rr,Metronomic Breathing,Fixed-Rate Breathing 
28.884,0.436,M9_rr,Metronomic Breathing,Fixed-Rate Breathing 
29.296,0.412,M9_rr,Metronomic Breathing,Fixed-Rate Breathing 
29.716,0.42,M9_rr,Metronomic Breathing,Fixed-Rate Breathing 
30.172,0.456,M9_rr,Metronomic Breathing,Fixed-Rate Breathing 
30.632,0.46,M9_rr,Metronomic Breathing,Fixed-Rate Breathing 
31.084,0.452,M9_rr,Metronomic Breathing,Fixed-Rate Breathing 
31.524,0.44,M9_rr,Metronomic Breathing,Fixed-Rate Breathing 
31.972,0.448,M9_rr,Metronomic Breathing,Fixed-Rate Breathing 
32.424,0.452,M9_rr,Metronomic Breathing,Fixed-Rate Breathing 
32.856,0.432,M9_rr,Metronomic Breathing,Fixed-Rate Breathing 
33.252,0.396,M9_rr,Metronomic Breathing,Fixed-Rate Breathing 
33.648,0.396,M9_rr,Metronomic Breathing,Fixed-Rate Breathing 
34.084,0.436,M9_rr,Metronomic Breathing,Fixed-Rate Breathing 
34.564,0.48,M9_rr,Metronomic Breathing,Fixed-Rate Breathing 
35.068,0.504,M9_rr,Metronomic Breathing,Fixed-Rate Breathing 
35.516,0.448,M9_rr,Metronomic Breathing,Fixed-Rate Breathing 
35.928,0.412,M9_rr,Metronomic Breathing,Fixed-Rate Breathing 
36.344,0.416,M9_rr,Metronomic Breathing,Fixed-Rate Breathing 
36.772,0.428,M9_rr,Metronomic Breathing,Fixed-Rate Breathing 
37.196,0.424,M9_rr,Metronomic Breathing,Fixed-Rate Breathing 
37.612,0.416,M9_rr,Metronomic Breathing,Fixed-Rate Breathing 
38.024,0.412,M9_rr,Metronomic Breathing,Fixed-Rate Breathing 
38.464,0.44,M9_rr,Metronomic Breathing,Fixed-Rate Breathing 
38.928,0.464,M9_rr,Metronomic Breathing,Fixed-Rate Breathing 
39.392,0.464,M9_rr,Metronomic Breathing,Fixed-Rate Breathing 
39.816,0.424,M9_rr,Metronomic Breathing,Fixed-Rate Breathing 
40.22,0.404,M9_rr,Metronomic Breathing,Fixed-Rate Breathing 
40.636,0.416,M9_rr,Metronomic Breathing,Fixed-Rate Breathing 
41.048,0.412,M9_rr,Metronomic Breathing,Fixed-Rate Breathing 
41.46,0.412,M9_rr,Metronomic Breathing,Fixed-Rate Breathing 
41.856,0.396,M9_rr,Metronomic Breathing,Fixed-Rate Breathing 
42.244,0.388,M9_rr,Metronomic Breathing,Fixed-Rate Breathing 
42.644,0.4,M9_rr,Metronomic Breathing,Fixed-Rate Breathing 
43.052,0.408,M9_rr,Metronomic Breathing,Fixed-Rate Breathing 
43.492,0.44,M9_rr,Metronomic Breathing,Fixed-Rate Breathing 
43.908,0.416,M9_rr,Metronomic Breathing,Fixed-Rate Breathing 
44.316,0.408,M9_rr,Metronomic Breathing,Fixed-Rate Breathing 
44.736,0.42,M9_rr,Metronomic Breathing,Fixed-Rate Breathing 
45.16,0.424,M9_rr,Metronomic Breathing,Fixed-Rate Breathing 
45.568,0.408,M9_rr,Metronomic Breathing,Fixed-Rate Breathing 
45.992,0.424,M9_rr,Metronomic Breathing,Fixed-Rate Breathing 
46.412,0.42,M9_rr,Metronomic Breathing,Fixed-Rate Breathing 
46.852,0.44,M9_rr,Metronomic Breathing,Fixed-Rate Breathing 
47.284,0.432,M9_rr,Metronomic Breathing,Fixed-Rate Breathing 
47.712,0.428,M9_rr,Metronomic Breathing,Fixed-Rate Breathing 
48.116,0.404,M9_rr,Metronomic Breathing,Fixed-Rate Breathing 
48.516,0.4,M9_rr,Metronomic Breathing,Fixed-Rate Breathing 
48.928,0.412,M9_rr,Metronomic Breathing,Fixed-Rate Breathing 
49.348,0.42,M9_rr,Metronomic Breathing,Fixed-Rate Breathing 
49.784,0.436,M9_rr,Metronomic Breathing,Fixed-Rate Breathing 
50.216,0.432,M9_rr,Metronomic Breathing,Fixed-Rate Breathing 
50.644,0.428,M9_rr,Metronomic Breathing,Fixed-Rate Breathing 
51.1,0.456,M9_rr,Metronomic Breathing,Fixed-Rate Breathing 
51.568,0.468,M9_rr,Metronomic Breathing,Fixed-Rate Breathing 
52.032,0.464,M9_rr,Metronomic Breathing,Fixed-Rate Breathing 
52.46,0.428,M9_rr,Metronomic Breathing,Fixed-Rate Breathing 
52.88,0.42,M9_rr,Metronomic Breathing,Fixed-Rate Breathing 
53.316,0.436,M9_rr,Metronomic Breathing,Fixed-Rate Breathing 
53.772,0.456,M9_rr,Metronomic Breathing,Fixed-Rate Breathing 
54.228,0.456,M9_rr,Metronomic Breathing,Fixed-Rate Breathing 
54.672,0.444,M9_rr,Metronomic Breathing,Fixed-Rate Breathing 
55.092,0.42,M9_rr,Metronomic Breathing,Fixed-Rate Breathing 
55.508,0.416,M9_rr,Metronomic Breathing,Fixed-Rate Breathing 
55.956,0.448,M9_rr,Metronomic Breathing,Fixed-Rate Breathing 
56.416,0.46,M9_rr,Metronomic Breathing,Fixed-Rate Breathing 
56.864,0.448,M9_rr,Metronomic Breathing,Fixed-Rate Breathing 
57.34,0.476,M9_rr,Metronomic Breathing,Fixed-Rate Breathing 
57.844,0.504,M9_rr,Metronomic Breathing,Fixed-Rate Breathing 
58.34,0.496,M9_rr,Metronomic Breathing,Fixed-Rate Breathing 
58.816,0.476,M9_rr,Metronomic Breathing,Fixed-Rate Breathing 
59.32,0.504,M9_rr,Metronomic Breathing,Fixed-Rate Breathing 
59.812,0.492,M9_rr,Metronomic Breathing,Fixed-Rate Breathing 
60.324,0.512,M9_rr,Metronomic Breathing,Fixed-Rate Breathing 
60.812,0.488,M9_rr,Metronomic Breathing,Fixed-Rate Breathing 
61.256,0.444,M9_rr,Metronomic Breathing,Fixed-Rate Breathing 
61.692,0.436,M9_rr,Metronomic Breathing,Fixed-Rate Breathing 
62.144,0.452,M9_rr,Metronomic Breathing,Fixed-Rate Breathing 
62.6,0.456,M9_rr,Metronomic Breathing,Fixed-Rate Breathing 
63.048,0.448,M9_rr,Metronomic Breathing,Fixed-Rate Breathing 
63.484,0.436,M9_rr,Metronomic Breathing,Fixed-Rate Breathing 
63.884,0.4,M9_rr,Metronomic Breathing,Fixed-Rate Breathing 
64.316,0.432,M9_rr,Metronomic Breathing,Fixed-Rate Breathing 
64.764,0.448,M9_rr,Metronomic Breathing,Fixed-Rate Breathing 
65.256,0.492,M9_rr,Metronomic Breathing,Fixed-Rate Breathing 
65.776,0.52,M9_rr,Metronomic Breathing,Fixed-Rate Breathing 
66.284,0.508,M9_rr,Metronomic Breathing,Fixed-Rate Breathing 
66.78,0.496,M9_rr,Metronomic Breathing,Fixed-Rate Breathing 
67.224,0.444,M9_rr,Metronomic Breathing,Fixed-Rate Breathing 
67.692,0.468,M9_rr,Metronomic Breathing,Fixed-Rate Breathing 
68.152,0.46,M9_rr,Metronomic Breathing,Fixed-Rate Breathing 
68.616,0.464,M9_rr,Metronomic Breathing,Fixed-Rate Breathing 
69.06,0.444,M9_rr,Metronomic Breathing,Fixed-Rate Breathing 
69.508,0.448,M9_rr,Metronomic Breathing,Fixed-Rate Breathing 
69.976,0.468,M9_rr,Metronomic Breathing,Fixed-Rate Breathing 
70.456,0.48,M9_rr,Metronomic Breathing,Fixed-Rate Breathing 
70.94,0.484,M9_rr,Metronomic Breathing,Fixed-Rate Breathing 
71.412,0.472,M9_rr,Metronomic Breathing,Fixed-Rate Breathing 
71.872,0.46,M9_rr,Metronomic Breathing,Fixed-Rate Breathing 
72.36,0.488,M9_rr,Metronomic Breathing,Fixed-Rate Breathing 
72.868,0.508,M9_rr,Metronomic Breathing,Fixed-Rate Breathing 
73.364,0.496,M9_rr,Metronomic Breathing,Fixed-Rate Breathing 
73.848,0.484,M9_rr,Metronomic Breathing,Fixed-Rate Breathing 
74.332,0.484,M9_rr,Metronomic Breathing,Fixed-Rate Breathing 
74.804,0.472,M9_rr,Metronomic Breathing,Fixed-Rate Breathing 
75.24,0.436,M9_rr,Metronomic Breathing,Fixed-Rate Breathing 
75.664,0.424,M9_rr,Metronomic Breathing,Fixed-Rate Breathing 
76.068,0.404,M9_rr,Metronomic Breathing,Fixed-Rate Breathing 
76.464,0.396,M9_rr,Metronomic Breathing,Fixed-Rate Breathing 
76.868,0.404,M9_rr,Metronomic Breathing,Fixed-Rate Breathing 
77.284,0.416,M9_rr,Metronomic Breathing,Fixed-Rate Breathing 
77.688,0.404,M9_rr,Metronomic Breathing,Fixed-Rate Breathing 
78.104,0.416,M9_rr,Metronomic Breathing,Fixed-Rate Breathing 
78.492,0.388,M9_rr,Metronomic Breathing,Fixed-Rate Breathing 
78.888,0.396,M9_rr,Metronomic Breathing,Fixed-Rate Breathing 
79.284,0.396,M9_rr,Metronomic Breathing,Fixed-Rate Breathing 
79.676,0.392,M9_rr,Metronomic Breathing,Fixed-Rate Breathing 
80.072,0.396,M9_rr,Metronomic Breathing,Fixed-Rate Breathing 
80.508,0.436,M9_rr,Metronomic Breathing,Fixed-Rate Breathing 
80.96,0.452,M9_rr,Metronomic Breathing,Fixed-Rate Breathing 
81.416,0.456,M9_rr,Metronomic Breathing,Fixed-Rate Breathing 
81.844,0.428,M9_rr,Metronomic Breathing,Fixed-Rate Breathing 
82.236,0.392,M9_rr,Metronomic Breathing,Fixed-Rate Breathing 
82.652,0.416,M9_rr,Metronomic Breathing,Fixed-Rate Breathing 
83.136,0.484,M9_rr,Metronomic Breathing,Fixed-Rate Breathing 
83.668,0.532,M9_rr,Metronomic Breathing,Fixed-Rate Breathing 
84.2,0.532,M9_rr,Metronomic Breathing,Fixed-Rate Breathing 
84.74,0.54,M9_rr,Metronomic Breathing,Fixed-Rate Breathing 
85.252,0.512,M9_rr,Metronomic Breathing,Fixed-Rate Breathing 
85.784,0.532,M9_rr,Metronomic Breathing,Fixed-Rate Breathing 
86.264,0.48,M9_rr,Metronomic Breathing,Fixed-Rate Breathing 
86.784,0.52,M9_rr,Metronomic Breathing,Fixed-Rate Breathing 
87.308,0.524,M9_rr,Metronomic Breathing,Fixed-Rate Breathing 
87.832,0.524,M9_rr,Metronomic Breathing,Fixed-Rate Breathing 
88.308,0.476,M9_rr,Metronomic Breathing,Fixed-Rate Breathing 
88.812,0.504,M9_rr,Metronomic Breathing,Fixed-Rate Breathing 
89.34,0.528,M9_rr,Metronomic Breathing,Fixed-Rate Breathing 
89.892,0.552,M9_rr,Metronomic Breathing,Fixed-Rate Breathing 
90.396,0.504,M9_rr,Metronomic Breathing,Fixed-Rate Breathing 
90.908,0.512,M9_rr,Metronomic Breathing,Fixed-Rate Breathing 
91.372,0.464,M9_rr,Metronomic Breathing,Fixed-Rate Breathing 
91.844,0.472,M9_rr,Metronomic Breathing,Fixed-Rate Breathing 
92.384,0.54,M9_rr,Metronomic Breathing,Fixed-Rate Breathing 
92.86,0.476,M9_rr,Metronomic Breathing,Fixed-Rate Breathing 
93.38,0.52,M9_rr,Metronomic Breathing,Fixed-Rate Breathing 
93.928,0.548,M9_rr,Metronomic Breathing,Fixed-Rate Breathing 
94.46,0.532,M9_rr,Metronomic Breathing,Fixed-Rate Breathing 
94.952,0.492,M9_rr,Metronomic Breathing,Fixed-Rate Breathing 
95.476,0.524,M9_rr,Metronomic Breathing,Fixed-Rate Breathing 
96.008,0.532,M9_rr,Metronomic Breathing,Fixed-Rate Breathing 
96.492,0.484,M9_rr,Metronomic Breathing,Fixed-Rate Breathing 
96.964,0.472,M9_rr,Metronomic Breathing,Fixed-Rate Breathing 
97.472,0.508,M9_rr,Metronomic Breathing,Fixed-Rate Breathing 
97.976,0.504,M9_rr,Metronomic Breathing,Fixed-Rate Breathing 
98.46,0.484,M9_rr,Metronomic Breathing,Fixed-Rate Breathing 
98.92,0.46,M9_rr,Metronomic Breathing,Fixed-Rate Breathing 
99.42,0.5,M9_rr,Metronomic Breathing,Fixed-Rate Breathing 
99.936,0.516,M9_rr,Metronomic Breathing,Fixed-Rate Breathing 
100.46,0.524,M9_rr,Metronomic Breathing,Fixed-Rate Breathing 
100.932,0.472,M9_rr,Metronomic Breathing,Fixed-Rate Breathing 
101.42,0.488,M9_rr,Metronomic Breathing,Fixed-Rate Breathing 
101.924,0.504,M9_rr,Metronomic Breathing,Fixed-Rate Breathing 
102.44,0.516,M9_rr,Metronomic Breathing,Fixed-Rate Breathing 
102.932,0.492,M9_rr,Metronomic Breathing,Fixed-Rate Breathing 
103.38,0.448,M9_rr,Metronomic Breathing,Fixed-Rate Breathing 
103.872,0.492,M9_rr,Metronomic Breathing,Fixed-Rate Breathing 
104.388,0.516,M9_rr,Metronomic Breathing,Fixed-Rate Breathing 
104.908,0.52,M9_rr,Metronomic Breathing,Fixed-Rate Breathing 
105.404,0.496,M9_rr,Metronomic Breathing,Fixed-Rate Breathing 
105.908,0.504,M9_rr,Metronomic Breathing,Fixed-Rate Breathing 
106.428,0.52,M9_rr,Metronomic Breathing,Fixed-Rate Breathing 
106.944,0.516,M9_rr,Metronomic Breathing,Fixed-Rate Breathing 
107.44,0.496,M9_rr,Metronomic Breathing,Fixed-Rate Breathing 
107.94,0.5,M9_rr,Metronomic Breathing,Fixed-Rate Breathing 
108.444,0.504,M9_rr,Metronomic Breathing,Fixed-Rate Breathing 
108.928,0.484,M9_rr,Metronomic Breathing,Fixed-Rate Breathing 
109.392,0.464,M9_rr,Metronomic Breathing,Fixed-Rate Breathing 
109.864,0.472,M9_rr,Metronomic Breathing,Fixed-Rate Breathing 
110.368,0.504,M9_rr,Metronomic Breathing,Fixed-Rate Breathing 
110.888,0.52,M9_rr,Metronomic Breathing,Fixed-Rate Breathing 
111.38,0.492,M9_rr,Metronomic Breathing,Fixed-Rate Breathing 
111.86,0.48,M9_rr,Metronomic Breathing,Fixed-Rate Breathing 
112.372,0.512,M9_rr,Metronomic Breathing,Fixed-Rate Breathing 
112.888,0.516,M9_rr,Metronomic Breathing,Fixed-Rate Breathing 
113.388,0.5,M9_rr,Metronomic Breathing,Fixed-Rate Breathing 
113.848,0.46,M9_rr,Metronomic Breathing,Fixed-Rate Breathing 
114.304,0.456,M9_rr,Metronomic Breathing,Fixed-Rate Breathing 
114.768,0.464,M9_rr,Metronomic Breathing,Fixed-Rate Breathing 
115.26,0.492,M9_rr,Metronomic Breathing,Fixed-Rate Breathing 
115.764,0.504,M9_rr,Metronomic Breathing,Fixed-Rate Breathing 
116.28,0.516,M9_rr,Metronomic Breathing,Fixed-Rate Breathing 
116.808,0.528,M9_rr,Metronomic Breathing,Fixed-Rate Breathing 
117.336,0.528,M9_rr,Metronomic Breathing,Fixed-Rate Breathing 
117.832,0.496,M9_rr,Metronomic Breathing,Fixed-Rate Breathing 
118.28,0.448,M9_rr,Metronomic Breathing,Fixed-Rate Breathing 
118.744,0.464,M9_rr,Metronomic Breathing,Fixed-Rate Breathing 
119.236,0.492,M9_rr,Metronomic Breathing,Fixed-Rate Breathing 
119.696,0.46,M9_rr,Metronomic Breathing,Fixed-Rate Breathing 
120.208,0.512,M9_rr,Metronomic Breathing,Fixed-Rate Breathing 
120.712,0.504,M9_rr,Metronomic Breathing,Fixed-Rate Breathing 
121.2,0.488,M9_rr,Metronomic Breathing,Fixed-Rate Breathing 
121.652,0.452,M9_rr,Metronomic Breathing,Fixed-Rate Breathing 
122.144,0.492,M9_rr,Metronomic Breathing,Fixed-Rate Breathing 
122.664,0.52,M9_rr,Metronomic Breathing,Fixed-Rate Breathing 
123.196,0.532,M9_rr,Metronomic Breathing,Fixed-Rate Breathing 
123.72,0.524,M9_rr,Metronomic Breathing,Fixed-Rate Breathing 
124.204,0.484,M9_rr,Metronomic Breathing,Fixed-Rate Breathing 
124.696,0.492,M9_rr,Metronomic Breathing,Fixed-Rate Breathing 
125.188,0.492,M9_rr,Metronomic Breathing,Fixed-Rate Breathing 
125.684,0.496,M9_rr,Metronomic Breathing,Fixed-Rate Breathing 
126.16,0.476,M9_rr,Metronomic Breathing,Fixed-Rate Breathing 
126.616,0.456,M9_rr,Metronomic Breathing,Fixed-Rate Breathing 
127.096,0.48,M9_rr,Metronomic Breathing,Fixed-Rate Breathing 
127.6,0.504,M9_rr,Metronomic Breathing,Fixed-Rate Breathing 
128.104,0.504,M9_rr,Metronomic Breathing,Fixed-Rate Breathing 
128.592,0.488,M9_rr,Metronomic Breathing,Fixed-Rate Breathing 
129.092,0.5,M9_rr,Metronomic Breathing,Fixed-Rate Breathing 
129.596,0.504,M9_rr,Metronomic Breathing,Fixed-Rate Breathing 
130.08,0.484,M9_rr,Metronomic Breathing,Fixed-Rate Breathing 
130.552,0.472,M9_rr,Metronomic Breathing,Fixed-Rate Breathing 
131.004,0.452,M9_rr,Metronomic Breathing,Fixed-Rate Breathing 
131.468,0.464,M9_rr,Metronomic Breathing,Fixed-Rate Breathing 
131.94,0.472,M9_rr,Metronomic Breathing,Fixed-Rate Breathing 
132.392,0.452,M9_rr,Metronomic Breathing,Fixed-Rate Breathing 
132.852,0.46,M9_rr,Metronomic Breathing,Fixed-Rate Breathing 
133.344,0.492,M9_rr,Metronomic Breathing,Fixed-Rate Breathing 
133.86,0.516,M9_rr,Metronomic Breathing,Fixed-Rate Breathing 
134.368,0.508,M9_rr,Metronomic Breathing,Fixed-Rate Breathing 
134.856,0.488,M9_rr,Metronomic Breathing,Fixed-Rate Breathing 
135.368,0.512,M9_rr,Metronomic Breathing,Fixed-Rate Breathing 
135.86,0.492,M9_rr,Metronomic Breathing,Fixed-Rate Breathing 
136.32,0.46,M9_rr,Metronomic Breathing,Fixed-Rate Breathing 
136.772,0.452,M9_rr,Metronomic Breathing,Fixed-Rate Breathing 
137.24,0.468,M9_rr,Metronomic Breathing,Fixed-Rate Breathing 
137.74,0.5,M9_rr,Metronomic Breathing,Fixed-Rate Breathing 
138.232,0.492,M9_rr,Metronomic Breathing,Fixed-Rate Breathing 
138.7,0.468,M9_rr,Metronomic Breathing,Fixed-Rate Breathing 
139.152,0.452,M9_rr,Metronomic Breathing,Fixed-Rate Breathing 
139.632,0.48,M9_rr,Metronomic Breathing,Fixed-Rate Breathing 
140.128,0.496,M9_rr,Metronomic Breathing,Fixed-Rate Breathing 
140.592,0.464,M9_rr,Metronomic Breathing,Fixed-Rate Breathing 
141.052,0.46,M9_rr,Metronomic Breathing,Fixed-Rate Breathing 
141.532,0.48,M9_rr,Metronomic Breathing,Fixed-Rate Breathing 
142.032,0.5,M9_rr,Metronomic Breathing,Fixed-Rate Breathing 
142.524,0.492,M9_rr,Metronomic Breathing,Fixed-Rate Breathing 
142.98,0.456,M9_rr,Metronomic Breathing,Fixed-Rate Breathing 
143.44,0.46,M9_rr,Metronomic Breathing,Fixed-Rate Breathing 
143.908,0.468,M9_rr,Metronomic Breathing,Fixed-Rate Breathing 
144.4,0.492,M9_rr,Metronomic Breathing,Fixed-Rate Breathing 
144.92,0.52,M9_rr,Metronomic Breathing,Fixed-Rate Breathing 
145.384,0.464,M9_rr,Metronomic Breathing,Fixed-Rate Breathing 
145.88,0.496,M9_rr,Metronomic Breathing,Fixed-Rate Breathing 
146.384,0.504,M9_rr,Metronomic Breathing,Fixed-Rate Breathing 
146.9,0.516,M9_rr,Metronomic Breathing,Fixed-Rate Breathing 
147.396,0.496,M9_rr,Metronomic Breathing,Fixed-Rate Breathing 
147.88,0.484,M9_rr,Metronomic Breathing,Fixed-Rate Breathing 
148.384,0.504,M9_rr,Metronomic Breathing,Fixed-Rate Breathing 
148.896,0.512,M9_rr,Metronomic Breathing,Fixed-Rate Breathing 
149.372,0.476,M9_rr,Metronomic Breathing,Fixed-Rate Breathing 
149.868,0.496,M9_rr,Metronomic Breathing,Fixed-Rate Breathing 
150.372,0.504,M9_rr,Metronomic Breathing,Fixed-Rate Breathing 
150.86,0.488,M9_rr,Metronomic Breathing,Fixed-Rate Breathing 
151.336,0.476,M9_rr,Metronomic Breathing,Fixed-Rate Breathing 
151.836,0.5,M9_rr,Metronomic Breathing,Fixed-Rate Breathing 
152.368,0.532,M9_rr,Metronomic Breathing,Fixed-Rate Breathing 
152.908,0.54,M9_rr,Metronomic Breathing,Fixed-Rate Breathing 
153.42,0.512,M9_rr,Metronomic Breathing,Fixed-Rate Breathing 
153.896,0.476,M9_rr,Metronomic Breathing,Fixed-Rate Breathing 
154.388,0.492,M9_rr,Metronomic Breathing,Fixed-Rate Breathing 
154.888,0.5,M9_rr,Metronomic Breathing,Fixed-Rate Breathing 
155.384,0.496,M9_rr,Metronomic Breathing,Fixed-Rate Breathing 
155.848,0.464,M9_rr,Metronomic Breathing,Fixed-Rate Breathing 
156.344,0.496,M9_rr,Metronomic Breathing,Fixed-Rate Breathing 
156.856,0.512,M9_rr,Metronomic Breathing,Fixed-Rate Breathing 
157.372,0.516,M9_rr,Metronomic Breathing,Fixed-Rate Breathing 
157.88,0.508,M9_rr,Metronomic Breathing,Fixed-Rate Breathing 
158.376,0.496,M9_rr,Metronomic Breathing,Fixed-Rate Breathing 
158.88,0.504,M9_rr,Metronomic Breathing,Fixed-Rate Breathing 
159.38,0.5,M9_rr,Metronomic Breathing,Fixed-Rate Breathing 
159.848,0.468,M9_rr,Metronomic Breathing,Fixed-Rate Breathing 
160.316,0.468,M9_rr,Metronomic Breathing,Fixed-Rate Breathing 
160.82,0.504,M9_rr,Metronomic Breathing,Fixed-Rate Breathing 
161.328,0.508,M9_rr,Metronomic Breathing,Fixed-Rate Breathing 
161.804,0.476,M9_rr,Metronomic Breathing,Fixed-Rate Breathing 
162.292,0.488,M9_rr,Metronomic Breathing,Fixed-Rate Breathing 
162.796,0.504,M9_rr,Metronomic Breathing,Fixed-Rate Breathing 
163.296,0.5,M9_rr,Metronomic Breathing,Fixed-Rate Breathing 
163.756,0.46,M9_rr,Metronomic Breathing,Fixed-Rate Breathing 
164.252,0.496,M9_rr,Metronomic Breathing,Fixed-Rate Breathing 
164.788,0.536,M9_rr,Metronomic Breathing,Fixed-Rate Breathing 
165.336,0.548,M9_rr,Metronomic Breathing,Fixed-Rate Breathing 
165.872,0.536,M9_rr,Metronomic Breathing,Fixed-Rate Breathing 
166.384,0.512,M9_rr,Metronomic Breathing,Fixed-Rate Breathing 
166.884,0.5,M9_rr,Metronomic Breathing,Fixed-Rate Breathing 
167.388,0.504,M9_rr,Metronomic Breathing,Fixed-Rate Breathing 
167.884,0.496,M9_rr,Metronomic Breathing,Fixed-Rate Breathing 
168.368,0.484,M9_rr,Metronomic Breathing,Fixed-Rate Breathing 
168.836,0.468,M9_rr,Metronomic Breathing,Fixed-Rate Breathing 
169.336,0.5,M9_rr,Metronomic Breathing,Fixed-Rate Breathing 
169.88,0.544,M9_rr,Metronomic Breathing,Fixed-Rate Breathing 
170.436,0.556,M9_rr,Metronomic Breathing,Fixed-Rate Breathing 
170.952,0.516,M9_rr,Metronomic Breathing,Fixed-Rate Breathing 
171.488,0.536,M9_rr,Metronomic Breathing,Fixed-Rate Breathing 
172.0,0.512,M9_rr,Metronomic Breathing,Fixed-Rate Breathing 
172.484,0.484,M9_rr,Metronomic Breathing,Fixed-Rate Breathing 
172.984,0.5,M9_rr,Metronomic Breathing,Fixed-Rate Breathing 
173.512,0.528,M9_rr,Metronomic Breathing,Fixed-Rate Breathing 
174.04,0.528,M9_rr,Metronomic Breathing,Fixed-Rate Breathing 
174.564,0.524,M9_rr,Metronomic Breathing,Fixed-Rate Breathing 
175.108,0.544,M9_rr,Metronomic Breathing,Fixed-Rate Breathing 
175.62,0.512,M9_rr,Metronomic Breathing,Fixed-Rate Breathing 
176.136,0.516,M9_rr,Metronomic Breathing,Fixed-Rate Breathing 
176.632,0.496,M9_rr,Metronomic Breathing,Fixed-Rate Breathing 
177.128,0.496,M9_rr,Metronomic Breathing,Fixed-Rate Breathing 
177.656,0.528,M9_rr,Metronomic Breathing,Fixed-Rate Breathing 
178.224,0.568,M9_rr,Metronomic Breathing,Fixed-Rate Breathing 
178.808,0.584,M9_rr,Metronomic Breathing,Fixed-Rate Breathing 
179.324,0.516,M9_rr,Metronomic Breathing,Fixed-Rate Breathing 
179.844,0.52,M9_rr,Metronomic Breathing,Fixed-Rate Breathing 
180.372,0.528,M9_rr,Metronomic Breathing,Fixed-Rate Breathing 
180.844,0.472,M9_rr,Metronomic Breathing,Fixed-Rate Breathing 
181.348,0.504,M9_rr,Metronomic Breathing,Fixed-Rate Breathing 
181.888,0.54,M9_rr,Metronomic Breathing,Fixed-Rate Breathing 
182.424,0.536,M9_rr,Metronomic Breathing,Fixed-Rate Breathing 
182.94,0.516,M9_rr,Metronomic Breathing,Fixed-Rate Breathing 
183.488,0.548,M9_rr,Metronomic Breathing,Fixed-Rate Breathing 
184.044,0.556,M9_rr,Metronomic Breathing,Fixed-Rate Breathing 
184.58,0.536,M9_rr,Metronomic Breathing,Fixed-Rate Breathing 
185.028,0.448,M9_rr,Metronomic Breathing,Fixed-Rate Breathing 
185.472,0.444,M9_rr,Metronomic Breathing,Fixed-Rate Breathing 
185.92,0.448,M9_rr,Metronomic Breathing,Fixed-Rate Breathing 
186.384,0.464,M9_rr,Metronomic Breathing,Fixed-Rate Breathing 
186.856,0.472,M9_rr,Metronomic Breathing,Fixed-Rate Breathing 
187.3,0.444,M9_rr,Metronomic Breathing,Fixed-Rate Breathing 
187.784,0.484,M9_rr,Metronomic Breathing,Fixed-Rate Breathing 
188.288,0.504,M9_rr,Metronomic Breathing,Fixed-Rate Breathing 
188.76,0.472,M9_rr,Metronomic Breathing,Fixed-Rate Breathing 
189.232,0.472,M9_rr,Metronomic Breathing,Fixed-Rate Breathing 
189.724,0.492,M9_rr,Metronomic Breathing,Fixed-Rate Breathing 
190.192,0.468,M9_rr,Metronomic Breathing,Fixed-Rate Breathing 
190.648,0.456,M9_rr,Metronomic Breathing,Fixed-Rate Breathing 
191.076,0.428,M9_rr,Metronomic Breathing,Fixed-Rate Breathing 
191.508,0.432,M9_rr,Metronomic Breathing,Fixed-Rate Breathing 
191.952,0.444,M9_rr,Metronomic Breathing,Fixed-Rate Breathing 
192.416,0.464,M9_rr,Metronomic Breathing,Fixed-Rate Breathing 
192.916,0.5,M9_rr,Metronomic Breathing,Fixed-Rate Breathing 
193.408,0.492,M9_rr,Metronomic Breathing,Fixed-Rate Breathing 
193.888,0.48,M9_rr,Metronomic Breathing,Fixed-Rate Breathing 
194.372,0.484,M9_rr,Metronomic Breathing,Fixed-Rate Breathing 
194.868,0.496,M9_rr,Metronomic Breathing,Fixed-Rate Breathing 
195.344,0.476,M9_rr,Metronomic Breathing,Fixed-Rate Breathing 
195.792,0.448,M9_rr,Metronomic Breathing,Fixed-Rate Breathing 
196.284,0.492,M9_rr,Metronomic Breathing,Fixed-Rate Breathing 
196.8,0.516,M9_rr,Metronomic Breathing,Fixed-Rate Breathing 
197.308,0.508,M9_rr,Metronomic Breathing,Fixed-Rate Breathing 
197.792,0.484,M9_rr,Metronomic Breathing,Fixed-Rate Breathing 
198.308,0.516,M9_rr,Metronomic Breathing,Fixed-Rate Breathing 
198.836,0.528,M9_rr,Metronomic Breathing,Fixed-Rate Breathing 
199.348,0.512,M9_rr,Metronomic Breathing,Fixed-Rate Breathing 
199.828,0.48,M9_rr,Metronomic Breathing,Fixed-Rate Breathing 
200.324,0.496,M9_rr,Metronomic Breathing,Fixed-Rate Breathing 
200.832,0.508,M9_rr,Metronomic Breathing,Fixed-Rate Breathing 
201.352,0.52,M9_rr,Metronomic Breathing,Fixed-Rate Breathing 
201.84,0.488,M9_rr,Metronomic Breathing,Fixed-Rate Breathing 
202.348,0.508,M9_rr,Metronomic Breathing,Fixed-Rate Breathing 
202.88,0.532,M9_rr,Metronomic Breathing,Fixed-Rate Breathing 
203.404,0.524,M9_rr,Metronomic Breathing,Fixed-Rate Breathing 
203.916,0.512,M9_rr,Metronomic Breathing,Fixed-Rate Breathing 
204.448,0.532,M9_rr,Metronomic Breathing,Fixed-Rate Breathing 
204.984,0.536,M9_rr,Metronomic Breathing,Fixed-Rate Breathing 
205.5,0.516,M9_rr,Metronomic Breathing,Fixed-Rate Breathing 
205.972,0.472,M9_rr,Metronomic Breathing,Fixed-Rate Breathing 
206.432,0.46,M9_rr,Metronomic Breathing,Fixed-Rate Breathing 
206.916,0.484,M9_rr,Metronomic Breathing,Fixed-Rate Breathing 
207.448,0.532,M9_rr,Metronomic Breathing,Fixed-Rate Breathing 
207.956,0.508,M9_rr,Metronomic Breathing,Fixed-Rate Breathing 
208.424,0.468,M9_rr,Metronomic Breathing,Fixed-Rate Breathing 
208.928,0.504,M9_rr,Metronomic Breathing,Fixed-Rate Breathing 
209.452,0.524,M9_rr,Metronomic Breathing,Fixed-Rate Breathing 
209.964,0.512,M9_rr,Metronomic Breathing,Fixed-Rate Breathing 
210.452,0.488,M9_rr,Metronomic Breathing,Fixed-Rate Breathing 
210.96,0.508,M9_rr,Metronomic Breathing,Fixed-Rate Breathing 
211.476,0.516,M9_rr,Metronomic Breathing,Fixed-Rate Breathing 
211.972,0.496,M9_rr,Metronomic Breathing,Fixed-Rate Breathing 
212.444,0.472,M9_rr,Metronomic Breathing,Fixed-Rate Breathing 
212.936,0.492,M9_rr,Metronomic Breathing,Fixed-Rate Breathing 
213.46,0.524,M9_rr,Metronomic Breathing,Fixed-Rate Breathing 
213.988,0.528,M9_rr,Metronomic Breathing,Fixed-Rate Breathing 
214.504,0.516,M9_rr,Metronomic Breathing,Fixed-Rate Breathing 
215.032,0.528,M9_rr,Metronomic Breathing,Fixed-Rate Breathing 
215.576,0.544,M9_rr,Metronomic Breathing,Fixed-Rate Breathing 
216.096,0.52,M9_rr,Metronomic Breathing,Fixed-Rate Breathing 
216.596,0.5,M9_rr,Metronomic Breathing,Fixed-Rate Breathing 
217.116,0.52,M9_rr,Metronomic Breathing,Fixed-Rate Breathing 
217.644,0.528,M9_rr,Metronomic Breathing,Fixed-Rate Breathing 
218.148,0.504,M9_rr,Metronomic Breathing,Fixed-Rate Breathing 
218.664,0.516,M9_rr,Metronomic Breathing,Fixed-Rate Breathing 
219.184,0.52,M9_rr,Metronomic Breathing,Fixed-Rate Breathing 
219.708,0.524,M9_rr,Metronomic Breathing,Fixed-Rate Breathing 
220.224,0.516,M9_rr,Metronomic Breathing,Fixed-Rate Breathing 
220.7,0.476,M9_rr,Metronomic Breathing,Fixed-Rate Breathing 
221.212,0.512,M9_rr,Metronomic Breathing,Fixed-Rate Breathing 
221.74,0.528,M9_rr,Metronomic Breathing,Fixed-Rate Breathing 
222.276,0.536,M9_rr,Metronomic Breathing,Fixed-Rate Breathing 
222.792,0.516,M9_rr,Metronomic Breathing,Fixed-Rate Breathing 
223.268,0.476,M9_rr,Metronomic Breathing,Fixed-Rate Breathing 
223.768,0.5,M9_rr,Metronomic Breathing,Fixed-Rate Breathing 
224.284,0.516,M9_rr,Metronomic Breathing,Fixed-Rate Breathing 
224.76,0.476,M9_rr,Metronomic Breathing,Fixed-Rate Breathing 
225.268,0.508,M9_rr,Metronomic Breathing,Fixed-Rate Breathing 
225.764,0.496,M9_rr,Metronomic Breathing,Fixed-Rate Breathing 
226.248,0.484,M9_rr,Metronomic Breathing,Fixed-Rate Breathing 
226.724,0.476,M9_rr,Metronomic Breathing,Fixed-Rate Breathing 
227.156,0.432,M9_rr,Metronomic Breathing,Fixed-Rate Breathing 
227.588,0.432,M9_rr,Metronomic Breathing,Fixed-Rate Breathing 
228.028,0.44,M9_rr,Metronomic Breathing,Fixed-Rate Breathing 
228.48,0.452,M9_rr,Metronomic Breathing,Fixed-Rate Breathing 
228.92,0.44,M9_rr,Metronomic Breathing,Fixed-Rate Breathing 
229.324,0.404,M9_rr,Metronomic Breathing,Fixed-Rate Breathing 
229.74,0.416,M9_rr,Metronomic Breathing,Fixed-Rate Breathing 
230.148,0.408,M9_rr,Metronomic Breathing,Fixed-Rate Breathing 
230.552,0.404,M9_rr,Metronomic Breathing,Fixed-Rate Breathing 
230.944,0.392,M9_rr,Metronomic Breathing,Fixed-Rate Breathing 
231.304,0.36,M9_rr,Metronomic Breathing,Fixed-Rate Breathing 
231.684,0.38,M9_rr,Metronomic Breathing,Fixed-Rate Breathing 
232.064,0.38,M9_rr,Metronomic Breathing,Fixed-Rate Breathing 
232.492,0.428,M9_rr,Metronomic Breathing,Fixed-Rate Breathing 
232.924,0.432,M9_rr,Metronomic Breathing,Fixed-Rate Breathing 
233.396,0.472,M9_rr,Metronomic Breathing,Fixed-Rate Breathing 
233.936,0.54,M9_rr,Metronomic Breathing,Fixed-Rate Breathing 
234.484,0.548,M9_rr,Metronomic Breathing,Fixed-Rate Breathing 
234.972,0.488,M9_rr,Metronomic Breathing,Fixed-Rate Breathing 
235.464,0.492,M9_rr,Metronomic Breathing,Fixed-Rate Breathing 
235.976,0.512,M9_rr,Metronomic Breathing,Fixed-Rate Breathing 
236.496,0.52,M9_rr,Metronomic Breathing,Fixed-Rate Breathing 
237.0,0.504,M9_rr,Metronomic Breathing,Fixed-Rate Breathing 
237.476,0.476,M9_rr,Metronomic Breathing,Fixed-Rate Breathing 
237.976,0.5,M9_rr,Metronomic Breathing,Fixed-Rate Breathing 
238.48,0.504,M9_rr,Metronomic Breathing,Fixed-Rate Breathing 
238.984,0.504,M9_rr,Metronomic Breathing,Fixed-Rate Breathing 
239.464,0.48,M9_rr,Metronomic Breathing,Fixed-Rate Breathing 
239.976,0.512,M9_rr,Metronomic Breathing,Fixed-Rate Breathing 
240.52,0.544,M9_rr,Metronomic Breathing,Fixed-Rate Breathing 
241.088,0.568,M9_rr,Metronomic Breathing,Fixed-Rate Breathing 
241.612,0.524,M9_rr,Metronomic Breathing,Fixed-Rate Breathing 
242.124,0.512,M9_rr,Metronomic Breathing,Fixed-Rate Breathing 
242.66,0.536,M9_rr,Metronomic Breathing,Fixed-Rate Breathing 
243.2,0.54,M9_rr,Metronomic Breathing,Fixed-Rate Breathing 
243.688,0.488,M9_rr,Metronomic Breathing,Fixed-Rate Breathing 
244.188,0.5,M9_rr,Metronomic Breathing,Fixed-Rate Breathing 
244.688,0.5,M9_rr,Metronomic Breathing,Fixed-Rate Breathing 
245.168,0.48,M9_rr,Metronomic Breathing,Fixed-Rate Breathing 
245.604,0.436,M9_rr,Metronomic Breathing,Fixed-Rate Breathing 
246.056,0.452,M9_rr,Metronomic Breathing,Fixed-Rate Breathing 
246.536,0.48,M9_rr,Metronomic Breathing,Fixed-Rate Breathing 
247.048,0.512,M9_rr,Metronomic Breathing,Fixed-Rate Breathing 
247.556,0.508,M9_rr,Metronomic Breathing,Fixed-Rate Breathing 
248.004,0.448,M9_rr,Metronomic Breathing,Fixed-Rate Breathing 
248.448,0.444,M9_rr,Metronomic Breathing,Fixed-Rate Breathing 
248.9,0.452,M9_rr,Metronomic Breathing,Fixed-Rate Breathing 
249.368,0.468,M9_rr,Metronomic Breathing,Fixed-Rate Breathing 
249.82,0.452,M9_rr,Metronomic Breathing,Fixed-Rate Breathing 
250.288,0.468,M9_rr,Metronomic Breathing,Fixed-Rate Breathing 
250.732,0.444,M9_rr,Metronomic Breathing,Fixed-Rate Breathing 
251.14,0.408,M9_rr,Metronomic Breathing,Fixed-Rate Breathing 
251.552,0.412,M9_rr,Metronomic Breathing,Fixed-Rate Breathing 
251.976,0.424,M9_rr,Metronomic Breathing,Fixed-Rate Breathing 
252.432,0.456,M9_rr,Metronomic Breathing,Fixed-Rate Breathing 
252.924,0.492,M9_rr,Metronomic Breathing,Fixed-Rate Breathing 
253.436,0.512,M9_rr,Metronomic Breathing,Fixed-Rate Breathing 
253.948,0.512,M9_rr,Metronomic Breathing,Fixed-Rate Breathing 
254.44,0.492,M9_rr,Metronomic Breathing,Fixed-Rate Breathing 
254.956,0.516,M9_rr,Metronomic Breathing,Fixed-Rate Breathing 
255.472,0.516,M9_rr,Metronomic Breathing,Fixed-Rate Breathing 
255.984,0.512,M9_rr,Metronomic Breathing,Fixed-Rate Breathing 
256.456,0.472,M9_rr,Metronomic Breathing,Fixed-Rate Breathing 
256.92,0.464,M9_rr,Metronomic Breathing,Fixed-Rate Breathing 
257.408,0.488,M9_rr,Metronomic Breathing,Fixed-Rate Breathing 
257.928,0.52,M9_rr,Metronomic Breathing,Fixed-Rate Breathing 
258.44,0.512,M9_rr,Metronomic Breathing,Fixed-Rate Breathing 
258.912,0.472,M9_rr,Metronomic Breathing,Fixed-Rate Breathing 
259.428,0.516,M9_rr,Metronomic Breathing,Fixed-Rate Breathing 
259.972,0.544,M9_rr,Metronomic Breathing,Fixed-Rate Breathing 
260.536,0.564,M9_rr,Metronomic Breathing,Fixed-Rate Breathing 
261.024,0.488,M9_rr,Metronomic Breathing,Fixed-Rate Breathing 
261.524,0.5,M9_rr,Metronomic Breathing,Fixed-Rate Breathing 
262.028,0.504,M9_rr,Metronomic Breathing,Fixed-Rate Breathing 
262.512,0.484,M9_rr,Metronomic Breathing,Fixed-Rate Breathing 
262.964,0.452,M9_rr,Metronomic Breathing,Fixed-Rate Breathing 
263.428,0.464,M9_rr,Metronomic Breathing,Fixed-Rate Breathing 
263.892,0.464,M9_rr,Metronomic Breathing,Fixed-Rate Breathing 
264.348,0.456,M9_rr,Metronomic Breathing,Fixed-Rate Breathing 
264.784,0.436,M9_rr,Metronomic Breathing,Fixed-Rate Breathing 
265.248,0.464,M9_rr,Metronomic Breathing,Fixed-Rate Breathing 
265.748,0.5,M9_rr,Metronomic Breathing,Fixed-Rate Breathing 
266.248,0.5,M9_rr,Metronomic Breathing,Fixed-Rate Breathing 
266.728,0.48,M9_rr,Metronomic Breathing,Fixed-Rate Breathing 
267.232,0.504,M9_rr,Metronomic Breathing,Fixed-Rate Breathing 
267.672,0.44,M9_rr,Metronomic Breathing,Fixed-Rate Breathing 
268.128,0.456,M9_rr,Metronomic Breathing,Fixed-Rate Breathing 
268.592,0.464,M9_rr,Metronomic Breathing,Fixed-Rate Breathing 
269.036,0.444,M9_rr,Metronomic Breathing,Fixed-Rate Breathing 
269.528,0.492,M9_rr,Metronomic Breathing,Fixed-Rate Breathing 
270.052,0.524,M9_rr,Metronomic Breathing,Fixed-Rate Breathing 
270.584,0.532,M9_rr,Metronomic Breathing,Fixed-Rate Breathing 
271.08,0.496,M9_rr,Metronomic Breathing,Fixed-Rate Breathing 
271.572,0.492,M9_rr,Metronomic Breathing,Fixed-Rate Breathing 
272.112,0.54,M9_rr,Metronomic Breathing,Fixed-Rate Breathing 
272.648,0.536,M9_rr,Metronomic Breathing,Fixed-Rate Breathing 
273.132,0.484,M9_rr,Metronomic Breathing,Fixed-Rate Breathing 
273.64,0.508,M9_rr,Metronomic Breathing,Fixed-Rate Breathing 
274.156,0.516,M9_rr,Metronomic Breathing,Fixed-Rate Breathing 
274.676,0.52,M9_rr,Metronomic Breathing,Fixed-Rate Breathing 
275.148,0.472,M9_rr,Metronomic Breathing,Fixed-Rate Breathing 
275.644,0.496,M9_rr,Metronomic Breathing,Fixed-Rate Breathing 
276.16,0.516,M9_rr,Metronomic Breathing,Fixed-Rate Breathing 
276.7,0.54,M9_rr,Metronomic Breathing,Fixed-Rate Breathing 
277.2,0.5,M9_rr,Metronomic Breathing,Fixed-Rate Breathing 
277.708,0.508,M9_rr,Metronomic Breathing,Fixed-Rate Breathing 
278.192,0.484,M9_rr,Metronomic Breathing,Fixed-Rate Breathing 
278.676,0.484,M9_rr,Metronomic Breathing,Fixed-Rate Breathing 
279.164,0.488,M9_rr,Metronomic Breathing,Fixed-Rate Breathing 
279.6,0.436,M9_rr,Metronomic Breathing,Fixed-Rate Breathing 
280.016,0.416,M9_rr,Metronomic Breathing,Fixed-Rate Breathing 
280.428,0.412,M9_rr,Metronomic Breathing,Fixed-Rate Breathing 
280.844,0.416,M9_rr,Metronomic Breathing,Fixed-Rate Breathing 
281.244,0.4,M9_rr,Metronomic Breathing,Fixed-Rate Breathing 
281.64,0.396,M9_rr,Metronomic Breathing,Fixed-Rate Breathing 
282.016,0.376,M9_rr,Metronomic Breathing,Fixed-Rate Breathing 
282.412,0.396,M9_rr,Metronomic Breathing,Fixed-Rate Breathing 
282.828,0.416,M9_rr,Metronomic Breathing,Fixed-Rate Breathing 
283.272,0.444,M9_rr,Metronomic Breathing,Fixed-Rate Breathing 
283.728,0.456,M9_rr,Metronomic Breathing,Fixed-Rate Breathing 
284.148,0.42,M9_rr,Metronomic Breathing,Fixed-Rate Breathing 
284.612,0.464,M9_rr,Metronomic Breathing,Fixed-Rate Breathing 
285.128,0.516,M9_rr,Metronomic Breathing,Fixed-Rate Breathing 
285.608,0.48,M9_rr,Metronomic Breathing,Fixed-Rate Breathing 
286.1,0.492,M9_rr,Metronomic Breathing,Fixed-Rate Breathing 
286.62,0.52,M9_rr,Metronomic Breathing,Fixed-Rate Breathing 
287.148,0.528,M9_rr,Metronomic Breathing,Fixed-Rate Breathing 
287.608,0.46,M9_rr,Metronomic Breathing,Fixed-Rate Breathing 
288.036,0.428,M9_rr,Metronomic Breathing,Fixed-Rate Breathing 
288.452,0.416,M9_rr,Metronomic Breathing,Fixed-Rate Breathing 
288.864,0.412,M9_rr,Metronomic Breathing,Fixed-Rate Breathing 
289.276,0.412,M9_rr,Metronomic Breathing,Fixed-Rate Breathing 
289.688,0.412,M9_rr,Metronomic Breathing,Fixed-Rate Breathing 
290.072,0.384,M9_rr,Metronomic Breathing,Fixed-Rate Breathing 
290.492,0.42,M9_rr,Metronomic Breathing,Fixed-Rate Breathing 
290.94,0.448,M9_rr,Metronomic Breathing,Fixed-Rate Breathing 
291.364,0.424,M9_rr,Metronomic Breathing,Fixed-Rate Breathing 
291.816,0.452,M9_rr,Metronomic Breathing,Fixed-Rate Breathing 
292.288,0.472,M9_rr,Metronomic Breathing,Fixed-Rate Breathing 
292.772,0.484,M9_rr,Metronomic Breathing,Fixed-Rate Breathing 
293.26,0.488,M9_rr,Metronomic Breathing,Fixed-Rate Breathing 
293.768,0.508,M9_rr,Metronomic Breathing,Fixed-Rate Breathing 
294.232,0.464,M9_rr,Metronomic Breathing,Fixed-Rate Breathing 
294.664,0.432,M9_rr,Metronomic Breathing,Fixed-Rate Breathing 
295.128,0.464,M9_rr,Metronomic Breathing,Fixed-Rate Breathing 
295.64,0.512,M9_rr,Metronomic Breathing,Fixed-Rate Breathing 
296.132,0.492,M9_rr,Metronomic Breathing,Fixed-Rate Breathing 
296.64,0.508,M9_rr,Metronomic Breathing,Fixed-Rate Breathing 
297.148,0.508,M9_rr,Metronomic Breathing,Fixed-Rate Breathing 
297.624,0.476,M9_rr,Metronomic Breathing,Fixed-Rate Breathing 
298.036,0.412,M9_rr,Metronomic Breathing,Fixed-Rate Breathing 
298.472,0.436,M9_rr,Metronomic Breathing,Fixed-Rate Breathing 
298.968,0.496,M9_rr,Metronomic Breathing,Fixed-Rate Breathing 
299.528,0.56,M9_rr,Metronomic Breathing,Fixed-Rate Breathing 
300.092,0.564,M9_rr,Metronomic Breathing,Fixed-Rate Breathing 
300.624,0.532,M9_rr,Metronomic Breathing,Fixed-Rate Breathing 
301.168,0.544,M9_rr,Metronomic Breathing,Fixed-Rate Breathing 
301.68,0.512,M9_rr,Metronomic Breathing,Fixed-Rate Breathing 
302.224,0.544,M9_rr,Metronomic Breathing,Fixed-Rate Breathing 
302.744,0.52,M9_rr,Metronomic Breathing,Fixed-Rate Breathing 
303.272,0.528,M9_rr,Metronomic Breathing,Fixed-Rate Breathing 
303.816,0.544,M9_rr,Metronomic Breathing,Fixed-Rate Breathing 
304.344,0.528,M9_rr,Metronomic Breathing,Fixed-Rate Breathing 
304.872,0.528,M9_rr,Metronomic Breathing,Fixed-Rate Breathing 
305.388,0.516,M9_rr,Metronomic Breathing,Fixed-Rate Breathing 
305.888,0.5,M9_rr,Metronomic Breathing,Fixed-Rate Breathing 
306.42,0.532,M9_rr,Metronomic Breathing,Fixed-Rate Breathing 
