Time,RR_Interval,Subject,Group,State
0.932,0.476,M10_rr,Metronomic Breathing,Fixed-Rate Breathing 
1.38,0.448,M10_rr,Metronomic Breathing,Fixed-Rate Breathing 
1.816,0.436,M10_rr,Metronomic Breathing,Fixed-Rate Breathing 
2.296,0.48,M10_rr,Metronomic Breathing,Fixed-Rate Breathing 
2.776,0.48,M10_rr,Metronomic Breathing,Fixed-Rate Breathing 
3.264,0.488,M10_rr,Metronomic Breathing,Fixed-Rate Breathing 
3.716,0.452,M10_rr,Metronomic Breathing,Fixed-Rate Breathing 
4.16,0.444,M10_rr,Metronomic Breathing,Fixed-Rate Breathing 
4.584,0.424,M10_rr,Metronomic Breathing,Fixed-Rate Breathing 
4.984,0.4,M10_rr,Metronomic Breathing,Fixed-Rate Breathing 
5.36,0.376,M10_rr,Metronomic Breathing,Fixed-Rate Breathing 
5.748,0.388,M10_rr,Metronomic Breathing,Fixed-Rate Breathing 
6.128,0.38,M10_rr,Metronomic Breathing,Fixed-Rate Breathing 
6.556,0.428,M10_rr,Metronomic Breathing,Fixed-Rate Breathing 
7.004,0.448,M10_rr,Metronomic Breathing,Fixed-Rate Breathing 
7.456,0.452,M10_rr,Metronomic Breathing,Fixed-Rate Breathing 
7.872,0.416,M10_rr,Metronomic Breathing,Fixed-Rate Breathing 
8.292,0.42,M10_rr,Metronomic Breathing,Fixed-Rate Breathing 
8.736,0.444,M10_rr,Metronomic Breathing,Fixed-Rate Breathing 
9.18,0.444,M10_rr,Metronomic Breathing,Fixed-Rate Breathing 
9.592,0.412,M10_rr,Metronomic Breathing,Fixed-Rate Breathing 
9.976,0.384,M10_rr,Metronomic Breathing,Fixed-Rate Breathing 
10.356,0.38,M10_rr,Metronomic Breathing,Fixed-Rate Breathing 
10.728,0.372,M10_rr,Metronomic Breathing,Fixed-Rate Breathing 
11.124,0.396,M10_rr,Metronomic Breathing,Fixed-Rate Breathing 
11.58,0.456,M10_rr,Metronomic Breathing,Fixed-Rate Breathing 
12.06,0.48,M10_rr,Metronomic Breathing,Fixed-Rate Breathing 
12.552,0.492,M10_rr,Metronomic Breathing,Fixed-Rate Breathing 
12.98,0.428,M10_rr,Metronomic Breathing,Fixed-Rate Breathing 
13.388,0.408,M10_rr,Metronomic Breathing,Fixed-Rate Breathing 
13.792,0.404,M10_rr,Metronomic Breathing,Fixed-Rate Breathing 
14.216,0.424,M10_rr,Metronomic Breathing,Fixed-Rate Breathing 
14.7,0.484,M10_rr,Metronomic Breathing,Fixed-Rate Breathing 
15.204,0.504,M10_rr,Metronomic Breathing,Fixed-Rate Breathing 
15.704,0.5,M10_rr,Metronomic Breathing,Fixed-Rate Breathing 
16.204,0.5,M10_rr,Metronomic Breathing,Fixed-Rate Breathing 
16.668,0.464,M10_rr,Metronomic Breathing,Fixed-Rate Breathing 
17.108,0.44,M10_rr,Metronomic Breathing,Fixed-Rate Breathing 
17.552,0.444,M10_rr,Metronomic Breathing,Fixed-Rate Breathing 
18.02,0.468,M10_rr,Metronomic Breathing,Fixed-Rate Breathing 
18.48,0.46,M10_rr,Metronomic Breathing,Fixed-Rate Breathing 
18.9,0.42,M10_rr,Metronomic Breathing,Fixed-Rate Breathing 
19.32,0.42,M10_rr,Metronomic Breathing,Fixed-Rate Breathing 
19.784,0.464,M10_rr,Metronomic Breathing,Fixed-Rate Breathing 
20.272,0.488,M10_rr,Metronomic Breathing,Fixed-Rate Breathing 
20.728,0.456,M10_rr,Metronomic Breathing,Fixed-Rate Breathing 
21.152,0.424,M10_rr,Metronomic Breathing,Fixed-Rate Breathing 
21.624,0.472,M10_rr,Metronomic Breathing,Fixed-Rate Breathing 
22.116,0.492,M10_rr,Metronomic Breathing,Fixed-Rate Breathing 
22.592,0.476,M10_rr,Metronomic Breathing,Fixed-Rate Breathing 
23.028,0.436,M10_rr,Metronomic Breathing,Fixed-Rate Breathing 
23.456,0.428,M10_rr,Metronomic Breathing,Fixed-Rate Breathing 
23.932,0.476,M10_rr,Metronomic Breathing,Fixed-Rate Breathing 
24.432,0.5,M10_rr,Metronomic Breathing,Fixed-Rate Breathing 
24.924,0.492,M10_rr,Metronomic Breathing,Fixed-Rate Breathing 
25.408,0.484,M10_rr,Metronomic Breathing,Fixed-Rate Breathing 
25.896,0.488,M10_rr,Metronomic Breathing,Fixed-Rate Breathing 
26.408,0.512,M10_rr,Metronomic Breathing,Fixed-Rate Breathing 
26.908,0.5,M10_rr,Metronomic Breathing,Fixed-Rate Breathing 
27.376,0.468,M10_rr,Metronomic Breathing,Fixed-Rate Breathing 
27.848,0.472,M10_rr,Metronomic Breathing,Fixed-Rate Breathing 
28.34,0.492,M10_rr,Metronomic Breathing,Fixed-Rate Breathing 
28.828,0.488,M10_rr,Metronomic Breathing,Fixed-Rate Breathing 
29.312,0.484,M10_rr,Metronomic Breathing,Fixed-Rate Breathing 
29.8,0.488,M10_rr,Metronomic Breathing,Fixed-Rate Breathing 
30.3,0.5,M10_rr,Metronomic Breathing,Fixed-Rate Breathing 
30.788,0.488,M10_rr,Metronomic Breathing,Fixed-Rate Breathing 
31.264,0.476,M10_rr,Metronomic Breathing,Fixed-Rate Breathing 
31.732,0.468,M10_rr,Metronomic Breathing,Fixed-Rate Breathing 
32.228,0.496,M10_rr,Metronomic Breathing,Fixed-Rate Breathing 
32.732,0.504,M10_rr,Metronomic Breathing,Fixed-Rate Breathing 
33.232,0.5,M10_rr,Metronomic Breathing,Fixed-Rate Breathing 
33.732,0.5,M10_rr,Metronomic Breathing,Fixed-Rate Breathing 
34.224,0.492,M10_rr,Metronomic Breathing,Fixed-Rate Breathing 
34.72,0.496,M10_rr,Metronomic Breathing,Fixed-Rate Breathing 
35.208,0.488,M10_rr,Metronomic Breathing,Fixed-Rate Breathing 
35.684,0.476,M10_rr,Metronomic Breathing,Fixed-Rate Breathing 
36.164,0.48,M10_rr,Metronomic Breathing,Fixed-Rate Breathing 
36.656,0.492,M10_rr,Metronomic Breathing,Fixed-Rate Breathing 
37.156,0.5,M10_rr,Metronomic Breathing,Fixed-Rate Breathing 
37.652,0.496,M10_rr,Metronomic Breathing,Fixed-Rate Breathing 
38.136,0.484,M10_rr,Metronomic Breathing,Fixed-Rate Breathing 
38.628,0.492,M10_rr,Metronomic Breathing,Fixed-Rate Breathing 
39.128,0.5,M10_rr,Metronomic Breathing,Fixed-Rate Breathing 
39.62,0.492,M10_rr,Metronomic Breathing,Fixed-Rate Breathing 
40.1,0.48,M10_rr,Metronomic Breathing,Fixed-Rate Breathing 
40.596,0.496,M10_rr,Metronomic Breathing,Fixed-Rate Breathing 
41.088,0.492,M10_rr,Metronomic Breathing,Fixed-Rate Breathing 
41.572,0.484,M10_rr,Metronomic Breathing,Fixed-Rate Breathing 
42.036,0.464,M10_rr,Metronomic Breathing,Fixed-Rate Breathing 
42.512,0.476,M10_rr,Metronomic Breathing,Fixed-Rate Breathing 
42.992,0.48,M10_rr,Metronomic Breathing,Fixed-Rate Breathing 
43.46,0.468,M10_rr,Metronomic Breathing,Fixed-Rate Breathing 
43.92,0.46,M10_rr,Metronomic Breathing,Fixed-Rate Breathing 
44.376,0.456,M10_rr,Metronomic Breathing,Fixed-Rate Breathing 
44.852,0.476,M10_rr,Metronomic Breathing,Fixed-Rate Breathing 
45.34,0.488,M10_rr,Metronomic Breathing,Fixed-Rate Breathing 
45.82,0.48,M10_rr,Metronomic Breathing,Fixed-Rate Breathing 
46.292,0.472,M10_rr,Metronomic Breathing,Fixed-Rate Breathing 
46.772,0.48,M10_rr,Metronomic Breathing,Fixed-Rate Breathing 
47.268,0.496,M10_rr,Metronomic Breathing,Fixed-Rate Breathing 
47.76,0.492,M10_rr,Metronomic Breathing,Fixed-Rate Breathing 
48.244,0.484,M10_rr,Metronomic Breathing,Fixed-Rate Breathing 
48.72,0.476,M10_rr,Metronomic Breathing,Fixed-Rate Breathing 
49.2,0.48,M10_rr,Metronomic Breathing,Fixed-Rate Breathing 
49.68,0.48,M10_rr,Metronomic Breathing,Fixed-Rate Breathing 
50.152,0.472,M10_rr,Metronomic Breathing,Fixed-Rate Breathing 
50.62,0.468,M10_rr,Metronomic Breathing,Fixed-Rate Breathing 
51.096,0.476,M10_rr,Metronomic Breathing,Fixed-Rate Breathing 
51.58,0.484,M10_rr,Metronomic Breathing,Fixed-Rate Breathing 
52.048,0.468,M10_rr,Metronomic Breathing,Fixed-Rate Breathing 
52.512,0.464,M10_rr,Metronomic Breathing,Fixed-Rate Breathing 
52.98,0.468,M10_rr,Metronomic Breathing,Fixed-Rate Breathing 
53.46,0.48,M10_rr,Metronomic Breathing,Fixed-Rate Breathing 
53.936,0.476,M10_rr,Metronomic Breathing,Fixed-Rate Breathing 
54.412,0.476,M10_rr,Metronomic Breathing,Fixed-Rate Breathing 
54.892,0.48,M10_rr,Metronomic Breathing,Fixed-Rate Breathing 
55.38,0.488,M10_rr,Metronomic Breathing,Fixed-Rate Breathing 
55.872,0.492,M10_rr,Metronomic Breathing,Fixed-Rate Breathing 
56.348,0.476,M10_rr,Metronomic Breathing,Fixed-Rate Breathing 
56.804,0.456,M10_rr,Metronomic Breathing,Fixed-Rate Breathing 
57.276,0.472,M10_rr,Metronomic Breathing,Fixed-Rate Breathing 
57.768,0.492,M10_rr,Metronomic Breathing,Fixed-Rate Breathing 
58.26,0.492,M10_rr,Metronomic Breathing,Fixed-Rate Breathing 
58.724,0.464,M10_rr,Metronomic Breathing,Fixed-Rate Breathing 
59.188,0.464,M10_rr,Metronomic Breathing,Fixed-Rate Breathing 
59.676,0.488,M10_rr,Metronomic Breathing,Fixed-Rate Breathing 
60.168,0.492,M10_rr,Metronomic Breathing,Fixed-Rate Breathing 
60.628,0.46,M10_rr,Metronomic Breathing,Fixed-Rate Breathing 
61.084,0.456,M10_rr,Metronomic Breathing,Fixed-Rate Breathing 
61.568,0.484,M10_rr,Metronomic Breathing,Fixed-Rate Breathing 
62.076,0.508,M10_rr,Metronomic Breathing,Fixed-Rate Breathing 
62.56,0.484,M10_rr,Metronomic Breathing,Fixed-Rate Breathing 
63.028,0.468,M10_rr,Metronomic Breathing,Fixed-Rate Breathing 
63.492,0.464,M10_rr,Metronomic Breathing,Fixed-Rate Breathing 
63.984,0.492,M10_rr,Metronomic Breathing,Fixed-Rate Breathing 
64.492,0.508,M10_rr,Metronomic Breathing,Fixed-Rate Breathing 
64.968,0.476,M10_rr,Metronomic Breathing,Fixed-Rate Breathing 
65.424,0.456,M10_rr,Metronomic Breathing,Fixed-Rate Breathing 
65.908,0.484,M10_rr,Metronomic Breathing,Fixed-Rate Breathing 
66.42,0.512,M10_rr,Metronomic Breathing,Fixed-Rate Breathing 
66.924,0.504,M10_rr,Metronomic Breathing,Fixed-Rate Breathing 
67.4,0.476,M10_rr,Metronomic Breathing,Fixed-Rate Breathing 
67.908,0.508,M10_rr,Metronomic Breathing,Fixed-Rate Breathing 
68.42,0.512,M10_rr,Metronomic Breathing,Fixed-Rate Breathing 
68.912,0.492,M10_rr,Metronomic Breathing,Fixed-Rate Breathing 
69.372,0.46,M10_rr,Metronomic Breathing,Fixed-Rate Breathing 
69.844,0.472,M10_rr,Metronomic Breathing,Fixed-Rate Breathing 
70.348,0.504,M10_rr,Metronomic Breathing,Fixed-Rate Breathing 
70.832,0.484,M10_rr,Metronomic Breathing,Fixed-Rate Breathing 
71.288,0.456,M10_rr,Metronomic Breathing,Fixed-Rate Breathing 
71.756,0.468,M10_rr,Metronomic Breathing,Fixed-Rate Breathing 
72.248,0.492,M10_rr,Metronomic Breathing,Fixed-Rate Breathing 
72.728,0.48,M10_rr,Metronomic Breathing,Fixed-Rate Breathing 
73.196,0.468,M10_rr,Metronomic Breathing,Fixed-Rate Breathing 
73.668,0.472,M10_rr,Metronomic Breathing,Fixed-Rate Breathing 
74.164,0.496,M10_rr,Metronomic Breathing,Fixed-Rate Breathing 
74.652,0.488,M10_rr,Metronomic Breathing,Fixed-Rate Breathing 
75.12,0.468,M10_rr,Metronomic Breathing,Fixed-Rate Breathing 
75.564,0.444,M10_rr,Metronomic Breathing,Fixed-Rate Breathing 
76.024,0.46,M10_rr,Metronomic Breathing,Fixed-Rate Breathing 
76.52,0.496,M10_rr,Metronomic Breathing,Fixed-Rate Breathing 
77.012,0.492,M10_rr,Metronomic Breathing,Fixed-Rate Breathing 
77.5,0.488,M10_rr,Metronomic Breathing,Fixed-Rate Breathing 
77.964,0.464,M10_rr,Metronomic Breathing,Fixed-Rate Breathing 
78.452,0.488,M10_rr,Metronomic Breathing,Fixed-Rate Breathing 
78.952,0.5,M10_rr,Metronomic Breathing,Fixed-Rate Breathing 
79.416,0.464,M10_rr,Metronomic Breathing,Fixed-Rate Breathing 
79.864,0.448,M10_rr,Metronomic Breathing,Fixed-Rate Breathing 
80.324,0.46,M10_rr,Metronomic Breathing,Fixed-Rate Breathing 
80.796,0.472,M10_rr,Metronomic Breathing,Fixed-Rate Breathing 
81.256,0.46,M10_rr,Metronomic Breathing,Fixed-Rate Breathing 
81.704,0.448,M10_rr,Metronomic Breathing,Fixed-Rate Breathing 
82.152,0.448,M10_rr,Metronomic Breathing,Fixed-Rate Breathing 
82.62,0.468,M10_rr,Metronomic Breathing,Fixed-Rate Breathing 
83.08,0.46,M10_rr,Metronomic Breathing,Fixed-Rate Breathing 
83.528,0.448,M10_rr,Metronomic Breathing,Fixed-Rate Breathing 
83.964,0.436,M10_rr,Metronomic Breathing,Fixed-Rate Breathing 
84.428,0.464,M10_rr,Metronomic Breathing,Fixed-Rate Breathing 
84.904,0.476,M10_rr,Metronomic Breathing,Fixed-Rate Breathing 
85.348,0.444,M10_rr,Metronomic Breathing,Fixed-Rate Breathing 
85.744,0.396,M10_rr,Metronomic Breathing,Fixed-Rate Breathing 
86.152,0.408,M10_rr,Metronomic Breathing,Fixed-Rate Breathing 
86.592,0.44,M10_rr,Metronomic Breathing,Fixed-Rate Breathing 
87.08,0.488,M10_rr,Metronomic Breathing,Fixed-Rate Breathing 
87.56,0.48,M10_rr,Metronomic Breathing,Fixed-Rate Breathing 
88.02,0.46,M10_rr,Metronomic Breathing,Fixed-Rate Breathing 
88.488,0.468,M10_rr,Metronomic Breathing,Fixed-Rate Breathing 
88.976,0.488,M10_rr,Metronomic Breathing,Fixed-Rate Breathing 
89.464,0.488,M10_rr,Metronomic Breathing,Fixed-Rate Breathing 
89.948,0.484,M10_rr,Metronomic Breathing,Fixed-Rate Breathing 
90.408,0.46,M10_rr,Metronomic Breathing,Fixed-Rate Breathing 
90.896,0.488,M10_rr,Metronomic Breathing,Fixed-Rate Breathing 
91.388,0.492,M10_rr,Metronomic Breathing,Fixed-Rate Breathing 
91.876,0.488,M10_rr,Metronomic Breathing,Fixed-Rate Breathing 
92.344,0.468,M10_rr,Metronomic Breathing,Fixed-Rate Breathing 
92.804,0.46,M10_rr,Metronomic Breathing,Fixed-Rate Breathing 
93.28,0.476,M10_rr,Metronomic Breathing,Fixed-Rate Breathing 
93.752,0.472,M10_rr,Metronomic Breathing,Fixed-Rate Breathing 
94.212,0.46,M10_rr,Metronomic Breathing,Fixed-Rate Breathing 
94.64,0.428,M10_rr,Metronomic Breathing,Fixed-Rate Breathing 
95.088,0.448,M10_rr,Metronomic Breathing,Fixed-Rate Breathing 
95.572,0.484,M10_rr,Metronomic Breathing,Fixed-Rate Breathing 
96.052,0.48,M10_rr,Metronomic Breathing,Fixed-Rate Breathing 
96.508,0.456,M10_rr,Metronomic Breathing,Fixed-Rate Breathing 
96.96,0.452,M10_rr,Metronomic Breathing,Fixed-Rate Breathing 
97.452,0.492,M10_rr,Metronomic Breathing,Fixed-Rate Breathing 
97.94,0.488,M10_rr,Metronomic Breathing,Fixed-Rate Breathing 
98.396,0.456,M10_rr,Metronomic Breathing,Fixed-Rate Breathing 
98.816,0.42,M10_rr,Metronomic Breathing,Fixed-Rate Breathing 
99.224,0.408,M10_rr,Metronomic Breathing,Fixed-Rate Breathing 
99.644,0.42,M10_rr,Metronomic Breathing,Fixed-Rate Breathing 
100.12,0.476,M10_rr,Metronomic Breathing,Fixed-Rate Breathing 
100.588,0.468,M10_rr,Metronomic Breathing,Fixed-Rate Breathing 
101.028,0.44,M10_rr,Metronomic Breathing,Fixed-Rate Breathing 
101.492,0.464,M10_rr,Metronomic Breathing,Fixed-Rate Breathing 
101.956,0.464,M10_rr,Metronomic Breathing,Fixed-Rate Breathing 
102.4,0.444,M10_rr,Metronomic Breathing,Fixed-Rate Breathing 
102.836,0.436,M10_rr,Metronomic Breathing,Fixed-Rate Breathing 
103.3,0.464,M10_rr,Metronomic Breathing,Fixed-Rate Breathing 
103.78,0.48,M10_rr,Metronomic Breathing,Fixed-Rate Breathing 
104.248,0.468,M10_rr,Metronomic Breathing,Fixed-Rate Breathing 
104.712,0.464,M10_rr,Metronomic Breathing,Fixed-Rate Breathing 
105.184,0.472,M10_rr,Metronomic Breathing,Fixed-Rate Breathing 
105.676,0.492,M10_rr,Metronomic Breathing,Fixed-Rate Breathing 
106.176,0.5,M10_rr,Metronomic Breathing,Fixed-Rate Breathing 
106.636,0.46,M10_rr,Metronomic Breathing,Fixed-Rate Breathing 
107.092,0.456,M10_rr,Metronomic Breathing,Fixed-Rate Breathing 
107.568,0.476,M10_rr,Metronomic Breathing,Fixed-Rate Breathing 
108.06,0.492,M10_rr,Metronomic Breathing,Fixed-Rate Breathing 
108.532,0.472,M10_rr,Metronomic Breathing,Fixed-Rate Breathing 
108.984,0.452,M10_rr,Metronomic Breathing,Fixed-Rate Breathing 
109.444,0.46,M10_rr,Metronomic Breathing,Fixed-Rate Breathing 
109.932,0.488,M10_rr,Metronomic Breathing,Fixed-Rate Breathing 
110.42,0.488,M10_rr,Metronomic Breathing,Fixed-Rate Breathing 
110.876,0.456,M10_rr,Metronomic Breathing,Fixed-Rate Breathing 
111.3,0.424,M10_rr,Metronomic Breathing,Fixed-Rate Breathing 
111.752,0.452,M10_rr,Metronomic Breathing,Fixed-Rate Breathing 
112.236,0.484,M10_rr,Metronomic Breathing,Fixed-Rate Breathing 
112.708,0.472,M10_rr,Metronomic Breathing,Fixed-Rate Breathing 
113.16,0.452,M10_rr,Metronomic Breathing,Fixed-Rate Breathing 
113.604,0.444,M10_rr,Metronomic Breathing,Fixed-Rate Breathing 
114.076,0.472,M10_rr,Metronomic Breathing,Fixed-Rate Breathing 
114.56,0.484,M10_rr,Metronomic Breathing,Fixed-Rate Breathing 
115.016,0.456,M10_rr,Metronomic Breathing,Fixed-Rate Breathing 
115.456,0.44,M10_rr,Metronomic Breathing,Fixed-Rate Breathing 
115.916,0.46,M10_rr,Metronomic Breathing,Fixed-Rate Breathing 
116.4,0.484,M10_rr,Metronomic Breathing,Fixed-Rate Breathing 
116.86,0.46,M10_rr,Metronomic Breathing,Fixed-Rate Breathing 
117.3,0.44,M10_rr,Metronomic Breathing,Fixed-Rate Breathing 
117.748,0.448,M10_rr,Metronomic Breathing,Fixed-Rate Breathing 
118.232,0.484,M10_rr,Metronomic Breathing,Fixed-Rate Breathing 
118.716,0.484,M10_rr,Metronomic Breathing,Fixed-Rate Breathing 
119.172,0.456,M10_rr,Metronomic Breathing,Fixed-Rate Breathing 
119.612,0.44,M10_rr,Metronomic Breathing,Fixed-Rate Breathing 
120.084,0.472,M10_rr,Metronomic Breathing,Fixed-Rate Breathing 
120.564,0.48,M10_rr,Metronomic Breathing,Fixed-Rate Breathing 
121.016,0.452,M10_rr,Metronomic Breathing,Fixed-Rate Breathing 
121.44,0.424,M10_rr,Metronomic Breathing,Fixed-Rate Breathing 
121.888,0.448,M10_rr,Metronomic Breathing,Fixed-Rate Breathing 
122.36,0.472,M10_rr,Metronomic Breathing,Fixed-Rate Breathing 
122.828,0.468,M10_rr,Metronomic Breathing,Fixed-Rate Breathing 
123.272,0.444,M10_rr,Metronomic Breathing,Fixed-Rate Breathing 
123.724,0.452,M10_rr,Metronomic Breathing,Fixed-Rate Breathing 
124.192,0.468,M10_rr,Metronomic Breathing,Fixed-Rate Breathing 
124.664,0.472,M10_rr,Metronomic Breathing,Fixed-Rate Breathing 
125.12,0.456,M10_rr,Metronomic Breathing,Fixed-Rate Breathing 
125.572,0.452,M10_rr,Metronomic Breathing,Fixed-Rate Breathing 
126.044,0.472,M10_rr,Metronomic Breathing,Fixed-Rate Breathing 
126.52,0.476,M10_rr,Metronomic Breathing,Fixed-Rate Breathing 
126.988,0.468,M10_rr,Metronomic Breathing,Fixed-Rate Breathing 
127.428,0.44,M10_rr,Metronomic Breathing,Fixed-Rate Breathing 
127.868,0.44,M10_rr,Metronomic Breathing,Fixed-Rate Breathing 
128.328,0.46,M10_rr,Metronomic Breathing,Fixed-Rate Breathing 
128.78,0.452,M10_rr,Metronomic Breathing,Fixed-Rate Breathing 
129.212,0.432,M10_rr,Metronomic Breathing,Fixed-Rate Breathing 
129.656,0.444,M10_rr,Metronomic Breathing,Fixed-Rate Breathing 
130.124,0.468,M10_rr,Metronomic Breathing,Fixed-Rate Breathing 
130.588,0.464,M10_rr,Metronomic Breathing,Fixed-Rate Breathing 
131.028,0.44,M10_rr,Metronomic Breathing,Fixed-Rate Breathing 
131.46,0.432,M10_rr,Metronomic Breathing,Fixed-Rate Breathing 
131.92,0.46,M10_rr,Metronomic Breathing,Fixed-Rate Breathing 
132.412,0.492,M10_rr,Metronomic Breathing,Fixed-Rate Breathing 
132.888,0.476,M10_rr,Metronomic Breathing,Fixed-Rate Breathing 
133.336,0.448,M10_rr,Metronomic Breathing,Fixed-Rate Breathing 
133.788,0.452,M10_rr,Metronomic Breathing,Fixed-Rate Breathing 
134.272,0.484,M10_rr,Metronomic Breathing,Fixed-Rate Breathing 
134.764,0.492,M10_rr,Metronomic Breathing,Fixed-Rate Breathing 
135.256,0.492,M10_rr,Metronomic Breathing,Fixed-Rate Breathing 
135.74,0.484,M10_rr,Metronomic Breathing,Fixed-Rate Breathing 
136.196,0.456,M10_rr,Metronomic Breathing,Fixed-Rate Breathing 
136.624,0.428,M10_rr,Metronomic Breathing,Fixed-Rate Breathing 
137.072,0.448,M10_rr,Metronomic Breathing,Fixed-Rate Breathing 
137.548,0.476,M10_rr,Metronomic Breathing,Fixed-Rate Breathing 
138.012,0.464,M10_rr,Metronomic Breathing,Fixed-Rate Breathing 
138.44,0.428,M10_rr,Metronomic Breathing,Fixed-Rate Breathing 
138.864,0.424,M10_rr,Metronomic Breathing,Fixed-Rate Breathing 
139.316,0.452,M10_rr,Metronomic Breathing,Fixed-Rate Breathing 
139.804,0.488,M10_rr,Metronomic Breathing,Fixed-Rate Breathing 
140.256,0.452,M10_rr,Metronomic Breathing,Fixed-Rate Breathing 
140.68,0.424,M10_rr,Metronomic Breathing,Fixed-Rate Breathing 
141.116,0.436,M10_rr,Metronomic Breathing,Fixed-Rate Breathing 
141.572,0.456,M10_rr,Metronomic Breathing,Fixed-Rate Breathing 
142.028,0.456,M10_rr,Metronomic Breathing,Fixed-Rate Breathing 
142.488,0.46,M10_rr,Metronomic Breathing,Fixed-Rate Breathing 
142.956,0.468,M10_rr,Metronomic Breathing,Fixed-Rate Breathing 
143.42,0.464,M10_rr,Metronomic Breathing,Fixed-Rate Breathing 
143.876,0.456,M10_rr,Metronomic Breathing,Fixed-Rate Breathing 
144.316,0.44,M10_rr,Metronomic Breathing,Fixed-Rate Breathing 
144.756,0.44,M10_rr,Metronomic Breathing,Fixed-Rate Breathing 
145.212,0.456,M10_rr,Metronomic Breathing,Fixed-Rate Breathing 
145.696,0.484,M10_rr,Metronomic Breathing,Fixed-Rate Breathing 
146.176,0.48,M10_rr,Metronomic Breathing,Fixed-Rate Breathing 
146.628,0.452,M10_rr,Metronomic Breathing,Fixed-Rate Breathing 
147.068,0.44,M10_rr,Metronomic Breathing,Fixed-Rate Breathing 
147.516,0.448,M10_rr,Metronomic Breathing,Fixed-Rate Breathing 
147.988,0.472,M10_rr,Metronomic Breathing,Fixed-Rate Breathing 
148.444,0.456,M10_rr,Metronomic Breathing,Fixed-Rate Breathing 
148.888,0.444,M10_rr,Metronomic Breathing,Fixed-Rate Breathing 
149.352,0.464,M10_rr,Metronomic Breathing,Fixed-Rate Breathing 
149.828,0.476,M10_rr,Metronomic Breathing,Fixed-Rate Breathing 
150.292,0.464,M10_rr,Metronomic Breathing,Fixed-Rate Breathing 
150.74,0.448,M10_rr,Metronomic Breathing,Fixed-Rate Breathing 
151.18,0.44,M10_rr,Metronomic Breathing,Fixed-Rate Breathing 
151.644,0.464,M10_rr,Metronomic Breathing,Fixed-Rate Breathing 
152.124,0.48,M10_rr,Metronomic Breathing,Fixed-Rate Breathing 
152.6,0.476,M10_rr,Metronomic Breathing,Fixed-Rate Breathing 
153.052,0.452,M10_rr,Metronomic Breathing,Fixed-Rate Breathing 
153.508,0.456,M10_rr,Metronomic Breathing,Fixed-Rate Breathing 
153.992,0.484,M10_rr,Metronomic Breathing,Fixed-Rate Breathing 
154.472,0.48,M10_rr,Metronomic Breathing,Fixed-Rate Breathing 
154.916,0.444,M10_rr,Metronomic Breathing,Fixed-Rate Breathing 
155.36,0.444,M10_rr,Metronomic Breathing,Fixed-Rate Breathing 
155.828,0.468,M10_rr,Metronomic Breathing,Fixed-Rate Breathing 
156.308,0.48,M10_rr,Metronomic Breathing,Fixed-Rate Breathing 
156.772,0.464,M10_rr,Metronomic Breathing,Fixed-Rate Breathing 
157.208,0.436,M10_rr,Metronomic Breathing,Fixed-Rate Breathing 
157.652,0.444,M10_rr,Metronomic Breathing,Fixed-Rate Breathing 
158.132,0.48,M10_rr,Metronomic Breathing,Fixed-Rate Breathing 
158.62,0.488,M10_rr,Metronomic Breathing,Fixed-Rate Breathing 
159.084,0.464,M10_rr,Metronomic Breathing,Fixed-Rate Breathing 
159.528,0.444,M10_rr,Metronomic Breathing,Fixed-Rate Breathing 
159.984,0.456,M10_rr,Metronomic Breathing,Fixed-Rate Breathing 
160.46,0.476,M10_rr,Metronomic Breathing,Fixed-Rate Breathing 
160.932,0.472,M10_rr,Metronomic Breathing,Fixed-Rate Breathing 
161.384,0.452,M10_rr,Metronomic Breathing,Fixed-Rate Breathing 
161.832,0.448,M10_rr,Metronomic Breathing,Fixed-Rate Breathing 
162.308,0.476,M10_rr,Metronomic Breathing,Fixed-Rate Breathing 
162.804,0.496,M10_rr,Metronomic Breathing,Fixed-Rate Breathing 
163.288,0.484,M10_rr,Metronomic Breathing,Fixed-Rate Breathing 
163.752,0.464,M10_rr,Metronomic Breathing,Fixed-Rate Breathing 
164.236,0.484,M10_rr,Metronomic Breathing,Fixed-Rate Breathing 
164.736,0.5,M10_rr,Metronomic Breathing,Fixed-Rate Breathing 
165.212,0.476,M10_rr,Metronomic Breathing,Fixed-Rate Breathing 
165.664,0.452,M10_rr,Metronomic Breathing,Fixed-Rate Breathing 
166.124,0.46,M10_rr,Metronomic Breathing,Fixed-Rate Breathing 
166.604,0.48,M10_rr,Metronomic Breathing,Fixed-Rate Breathing 
167.076,0.472,M10_rr,Metronomic Breathing,Fixed-Rate Breathing 
167.54,0.464,M10_rr,Metronomic Breathing,Fixed-Rate Breathing 
168.012,0.472,M10_rr,Metronomic Breathing,Fixed-Rate Breathing 
168.492,0.48,M10_rr,Metronomic Breathing,Fixed-Rate Breathing 
168.976,0.484,M10_rr,Metronomic Breathing,Fixed-Rate Breathing 
169.436,0.46,M10_rr,Metronomic Breathing,Fixed-Rate Breathing 
169.868,0.432,M10_rr,Metronomic Breathing,Fixed-Rate Breathing 
170.316,0.448,M10_rr,Metronomic Breathing,Fixed-Rate Breathing 
170.772,0.456,M10_rr,Metronomic Breathing,Fixed-Rate Breathing 
171.224,0.452,M10_rr,Metronomic Breathing,Fixed-Rate Breathing 
171.664,0.44,M10_rr,Metronomic Breathing,Fixed-Rate Breathing 
172.1,0.436,M10_rr,Metronomic Breathing,Fixed-Rate Breathing 
172.572,0.472,M10_rr,Metronomic Breathing,Fixed-Rate Breathing 
173.044,0.472,M10_rr,Metronomic Breathing,Fixed-Rate Breathing 
173.496,0.452,M10_rr,Metronomic Breathing,Fixed-Rate Breathing 
173.94,0.444,M10_rr,Metronomic Breathing,Fixed-Rate Breathing 
174.408,0.468,M10_rr,Metronomic Breathing,Fixed-Rate Breathing 
174.876,0.468,M10_rr,Metronomic Breathing,Fixed-Rate Breathing 
175.332,0.456,M10_rr,Metronomic Breathing,Fixed-Rate Breathing 
175.768,0.436,M10_rr,Metronomic Breathing,Fixed-Rate Breathing 
176.196,0.428,M10_rr,Metronomic Breathing,Fixed-Rate Breathing 
176.644,0.448,M10_rr,Metronomic Breathing,Fixed-Rate Breathing 
177.1,0.456,M10_rr,Metronomic Breathing,Fixed-Rate Breathing 
177.548,0.448,M10_rr,Metronomic Breathing,Fixed-Rate Breathing 
177.984,0.436,M10_rr,Metronomic Breathing,Fixed-Rate Breathing 
178.416,0.432,M10_rr,Metronomic Breathing,Fixed-Rate Breathing 
178.88,0.464,M10_rr,Metronomic Breathing,Fixed-Rate Breathing 
179.36,0.48,M10_rr,Metronomic Breathing,Fixed-Rate Breathing 
179.82,0.46,M10_rr,Metronomic Breathing,Fixed-Rate Breathing 
180.252,0.432,M10_rr,Metronomic Breathing,Fixed-Rate Breathing 
180.676,0.424,M10_rr,Metronomic Breathing,Fixed-Rate Breathing 
181.124,0.448,M10_rr,Metronomic Breathing,Fixed-Rate Breathing 
181.584,0.46,M10_rr,Metronomic Breathing,Fixed-Rate Breathing 
182.024,0.44,M10_rr,Metronomic Breathing,Fixed-Rate Breathing 
182.452,0.428,M10_rr,Metronomic Breathing,Fixed-Rate Breathing 
182.892,0.44,M10_rr,Metronomic Breathing,Fixed-Rate Breathing 
183.344,0.452,M10_rr,Metronomic Breathing,Fixed-Rate Breathing 
183.76,0.416,M10_rr,Metronomic Breathing,Fixed-Rate Breathing 
184.152,0.392,M10_rr,Metronomic Breathing,Fixed-Rate Breathing 
184.54,0.388,M10_rr,Metronomic Breathing,Fixed-Rate Breathing 
184.94,0.4,M10_rr,Metronomic Breathing,Fixed-Rate Breathing 
185.388,0.448,M10_rr,Metronomic Breathing,Fixed-Rate Breathing 
185.852,0.464,M10_rr,Metronomic Breathing,Fixed-Rate Breathing 
186.3,0.448,M10_rr,Metronomic Breathing,Fixed-Rate Breathing 
186.724,0.424,M10_rr,Metronomic Breathing,Fixed-Rate Breathing 
187.164,0.44,M10_rr,Metronomic Breathing,Fixed-Rate Breathing 
187.636,0.472,M10_rr,Metronomic Breathing,Fixed-Rate Breathing 
188.092,0.456,M10_rr,Metronomic Breathing,Fixed-Rate Breathing 
188.532,0.44,M10_rr,Metronomic Breathing,Fixed-Rate Breathing 
188.98,0.448,M10_rr,Metronomic Breathing,Fixed-Rate Breathing 
189.424,0.444,M10_rr,Metronomic Breathing,Fixed-Rate Breathing 
189.852,0.428,M10_rr,Metronomic Breathing,Fixed-Rate Breathing 
190.26,0.408,M10_rr,Metronomic Breathing,Fixed-Rate Breathing 
190.652,0.392,M10_rr,Metronomic Breathing,Fixed-Rate Breathing 
191.068,0.416,M10_rr,Metronomic Breathing,Fixed-Rate Breathing 
191.54,0.472,M10_rr,Metronomic Breathing,Fixed-Rate Breathing 
192.024,0.484,M10_rr,Metronomic Breathing,Fixed-Rate Breathing 
192.508,0.484,M10_rr,Metronomic Breathing,Fixed-Rate Breathing 
192.988,0.48,M10_rr,Metronomic Breathing,Fixed-Rate Breathing 
193.444,0.456,M10_rr,Metronomic Breathing,Fixed-Rate Breathing 
193.916,0.472,M10_rr,Metronomic Breathing,Fixed-Rate Breathing 
194.364,0.448,M10_rr,Metronomic Breathing,Fixed-Rate Breathing 
194.784,0.42,M10_rr,Metronomic Breathing,Fixed-Rate Breathing 
195.184,0.4,M10_rr,Metronomic Breathing,Fixed-Rate Breathing 
195.608,0.424,M10_rr,Metronomic Breathing,Fixed-Rate Breathing 
196.072,0.464,M10_rr,Metronomic Breathing,Fixed-Rate Breathing 
196.532,0.46,M10_rr,Metronomic Breathing,Fixed-Rate Breathing 
196.972,0.44,M10_rr,Metronomic Breathing,Fixed-Rate Breathing 
197.4,0.428,M10_rr,Metronomic Breathing,Fixed-Rate Breathing 
197.852,0.452,M10_rr,Metronomic Breathing,Fixed-Rate Breathing 
198.336,0.484,M10_rr,Metronomic Breathing,Fixed-Rate Breathing 
198.808,0.472,M10_rr,Metronomic Breathing,Fixed-Rate Breathing 
199.248,0.44,M10_rr,Metronomic Breathing,Fixed-Rate Breathing 
199.68,0.432,M10_rr,Metronomic Breathing,Fixed-Rate Breathing 
200.136,0.456,M10_rr,Metronomic Breathing,Fixed-Rate Breathing 
200.608,0.472,M10_rr,Metronomic Breathing,Fixed-Rate Breathing 
201.06,0.452,M10_rr,Metronomic Breathing,Fixed-Rate Breathing 
201.492,0.432,M10_rr,Metronomic Breathing,Fixed-Rate Breathing 
201.944,0.452,M10_rr,Metronomic Breathing,Fixed-Rate Breathing 
202.416,0.472,M10_rr,Metronomic Breathing,Fixed-Rate Breathing 
202.872,0.456,M10_rr,Metronomic Breathing,Fixed-Rate Breathing 
203.3,0.428,M10_rr,Metronomic Breathing,Fixed-Rate Breathing 
203.708,0.408,M10_rr,Metronomic Breathing,Fixed-Rate Breathing 
204.136,0.428,M10_rr,Metronomic Breathing,Fixed-Rate Breathing 
204.608,0.472,M10_rr,Metronomic Breathing,Fixed-Rate Breathing 
205.08,0.472,M10_rr,Metronomic Breathing,Fixed-Rate Breathing 
205.532,0.452,M10_rr,Metronomic Breathing,Fixed-Rate Breathing 
205.98,0.448,M10_rr,Metronomic Breathing,Fixed-Rate Breathing 
206.452,0.472,M10_rr,Metronomic Breathing,Fixed-Rate Breathing 
206.928,0.476,M10_rr,Metronomic Breathing,Fixed-Rate Breathing 
207.376,0.448,M10_rr,Metronomic Breathing,Fixed-Rate Breathing 
207.796,0.42,M10_rr,Metronomic Breathing,Fixed-Rate Breathing 
208.216,0.42,M10_rr,Metronomic Breathing,Fixed-Rate Breathing 
208.68,0.464,M10_rr,Metronomic Breathing,Fixed-Rate Breathing 
209.164,0.484,M10_rr,Metronomic Breathing,Fixed-Rate Breathing 
209.588,0.424,M10_rr,Metronomic Breathing,Fixed-Rate Breathing 
210.012,0.424,M10_rr,Metronomic Breathing,Fixed-Rate Breathing 
210.456,0.444,M10_rr,Metronomic Breathing,Fixed-Rate Breathing 
210.912,0.456,M10_rr,Metronomic Breathing,Fixed-Rate Breathing 
211.348,0.436,M10_rr,Metronomic Breathing,Fixed-Rate Breathing 
211.78,0.432,M10_rr,Metronomic Breathing,Fixed-Rate Breathing 
212.244,0.464,M10_rr,Metronomic Breathing,Fixed-Rate Breathing 
212.74,0.496,M10_rr,Metronomic Breathing,Fixed-Rate Breathing 
213.22,0.48,M10_rr,Metronomic Breathing,Fixed-Rate Breathing 
213.66,0.44,M10_rr,Metronomic Breathing,Fixed-Rate Breathing 
214.08,0.42,M10_rr,Metronomic Breathing,Fixed-Rate Breathing 
214.512,0.432,M10_rr,Metronomic Breathing,Fixed-Rate Breathing 
214.984,0.472,M10_rr,Metronomic Breathing,Fixed-Rate Breathing 
215.44,0.456,M10_rr,Metronomic Breathing,Fixed-Rate Breathing 
215.88,0.44,M10_rr,Metronomic Breathing,Fixed-Rate Breathing 
216.324,0.444,M10_rr,Metronomic Breathing,Fixed-Rate Breathing 
216.788,0.464,M10_rr,Metronomic Breathing,Fixed-Rate Breathing 
217.256,0.468,M10_rr,Metronomic Breathing,Fixed-Rate Breathing 
217.68,0.424,M10_rr,Metronomic Breathing,Fixed-Rate Breathing 
218.096,0.416,M10_rr,Metronomic Breathing,Fixed-Rate Breathing 
218.524,0.428,M10_rr,Metronomic Breathing,Fixed-Rate Breathing 
218.992,0.468,M10_rr,Metronomic Breathing,Fixed-Rate Breathing 
219.46,0.468,M10_rr,Metronomic Breathing,Fixed-Rate Breathing 
219.892,0.432,M10_rr,Metronomic Breathing,Fixed-Rate Breathing 
220.316,0.424,M10_rr,Metronomic Breathing,Fixed-Rate Breathing 
220.768,0.452,M10_rr,Metronomic Breathing,Fixed-Rate Breathing 
221.248,0.48,M10_rr,Metronomic Breathing,Fixed-Rate Breathing 
221.7,0.452,M10_rr,Metronomic Breathing,Fixed-Rate Breathing 
222.128,0.428,M10_rr,Metronomic Breathing,Fixed-Rate Breathing 
222.552,0.424,M10_rr,Metronomic Breathing,Fixed-Rate Breathing 
223.0,0.448,M10_rr,Metronomic Breathing,Fixed-Rate Breathing 
223.476,0.476,M10_rr,Metronomic Breathing,Fixed-Rate Breathing 
223.924,0.448,M10_rr,Metronomic Breathing,Fixed-Rate Breathing 
224.36,0.436,M10_rr,Metronomic Breathing,Fixed-Rate Breathing 
224.8,0.44,M10_rr,Metronomic Breathing,Fixed-Rate Breathing 
225.268,0.468,M10_rr,Metronomic Breathing,Fixed-Rate Breathing 
225.744,0.476,M10_rr,Metronomic Breathing,Fixed-Rate Breathing 
226.176,0.432,M10_rr,Metronomic Breathing,Fixed-Rate Breathing 
226.592,0.416,M10_rr,Metronomic Breathing,Fixed-Rate Breathing 
227.028,0.436,M10_rr,Metronomic Breathing,Fixed-Rate Breathing 
227.5,0.472,M10_rr,Metronomic Breathing,Fixed-Rate Breathing 
227.964,0.464,M10_rr,Metronomic Breathing,Fixed-Rate Breathing 
228.396,0.432,M10_rr,Metronomic Breathing,Fixed-Rate Breathing 
228.836,0.44,M10_rr,Metronomic Breathing,Fixed-Rate Breathing 
229.3,0.464,M10_rr,Metronomic Breathing,Fixed-Rate Breathing 
229.784,0.484,M10_rr,Metronomic Breathing,Fixed-Rate Breathing 
230.232,0.448,M10_rr,Metronomic Breathing,Fixed-Rate Breathing 
230.684,0.452,M10_rr,Metronomic Breathing,Fixed-Rate Breathing 
231.152,0.468,M10_rr,Metronomic Breathing,Fixed-Rate Breathing 
231.644,0.492,M10_rr,Metronomic Breathing,Fixed-Rate Breathing 
232.104,0.46,M10_rr,Metronomic Breathing,Fixed-Rate Breathing 
232.544,0.44,M10_rr,Metronomic Breathing,Fixed-Rate Breathing 
232.976,0.432,M10_rr,Metronomic Breathing,Fixed-Rate Breathing 
233.424,0.448,M10_rr,Metronomic Breathing,Fixed-Rate Breathing 
233.908,0.484,M10_rr,Metronomic Breathing,Fixed-Rate Breathing 
234.352,0.444,M10_rr,Metronomic Breathing,Fixed-Rate Breathing 
234.792,0.44,M10_rr,Metronomic Breathing,Fixed-Rate Breathing 
235.208,0.416,M10_rr,Metronomic Breathing,Fixed-Rate Breathing 
235.592,0.384,M10_rr,Metronomic Breathing,Fixed-Rate Breathing 
236.0,0.408,M10_rr,Metronomic Breathing,Fixed-Rate Breathing 
236.416,0.416,M10_rr,Metronomic Breathing,Fixed-Rate Breathing 
236.872,0.456,M10_rr,Metronomic Breathing,Fixed-Rate Breathing 
237.372,0.5,M10_rr,Metronomic Breathing,Fixed-Rate Breathing 
237.892,0.52,M10_rr,Metronomic Breathing,Fixed-Rate Breathing 
238.372,0.48,M10_rr,Metronomic Breathing,Fixed-Rate Breathing 
238.824,0.452,M10_rr,Metronomic Breathing,Fixed-Rate Breathing 
239.268,0.444,M10_rr,Metronomic Breathing,Fixed-Rate Breathing 
239.732,0.464,M10_rr,Metronomic Breathing,Fixed-Rate Breathing 
240.236,0.504,M10_rr,Metronomic Breathing,Fixed-Rate Breathing 
240.712,0.476,M10_rr,Metronomic Breathing,Fixed-Rate Breathing 
241.156,0.444,M10_rr,Metronomic Breathing,Fixed-Rate Breathing 
241.588,0.432,M10_rr,Metronomic Breathing,Fixed-Rate Breathing 
242.052,0.464,M10_rr,Metronomic Breathing,Fixed-Rate Breathing 
242.548,0.496,M10_rr,Metronomic Breathing,Fixed-Rate Breathing 
242.984,0.436,M10_rr,Metronomic Breathing,Fixed-Rate Breathing 
243.408,0.424,M10_rr,Metronomic Breathing,Fixed-Rate Breathing 
243.88,0.472,M10_rr,Metronomic Breathing,Fixed-Rate Breathing 
244.384,0.504,M10_rr,Metronomic Breathing,Fixed-Rate Breathing 
244.836,0.452,M10_rr,Metronomic Breathing,Fixed-Rate Breathing 
245.284,0.448,M10_rr,Metronomic Breathing,Fixed-Rate Breathing 
245.76,0.476,M10_rr,Metronomic Breathing,Fixed-Rate Breathing 
246.26,0.5,M10_rr,Metronomic Breathing,Fixed-Rate Breathing 
246.704,0.444,M10_rr,Metronomic Breathing,Fixed-Rate Breathing 
247.128,0.424,M10_rr,Metronomic Breathing,Fixed-Rate Breathing 
247.536,0.408,M10_rr,Metronomic Breathing,Fixed-Rate Breathing 
247.984,0.448,M10_rr,Metronomic Breathing,Fixed-Rate Breathing 
248.48,0.496,M10_rr,Metronomic Breathing,Fixed-Rate Breathing 
248.936,0.456,M10_rr,Metronomic Breathing,Fixed-Rate Breathing 
249.364,0.428,M10_rr,Metronomic Breathing,Fixed-Rate Breathing 
249.816,0.452,M10_rr,Metronomic Breathing,Fixed-Rate Breathing 
250.308,0.492,M10_rr,Metronomic Breathing,Fixed-Rate Breathing 
250.8,0.492,M10_rr,Metronomic Breathing,Fixed-Rate Breathing 
251.244,0.444,M10_rr,Metronomic Breathing,Fixed-Rate Breathing 
251.684,0.44,M10_rr,Metronomic Breathing,Fixed-Rate Breathing 
252.144,0.46,M10_rr,Metronomic Breathing,Fixed-Rate Breathing 
252.64,0.496,M10_rr,Metronomic Breathing,Fixed-Rate Breathing 
253.084,0.444,M10_rr,Metronomic Breathing,Fixed-Rate Breathing 
253.536,0.452,M10_rr,Metronomic Breathing,Fixed-Rate Breathing 
254.02,0.484,M10_rr,Metronomic Breathing,Fixed-Rate Breathing 
254.516,0.496,M10_rr,Metronomic Breathing,Fixed-Rate Breathing 
254.98,0.464,M10_rr,Metronomic Breathing,Fixed-Rate Breathing 
255.46,0.48,M10_rr,Metronomic Breathing,Fixed-Rate Breathing 
255.932,0.472,M10_rr,Metronomic Breathing,Fixed-Rate Breathing 
256.392,0.46,M10_rr,Metronomic Breathing,Fixed-Rate Breathing 
256.888,0.496,M10_rr,Metronomic Breathing,Fixed-Rate Breathing 
257.396,0.508,M10_rr,Metronomic Breathing,Fixed-Rate Breathing 
257.856,0.46,M10_rr,Metronomic Breathing,Fixed-Rate Breathing 
258.32,0.464,M10_rr,Metronomic Breathing,Fixed-Rate Breathing 
258.776,0.456,M10_rr,Metronomic Breathing,Fixed-Rate Breathing 
259.268,0.492,M10_rr,Metronomic Breathing,Fixed-Rate Breathing 
259.776,0.508,M10_rr,Metronomic Breathing,Fixed-Rate Breathing 
260.228,0.452,M10_rr,Metronomic Breathing,Fixed-Rate Breathing 
260.684,0.456,M10_rr,Metronomic Breathing,Fixed-Rate Breathing 
261.188,0.504,M10_rr,Metronomic Breathing,Fixed-Rate Breathing 
261.692,0.504,M10_rr,Metronomic Breathing,Fixed-Rate Breathing 
262.132,0.44,M10_rr,Metronomic Breathing,Fixed-Rate Breathing 
262.56,0.428,M10_rr,Metronomic Breathing,Fixed-Rate Breathing 
263.024,0.464,M10_rr,Metronomic Breathing,Fixed-Rate Breathing 
263.536,0.512,M10_rr,Metronomic Breathing,Fixed-Rate Breathing 
263.996,0.46,M10_rr,Metronomic Breathing,Fixed-Rate Breathing 
264.456,0.46,M10_rr,Metronomic Breathing,Fixed-Rate Breathing 
264.94,0.484,M10_rr,Metronomic Breathing,Fixed-Rate Breathing 
265.456,0.516,M10_rr,Metronomic Breathing,Fixed-Rate Breathing 
265.92,0.464,M10_rr,Metronomic Breathing,Fixed-Rate Breathing 
266.38,0.46,M10_rr,Metronomic Breathing,Fixed-Rate Breathing 
266.864,0.484,M10_rr,Metronomic Breathing,Fixed-Rate Breathing 
267.368,0.504,M10_rr,Metronomic Breathing,Fixed-Rate Breathing 
267.868,0.5,M10_rr,Metronomic Breathing,Fixed-Rate Breathing 
268.336,0.468,M10_rr,Metronomic Breathing,Fixed-Rate Breathing 
268.808,0.472,M10_rr,Metronomic Breathing,Fixed-Rate Breathing 
269.3,0.492,M10_rr,Metronomic Breathing,Fixed-Rate Breathing 
269.8,0.5,M10_rr,Metronomic Breathing,Fixed-Rate Breathing 
270.256,0.456,M10_rr,Metronomic Breathing,Fixed-Rate Breathing 
270.712,0.456,M10_rr,Metronomic Breathing,Fixed-Rate Breathing 
271.228,0.516,M10_rr,Metronomic Breathing,Fixed-Rate Breathing 
271.744,0.516,M10_rr,Metronomic Breathing,Fixed-Rate Breathing 
272.22,0.476,M10_rr,Metronomic Breathing,Fixed-Rate Breathing 
272.688,0.468,M10_rr,Metronomic Breathing,Fixed-Rate Breathing 
273.188,0.5,M10_rr,Metronomic Breathing,Fixed-Rate Breathing 
273.696,0.508,M10_rr,Metronomic Breathing,Fixed-Rate Breathing 
274.164,0.468,M10_rr,Metronomic Breathing,Fixed-Rate Breathing 
274.624,0.46,M10_rr,Metronomic Breathing,Fixed-Rate Breathing 
275.108,0.484,M10_rr,Metronomic Breathing,Fixed-Rate Breathing 
275.592,0.484,M10_rr,Metronomic Breathing,Fixed-Rate Breathing 
276.056,0.464,M10_rr,Metronomic Breathing,Fixed-Rate Breathing 
276.5,0.444,M10_rr,Metronomic Breathing,Fixed-Rate Breathing 
276.948,0.448,M10_rr,Metronomic Breathing,Fixed-Rate Breathing 
277.44,0.492,M10_rr,Metronomic Breathing,Fixed-Rate Breathing 
277.94,0.5,M10_rr,Metronomic Breathing,Fixed-Rate Breathing 
278.396,0.456,M10_rr,Metronomic Breathing,Fixed-Rate Breathing 
278.836,0.44,M10_rr,Metronomic Breathing,Fixed-Rate Breathing 
279.272,0.436,M10_rr,Metronomic Breathing,Fixed-Rate Breathing 
279.76,0.488,M10_rr,Metronomic Breathing,Fixed-Rate Breathing 
280.256,0.496,M10_rr,Metronomic Breathing,Fixed-Rate Breathing 
280.712,0.456,M10_rr,Metronomic Breathing,Fixed-Rate Breathing 
281.164,0.452,M10_rr,Metronomic Breathing,Fixed-Rate Breathing 
281.652,0.488,M10_rr,Metronomic Breathing,Fixed-Rate Breathing 
282.156,0.504,M10_rr,Metronomic Breathing,Fixed-Rate Breathing 
282.64,0.484,M10_rr,Metronomic Breathing,Fixed-Rate Breathing 
283.092,0.452,M10_rr,Metronomic Breathing,Fixed-Rate Breathing 
283.552,0.46,M10_rr,Metronomic Breathing,Fixed-Rate Breathing 
284.048,0.496,M10_rr,Metronomic Breathing,Fixed-Rate Breathing 
284.528,0.48,M10_rr,Metronomic Breathing,Fixed-Rate Breathing 
284.96,0.432,M10_rr,Metronomic Breathing,Fixed-Rate Breathing 
285.4,0.44,M10_rr,Metronomic Breathing,Fixed-Rate Breathing 
285.88,0.48,M10_rr,Metronomic Breathing,Fixed-Rate Breathing 
286.372,0.492,M10_rr,Metronomic Breathing,Fixed-Rate Breathing 
286.844,0.472,M10_rr,Metronomic Breathing,Fixed-Rate Breathing 
287.288,0.444,M10_rr,Metronomic Breathing,Fixed-Rate Breathing 
287.764,0.476,M10_rr,Metronomic Breathing,Fixed-Rate Breathing 
288.252,0.488,M10_rr,Metronomic Breathing,Fixed-Rate Breathing 
288.752,0.5,M10_rr,Metronomic Breathing,Fixed-Rate Breathing 
289.212,0.46,M10_rr,Metronomic Breathing,Fixed-Rate Breathing 
289.644,0.432,M10_rr,Metronomic Breathing,Fixed-Rate Breathing 
290.104,0.46,M10_rr,Metronomic Breathing,Fixed-Rate Breathing 
290.604,0.5,M10_rr,Metronomic Breathing,Fixed-Rate Breathing 
291.076,0.472,M10_rr,Metronomic Breathing,Fixed-Rate Breathing 
291.528,0.452,M10_rr,Metronomic Breathing,Fixed-Rate Breathing 
291.992,0.464,M10_rr,Metronomic Breathing,Fixed-Rate Breathing 
292.496,0.504,M10_rr,Metronomic Breathing,Fixed-Rate Breathing 
293.0,0.504,M10_rr,Metronomic Breathing,Fixed-Rate Breathing 
293.456,0.456,M10_rr,Metronomic Breathing,Fixed-Rate Breathing 
293.9,0.444,M10_rr,Metronomic Breathing,Fixed-Rate Breathing 
294.364,0.464,M10_rr,Metronomic Breathing,Fixed-Rate Breathing 
294.864,0.5,M10_rr,Metronomic Breathing,Fixed-Rate Breathing 
295.316,0.452,M10_rr,Metronomic Breathing,Fixed-Rate Breathing 
295.772,0.456,M10_rr,Metronomic Breathing,Fixed-Rate Breathing 
296.232,0.46,M10_rr,Metronomic Breathing,Fixed-Rate Breathing 
296.74,0.508,M10_rr,Metronomic Breathing,Fixed-Rate Breathing 
297.26,0.52,M10_rr,Metronomic Breathing,Fixed-Rate Breathing 
297.76,0.5,M10_rr,Metronomic Breathing,Fixed-Rate Breathing 
298.216,0.456,M10_rr,Metronomic Breathing,Fixed-Rate Breathing 
298.708,0.492,M10_rr,Metronomic Breathing,Fixed-Rate Breathing 
299.216,0.508,M10_rr,Metronomic Breathing,Fixed-Rate Breathing 
299.696,0.48,M10_rr,Metronomic Breathing,Fixed-Rate Breathing 
300.152,0.456,M10_rr,Metronomic Breathing,Fixed-Rate Breathing 
300.636,0.484,M10_rr,Metronomic Breathing,Fixed-Rate Breathing 
301.136,0.5,M10_rr,Metronomic Breathing,Fixed-Rate Breathing 
301.612,0.476,M10_rr,Metronomic Breathing,Fixed-Rate Breathing 
302.064,0.452,M10_rr,Metronomic Breathing,Fixed-Rate Breathing 
302.532,0.468,M10_rr,Metronomic Breathing,Fixed-Rate Breathing 
303.032,0.5,M10_rr,Metronomic Breathing,Fixed-Rate Breathing 
303.524,0.492,M10_rr,Metronomic Breathing,Fixed-Rate Breathing 
303.988,0.464,M10_rr,Metronomic Breathing,Fixed-Rate Breathing 
304.444,0.456,M10_rr,Metronomic Breathing,Fixed-Rate Breathing 
304.94,0.496,M10_rr,Metronomic Breathing,Fixed-Rate Breathing 
305.452,0.512,M10_rr,Metronomic Breathing,Fixed-Rate Breathing 
305.932,0.48,M10_rr,Metronomic Breathing,Fixed-Rate Breathing 
306.38,0.448,M10_rr,Metronomic Breathing,Fixed-Rate Breathing 
