Time,HeartRate,Subject,Group,State
2184.227,94.7867,Y3_med_hrv,Yoga,Meditation
2184.891,90.3614,Y3_med_hrv,Yoga,Meditation
2185.586,86.3309,Y3_med_hrv,Yoga,Meditation
2186.359,77.6197,Y3_med_hrv,Yoga,Meditation
2187.289,64.5161,Y3_med_hrv,Yoga,Meditation
2188.148,69.8487,Y3_med_hrv,Yoga,Meditation
2189.039,67.3401,Y3_med_hrv,Yoga,Meditation
2189.898,69.8487,Y3_med_hrv,Yoga,Meditation
2190.695,75.2823,Y3_med_hrv,Yoga,Meditation
2191.453,79.1557,Y3_med_hrv,Yoga,Meditation
2192.156,85.3485,Y3_med_hrv,Yoga,Meditation
2192.836,88.2353,Y3_med_hrv,Yoga,Meditation
2193.5,90.3614,Y3_med_hrv,Yoga,Meditation
2194.141,93.6037,Y3_med_hrv,Yoga,Meditation
2194.773,94.7867,Y3_med_hrv,Yoga,Meditation
2195.438,90.3614,Y3_med_hrv,Yoga,Meditation
2196.148,84.3882,Y3_med_hrv,Yoga,Meditation
2196.859,84.3882,Y3_med_hrv,Yoga,Meditation
2197.555,86.3309,Y3_med_hrv,Yoga,Meditation
2198.234,88.2353,Y3_med_hrv,Yoga,Meditation
2198.906,89.2857,Y3_med_hrv,Yoga,Meditation
2199.578,89.2857,Y3_med_hrv,Yoga,Meditation
2200.227,92.5926,Y3_med_hrv,Yoga,Meditation
2200.875,92.5926,Y3_med_hrv,Yoga,Meditation
2201.5,96.0,Y3_med_hrv,Yoga,Meditation
2202.094,101.01,Y3_med_hrv,Yoga,Meditation
2202.711,97.2447,Y3_med_hrv,Yoga,Meditation
2203.344,94.7867,Y3_med_hrv,Yoga,Meditation
2204.117,77.6197,Y3_med_hrv,Yoga,Meditation
2204.914,75.2823,Y3_med_hrv,Yoga,Meditation
2205.711,75.2823,Y3_med_hrv,Yoga,Meditation
2206.492,76.8246,Y3_med_hrv,Yoga,Meditation
2207.25,79.1557,Y3_med_hrv,Yoga,Meditation
2207.977,82.5309,Y3_med_hrv,Yoga,Meditation
2208.672,86.3309,Y3_med_hrv,Yoga,Meditation
2209.336,90.3614,Y3_med_hrv,Yoga,Meditation
2209.977,93.6037,Y3_med_hrv,Yoga,Meditation
2210.609,94.7867,Y3_med_hrv,Yoga,Meditation
2211.234,96.0,Y3_med_hrv,Yoga,Meditation
2211.875,93.6037,Y3_med_hrv,Yoga,Meditation
2212.531,91.4634,Y3_med_hrv,Yoga,Meditation
2213.25,83.4492,Y3_med_hrv,Yoga,Meditation
2214.07,73.1707,Y3_med_hrv,Yoga,Meditation
2214.938,69.2042,Y3_med_hrv,Yoga,Meditation
2215.812,68.5714,Y3_med_hrv,Yoga,Meditation
2216.672,69.8487,Y3_med_hrv,Yoga,Meditation
2217.484,73.8916,Y3_med_hrv,Yoga,Meditation
2218.242,79.1557,Y3_med_hrv,Yoga,Meditation
2218.953,84.3882,Y3_med_hrv,Yoga,Meditation
2219.609,91.4634,Y3_med_hrv,Yoga,Meditation
2220.25,93.6037,Y3_med_hrv,Yoga,Meditation
2220.875,96.0,Y3_med_hrv,Yoga,Meditation
2221.492,97.2447,Y3_med_hrv,Yoga,Meditation
2222.125,94.7867,Y3_med_hrv,Yoga,Meditation
2222.805,88.2353,Y3_med_hrv,Yoga,Meditation
2223.539,81.7439,Y3_med_hrv,Yoga,Meditation
2224.375,71.7703,Y3_med_hrv,Yoga,Meditation
2225.297,65.0759,Y3_med_hrv,Yoga,Meditation
2226.188,67.3401,Y3_med_hrv,Yoga,Meditation
2227.078,67.3401,Y3_med_hrv,Yoga,Meditation
2227.914,71.7703,Y3_med_hrv,Yoga,Meditation
2228.672,79.1557,Y3_med_hrv,Yoga,Meditation
2229.383,84.3882,Y3_med_hrv,Yoga,Meditation
2230.047,90.3614,Y3_med_hrv,Yoga,Meditation
2230.688,93.6037,Y3_med_hrv,Yoga,Meditation
2231.312,96.0,Y3_med_hrv,Yoga,Meditation
2231.93,97.2447,Y3_med_hrv,Yoga,Meditation
2232.57,93.6037,Y3_med_hrv,Yoga,Meditation
2233.305,81.7439,Y3_med_hrv,Yoga,Meditation
2234.102,75.2823,Y3_med_hrv,Yoga,Meditation
2234.891,76.0456,Y3_med_hrv,Yoga,Meditation
2235.688,75.2823,Y3_med_hrv,Yoga,Meditation
2236.43,80.8625,Y3_med_hrv,Yoga,Meditation
2237.164,81.7439,Y3_med_hrv,Yoga,Meditation
2237.867,85.3485,Y3_med_hrv,Yoga,Meditation
2238.539,89.2857,Y3_med_hrv,Yoga,Meditation
2239.195,91.4634,Y3_med_hrv,Yoga,Meditation
2239.844,92.5926,Y3_med_hrv,Yoga,Meditation
2240.508,90.3614,Y3_med_hrv,Yoga,Meditation
2241.266,79.1557,Y3_med_hrv,Yoga,Meditation
2242.031,78.329,Y3_med_hrv,Yoga,Meditation
2242.836,74.5342,Y3_med_hrv,Yoga,Meditation
2243.625,76.0456,Y3_med_hrv,Yoga,Meditation
2244.422,75.2823,Y3_med_hrv,Yoga,Meditation
2245.156,81.7439,Y3_med_hrv,Yoga,Meditation
2245.867,84.3882,Y3_med_hrv,Yoga,Meditation
2246.555,87.2093,Y3_med_hrv,Yoga,Meditation
2247.211,91.4634,Y3_med_hrv,Yoga,Meditation
2247.844,94.7867,Y3_med_hrv,Yoga,Meditation
2248.477,94.7867,Y3_med_hrv,Yoga,Meditation
2249.094,97.2447,Y3_med_hrv,Yoga,Meditation
2249.789,86.3309,Y3_med_hrv,Yoga,Meditation
2250.664,68.5714,Y3_med_hrv,Yoga,Meditation
2251.461,75.2823,Y3_med_hrv,Yoga,Meditation
2252.266,74.5342,Y3_med_hrv,Yoga,Meditation
2253.07,74.5342,Y3_med_hrv,Yoga,Meditation
2253.812,80.8625,Y3_med_hrv,Yoga,Meditation
2254.523,84.3882,Y3_med_hrv,Yoga,Meditation
2255.211,87.2093,Y3_med_hrv,Yoga,Meditation
2255.883,89.2857,Y3_med_hrv,Yoga,Meditation
2256.531,92.5926,Y3_med_hrv,Yoga,Meditation
2257.18,92.5926,Y3_med_hrv,Yoga,Meditation
2257.859,88.2353,Y3_med_hrv,Yoga,Meditation
2258.57,84.3882,Y3_med_hrv,Yoga,Meditation
2259.289,83.4492,Y3_med_hrv,Yoga,Meditation
2260.133,71.09,Y3_med_hrv,Yoga,Meditation
2260.898,78.329,Y3_med_hrv,Yoga,Meditation
2261.641,80.8625,Y3_med_hrv,Yoga,Meditation
2262.359,83.4492,Y3_med_hrv,Yoga,Meditation
2263.102,80.8625,Y3_med_hrv,Yoga,Meditation
2263.82,83.4492,Y3_med_hrv,Yoga,Meditation
2264.5,88.2353,Y3_med_hrv,Yoga,Meditation
2265.156,91.4634,Y3_med_hrv,Yoga,Meditation
2265.789,94.7867,Y3_med_hrv,Yoga,Meditation
2266.406,97.2447,Y3_med_hrv,Yoga,Meditation
2267.016,98.5222,Y3_med_hrv,Yoga,Meditation
2267.641,96.0,Y3_med_hrv,Yoga,Meditation
2268.273,94.7867,Y3_med_hrv,Yoga,Meditation
2268.961,87.2093,Y3_med_hrv,Yoga,Meditation
2269.742,76.8246,Y3_med_hrv,Yoga,Meditation
2270.641,66.8151,Y3_med_hrv,Yoga,Meditation
2271.484,71.09,Y3_med_hrv,Yoga,Meditation
2272.352,69.2042,Y3_med_hrv,Yoga,Meditation
2273.18,72.4638,Y3_med_hrv,Yoga,Meditation
2273.93,80.0,Y3_med_hrv,Yoga,Meditation
2274.617,87.2093,Y3_med_hrv,Yoga,Meditation
2275.273,91.4634,Y3_med_hrv,Yoga,Meditation
2275.891,97.2447,Y3_med_hrv,Yoga,Meditation
2276.492,99.6678,Y3_med_hrv,Yoga,Meditation
2277.102,98.5222,Y3_med_hrv,Yoga,Meditation
2277.727,96.0,Y3_med_hrv,Yoga,Meditation
2278.391,90.3614,Y3_med_hrv,Yoga,Meditation
2279.109,83.4492,Y3_med_hrv,Yoga,Meditation
2279.938,72.4638,Y3_med_hrv,Yoga,Meditation
2280.797,69.8487,Y3_med_hrv,Yoga,Meditation
2281.656,69.8487,Y3_med_hrv,Yoga,Meditation
2282.586,64.5161,Y3_med_hrv,Yoga,Meditation
2283.477,67.3401,Y3_med_hrv,Yoga,Meditation
2284.344,69.2042,Y3_med_hrv,Yoga,Meditation
2285.133,76.0456,Y3_med_hrv,Yoga,Meditation
2285.875,80.8625,Y3_med_hrv,Yoga,Meditation
2286.57,86.3309,Y3_med_hrv,Yoga,Meditation
2287.242,89.2857,Y3_med_hrv,Yoga,Meditation
2287.898,91.4634,Y3_med_hrv,Yoga,Meditation
2288.531,94.7867,Y3_med_hrv,Yoga,Meditation
2289.156,96.0,Y3_med_hrv,Yoga,Meditation
2289.797,93.6037,Y3_med_hrv,Yoga,Meditation
2290.5,85.3485,Y3_med_hrv,Yoga,Meditation
2291.258,79.1557,Y3_med_hrv,Yoga,Meditation
2292.039,76.8246,Y3_med_hrv,Yoga,Meditation
2292.805,78.329,Y3_med_hrv,Yoga,Meditation
2293.555,80.0,Y3_med_hrv,Yoga,Meditation
2294.281,82.5309,Y3_med_hrv,Yoga,Meditation
2294.984,85.3485,Y3_med_hrv,Yoga,Meditation
2295.648,90.3614,Y3_med_hrv,Yoga,Meditation
2296.289,93.6037,Y3_med_hrv,Yoga,Meditation
2296.914,96.0,Y3_med_hrv,Yoga,Meditation
2297.539,96.0,Y3_med_hrv,Yoga,Meditation
2298.172,94.7867,Y3_med_hrv,Yoga,Meditation
2298.867,86.3309,Y3_med_hrv,Yoga,Meditation
2299.633,78.329,Y3_med_hrv,Yoga,Meditation
2300.539,66.2252,Y3_med_hrv,Yoga,Meditation
2301.469,64.5161,Y3_med_hrv,Yoga,Meditation
2302.383,65.6455,Y3_med_hrv,Yoga,Meditation
2303.258,68.5714,Y3_med_hrv,Yoga,Meditation
2304.055,75.2823,Y3_med_hrv,Yoga,Meditation
2304.805,80.0,Y3_med_hrv,Yoga,Meditation
2305.5,86.3309,Y3_med_hrv,Yoga,Meditation
2306.164,90.3614,Y3_med_hrv,Yoga,Meditation
2306.828,90.3614,Y3_med_hrv,Yoga,Meditation
2307.492,90.3614,Y3_med_hrv,Yoga,Meditation
2308.203,84.3882,Y3_med_hrv,Yoga,Meditation
2309.078,68.5714,Y3_med_hrv,Yoga,Meditation
2310.0,65.0759,Y3_med_hrv,Yoga,Meditation
2310.922,65.0759,Y3_med_hrv,Yoga,Meditation
2311.812,67.3401,Y3_med_hrv,Yoga,Meditation
2312.641,72.4638,Y3_med_hrv,Yoga,Meditation
2313.414,77.6197,Y3_med_hrv,Yoga,Meditation
2314.148,81.7439,Y3_med_hrv,Yoga,Meditation
2314.844,86.3309,Y3_med_hrv,Yoga,Meditation
2315.492,92.5926,Y3_med_hrv,Yoga,Meditation
2316.125,94.7867,Y3_med_hrv,Yoga,Meditation
2316.758,94.7867,Y3_med_hrv,Yoga,Meditation
2317.406,92.5926,Y3_med_hrv,Yoga,Meditation
2318.109,85.3485,Y3_med_hrv,Yoga,Meditation
2318.914,74.5342,Y3_med_hrv,Yoga,Meditation
2319.812,66.8151,Y3_med_hrv,Yoga,Meditation
2320.797,60.9756,Y3_med_hrv,Yoga,Meditation
2321.773,61.4125,Y3_med_hrv,Yoga,Meditation
2322.68,66.2252,Y3_med_hrv,Yoga,Meditation
2323.539,69.8487,Y3_med_hrv,Yoga,Meditation
2324.312,77.6197,Y3_med_hrv,Yoga,Meditation
2325.039,82.5309,Y3_med_hrv,Yoga,Meditation
2325.742,85.3485,Y3_med_hrv,Yoga,Meditation
2326.43,87.2093,Y3_med_hrv,Yoga,Meditation
2327.102,89.2857,Y3_med_hrv,Yoga,Meditation
2327.812,84.3882,Y3_med_hrv,Yoga,Meditation
2328.578,78.329,Y3_med_hrv,Yoga,Meditation
2329.375,75.2823,Y3_med_hrv,Yoga,Meditation
2330.133,79.1557,Y3_med_hrv,Yoga,Meditation
2330.859,82.5309,Y3_med_hrv,Yoga,Meditation
2331.555,86.3309,Y3_med_hrv,Yoga,Meditation
2332.227,89.2857,Y3_med_hrv,Yoga,Meditation
2332.867,93.6037,Y3_med_hrv,Yoga,Meditation
2333.508,93.6037,Y3_med_hrv,Yoga,Meditation
2334.125,97.2447,Y3_med_hrv,Yoga,Meditation
2334.766,93.6037,Y3_med_hrv,Yoga,Meditation
2335.461,86.3309,Y3_med_hrv,Yoga,Meditation
2336.328,69.2042,Y3_med_hrv,Yoga,Meditation
2337.156,72.4638,Y3_med_hrv,Yoga,Meditation
2338.008,70.4225,Y3_med_hrv,Yoga,Meditation
2338.797,76.0456,Y3_med_hrv,Yoga,Meditation
2339.555,79.1557,Y3_med_hrv,Yoga,Meditation
2340.273,83.4492,Y3_med_hrv,Yoga,Meditation
2340.953,88.2353,Y3_med_hrv,Yoga,Meditation
2341.594,93.6037,Y3_med_hrv,Yoga,Meditation
2342.219,96.0,Y3_med_hrv,Yoga,Meditation
2342.852,94.7867,Y3_med_hrv,Yoga,Meditation
2343.5,92.5926,Y3_med_hrv,Yoga,Meditation
2344.25,80.0,Y3_med_hrv,Yoga,Meditation
2345.133,67.9502,Y3_med_hrv,Yoga,Meditation
2346.016,67.9502,Y3_med_hrv,Yoga,Meditation
2346.891,68.5714,Y3_med_hrv,Yoga,Meditation
2347.695,74.5342,Y3_med_hrv,Yoga,Meditation
2348.461,78.329,Y3_med_hrv,Yoga,Meditation
2349.172,84.3882,Y3_med_hrv,Yoga,Meditation
2349.852,88.2353,Y3_med_hrv,Yoga,Meditation
2350.523,89.2857,Y3_med_hrv,Yoga,Meditation
2351.156,94.7867,Y3_med_hrv,Yoga,Meditation
2351.789,94.7867,Y3_med_hrv,Yoga,Meditation
2352.422,94.7867,Y3_med_hrv,Yoga,Meditation
2353.062,93.6037,Y3_med_hrv,Yoga,Meditation
2353.711,92.5926,Y3_med_hrv,Yoga,Meditation
2354.398,87.2093,Y3_med_hrv,Yoga,Meditation
2355.289,67.3401,Y3_med_hrv,Yoga,Meditation
2356.188,66.8151,Y3_med_hrv,Yoga,Meditation
2357.07,67.9502,Y3_med_hrv,Yoga,Meditation
2357.945,68.5714,Y3_med_hrv,Yoga,Meditation
2358.766,73.1707,Y3_med_hrv,Yoga,Meditation
2359.547,76.8246,Y3_med_hrv,Yoga,Meditation
2360.273,82.5309,Y3_med_hrv,Yoga,Meditation
2360.953,88.2353,Y3_med_hrv,Yoga,Meditation
2361.617,90.3614,Y3_med_hrv,Yoga,Meditation
2362.258,93.6037,Y3_med_hrv,Yoga,Meditation
2362.906,92.5926,Y3_med_hrv,Yoga,Meditation
2363.602,86.3309,Y3_med_hrv,Yoga,Meditation
2364.367,78.329,Y3_med_hrv,Yoga,Meditation
2365.352,60.9756,Y3_med_hrv,Yoga,Meditation
2366.273,65.0759,Y3_med_hrv,Yoga,Meditation
2367.219,63.4921,Y3_med_hrv,Yoga,Meditation
2368.109,67.3401,Y3_med_hrv,Yoga,Meditation
2368.922,73.8916,Y3_med_hrv,Yoga,Meditation
2369.688,78.329,Y3_med_hrv,Yoga,Meditation
2370.406,83.4492,Y3_med_hrv,Yoga,Meditation
2371.086,88.2353,Y3_med_hrv,Yoga,Meditation
2371.75,90.3614,Y3_med_hrv,Yoga,Meditation
2372.414,90.3614,Y3_med_hrv,Yoga,Meditation
2373.094,88.2353,Y3_med_hrv,Yoga,Meditation
2373.875,76.8246,Y3_med_hrv,Yoga,Meditation
2374.789,65.6455,Y3_med_hrv,Yoga,Meditation
2375.703,65.6455,Y3_med_hrv,Yoga,Meditation
2376.617,65.6455,Y3_med_hrv,Yoga,Meditation
2377.477,69.8487,Y3_med_hrv,Yoga,Meditation
2378.289,73.8916,Y3_med_hrv,Yoga,Meditation
2379.039,80.0,Y3_med_hrv,Yoga,Meditation
2379.75,84.3882,Y3_med_hrv,Yoga,Meditation
2380.43,88.2353,Y3_med_hrv,Yoga,Meditation
2381.086,91.4634,Y3_med_hrv,Yoga,Meditation
2381.734,92.5926,Y3_med_hrv,Yoga,Meditation
2382.398,90.3614,Y3_med_hrv,Yoga,Meditation
2383.086,87.2093,Y3_med_hrv,Yoga,Meditation
2383.867,76.8246,Y3_med_hrv,Yoga,Meditation
2384.695,72.4638,Y3_med_hrv,Yoga,Meditation
2385.484,76.0456,Y3_med_hrv,Yoga,Meditation
2386.25,78.329,Y3_med_hrv,Yoga,Meditation
2386.961,84.3882,Y3_med_hrv,Yoga,Meditation
2387.648,87.2093,Y3_med_hrv,Yoga,Meditation
2388.32,89.2857,Y3_med_hrv,Yoga,Meditation
2388.969,92.5926,Y3_med_hrv,Yoga,Meditation
2389.609,93.6037,Y3_med_hrv,Yoga,Meditation
2390.266,91.4634,Y3_med_hrv,Yoga,Meditation
2390.992,82.5309,Y3_med_hrv,Yoga,Meditation
2391.844,70.4225,Y3_med_hrv,Yoga,Meditation
2392.68,71.7703,Y3_med_hrv,Yoga,Meditation
2393.531,70.4225,Y3_med_hrv,Yoga,Meditation
2394.344,73.8916,Y3_med_hrv,Yoga,Meditation
2395.109,78.329,Y3_med_hrv,Yoga,Meditation
2395.828,83.4492,Y3_med_hrv,Yoga,Meditation
2396.5,89.2857,Y3_med_hrv,Yoga,Meditation
2397.164,90.3614,Y3_med_hrv,Yoga,Meditation
2397.773,98.5222,Y3_med_hrv,Yoga,Meditation
2398.375,99.6678,Y3_med_hrv,Yoga,Meditation
2398.977,99.6678,Y3_med_hrv,Yoga,Meditation
2399.594,97.2447,Y3_med_hrv,Yoga,Meditation
2400.25,91.4634,Y3_med_hrv,Yoga,Meditation
2400.969,83.4492,Y3_med_hrv,Yoga,Meditation
2401.797,72.4638,Y3_med_hrv,Yoga,Meditation
2402.711,65.6455,Y3_med_hrv,Yoga,Meditation
2403.672,62.435,Y3_med_hrv,Yoga,Meditation
2404.633,62.435,Y3_med_hrv,Yoga,Meditation
2405.562,64.5161,Y3_med_hrv,Yoga,Meditation
2406.469,66.2252,Y3_med_hrv,Yoga,Meditation
2407.289,73.1707,Y3_med_hrv,Yoga,Meditation
2408.031,80.8625,Y3_med_hrv,Yoga,Meditation
2408.75,83.4492,Y3_med_hrv,Yoga,Meditation
2409.406,91.4634,Y3_med_hrv,Yoga,Meditation
2410.07,90.3614,Y3_med_hrv,Yoga,Meditation
2410.742,89.2857,Y3_med_hrv,Yoga,Meditation
2411.5,79.1557,Y3_med_hrv,Yoga,Meditation
2412.414,65.6455,Y3_med_hrv,Yoga,Meditation
2413.289,68.5714,Y3_med_hrv,Yoga,Meditation
2414.156,69.2042,Y3_med_hrv,Yoga,Meditation
2415.008,70.4225,Y3_med_hrv,Yoga,Meditation
2415.805,75.2823,Y3_med_hrv,Yoga,Meditation
2416.539,81.7439,Y3_med_hrv,Yoga,Meditation
2417.242,85.3485,Y3_med_hrv,Yoga,Meditation
2417.914,89.2857,Y3_med_hrv,Yoga,Meditation
2418.594,88.2353,Y3_med_hrv,Yoga,Meditation
2419.273,88.2353,Y3_med_hrv,Yoga,Meditation
2420.008,81.7439,Y3_med_hrv,Yoga,Meditation
2420.844,71.7703,Y3_med_hrv,Yoga,Meditation
2421.773,64.5161,Y3_med_hrv,Yoga,Meditation
2422.664,67.3401,Y3_med_hrv,Yoga,Meditation
2423.508,71.09,Y3_med_hrv,Yoga,Meditation
2424.289,76.8246,Y3_med_hrv,Yoga,Meditation
2425.016,82.5309,Y3_med_hrv,Yoga,Meditation
2425.727,84.3882,Y3_med_hrv,Yoga,Meditation
2426.422,86.3309,Y3_med_hrv,Yoga,Meditation
2427.078,91.4634,Y3_med_hrv,Yoga,Meditation
2427.727,92.5926,Y3_med_hrv,Yoga,Meditation
2428.422,86.3309,Y3_med_hrv,Yoga,Meditation
2429.133,84.3882,Y3_med_hrv,Yoga,Meditation
2429.844,84.3882,Y3_med_hrv,Yoga,Meditation
2430.508,90.3614,Y3_med_hrv,Yoga,Meditation
2431.164,91.4634,Y3_med_hrv,Yoga,Meditation
2431.812,92.5926,Y3_med_hrv,Yoga,Meditation
2432.469,91.4634,Y3_med_hrv,Yoga,Meditation
2433.156,87.2093,Y3_med_hrv,Yoga,Meditation
2433.953,75.2823,Y3_med_hrv,Yoga,Meditation
2434.773,73.1707,Y3_med_hrv,Yoga,Meditation
2435.594,73.1707,Y3_med_hrv,Yoga,Meditation
2436.383,76.0456,Y3_med_hrv,Yoga,Meditation
2437.133,80.0,Y3_med_hrv,Yoga,Meditation
2437.852,83.4492,Y3_med_hrv,Yoga,Meditation
2438.539,87.2093,Y3_med_hrv,Yoga,Meditation
2439.203,90.3614,Y3_med_hrv,Yoga,Meditation
2439.852,92.5926,Y3_med_hrv,Yoga,Meditation
2440.508,91.4634,Y3_med_hrv,Yoga,Meditation
2441.18,89.2857,Y3_med_hrv,Yoga,Meditation
2441.961,76.8246,Y3_med_hrv,Yoga,Meditation
2442.953,60.4839,Y3_med_hrv,Yoga,Meditation
2443.859,66.2252,Y3_med_hrv,Yoga,Meditation
2444.758,66.8151,Y3_med_hrv,Yoga,Meditation
2445.578,73.1707,Y3_med_hrv,Yoga,Meditation
2446.375,75.2823,Y3_med_hrv,Yoga,Meditation
2447.109,81.7439,Y3_med_hrv,Yoga,Meditation
2447.82,84.3882,Y3_med_hrv,Yoga,Meditation
2448.516,86.3309,Y3_med_hrv,Yoga,Meditation
2449.188,89.2857,Y3_med_hrv,Yoga,Meditation
2449.867,88.2353,Y3_med_hrv,Yoga,Meditation
2450.625,79.1557,Y3_med_hrv,Yoga,Meditation
2451.453,72.4638,Y3_med_hrv,Yoga,Meditation
2452.266,73.8916,Y3_med_hrv,Yoga,Meditation
2453.062,75.2823,Y3_med_hrv,Yoga,Meditation
2453.789,82.5309,Y3_med_hrv,Yoga,Meditation
2454.492,85.3485,Y3_med_hrv,Yoga,Meditation
2455.188,86.3309,Y3_med_hrv,Yoga,Meditation
2455.867,88.2353,Y3_med_hrv,Yoga,Meditation
2456.531,90.3614,Y3_med_hrv,Yoga,Meditation
2457.203,89.2857,Y3_med_hrv,Yoga,Meditation
2457.922,83.4492,Y3_med_hrv,Yoga,Meditation
2458.805,67.9502,Y3_med_hrv,Yoga,Meditation
2459.727,65.0759,Y3_med_hrv,Yoga,Meditation
2460.641,65.6455,Y3_med_hrv,Yoga,Meditation
2461.516,68.5714,Y3_med_hrv,Yoga,Meditation
2462.328,73.8916,Y3_med_hrv,Yoga,Meditation
2463.102,77.6197,Y3_med_hrv,Yoga,Meditation
2463.828,82.5309,Y3_med_hrv,Yoga,Meditation
2464.523,86.3309,Y3_med_hrv,Yoga,Meditation
2465.188,90.3614,Y3_med_hrv,Yoga,Meditation
2465.836,92.5926,Y3_med_hrv,Yoga,Meditation
2466.477,93.6037,Y3_med_hrv,Yoga,Meditation
2467.133,91.4634,Y3_med_hrv,Yoga,Meditation
2467.82,87.2093,Y3_med_hrv,Yoga,Meditation
2468.547,82.5309,Y3_med_hrv,Yoga,Meditation
2469.312,78.329,Y3_med_hrv,Yoga,Meditation
2470.039,82.5309,Y3_med_hrv,Yoga,Meditation
2470.727,87.2093,Y3_med_hrv,Yoga,Meditation
2471.414,87.2093,Y3_med_hrv,Yoga,Meditation
2472.094,88.2353,Y3_med_hrv,Yoga,Meditation
2472.812,83.4492,Y3_med_hrv,Yoga,Meditation
2473.508,86.3309,Y3_med_hrv,Yoga,Meditation
2474.211,85.3485,Y3_med_hrv,Yoga,Meditation
2474.898,87.2093,Y3_med_hrv,Yoga,Meditation
2475.594,86.3309,Y3_med_hrv,Yoga,Meditation
2476.289,86.3309,Y3_med_hrv,Yoga,Meditation
2477.023,81.7439,Y3_med_hrv,Yoga,Meditation
2477.766,80.8625,Y3_med_hrv,Yoga,Meditation
2478.477,84.3882,Y3_med_hrv,Yoga,Meditation
2479.234,79.1557,Y3_med_hrv,Yoga,Meditation
2479.992,79.1557,Y3_med_hrv,Yoga,Meditation
2480.758,78.329,Y3_med_hrv,Yoga,Meditation
2481.508,80.0,Y3_med_hrv,Yoga,Meditation
2482.227,83.4492,Y3_med_hrv,Yoga,Meditation
2482.914,87.2093,Y3_med_hrv,Yoga,Meditation
2483.594,88.2353,Y3_med_hrv,Yoga,Meditation
2484.219,96.0,Y3_med_hrv,Yoga,Meditation
2484.859,93.6037,Y3_med_hrv,Yoga,Meditation
2485.453,101.01,Y3_med_hrv,Yoga,Meditation
2486.062,98.5222,Y3_med_hrv,Yoga,Meditation
2486.68,97.2447,Y3_med_hrv,Yoga,Meditation
2487.344,90.3614,Y3_med_hrv,Yoga,Meditation
2488.172,72.4638,Y3_med_hrv,Yoga,Meditation
2489.039,69.2042,Y3_med_hrv,Yoga,Meditation
2489.906,69.2042,Y3_med_hrv,Yoga,Meditation
2490.781,68.5714,Y3_med_hrv,Yoga,Meditation
2491.633,70.4225,Y3_med_hrv,Yoga,Meditation
2492.414,76.8246,Y3_med_hrv,Yoga,Meditation
2493.156,80.8625,Y3_med_hrv,Yoga,Meditation
2493.867,84.3882,Y3_med_hrv,Yoga,Meditation
2494.562,86.3309,Y3_med_hrv,Yoga,Meditation
2495.25,87.2093,Y3_med_hrv,Yoga,Meditation
2495.961,84.3882,Y3_med_hrv,Yoga,Meditation
2496.727,78.329,Y3_med_hrv,Yoga,Meditation
2497.516,76.0456,Y3_med_hrv,Yoga,Meditation
2498.297,76.8246,Y3_med_hrv,Yoga,Meditation
2499.055,79.1557,Y3_med_hrv,Yoga,Meditation
2499.773,83.4492,Y3_med_hrv,Yoga,Meditation
2500.469,86.3309,Y3_med_hrv,Yoga,Meditation
2501.125,91.4634,Y3_med_hrv,Yoga,Meditation
2501.758,94.7867,Y3_med_hrv,Yoga,Meditation
2502.398,93.6037,Y3_med_hrv,Yoga,Meditation
2503.008,98.5222,Y3_med_hrv,Yoga,Meditation
2503.641,94.7867,Y3_med_hrv,Yoga,Meditation
2504.328,87.2093,Y3_med_hrv,Yoga,Meditation
2505.086,79.1557,Y3_med_hrv,Yoga,Meditation
2505.977,67.3401,Y3_med_hrv,Yoga,Meditation
2506.891,65.6455,Y3_med_hrv,Yoga,Meditation
2507.781,67.3401,Y3_med_hrv,Yoga,Meditation
2508.633,70.4225,Y3_med_hrv,Yoga,Meditation
2509.422,76.0456,Y3_med_hrv,Yoga,Meditation
2510.133,84.3882,Y3_med_hrv,Yoga,Meditation
2510.867,81.7439,Y3_med_hrv,Yoga,Meditation
2511.555,87.2093,Y3_med_hrv,Yoga,Meditation
2512.227,89.2857,Y3_med_hrv,Yoga,Meditation
2512.906,88.2353,Y3_med_hrv,Yoga,Meditation
2513.672,78.329,Y3_med_hrv,Yoga,Meditation
2514.469,75.2823,Y3_med_hrv,Yoga,Meditation
2515.25,76.8246,Y3_med_hrv,Yoga,Meditation
2515.992,80.8625,Y3_med_hrv,Yoga,Meditation
2516.703,84.3882,Y3_med_hrv,Yoga,Meditation
2517.367,90.3614,Y3_med_hrv,Yoga,Meditation
2518.023,91.4634,Y3_med_hrv,Yoga,Meditation
2518.664,93.6037,Y3_med_hrv,Yoga,Meditation
2519.312,92.5926,Y3_med_hrv,Yoga,Meditation
2520.078,78.329,Y3_med_hrv,Yoga,Meditation
2520.914,71.7703,Y3_med_hrv,Yoga,Meditation
2521.781,69.2042,Y3_med_hrv,Yoga,Meditation
2522.617,71.7703,Y3_med_hrv,Yoga,Meditation
2523.406,76.0456,Y3_med_hrv,Yoga,Meditation
2524.156,80.0,Y3_med_hrv,Yoga,Meditation
2524.891,81.7439,Y3_med_hrv,Yoga,Meditation
2525.609,83.4492,Y3_med_hrv,Yoga,Meditation
2526.32,84.3882,Y3_med_hrv,Yoga,Meditation
2527.109,76.0456,Y3_med_hrv,Yoga,Meditation
2528.016,66.2252,Y3_med_hrv,Yoga,Meditation
2528.914,66.8151,Y3_med_hrv,Yoga,Meditation
2529.789,68.5714,Y3_med_hrv,Yoga,Meditation
2530.602,73.8916,Y3_med_hrv,Yoga,Meditation
2531.375,77.6197,Y3_med_hrv,Yoga,Meditation
2532.109,81.7439,Y3_med_hrv,Yoga,Meditation
2532.805,86.3309,Y3_med_hrv,Yoga,Meditation
2533.484,88.2353,Y3_med_hrv,Yoga,Meditation
2534.156,89.2857,Y3_med_hrv,Yoga,Meditation
2534.836,88.2353,Y3_med_hrv,Yoga,Meditation
2535.547,84.3882,Y3_med_hrv,Yoga,Meditation
2536.344,75.2823,Y3_med_hrv,Yoga,Meditation
2537.305,62.435,Y3_med_hrv,Yoga,Meditation
2538.25,63.4921,Y3_med_hrv,Yoga,Meditation
2539.188,63.9659,Y3_med_hrv,Yoga,Meditation
2540.078,67.3401,Y3_med_hrv,Yoga,Meditation
2540.898,73.1707,Y3_med_hrv,Yoga,Meditation
2541.68,76.8246,Y3_med_hrv,Yoga,Meditation
2542.383,85.3485,Y3_med_hrv,Yoga,Meditation
2543.086,85.3485,Y3_med_hrv,Yoga,Meditation
2543.758,89.2857,Y3_med_hrv,Yoga,Meditation
2544.414,91.4634,Y3_med_hrv,Yoga,Meditation
2545.094,88.2353,Y3_med_hrv,Yoga,Meditation
2545.828,81.7439,Y3_med_hrv,Yoga,Meditation
2546.656,72.4638,Y3_med_hrv,Yoga,Meditation
2547.531,68.5714,Y3_med_hrv,Yoga,Meditation
2548.375,71.09,Y3_med_hrv,Yoga,Meditation
2549.18,74.5342,Y3_med_hrv,Yoga,Meditation
2549.945,78.329,Y3_med_hrv,Yoga,Meditation
2550.672,82.5309,Y3_med_hrv,Yoga,Meditation
2551.352,88.2353,Y3_med_hrv,Yoga,Meditation
2552.016,90.3614,Y3_med_hrv,Yoga,Meditation
2552.664,92.5926,Y3_med_hrv,Yoga,Meditation
2553.305,93.6037,Y3_med_hrv,Yoga,Meditation
2553.953,92.5926,Y3_med_hrv,Yoga,Meditation
2554.719,78.329,Y3_med_hrv,Yoga,Meditation
2555.547,72.4638,Y3_med_hrv,Yoga,Meditation
2556.406,69.8487,Y3_med_hrv,Yoga,Meditation
2557.258,70.4225,Y3_med_hrv,Yoga,Meditation
2558.07,73.8916,Y3_med_hrv,Yoga,Meditation
2558.844,77.6197,Y3_med_hrv,Yoga,Meditation
2559.586,80.8625,Y3_med_hrv,Yoga,Meditation
2560.297,84.3882,Y3_med_hrv,Yoga,Meditation
2561.008,84.3882,Y3_med_hrv,Yoga,Meditation
2561.695,87.2093,Y3_med_hrv,Yoga,Meditation
2562.398,85.3485,Y3_med_hrv,Yoga,Meditation
2563.141,80.8625,Y3_med_hrv,Yoga,Meditation
2564.047,66.2252,Y3_med_hrv,Yoga,Meditation
2564.914,69.2042,Y3_med_hrv,Yoga,Meditation
2565.805,67.3401,Y3_med_hrv,Yoga,Meditation
2566.641,71.7703,Y3_med_hrv,Yoga,Meditation
2567.422,76.8246,Y3_med_hrv,Yoga,Meditation
2568.164,80.8625,Y3_med_hrv,Yoga,Meditation
2568.859,86.3309,Y3_med_hrv,Yoga,Meditation
2569.523,90.3614,Y3_med_hrv,Yoga,Meditation
2570.172,92.5926,Y3_med_hrv,Yoga,Meditation
2570.812,93.6037,Y3_med_hrv,Yoga,Meditation
2571.477,90.3614,Y3_med_hrv,Yoga,Meditation
2572.164,87.2093,Y3_med_hrv,Yoga,Meditation
2572.977,73.8916,Y3_med_hrv,Yoga,Meditation
2573.859,67.9502,Y3_med_hrv,Yoga,Meditation
2574.742,67.9502,Y3_med_hrv,Yoga,Meditation
2575.625,67.9502,Y3_med_hrv,Yoga,Meditation
2576.453,72.4638,Y3_med_hrv,Yoga,Meditation
2577.234,76.8246,Y3_med_hrv,Yoga,Meditation
2577.977,80.8625,Y3_med_hrv,Yoga,Meditation
2578.688,84.3882,Y3_med_hrv,Yoga,Meditation
2579.375,87.2093,Y3_med_hrv,Yoga,Meditation
2580.055,88.2353,Y3_med_hrv,Yoga,Meditation
2580.734,88.2353,Y3_med_hrv,Yoga,Meditation
2581.445,84.3882,Y3_med_hrv,Yoga,Meditation
2582.219,77.6197,Y3_med_hrv,Yoga,Meditation
2583.078,69.8487,Y3_med_hrv,Yoga,Meditation
2583.922,71.09,Y3_med_hrv,Yoga,Meditation
2584.742,73.1707,Y3_med_hrv,Yoga,Meditation
2585.523,76.8246,Y3_med_hrv,Yoga,Meditation
2586.258,81.7439,Y3_med_hrv,Yoga,Meditation
2586.953,86.3309,Y3_med_hrv,Yoga,Meditation
2587.617,90.3614,Y3_med_hrv,Yoga,Meditation
2588.266,92.5926,Y3_med_hrv,Yoga,Meditation
2588.922,91.4634,Y3_med_hrv,Yoga,Meditation
2589.578,91.4634,Y3_med_hrv,Yoga,Meditation
2590.281,85.3485,Y3_med_hrv,Yoga,Meditation
2591.039,79.1557,Y3_med_hrv,Yoga,Meditation
2591.805,78.329,Y3_med_hrv,Yoga,Meditation
2592.57,78.329,Y3_med_hrv,Yoga,Meditation
2593.312,80.8625,Y3_med_hrv,Yoga,Meditation
2594.008,86.3309,Y3_med_hrv,Yoga,Meditation
2594.695,87.2093,Y3_med_hrv,Yoga,Meditation
2595.375,88.2353,Y3_med_hrv,Yoga,Meditation
2596.008,94.7867,Y3_med_hrv,Yoga,Meditation
2596.656,92.5926,Y3_med_hrv,Yoga,Meditation
2597.297,93.6037,Y3_med_hrv,Yoga,Meditation
2597.977,88.2353,Y3_med_hrv,Yoga,Meditation
2598.727,80.0,Y3_med_hrv,Yoga,Meditation
2599.539,73.8916,Y3_med_hrv,Yoga,Meditation
2600.352,73.8916,Y3_med_hrv,Yoga,Meditation
2601.164,73.8916,Y3_med_hrv,Yoga,Meditation
2601.922,79.1557,Y3_med_hrv,Yoga,Meditation
2602.633,84.3882,Y3_med_hrv,Yoga,Meditation
2603.328,86.3309,Y3_med_hrv,Yoga,Meditation
2604.0,89.2857,Y3_med_hrv,Yoga,Meditation
2604.617,97.2447,Y3_med_hrv,Yoga,Meditation
2605.258,93.6037,Y3_med_hrv,Yoga,Meditation
2605.891,94.7867,Y3_med_hrv,Yoga,Meditation
2606.523,94.7867,Y3_med_hrv,Yoga,Meditation
2607.258,81.7439,Y3_med_hrv,Yoga,Meditation
2608.109,70.4225,Y3_med_hrv,Yoga,Meditation
2608.953,71.09,Y3_med_hrv,Yoga,Meditation
2609.805,70.4225,Y3_med_hrv,Yoga,Meditation
2610.617,73.8916,Y3_med_hrv,Yoga,Meditation
2611.398,76.8246,Y3_med_hrv,Yoga,Meditation
2612.109,84.3882,Y3_med_hrv,Yoga,Meditation
2612.797,87.2093,Y3_med_hrv,Yoga,Meditation
2613.461,90.3614,Y3_med_hrv,Yoga,Meditation
2614.141,88.2353,Y3_med_hrv,Yoga,Meditation
2614.891,80.0,Y3_med_hrv,Yoga,Meditation
2615.727,71.7703,Y3_med_hrv,Yoga,Meditation
2616.562,71.7703,Y3_med_hrv,Yoga,Meditation
2617.391,72.4638,Y3_med_hrv,Yoga,Meditation
2618.195,74.5342,Y3_med_hrv,Yoga,Meditation
2618.938,80.8625,Y3_med_hrv,Yoga,Meditation
2619.664,82.5309,Y3_med_hrv,Yoga,Meditation
2620.367,85.3485,Y3_med_hrv,Yoga,Meditation
2621.055,87.2093,Y3_med_hrv,Yoga,Meditation
2621.773,83.4492,Y3_med_hrv,Yoga,Meditation
2622.641,69.2042,Y3_med_hrv,Yoga,Meditation
2623.516,68.5714,Y3_med_hrv,Yoga,Meditation
2624.383,69.2042,Y3_med_hrv,Yoga,Meditation
2625.219,71.7703,Y3_med_hrv,Yoga,Meditation
2626.0,76.8246,Y3_med_hrv,Yoga,Meditation
2626.75,80.0,Y3_med_hrv,Yoga,Meditation
2627.445,86.3309,Y3_med_hrv,Yoga,Meditation
2628.109,90.3614,Y3_med_hrv,Yoga,Meditation
2628.742,94.7867,Y3_med_hrv,Yoga,Meditation
2629.375,94.7867,Y3_med_hrv,Yoga,Meditation
2629.992,97.2447,Y3_med_hrv,Yoga,Meditation
2630.641,92.5926,Y3_med_hrv,Yoga,Meditation
2631.359,83.4492,Y3_med_hrv,Yoga,Meditation
2632.219,69.8487,Y3_med_hrv,Yoga,Meditation
2633.062,71.09,Y3_med_hrv,Yoga,Meditation
2633.922,69.8487,Y3_med_hrv,Yoga,Meditation
2634.742,73.1707,Y3_med_hrv,Yoga,Meditation
2635.555,73.8916,Y3_med_hrv,Yoga,Meditation
2636.312,79.1557,Y3_med_hrv,Yoga,Meditation
2637.039,82.5309,Y3_med_hrv,Yoga,Meditation
2637.727,87.2093,Y3_med_hrv,Yoga,Meditation
2638.398,89.2857,Y3_med_hrv,Yoga,Meditation
2639.047,92.5926,Y3_med_hrv,Yoga,Meditation
2639.664,97.2447,Y3_med_hrv,Yoga,Meditation
2640.281,97.2447,Y3_med_hrv,Yoga,Meditation
2640.891,98.5222,Y3_med_hrv,Yoga,Meditation
2641.531,93.6037,Y3_med_hrv,Yoga,Meditation
2642.234,85.3485,Y3_med_hrv,Yoga,Meditation
2643.094,69.8487,Y3_med_hrv,Yoga,Meditation
2643.953,69.8487,Y3_med_hrv,Yoga,Meditation
2644.844,67.3401,Y3_med_hrv,Yoga,Meditation
2645.711,69.2042,Y3_med_hrv,Yoga,Meditation
2646.547,71.7703,Y3_med_hrv,Yoga,Meditation
2647.344,75.2823,Y3_med_hrv,Yoga,Meditation
2648.094,80.0,Y3_med_hrv,Yoga,Meditation
2648.805,84.3882,Y3_med_hrv,Yoga,Meditation
2649.492,87.2093,Y3_med_hrv,Yoga,Meditation
2650.148,91.4634,Y3_med_hrv,Yoga,Meditation
2650.812,90.3614,Y3_med_hrv,Yoga,Meditation
2651.484,89.2857,Y3_med_hrv,Yoga,Meditation
2652.195,84.3882,Y3_med_hrv,Yoga,Meditation
2653.016,73.1707,Y3_med_hrv,Yoga,Meditation
2653.867,70.4225,Y3_med_hrv,Yoga,Meditation
2654.719,70.4225,Y3_med_hrv,Yoga,Meditation
2655.57,70.4225,Y3_med_hrv,Yoga,Meditation
2656.383,73.8916,Y3_med_hrv,Yoga,Meditation
2657.148,78.329,Y3_med_hrv,Yoga,Meditation
2657.867,83.4492,Y3_med_hrv,Yoga,Meditation
2658.547,88.2353,Y3_med_hrv,Yoga,Meditation
2659.219,89.2857,Y3_med_hrv,Yoga,Meditation
2659.875,91.4634,Y3_med_hrv,Yoga,Meditation
2660.492,97.2447,Y3_med_hrv,Yoga,Meditation
2661.133,93.6037,Y3_med_hrv,Yoga,Meditation
2661.82,87.2093,Y3_med_hrv,Yoga,Meditation
2662.617,75.2823,Y3_med_hrv,Yoga,Meditation
2663.484,69.2042,Y3_med_hrv,Yoga,Meditation
2664.352,69.2042,Y3_med_hrv,Yoga,Meditation
2665.234,67.9502,Y3_med_hrv,Yoga,Meditation
2666.078,71.09,Y3_med_hrv,Yoga,Meditation
2666.883,74.5342,Y3_med_hrv,Yoga,Meditation
2667.625,80.8625,Y3_med_hrv,Yoga,Meditation
2668.336,84.3882,Y3_med_hrv,Yoga,Meditation
2669.031,86.3309,Y3_med_hrv,Yoga,Meditation
2669.695,90.3614,Y3_med_hrv,Yoga,Meditation
2670.352,91.4634,Y3_med_hrv,Yoga,Meditation
2671.031,88.2353,Y3_med_hrv,Yoga,Meditation
2671.719,87.2093,Y3_med_hrv,Yoga,Meditation
2672.5,76.8246,Y3_med_hrv,Yoga,Meditation
2673.422,65.0759,Y3_med_hrv,Yoga,Meditation
2674.359,63.9659,Y3_med_hrv,Yoga,Meditation
2675.234,68.5714,Y3_med_hrv,Yoga,Meditation
2676.078,71.09,Y3_med_hrv,Yoga,Meditation
2676.875,75.2823,Y3_med_hrv,Yoga,Meditation
2677.633,79.1557,Y3_med_hrv,Yoga,Meditation
2678.344,84.3882,Y3_med_hrv,Yoga,Meditation
2679.039,86.3309,Y3_med_hrv,Yoga,Meditation
2679.703,90.3614,Y3_med_hrv,Yoga,Meditation
2680.375,89.2857,Y3_med_hrv,Yoga,Meditation
2681.055,88.2353,Y3_med_hrv,Yoga,Meditation
2681.797,80.8625,Y3_med_hrv,Yoga,Meditation
2682.68,67.9502,Y3_med_hrv,Yoga,Meditation
2683.555,68.5714,Y3_med_hrv,Yoga,Meditation
2684.406,70.4225,Y3_med_hrv,Yoga,Meditation
2685.195,76.0456,Y3_med_hrv,Yoga,Meditation
2685.93,81.7439,Y3_med_hrv,Yoga,Meditation
2686.656,82.5309,Y3_med_hrv,Yoga,Meditation
2687.375,83.4492,Y3_med_hrv,Yoga,Meditation
2688.062,87.2093,Y3_med_hrv,Yoga,Meditation
2688.742,88.2353,Y3_med_hrv,Yoga,Meditation
2689.453,84.3882,Y3_med_hrv,Yoga,Meditation
2690.234,76.8246,Y3_med_hrv,Yoga,Meditation
2691.086,70.4225,Y3_med_hrv,Yoga,Meditation
2691.953,69.2042,Y3_med_hrv,Yoga,Meditation
2692.781,72.4638,Y3_med_hrv,Yoga,Meditation
2693.57,76.0456,Y3_med_hrv,Yoga,Meditation
2694.328,79.1557,Y3_med_hrv,Yoga,Meditation
2695.031,85.3485,Y3_med_hrv,Yoga,Meditation
2695.727,86.3309,Y3_med_hrv,Yoga,Meditation
2696.406,88.2353,Y3_med_hrv,Yoga,Meditation
2697.07,90.3614,Y3_med_hrv,Yoga,Meditation
2697.75,88.2353,Y3_med_hrv,Yoga,Meditation
2698.477,82.5309,Y3_med_hrv,Yoga,Meditation
2699.258,76.8246,Y3_med_hrv,Yoga,Meditation
2700.078,73.1707,Y3_med_hrv,Yoga,Meditation
2701.023,63.4921,Y3_med_hrv,Yoga,Meditation
2701.859,71.7703,Y3_med_hrv,Yoga,Meditation
2702.648,76.0456,Y3_med_hrv,Yoga,Meditation
2703.406,79.1557,Y3_med_hrv,Yoga,Meditation
2704.125,83.4492,Y3_med_hrv,Yoga,Meditation
2704.828,85.3485,Y3_med_hrv,Yoga,Meditation
2705.531,85.3485,Y3_med_hrv,Yoga,Meditation
2706.219,87.2093,Y3_med_hrv,Yoga,Meditation
2706.891,89.2857,Y3_med_hrv,Yoga,Meditation
2707.586,86.3309,Y3_med_hrv,Yoga,Meditation
2708.297,84.3882,Y3_med_hrv,Yoga,Meditation
2709.07,77.6197,Y3_med_hrv,Yoga,Meditation
2709.922,70.4225,Y3_med_hrv,Yoga,Meditation
2710.82,66.8151,Y3_med_hrv,Yoga,Meditation
2711.688,69.2042,Y3_med_hrv,Yoga,Meditation
2712.531,71.09,Y3_med_hrv,Yoga,Meditation
2713.312,76.8246,Y3_med_hrv,Yoga,Meditation
2714.055,80.8625,Y3_med_hrv,Yoga,Meditation
2714.75,86.3309,Y3_med_hrv,Yoga,Meditation
2715.43,88.2353,Y3_med_hrv,Yoga,Meditation
2716.094,90.3614,Y3_med_hrv,Yoga,Meditation
2716.734,93.6037,Y3_med_hrv,Yoga,Meditation
2717.406,89.2857,Y3_med_hrv,Yoga,Meditation
2718.156,80.0,Y3_med_hrv,Yoga,Meditation
2719.094,63.9659,Y3_med_hrv,Yoga,Meditation
2720.023,64.5161,Y3_med_hrv,Yoga,Meditation
2720.969,63.4921,Y3_med_hrv,Yoga,Meditation
2721.898,64.5161,Y3_med_hrv,Yoga,Meditation
2722.742,71.09,Y3_med_hrv,Yoga,Meditation
2723.539,75.2823,Y3_med_hrv,Yoga,Meditation
2724.281,80.8625,Y3_med_hrv,Yoga,Meditation
2724.984,85.3485,Y3_med_hrv,Yoga,Meditation
2725.664,88.2353,Y3_med_hrv,Yoga,Meditation
2726.336,89.2857,Y3_med_hrv,Yoga,Meditation
2727.008,89.2857,Y3_med_hrv,Yoga,Meditation
2727.758,80.0,Y3_med_hrv,Yoga,Meditation
2728.562,74.5342,Y3_med_hrv,Yoga,Meditation
2729.461,66.8151,Y3_med_hrv,Yoga,Meditation
2730.234,77.6197,Y3_med_hrv,Yoga,Meditation
2731.039,74.5342,Y3_med_hrv,Yoga,Meditation
2731.766,82.5309,Y3_med_hrv,Yoga,Meditation
2732.477,84.3882,Y3_med_hrv,Yoga,Meditation
2733.172,86.3309,Y3_med_hrv,Yoga,Meditation
2733.859,87.2093,Y3_med_hrv,Yoga,Meditation
2734.57,84.3882,Y3_med_hrv,Yoga,Meditation
2735.312,80.8625,Y3_med_hrv,Yoga,Meditation
2736.07,79.1557,Y3_med_hrv,Yoga,Meditation
2736.828,79.1557,Y3_med_hrv,Yoga,Meditation
2737.57,80.8625,Y3_med_hrv,Yoga,Meditation
2738.281,84.3882,Y3_med_hrv,Yoga,Meditation
2738.953,89.2857,Y3_med_hrv,Yoga,Meditation
2739.617,90.3614,Y3_med_hrv,Yoga,Meditation
2740.258,93.6037,Y3_med_hrv,Yoga,Meditation
2740.898,93.6037,Y3_med_hrv,Yoga,Meditation
2741.562,90.3614,Y3_med_hrv,Yoga,Meditation
2742.281,83.4492,Y3_med_hrv,Yoga,Meditation
2743.141,69.8487,Y3_med_hrv,Yoga,Meditation
2744.0,69.8487,Y3_med_hrv,Yoga,Meditation
2744.875,68.5714,Y3_med_hrv,Yoga,Meditation
2745.703,72.4638,Y3_med_hrv,Yoga,Meditation
2746.508,74.5342,Y3_med_hrv,Yoga,Meditation
2747.266,79.1557,Y3_med_hrv,Yoga,Meditation
2748.0,81.7439,Y3_med_hrv,Yoga,Meditation
2748.703,85.3485,Y3_med_hrv,Yoga,Meditation
2749.398,86.3309,Y3_med_hrv,Yoga,Meditation
2750.086,87.2093,Y3_med_hrv,Yoga,Meditation
2750.82,81.7439,Y3_med_hrv,Yoga,Meditation
2751.641,73.1707,Y3_med_hrv,Yoga,Meditation
2752.492,70.4225,Y3_med_hrv,Yoga,Meditation
2753.336,71.09,Y3_med_hrv,Yoga,Meditation
2754.203,69.2042,Y3_med_hrv,Yoga,Meditation
2755.0,75.2823,Y3_med_hrv,Yoga,Meditation
2755.75,80.0,Y3_med_hrv,Yoga,Meditation
2756.469,83.4492,Y3_med_hrv,Yoga,Meditation
2757.156,87.2093,Y3_med_hrv,Yoga,Meditation
2757.828,89.2857,Y3_med_hrv,Yoga,Meditation
2758.492,90.3614,Y3_med_hrv,Yoga,Meditation
2759.164,89.2857,Y3_med_hrv,Yoga,Meditation
2759.891,82.5309,Y3_med_hrv,Yoga,Meditation
2760.703,73.8916,Y3_med_hrv,Yoga,Meditation
2761.555,70.4225,Y3_med_hrv,Yoga,Meditation
2762.391,71.7703,Y3_med_hrv,Yoga,Meditation
2763.18,76.0456,Y3_med_hrv,Yoga,Meditation
2763.938,79.1557,Y3_med_hrv,Yoga,Meditation
2764.664,82.5309,Y3_med_hrv,Yoga,Meditation
2765.367,85.3485,Y3_med_hrv,Yoga,Meditation
2766.055,87.2093,Y3_med_hrv,Yoga,Meditation
2766.734,88.2353,Y3_med_hrv,Yoga,Meditation
2767.406,89.2857,Y3_med_hrv,Yoga,Meditation
2768.148,80.8625,Y3_med_hrv,Yoga,Meditation
2768.914,78.329,Y3_med_hrv,Yoga,Meditation
2769.68,78.329,Y3_med_hrv,Yoga,Meditation
2770.406,82.5309,Y3_med_hrv,Yoga,Meditation
2771.125,83.4492,Y3_med_hrv,Yoga,Meditation
2771.797,89.2857,Y3_med_hrv,Yoga,Meditation
2772.461,90.3614,Y3_med_hrv,Yoga,Meditation
2773.094,94.7867,Y3_med_hrv,Yoga,Meditation
2773.711,97.2447,Y3_med_hrv,Yoga,Meditation
2774.336,96.0,Y3_med_hrv,Yoga,Meditation
2774.977,93.6037,Y3_med_hrv,Yoga,Meditation
2775.633,91.4634,Y3_med_hrv,Yoga,Meditation
2776.406,77.6197,Y3_med_hrv,Yoga,Meditation
2777.422,59.0551,Y3_med_hrv,Yoga,Meditation
2778.383,62.435,Y3_med_hrv,Yoga,Meditation
2779.312,64.5161,Y3_med_hrv,Yoga,Meditation
2780.188,68.5714,Y3_med_hrv,Yoga,Meditation
2781.0,73.8916,Y3_med_hrv,Yoga,Meditation
2781.758,79.1557,Y3_med_hrv,Yoga,Meditation
2782.477,83.4492,Y3_med_hrv,Yoga,Meditation
2783.188,84.3882,Y3_med_hrv,Yoga,Meditation
2783.883,86.3309,Y3_med_hrv,Yoga,Meditation
2784.609,82.5309,Y3_med_hrv,Yoga,Meditation
2785.406,75.2823,Y3_med_hrv,Yoga,Meditation
2786.273,69.2042,Y3_med_hrv,Yoga,Meditation
2787.164,67.3401,Y3_med_hrv,Yoga,Meditation
2788.031,69.2042,Y3_med_hrv,Yoga,Meditation
2788.867,71.7703,Y3_med_hrv,Yoga,Meditation
2789.648,76.8246,Y3_med_hrv,Yoga,Meditation
2790.398,80.0,Y3_med_hrv,Yoga,Meditation
2791.117,83.4492,Y3_med_hrv,Yoga,Meditation
2791.797,88.2353,Y3_med_hrv,Yoga,Meditation
2792.461,90.3614,Y3_med_hrv,Yoga,Meditation
2793.117,91.4634,Y3_med_hrv,Yoga,Meditation
2793.766,92.5926,Y3_med_hrv,Yoga,Meditation
2794.43,90.3614,Y3_med_hrv,Yoga,Meditation
2795.133,85.3485,Y3_med_hrv,Yoga,Meditation
2795.992,69.8487,Y3_med_hrv,Yoga,Meditation
2796.953,62.435,Y3_med_hrv,Yoga,Meditation
2797.906,62.9591,Y3_med_hrv,Yoga,Meditation
2798.836,64.5161,Y3_med_hrv,Yoga,Meditation
2799.703,69.2042,Y3_med_hrv,Yoga,Meditation
2800.492,76.0456,Y3_med_hrv,Yoga,Meditation
2801.219,82.5309,Y3_med_hrv,Yoga,Meditation
2801.938,83.4492,Y3_med_hrv,Yoga,Meditation
2802.641,85.3485,Y3_med_hrv,Yoga,Meditation
2803.32,88.2353,Y3_med_hrv,Yoga,Meditation
2804.039,83.4492,Y3_med_hrv,Yoga,Meditation
2804.875,71.7703,Y3_med_hrv,Yoga,Meditation
2805.719,71.09,Y3_med_hrv,Yoga,Meditation
2806.57,70.4225,Y3_med_hrv,Yoga,Meditation
2807.398,72.4638,Y3_med_hrv,Yoga,Meditation
2808.18,76.8246,Y3_med_hrv,Yoga,Meditation
2808.922,80.8625,Y3_med_hrv,Yoga,Meditation
2809.633,84.3882,Y3_med_hrv,Yoga,Meditation
2810.32,87.2093,Y3_med_hrv,Yoga,Meditation
2810.992,89.2857,Y3_med_hrv,Yoga,Meditation
2811.656,90.3614,Y3_med_hrv,Yoga,Meditation
2812.312,91.4634,Y3_med_hrv,Yoga,Meditation
2813.0,87.2093,Y3_med_hrv,Yoga,Meditation
2813.711,84.3882,Y3_med_hrv,Yoga,Meditation
2814.562,70.4225,Y3_med_hrv,Yoga,Meditation
2815.57,59.5238,Y3_med_hrv,Yoga,Meditation
2816.516,63.4921,Y3_med_hrv,Yoga,Meditation
2817.461,63.4921,Y3_med_hrv,Yoga,Meditation
2818.352,67.3401,Y3_med_hrv,Yoga,Meditation
2819.188,71.7703,Y3_med_hrv,Yoga,Meditation
2819.938,80.0,Y3_med_hrv,Yoga,Meditation
2820.656,83.4492,Y3_med_hrv,Yoga,Meditation
2821.336,88.2353,Y3_med_hrv,Yoga,Meditation
2822.0,90.3614,Y3_med_hrv,Yoga,Meditation
2822.68,88.2353,Y3_med_hrv,Yoga,Meditation
2823.375,86.3309,Y3_med_hrv,Yoga,Meditation
2824.125,80.0,Y3_med_hrv,Yoga,Meditation
2824.945,73.1707,Y3_med_hrv,Yoga,Meditation
2825.891,63.4921,Y3_med_hrv,Yoga,Meditation
2826.789,66.8151,Y3_med_hrv,Yoga,Meditation
2827.695,66.2252,Y3_med_hrv,Yoga,Meditation
2828.539,71.09,Y3_med_hrv,Yoga,Meditation
2829.344,74.5342,Y3_med_hrv,Yoga,Meditation
2830.094,80.0,Y3_med_hrv,Yoga,Meditation
2830.805,84.3882,Y3_med_hrv,Yoga,Meditation
2831.492,87.2093,Y3_med_hrv,Yoga,Meditation
2832.156,90.3614,Y3_med_hrv,Yoga,Meditation
2832.82,90.3614,Y3_med_hrv,Yoga,Meditation
2833.461,93.6037,Y3_med_hrv,Yoga,Meditation
2834.117,91.4634,Y3_med_hrv,Yoga,Meditation
2834.812,86.3309,Y3_med_hrv,Yoga,Meditation
2835.57,79.1557,Y3_med_hrv,Yoga,Meditation
2836.531,62.435,Y3_med_hrv,Yoga,Meditation
2837.469,63.9659,Y3_med_hrv,Yoga,Meditation
2838.383,65.6455,Y3_med_hrv,Yoga,Meditation
2839.289,66.2252,Y3_med_hrv,Yoga,Meditation
2840.141,70.4225,Y3_med_hrv,Yoga,Meditation
2840.938,75.2823,Y3_med_hrv,Yoga,Meditation
2841.711,77.6197,Y3_med_hrv,Yoga,Meditation
2842.43,83.4492,Y3_med_hrv,Yoga,Meditation
2843.133,85.3485,Y3_med_hrv,Yoga,Meditation
2843.805,89.2857,Y3_med_hrv,Yoga,Meditation
2844.461,91.4634,Y3_med_hrv,Yoga,Meditation
2845.117,91.4634,Y3_med_hrv,Yoga,Meditation
2845.805,87.2093,Y3_med_hrv,Yoga,Meditation
2846.555,80.0,Y3_med_hrv,Yoga,Meditation
2847.352,75.2823,Y3_med_hrv,Yoga,Meditation
2848.25,66.8151,Y3_med_hrv,Yoga,Meditation
2849.164,65.6455,Y3_med_hrv,Yoga,Meditation
2850.078,65.6455,Y3_med_hrv,Yoga,Meditation
2850.977,66.8151,Y3_med_hrv,Yoga,Meditation
2851.812,71.7703,Y3_med_hrv,Yoga,Meditation
2852.578,78.329,Y3_med_hrv,Yoga,Meditation
2853.297,83.4492,Y3_med_hrv,Yoga,Meditation
2853.992,86.3309,Y3_med_hrv,Yoga,Meditation
2854.672,88.2353,Y3_med_hrv,Yoga,Meditation
2855.359,87.2093,Y3_med_hrv,Yoga,Meditation
2856.102,80.8625,Y3_med_hrv,Yoga,Meditation
2856.945,71.09,Y3_med_hrv,Yoga,Meditation
2857.781,71.7703,Y3_med_hrv,Yoga,Meditation
2858.602,73.1707,Y3_med_hrv,Yoga,Meditation
2859.367,78.329,Y3_med_hrv,Yoga,Meditation
2860.109,80.8625,Y3_med_hrv,Yoga,Meditation
2860.82,84.3882,Y3_med_hrv,Yoga,Meditation
2861.5,88.2353,Y3_med_hrv,Yoga,Meditation
2862.156,91.4634,Y3_med_hrv,Yoga,Meditation
2862.82,90.3614,Y3_med_hrv,Yoga,Meditation
2863.492,89.2857,Y3_med_hrv,Yoga,Meditation
2864.227,81.7439,Y3_med_hrv,Yoga,Meditation
