Time,HeartRate,Subject,Group,State
1291.711,77.6197,Y1_med_hrv,Yoga,Meditation
1292.531,73.1707,Y1_med_hrv,Yoga,Meditation
1293.383,70.4225,Y1_med_hrv,Yoga,Meditation
1294.227,71.09,Y1_med_hrv,Yoga,Meditation
1295.062,71.7703,Y1_med_hrv,Yoga,Meditation
1295.844,76.8246,Y1_med_hrv,Yoga,Meditation
1296.625,76.8246,Y1_med_hrv,Yoga,Meditation
1297.32,86.3309,Y1_med_hrv,Yoga,Meditation
1298.055,81.7439,Y1_med_hrv,Yoga,Meditation
1298.711,91.4634,Y1_med_hrv,Yoga,Meditation
1299.414,85.3485,Y1_med_hrv,Yoga,Meditation
1300.047,94.7867,Y1_med_hrv,Yoga,Meditation
1300.758,84.3882,Y1_med_hrv,Yoga,Meditation
1301.477,83.4492,Y1_med_hrv,Yoga,Meditation
1302.227,80.0,Y1_med_hrv,Yoga,Meditation
1302.984,79.1557,Y1_med_hrv,Yoga,Meditation
1303.734,80.0,Y1_med_hrv,Yoga,Meditation
1304.469,81.7439,Y1_med_hrv,Yoga,Meditation
1305.172,85.3485,Y1_med_hrv,Yoga,Meditation
1305.867,86.3309,Y1_med_hrv,Yoga,Meditation
1306.547,88.2353,Y1_med_hrv,Yoga,Meditation
1307.188,93.6037,Y1_med_hrv,Yoga,Meditation
1307.867,88.2353,Y1_med_hrv,Yoga,Meditation
1308.531,90.3614,Y1_med_hrv,Yoga,Meditation
1309.211,88.2353,Y1_med_hrv,Yoga,Meditation
1309.898,87.2093,Y1_med_hrv,Yoga,Meditation
1310.609,84.3882,Y1_med_hrv,Yoga,Meditation
1311.336,82.5309,Y1_med_hrv,Yoga,Meditation
1312.039,85.3485,Y1_med_hrv,Yoga,Meditation
1312.75,84.3882,Y1_med_hrv,Yoga,Meditation
1313.438,87.2093,Y1_med_hrv,Yoga,Meditation
1314.102,90.3614,Y1_med_hrv,Yoga,Meditation
1314.758,91.4634,Y1_med_hrv,Yoga,Meditation
1315.398,93.6037,Y1_med_hrv,Yoga,Meditation
1316.039,93.6037,Y1_med_hrv,Yoga,Meditation
1316.688,92.5926,Y1_med_hrv,Yoga,Meditation
1317.336,92.5926,Y1_med_hrv,Yoga,Meditation
1318.016,88.2353,Y1_med_hrv,Yoga,Meditation
1318.711,86.3309,Y1_med_hrv,Yoga,Meditation
1319.406,86.3309,Y1_med_hrv,Yoga,Meditation
1320.109,85.3485,Y1_med_hrv,Yoga,Meditation
1320.82,84.3882,Y1_med_hrv,Yoga,Meditation
1321.516,86.3309,Y1_med_hrv,Yoga,Meditation
1322.211,86.3309,Y1_med_hrv,Yoga,Meditation
1322.883,89.2857,Y1_med_hrv,Yoga,Meditation
1323.539,91.4634,Y1_med_hrv,Yoga,Meditation
1324.188,92.5926,Y1_med_hrv,Yoga,Meditation
1324.805,97.2447,Y1_med_hrv,Yoga,Meditation
1325.414,98.5222,Y1_med_hrv,Yoga,Meditation
1326.016,99.6678,Y1_med_hrv,Yoga,Meditation
1326.617,99.6678,Y1_med_hrv,Yoga,Meditation
1327.219,99.6678,Y1_med_hrv,Yoga,Meditation
1327.828,98.5222,Y1_med_hrv,Yoga,Meditation
1328.453,96.0,Y1_med_hrv,Yoga,Meditation
1329.102,92.5926,Y1_med_hrv,Yoga,Meditation
1329.797,86.3309,Y1_med_hrv,Yoga,Meditation
1330.5,85.3485,Y1_med_hrv,Yoga,Meditation
1331.211,84.3882,Y1_med_hrv,Yoga,Meditation
1331.922,84.3882,Y1_med_hrv,Yoga,Meditation
1332.617,86.3309,Y1_med_hrv,Yoga,Meditation
1333.289,89.2857,Y1_med_hrv,Yoga,Meditation
1333.914,96.0,Y1_med_hrv,Yoga,Meditation
1334.555,93.6037,Y1_med_hrv,Yoga,Meditation
1335.18,96.0,Y1_med_hrv,Yoga,Meditation
1335.805,96.0,Y1_med_hrv,Yoga,Meditation
1336.422,97.2447,Y1_med_hrv,Yoga,Meditation
1337.023,99.6678,Y1_med_hrv,Yoga,Meditation
1337.656,94.7867,Y1_med_hrv,Yoga,Meditation
1338.289,94.7867,Y1_med_hrv,Yoga,Meditation
1338.914,96.0,Y1_med_hrv,Yoga,Meditation
1339.539,96.0,Y1_med_hrv,Yoga,Meditation
1340.172,94.7867,Y1_med_hrv,Yoga,Meditation
1340.789,97.2447,Y1_med_hrv,Yoga,Meditation
1341.406,97.2447,Y1_med_hrv,Yoga,Meditation
1342.008,99.6678,Y1_med_hrv,Yoga,Meditation
1342.594,102.389,Y1_med_hrv,Yoga,Meditation
1343.18,102.389,Y1_med_hrv,Yoga,Meditation
1343.781,99.6678,Y1_med_hrv,Yoga,Meditation
1344.406,96.0,Y1_med_hrv,Yoga,Meditation
1345.055,92.5926,Y1_med_hrv,Yoga,Meditation
1345.727,89.2857,Y1_med_hrv,Yoga,Meditation
1346.43,85.3485,Y1_med_hrv,Yoga,Meditation
1347.125,86.3309,Y1_med_hrv,Yoga,Meditation
1347.828,85.3485,Y1_med_hrv,Yoga,Meditation
1348.516,87.2093,Y1_med_hrv,Yoga,Meditation
1349.211,86.3309,Y1_med_hrv,Yoga,Meditation
1349.898,87.2093,Y1_med_hrv,Yoga,Meditation
1350.578,88.2353,Y1_med_hrv,Yoga,Meditation
1351.227,92.5926,Y1_med_hrv,Yoga,Meditation
1351.859,94.7867,Y1_med_hrv,Yoga,Meditation
1352.484,96.0,Y1_med_hrv,Yoga,Meditation
1353.102,97.2447,Y1_med_hrv,Yoga,Meditation
1353.711,98.5222,Y1_med_hrv,Yoga,Meditation
1354.312,99.6678,Y1_med_hrv,Yoga,Meditation
1354.906,101.01,Y1_med_hrv,Yoga,Meditation
1355.516,98.5222,Y1_med_hrv,Yoga,Meditation
1356.133,97.2447,Y1_med_hrv,Yoga,Meditation
1356.766,94.7867,Y1_med_hrv,Yoga,Meditation
1357.438,89.2857,Y1_med_hrv,Yoga,Meditation
1358.156,83.4492,Y1_med_hrv,Yoga,Meditation
1358.875,83.4492,Y1_med_hrv,Yoga,Meditation
1359.602,82.5309,Y1_med_hrv,Yoga,Meditation
1360.336,81.7439,Y1_med_hrv,Yoga,Meditation
1361.031,86.3309,Y1_med_hrv,Yoga,Meditation
1361.75,83.4492,Y1_med_hrv,Yoga,Meditation
1362.469,83.4492,Y1_med_hrv,Yoga,Meditation
1363.188,83.4492,Y1_med_hrv,Yoga,Meditation
1363.891,85.3485,Y1_med_hrv,Yoga,Meditation
1364.57,88.2353,Y1_med_hrv,Yoga,Meditation
1365.242,89.2857,Y1_med_hrv,Yoga,Meditation
1365.906,90.3614,Y1_med_hrv,Yoga,Meditation
1366.547,93.6037,Y1_med_hrv,Yoga,Meditation
1367.18,94.7867,Y1_med_hrv,Yoga,Meditation
1367.828,92.5926,Y1_med_hrv,Yoga,Meditation
1368.453,96.0,Y1_med_hrv,Yoga,Meditation
1369.062,98.5222,Y1_med_hrv,Yoga,Meditation
1369.656,101.01,Y1_med_hrv,Yoga,Meditation
1370.242,102.389,Y1_med_hrv,Yoga,Meditation
1370.828,102.389,Y1_med_hrv,Yoga,Meditation
1371.406,103.806,Y1_med_hrv,Yoga,Meditation
1371.977,105.263,Y1_med_hrv,Yoga,Meditation
1372.555,103.806,Y1_med_hrv,Yoga,Meditation
1373.133,103.806,Y1_med_hrv,Yoga,Meditation
1373.742,98.5222,Y1_med_hrv,Yoga,Meditation
1374.367,96.0,Y1_med_hrv,Yoga,Meditation
1375.023,91.4634,Y1_med_hrv,Yoga,Meditation
1375.695,89.2857,Y1_med_hrv,Yoga,Meditation
1376.367,89.2857,Y1_med_hrv,Yoga,Meditation
1377.031,90.3614,Y1_med_hrv,Yoga,Meditation
1377.734,85.3485,Y1_med_hrv,Yoga,Meditation
1378.422,87.2093,Y1_med_hrv,Yoga,Meditation
1379.102,88.2353,Y1_med_hrv,Yoga,Meditation
1379.766,90.3614,Y1_med_hrv,Yoga,Meditation
1380.422,91.4634,Y1_med_hrv,Yoga,Meditation
1381.062,93.6037,Y1_med_hrv,Yoga,Meditation
1381.688,96.0,Y1_med_hrv,Yoga,Meditation
1382.312,96.0,Y1_med_hrv,Yoga,Meditation
1382.914,99.6678,Y1_med_hrv,Yoga,Meditation
1383.508,101.01,Y1_med_hrv,Yoga,Meditation
1384.102,101.01,Y1_med_hrv,Yoga,Meditation
1384.695,101.01,Y1_med_hrv,Yoga,Meditation
1385.273,103.806,Y1_med_hrv,Yoga,Meditation
1385.883,98.5222,Y1_med_hrv,Yoga,Meditation
1386.461,103.806,Y1_med_hrv,Yoga,Meditation
1387.008,109.689,Y1_med_hrv,Yoga,Meditation
1387.594,102.389,Y1_med_hrv,Yoga,Meditation
1388.172,103.806,Y1_med_hrv,Yoga,Meditation
1388.75,103.806,Y1_med_hrv,Yoga,Meditation
1389.32,105.263,Y1_med_hrv,Yoga,Meditation
1389.906,102.389,Y1_med_hrv,Yoga,Meditation
1390.461,108.108,Y1_med_hrv,Yoga,Meditation
1391.039,103.806,Y1_med_hrv,Yoga,Meditation
1391.617,103.806,Y1_med_hrv,Yoga,Meditation
1392.203,102.389,Y1_med_hrv,Yoga,Meditation
1392.812,98.5222,Y1_med_hrv,Yoga,Meditation
1393.414,99.6678,Y1_med_hrv,Yoga,Meditation
1394.031,97.2447,Y1_med_hrv,Yoga,Meditation
1394.656,96.0,Y1_med_hrv,Yoga,Meditation
1395.289,94.7867,Y1_med_hrv,Yoga,Meditation
1395.938,92.5926,Y1_med_hrv,Yoga,Meditation
1396.578,93.6037,Y1_med_hrv,Yoga,Meditation
1397.219,93.6037,Y1_med_hrv,Yoga,Meditation
1397.852,94.7867,Y1_med_hrv,Yoga,Meditation
1398.484,94.7867,Y1_med_hrv,Yoga,Meditation
1399.102,97.2447,Y1_med_hrv,Yoga,Meditation
1399.727,96.0,Y1_med_hrv,Yoga,Meditation
1400.359,94.7867,Y1_med_hrv,Yoga,Meditation
1400.953,101.01,Y1_med_hrv,Yoga,Meditation
1401.578,96.0,Y1_med_hrv,Yoga,Meditation
1402.156,103.806,Y1_med_hrv,Yoga,Meditation
1402.789,94.7867,Y1_med_hrv,Yoga,Meditation
1403.391,99.6678,Y1_med_hrv,Yoga,Meditation
1404.0,98.5222,Y1_med_hrv,Yoga,Meditation
1404.617,97.2447,Y1_med_hrv,Yoga,Meditation
1405.258,93.6037,Y1_med_hrv,Yoga,Meditation
1405.898,93.6037,Y1_med_hrv,Yoga,Meditation
1406.523,96.0,Y1_med_hrv,Yoga,Meditation
1407.133,98.5222,Y1_med_hrv,Yoga,Meditation
1407.75,97.2447,Y1_med_hrv,Yoga,Meditation
1408.375,96.0,Y1_med_hrv,Yoga,Meditation
1408.992,97.2447,Y1_med_hrv,Yoga,Meditation
1409.617,96.0,Y1_med_hrv,Yoga,Meditation
1410.258,93.6037,Y1_med_hrv,Yoga,Meditation
1410.898,93.6037,Y1_med_hrv,Yoga,Meditation
1411.547,92.5926,Y1_med_hrv,Yoga,Meditation
1412.195,92.5926,Y1_med_hrv,Yoga,Meditation
1412.852,91.4634,Y1_med_hrv,Yoga,Meditation
1413.555,85.3485,Y1_med_hrv,Yoga,Meditation
1414.203,92.5926,Y1_med_hrv,Yoga,Meditation
1414.914,84.3882,Y1_med_hrv,Yoga,Meditation
1415.594,88.2353,Y1_med_hrv,Yoga,Meditation
1416.266,89.2857,Y1_med_hrv,Yoga,Meditation
1416.914,92.5926,Y1_med_hrv,Yoga,Meditation
1417.555,93.6037,Y1_med_hrv,Yoga,Meditation
1418.141,102.389,Y1_med_hrv,Yoga,Meditation
1418.766,96.0,Y1_med_hrv,Yoga,Meditation
1419.367,99.6678,Y1_med_hrv,Yoga,Meditation
1419.953,102.389,Y1_med_hrv,Yoga,Meditation
1420.531,103.806,Y1_med_hrv,Yoga,Meditation
1421.078,109.689,Y1_med_hrv,Yoga,Meditation
1421.633,108.108,Y1_med_hrv,Yoga,Meditation
1422.203,105.263,Y1_med_hrv,Yoga,Meditation
1422.805,99.6678,Y1_med_hrv,Yoga,Meditation
1423.445,93.6037,Y1_med_hrv,Yoga,Meditation
1424.133,87.2093,Y1_med_hrv,Yoga,Meditation
1424.828,86.3309,Y1_med_hrv,Yoga,Meditation
1425.539,84.3882,Y1_med_hrv,Yoga,Meditation
1426.219,88.2353,Y1_med_hrv,Yoga,Meditation
1426.93,84.3882,Y1_med_hrv,Yoga,Meditation
1427.625,86.3309,Y1_med_hrv,Yoga,Meditation
1428.297,89.2857,Y1_med_hrv,Yoga,Meditation
1428.961,90.3614,Y1_med_hrv,Yoga,Meditation
1429.625,90.3614,Y1_med_hrv,Yoga,Meditation
1430.281,91.4634,Y1_med_hrv,Yoga,Meditation
1430.93,92.5926,Y1_med_hrv,Yoga,Meditation
1431.57,93.6037,Y1_med_hrv,Yoga,Meditation
1432.195,96.0,Y1_med_hrv,Yoga,Meditation
1432.836,93.6037,Y1_med_hrv,Yoga,Meditation
1433.438,99.6678,Y1_med_hrv,Yoga,Meditation
1434.062,96.0,Y1_med_hrv,Yoga,Meditation
1434.672,98.5222,Y1_med_hrv,Yoga,Meditation
1435.266,101.01,Y1_med_hrv,Yoga,Meditation
1435.852,102.389,Y1_med_hrv,Yoga,Meditation
1436.414,106.762,Y1_med_hrv,Yoga,Meditation
1437.0,102.389,Y1_med_hrv,Yoga,Meditation
1437.594,101.01,Y1_med_hrv,Yoga,Meditation
1438.203,98.5222,Y1_med_hrv,Yoga,Meditation
1438.844,93.6037,Y1_med_hrv,Yoga,Meditation
1439.523,88.2353,Y1_med_hrv,Yoga,Meditation
1440.25,82.5309,Y1_med_hrv,Yoga,Meditation
1441.008,79.1557,Y1_med_hrv,Yoga,Meditation
1441.734,82.5309,Y1_med_hrv,Yoga,Meditation
1442.445,84.3882,Y1_med_hrv,Yoga,Meditation
1443.156,84.3882,Y1_med_hrv,Yoga,Meditation
1443.875,83.4492,Y1_med_hrv,Yoga,Meditation
1444.57,86.3309,Y1_med_hrv,Yoga,Meditation
1445.258,87.2093,Y1_med_hrv,Yoga,Meditation
1445.922,90.3614,Y1_med_hrv,Yoga,Meditation
1446.562,93.6037,Y1_med_hrv,Yoga,Meditation
1447.188,96.0,Y1_med_hrv,Yoga,Meditation
1447.789,99.6678,Y1_med_hrv,Yoga,Meditation
1448.383,101.01,Y1_med_hrv,Yoga,Meditation
1448.953,105.263,Y1_med_hrv,Yoga,Meditation
1449.547,101.01,Y1_med_hrv,Yoga,Meditation
1450.086,111.317,Y1_med_hrv,Yoga,Meditation
1450.633,109.689,Y1_med_hrv,Yoga,Meditation
1451.18,109.689,Y1_med_hrv,Yoga,Meditation
1451.719,111.317,Y1_med_hrv,Yoga,Meditation
1452.266,109.689,Y1_med_hrv,Yoga,Meditation
1452.828,106.762,Y1_med_hrv,Yoga,Meditation
1453.438,98.5222,Y1_med_hrv,Yoga,Meditation
1454.062,96.0,Y1_med_hrv,Yoga,Meditation
1454.703,93.6037,Y1_med_hrv,Yoga,Meditation
1455.352,92.5926,Y1_med_hrv,Yoga,Meditation
1456.0,92.5926,Y1_med_hrv,Yoga,Meditation
1456.656,91.4634,Y1_med_hrv,Yoga,Meditation
1457.328,89.2857,Y1_med_hrv,Yoga,Meditation
1458.016,87.2093,Y1_med_hrv,Yoga,Meditation
1458.719,85.3485,Y1_med_hrv,Yoga,Meditation
1459.438,83.4492,Y1_med_hrv,Yoga,Meditation
1460.156,83.4492,Y1_med_hrv,Yoga,Meditation
1460.844,87.2093,Y1_med_hrv,Yoga,Meditation
1461.5,91.4634,Y1_med_hrv,Yoga,Meditation
1462.141,93.6037,Y1_med_hrv,Yoga,Meditation
1462.75,98.5222,Y1_med_hrv,Yoga,Meditation
1463.344,101.01,Y1_med_hrv,Yoga,Meditation
1463.93,102.389,Y1_med_hrv,Yoga,Meditation
1464.516,102.389,Y1_med_hrv,Yoga,Meditation
1465.086,105.263,Y1_med_hrv,Yoga,Meditation
1465.656,105.263,Y1_med_hrv,Yoga,Meditation
1466.227,105.263,Y1_med_hrv,Yoga,Meditation
1466.789,106.762,Y1_med_hrv,Yoga,Meditation
1467.375,102.389,Y1_med_hrv,Yoga,Meditation
1468.008,94.7867,Y1_med_hrv,Yoga,Meditation
1468.664,91.4634,Y1_med_hrv,Yoga,Meditation
1469.344,88.2353,Y1_med_hrv,Yoga,Meditation
1470.031,87.2093,Y1_med_hrv,Yoga,Meditation
1470.734,85.3485,Y1_med_hrv,Yoga,Meditation
1471.453,83.4492,Y1_med_hrv,Yoga,Meditation
1472.164,84.3882,Y1_med_hrv,Yoga,Meditation
1472.852,87.2093,Y1_med_hrv,Yoga,Meditation
1473.523,89.2857,Y1_med_hrv,Yoga,Meditation
1474.195,89.2857,Y1_med_hrv,Yoga,Meditation
1474.867,89.2857,Y1_med_hrv,Yoga,Meditation
1475.508,93.6037,Y1_med_hrv,Yoga,Meditation
1476.148,93.6037,Y1_med_hrv,Yoga,Meditation
1476.773,96.0,Y1_med_hrv,Yoga,Meditation
1477.383,98.5222,Y1_med_hrv,Yoga,Meditation
1477.969,102.389,Y1_med_hrv,Yoga,Meditation
1478.547,103.806,Y1_med_hrv,Yoga,Meditation
1479.117,105.263,Y1_med_hrv,Yoga,Meditation
1479.672,108.108,Y1_med_hrv,Yoga,Meditation
1480.227,108.108,Y1_med_hrv,Yoga,Meditation
1480.766,111.317,Y1_med_hrv,Yoga,Meditation
1481.305,111.317,Y1_med_hrv,Yoga,Meditation
1481.844,111.317,Y1_med_hrv,Yoga,Meditation
1482.375,112.994,Y1_med_hrv,Yoga,Meditation
1482.906,112.994,Y1_med_hrv,Yoga,Meditation
1483.438,112.994,Y1_med_hrv,Yoga,Meditation
1483.984,109.689,Y1_med_hrv,Yoga,Meditation
1484.555,105.263,Y1_med_hrv,Yoga,Meditation
1485.141,102.389,Y1_med_hrv,Yoga,Meditation
1485.766,96.0,Y1_med_hrv,Yoga,Meditation
1486.422,91.4634,Y1_med_hrv,Yoga,Meditation
1487.086,90.3614,Y1_med_hrv,Yoga,Meditation
1487.773,87.2093,Y1_med_hrv,Yoga,Meditation
1488.453,88.2353,Y1_med_hrv,Yoga,Meditation
1489.148,86.3309,Y1_med_hrv,Yoga,Meditation
1489.852,85.3485,Y1_med_hrv,Yoga,Meditation
1490.586,81.7439,Y1_med_hrv,Yoga,Meditation
1491.32,81.7439,Y1_med_hrv,Yoga,Meditation
1492.031,84.3882,Y1_med_hrv,Yoga,Meditation
1492.719,87.2093,Y1_med_hrv,Yoga,Meditation
1493.359,93.6037,Y1_med_hrv,Yoga,Meditation
1493.977,97.2447,Y1_med_hrv,Yoga,Meditation
1494.578,99.6678,Y1_med_hrv,Yoga,Meditation
1495.156,103.806,Y1_med_hrv,Yoga,Meditation
1495.727,105.263,Y1_med_hrv,Yoga,Meditation
1496.289,106.762,Y1_med_hrv,Yoga,Meditation
1496.844,108.108,Y1_med_hrv,Yoga,Meditation
1497.391,109.689,Y1_med_hrv,Yoga,Meditation
1497.945,108.108,Y1_med_hrv,Yoga,Meditation
1498.492,109.689,Y1_med_hrv,Yoga,Meditation
1499.055,106.762,Y1_med_hrv,Yoga,Meditation
1499.633,103.806,Y1_med_hrv,Yoga,Meditation
1500.227,101.01,Y1_med_hrv,Yoga,Meditation
1500.836,98.5222,Y1_med_hrv,Yoga,Meditation
1501.492,91.4634,Y1_med_hrv,Yoga,Meditation
1502.172,88.2353,Y1_med_hrv,Yoga,Meditation
1502.852,88.2353,Y1_med_hrv,Yoga,Meditation
1503.531,88.2353,Y1_med_hrv,Yoga,Meditation
1504.203,89.2857,Y1_med_hrv,Yoga,Meditation
1504.914,84.3882,Y1_med_hrv,Yoga,Meditation
1505.594,88.2353,Y1_med_hrv,Yoga,Meditation
1506.281,87.2093,Y1_med_hrv,Yoga,Meditation
1506.961,88.2353,Y1_med_hrv,Yoga,Meditation
1507.617,91.4634,Y1_med_hrv,Yoga,Meditation
1508.258,93.6037,Y1_med_hrv,Yoga,Meditation
1508.875,97.2447,Y1_med_hrv,Yoga,Meditation
1509.477,99.6678,Y1_med_hrv,Yoga,Meditation
1510.062,102.389,Y1_med_hrv,Yoga,Meditation
1510.633,105.263,Y1_med_hrv,Yoga,Meditation
1511.195,106.762,Y1_med_hrv,Yoga,Meditation
1511.742,109.689,Y1_med_hrv,Yoga,Meditation
1512.281,111.317,Y1_med_hrv,Yoga,Meditation
1512.812,112.994,Y1_med_hrv,Yoga,Meditation
1513.336,114.723,Y1_med_hrv,Yoga,Meditation
1513.867,112.994,Y1_med_hrv,Yoga,Meditation
1514.406,111.317,Y1_med_hrv,Yoga,Meditation
1514.961,108.108,Y1_med_hrv,Yoga,Meditation
1515.562,99.6678,Y1_med_hrv,Yoga,Meditation
1516.219,91.4634,Y1_med_hrv,Yoga,Meditation
1516.922,85.3485,Y1_med_hrv,Yoga,Meditation
1517.656,81.7439,Y1_med_hrv,Yoga,Meditation
1518.43,77.6197,Y1_med_hrv,Yoga,Meditation
1519.188,79.1557,Y1_med_hrv,Yoga,Meditation
1519.953,78.329,Y1_med_hrv,Yoga,Meditation
1520.688,81.7439,Y1_med_hrv,Yoga,Meditation
1521.391,85.3485,Y1_med_hrv,Yoga,Meditation
1522.078,87.2093,Y1_med_hrv,Yoga,Meditation
1522.742,90.3614,Y1_med_hrv,Yoga,Meditation
1523.367,96.0,Y1_med_hrv,Yoga,Meditation
1523.992,96.0,Y1_med_hrv,Yoga,Meditation
1524.578,102.389,Y1_med_hrv,Yoga,Meditation
1525.164,102.389,Y1_med_hrv,Yoga,Meditation
1525.734,105.263,Y1_med_hrv,Yoga,Meditation
1526.289,108.108,Y1_med_hrv,Yoga,Meditation
1526.836,109.689,Y1_med_hrv,Yoga,Meditation
1527.375,111.317,Y1_med_hrv,Yoga,Meditation
1527.906,112.994,Y1_med_hrv,Yoga,Meditation
1528.453,109.689,Y1_med_hrv,Yoga,Meditation
1529.0,109.689,Y1_med_hrv,Yoga,Meditation
1529.578,103.806,Y1_med_hrv,Yoga,Meditation
1530.188,98.5222,Y1_med_hrv,Yoga,Meditation
1530.828,93.6037,Y1_med_hrv,Yoga,Meditation
1531.492,90.3614,Y1_med_hrv,Yoga,Meditation
1532.172,88.2353,Y1_med_hrv,Yoga,Meditation
1532.883,84.3882,Y1_med_hrv,Yoga,Meditation
1533.617,81.7439,Y1_med_hrv,Yoga,Meditation
1534.367,80.0,Y1_med_hrv,Yoga,Meditation
1535.117,80.0,Y1_med_hrv,Yoga,Meditation
1535.836,83.4492,Y1_med_hrv,Yoga,Meditation
1536.516,88.2353,Y1_med_hrv,Yoga,Meditation
1537.141,96.0,Y1_med_hrv,Yoga,Meditation
1537.75,98.5222,Y1_med_hrv,Yoga,Meditation
1538.344,101.01,Y1_med_hrv,Yoga,Meditation
1538.922,103.806,Y1_med_hrv,Yoga,Meditation
1539.484,106.762,Y1_med_hrv,Yoga,Meditation
1540.047,106.762,Y1_med_hrv,Yoga,Meditation
1540.586,111.317,Y1_med_hrv,Yoga,Meditation
1541.133,109.689,Y1_med_hrv,Yoga,Meditation
1541.703,105.263,Y1_med_hrv,Yoga,Meditation
1542.312,98.5222,Y1_med_hrv,Yoga,Meditation
1542.914,99.6678,Y1_med_hrv,Yoga,Meditation
1543.531,97.2447,Y1_med_hrv,Yoga,Meditation
1544.109,103.806,Y1_med_hrv,Yoga,Meditation
1544.688,103.806,Y1_med_hrv,Yoga,Meditation
1545.281,101.01,Y1_med_hrv,Yoga,Meditation
1545.898,97.2447,Y1_med_hrv,Yoga,Meditation
1546.516,97.2447,Y1_med_hrv,Yoga,Meditation
1547.148,94.7867,Y1_med_hrv,Yoga,Meditation
1547.789,93.6037,Y1_med_hrv,Yoga,Meditation
1548.422,94.7867,Y1_med_hrv,Yoga,Meditation
1549.047,96.0,Y1_med_hrv,Yoga,Meditation
1549.672,96.0,Y1_med_hrv,Yoga,Meditation
1550.305,94.7867,Y1_med_hrv,Yoga,Meditation
1550.922,97.2447,Y1_med_hrv,Yoga,Meditation
1551.539,97.2447,Y1_med_hrv,Yoga,Meditation
1552.148,98.5222,Y1_med_hrv,Yoga,Meditation
1552.75,99.6678,Y1_med_hrv,Yoga,Meditation
1553.344,101.01,Y1_med_hrv,Yoga,Meditation
1553.938,101.01,Y1_med_hrv,Yoga,Meditation
1554.531,101.01,Y1_med_hrv,Yoga,Meditation
1555.141,98.5222,Y1_med_hrv,Yoga,Meditation
1555.75,98.5222,Y1_med_hrv,Yoga,Meditation
1556.336,102.389,Y1_med_hrv,Yoga,Meditation
1556.93,101.01,Y1_med_hrv,Yoga,Meditation
1557.508,103.806,Y1_med_hrv,Yoga,Meditation
1558.07,106.762,Y1_med_hrv,Yoga,Meditation
1558.633,106.762,Y1_med_hrv,Yoga,Meditation
1559.195,106.762,Y1_med_hrv,Yoga,Meditation
1559.75,108.108,Y1_med_hrv,Yoga,Meditation
1560.305,108.108,Y1_med_hrv,Yoga,Meditation
1560.852,109.689,Y1_med_hrv,Yoga,Meditation
1561.414,106.762,Y1_med_hrv,Yoga,Meditation
1561.969,108.108,Y1_med_hrv,Yoga,Meditation
1562.531,106.762,Y1_med_hrv,Yoga,Meditation
1563.117,102.389,Y1_med_hrv,Yoga,Meditation
1563.727,98.5222,Y1_med_hrv,Yoga,Meditation
1564.352,96.0,Y1_med_hrv,Yoga,Meditation
1564.992,93.6037,Y1_med_hrv,Yoga,Meditation
1565.633,93.6037,Y1_med_hrv,Yoga,Meditation
1566.305,89.2857,Y1_med_hrv,Yoga,Meditation
1566.992,87.2093,Y1_med_hrv,Yoga,Meditation
1567.703,84.3882,Y1_med_hrv,Yoga,Meditation
1568.406,85.3485,Y1_med_hrv,Yoga,Meditation
1569.078,89.2857,Y1_med_hrv,Yoga,Meditation
1569.727,92.5926,Y1_med_hrv,Yoga,Meditation
1570.352,96.0,Y1_med_hrv,Yoga,Meditation
1570.945,101.01,Y1_med_hrv,Yoga,Meditation
1571.539,101.01,Y1_med_hrv,Yoga,Meditation
1572.109,105.263,Y1_med_hrv,Yoga,Meditation
1572.672,106.762,Y1_med_hrv,Yoga,Meditation
1573.219,109.689,Y1_med_hrv,Yoga,Meditation
1573.758,111.317,Y1_med_hrv,Yoga,Meditation
1574.289,112.994,Y1_med_hrv,Yoga,Meditation
1574.82,112.994,Y1_med_hrv,Yoga,Meditation
1575.352,112.994,Y1_med_hrv,Yoga,Meditation
1575.898,109.689,Y1_med_hrv,Yoga,Meditation
1576.469,105.263,Y1_med_hrv,Yoga,Meditation
1577.086,97.2447,Y1_med_hrv,Yoga,Meditation
1577.727,93.6037,Y1_med_hrv,Yoga,Meditation
1578.406,88.2353,Y1_med_hrv,Yoga,Meditation
1579.094,87.2093,Y1_med_hrv,Yoga,Meditation
1579.789,86.3309,Y1_med_hrv,Yoga,Meditation
1580.5,84.3882,Y1_med_hrv,Yoga,Meditation
1581.242,80.8625,Y1_med_hrv,Yoga,Meditation
1581.992,80.0,Y1_med_hrv,Yoga,Meditation
1582.766,77.6197,Y1_med_hrv,Yoga,Meditation
1583.508,80.8625,Y1_med_hrv,Yoga,Meditation
1584.227,83.4492,Y1_med_hrv,Yoga,Meditation
1584.922,86.3309,Y1_med_hrv,Yoga,Meditation
1585.578,91.4634,Y1_med_hrv,Yoga,Meditation
1586.211,94.7867,Y1_med_hrv,Yoga,Meditation
1586.836,96.0,Y1_med_hrv,Yoga,Meditation
1587.438,99.6678,Y1_med_hrv,Yoga,Meditation
1588.023,102.389,Y1_med_hrv,Yoga,Meditation
1588.594,105.263,Y1_med_hrv,Yoga,Meditation
1589.156,106.762,Y1_med_hrv,Yoga,Meditation
1589.711,108.108,Y1_med_hrv,Yoga,Meditation
1590.258,109.689,Y1_med_hrv,Yoga,Meditation
1590.797,111.317,Y1_med_hrv,Yoga,Meditation
1591.336,111.317,Y1_med_hrv,Yoga,Meditation
1591.891,108.108,Y1_med_hrv,Yoga,Meditation
1592.477,102.389,Y1_med_hrv,Yoga,Meditation
1593.156,88.2353,Y1_med_hrv,Yoga,Meditation
1593.875,83.4492,Y1_med_hrv,Yoga,Meditation
1594.633,79.1557,Y1_med_hrv,Yoga,Meditation
1595.391,79.1557,Y1_med_hrv,Yoga,Meditation
1596.164,77.6197,Y1_med_hrv,Yoga,Meditation
1596.93,78.329,Y1_med_hrv,Yoga,Meditation
1597.703,77.6197,Y1_med_hrv,Yoga,Meditation
1598.508,74.5342,Y1_med_hrv,Yoga,Meditation
1599.336,72.4638,Y1_med_hrv,Yoga,Meditation
1600.148,73.8916,Y1_med_hrv,Yoga,Meditation
1600.938,76.0456,Y1_med_hrv,Yoga,Meditation
1601.711,77.6197,Y1_med_hrv,Yoga,Meditation
1602.445,81.7439,Y1_med_hrv,Yoga,Meditation
1603.164,83.4492,Y1_med_hrv,Yoga,Meditation
1603.844,88.2353,Y1_med_hrv,Yoga,Meditation
1604.484,93.6037,Y1_med_hrv,Yoga,Meditation
1605.125,93.6037,Y1_med_hrv,Yoga,Meditation
1605.734,98.5222,Y1_med_hrv,Yoga,Meditation
1606.328,101.01,Y1_med_hrv,Yoga,Meditation
1606.914,102.389,Y1_med_hrv,Yoga,Meditation
1607.484,105.263,Y1_med_hrv,Yoga,Meditation
1608.055,105.263,Y1_med_hrv,Yoga,Meditation
1608.625,105.263,Y1_med_hrv,Yoga,Meditation
1609.195,105.263,Y1_med_hrv,Yoga,Meditation
1609.781,102.389,Y1_med_hrv,Yoga,Meditation
1610.391,98.5222,Y1_med_hrv,Yoga,Meditation
1611.062,89.2857,Y1_med_hrv,Yoga,Meditation
1611.727,90.3614,Y1_med_hrv,Yoga,Meditation
1612.484,79.1557,Y1_med_hrv,Yoga,Meditation
1613.203,83.4492,Y1_med_hrv,Yoga,Meditation
1613.953,80.0,Y1_med_hrv,Yoga,Meditation
1614.688,81.7439,Y1_med_hrv,Yoga,Meditation
1615.398,84.3882,Y1_med_hrv,Yoga,Meditation
1616.094,86.3309,Y1_med_hrv,Yoga,Meditation
1616.789,86.3309,Y1_med_hrv,Yoga,Meditation
1617.484,86.3309,Y1_med_hrv,Yoga,Meditation
1618.156,89.2857,Y1_med_hrv,Yoga,Meditation
1618.82,90.3614,Y1_med_hrv,Yoga,Meditation
1619.469,92.5926,Y1_med_hrv,Yoga,Meditation
1620.102,94.7867,Y1_med_hrv,Yoga,Meditation
1620.727,96.0,Y1_med_hrv,Yoga,Meditation
1621.336,98.5222,Y1_med_hrv,Yoga,Meditation
1621.945,98.5222,Y1_med_hrv,Yoga,Meditation
1622.531,102.389,Y1_med_hrv,Yoga,Meditation
1623.117,102.389,Y1_med_hrv,Yoga,Meditation
1623.695,103.806,Y1_med_hrv,Yoga,Meditation
1624.266,105.263,Y1_med_hrv,Yoga,Meditation
1624.828,106.762,Y1_med_hrv,Yoga,Meditation
1625.398,105.263,Y1_med_hrv,Yoga,Meditation
1625.984,102.389,Y1_med_hrv,Yoga,Meditation
1626.594,98.5222,Y1_med_hrv,Yoga,Meditation
1627.234,93.6037,Y1_med_hrv,Yoga,Meditation
1627.891,91.4634,Y1_med_hrv,Yoga,Meditation
1628.547,91.4634,Y1_med_hrv,Yoga,Meditation
1629.219,89.2857,Y1_med_hrv,Yoga,Meditation
1629.883,90.3614,Y1_med_hrv,Yoga,Meditation
1630.555,89.2857,Y1_med_hrv,Yoga,Meditation
1631.211,91.4634,Y1_med_hrv,Yoga,Meditation
1631.875,90.3614,Y1_med_hrv,Yoga,Meditation
1632.539,90.3614,Y1_med_hrv,Yoga,Meditation
1633.188,92.5926,Y1_med_hrv,Yoga,Meditation
1633.82,94.7867,Y1_med_hrv,Yoga,Meditation
1634.438,97.2447,Y1_med_hrv,Yoga,Meditation
1635.055,97.2447,Y1_med_hrv,Yoga,Meditation
1635.648,101.01,Y1_med_hrv,Yoga,Meditation
1636.234,102.389,Y1_med_hrv,Yoga,Meditation
1636.797,106.762,Y1_med_hrv,Yoga,Meditation
1637.344,109.689,Y1_med_hrv,Yoga,Meditation
1637.898,108.108,Y1_med_hrv,Yoga,Meditation
1638.43,112.994,Y1_med_hrv,Yoga,Meditation
1638.953,114.723,Y1_med_hrv,Yoga,Meditation
1639.484,112.994,Y1_med_hrv,Yoga,Meditation
1640.008,114.723,Y1_med_hrv,Yoga,Meditation
1640.523,116.279,Y1_med_hrv,Yoga,Meditation
1641.047,114.723,Y1_med_hrv,Yoga,Meditation
1641.586,111.317,Y1_med_hrv,Yoga,Meditation
1642.133,109.689,Y1_med_hrv,Yoga,Meditation
1642.695,106.762,Y1_med_hrv,Yoga,Meditation
1643.266,105.263,Y1_med_hrv,Yoga,Meditation
1643.852,102.389,Y1_med_hrv,Yoga,Meditation
1644.445,101.01,Y1_med_hrv,Yoga,Meditation
1645.047,99.6678,Y1_med_hrv,Yoga,Meditation
1645.664,97.2447,Y1_med_hrv,Yoga,Meditation
1646.266,99.6678,Y1_med_hrv,Yoga,Meditation
1646.875,98.5222,Y1_med_hrv,Yoga,Meditation
1647.469,101.01,Y1_med_hrv,Yoga,Meditation
1648.062,101.01,Y1_med_hrv,Yoga,Meditation
1648.664,99.6678,Y1_med_hrv,Yoga,Meditation
1649.266,99.6678,Y1_med_hrv,Yoga,Meditation
1649.867,99.6678,Y1_med_hrv,Yoga,Meditation
1650.453,102.389,Y1_med_hrv,Yoga,Meditation
1651.047,101.01,Y1_med_hrv,Yoga,Meditation
1651.625,103.806,Y1_med_hrv,Yoga,Meditation
1652.195,105.263,Y1_med_hrv,Yoga,Meditation
1652.766,105.263,Y1_med_hrv,Yoga,Meditation
1653.32,108.108,Y1_med_hrv,Yoga,Meditation
1653.875,108.108,Y1_med_hrv,Yoga,Meditation
1654.422,109.689,Y1_med_hrv,Yoga,Meditation
1654.969,109.689,Y1_med_hrv,Yoga,Meditation
1655.531,106.762,Y1_med_hrv,Yoga,Meditation
1656.094,106.762,Y1_med_hrv,Yoga,Meditation
1656.68,102.389,Y1_med_hrv,Yoga,Meditation
1657.281,99.6678,Y1_med_hrv,Yoga,Meditation
1657.922,93.6037,Y1_med_hrv,Yoga,Meditation
1658.562,93.6037,Y1_med_hrv,Yoga,Meditation
1659.234,89.2857,Y1_med_hrv,Yoga,Meditation
1659.914,88.2353,Y1_med_hrv,Yoga,Meditation
1660.578,90.3614,Y1_med_hrv,Yoga,Meditation
1661.234,91.4634,Y1_med_hrv,Yoga,Meditation
1661.891,91.4634,Y1_med_hrv,Yoga,Meditation
1662.531,93.6037,Y1_med_hrv,Yoga,Meditation
1663.18,92.5926,Y1_med_hrv,Yoga,Meditation
1663.828,92.5926,Y1_med_hrv,Yoga,Meditation
1664.453,96.0,Y1_med_hrv,Yoga,Meditation
1665.07,97.2447,Y1_med_hrv,Yoga,Meditation
1665.672,99.6678,Y1_med_hrv,Yoga,Meditation
1666.266,101.01,Y1_med_hrv,Yoga,Meditation
1666.852,102.389,Y1_med_hrv,Yoga,Meditation
1667.422,105.263,Y1_med_hrv,Yoga,Meditation
1667.992,105.263,Y1_med_hrv,Yoga,Meditation
1668.547,108.108,Y1_med_hrv,Yoga,Meditation
1669.094,109.689,Y1_med_hrv,Yoga,Meditation
1669.641,109.689,Y1_med_hrv,Yoga,Meditation
1670.18,111.317,Y1_med_hrv,Yoga,Meditation
1670.719,111.317,Y1_med_hrv,Yoga,Meditation
1671.25,112.994,Y1_med_hrv,Yoga,Meditation
1671.789,111.317,Y1_med_hrv,Yoga,Meditation
1672.344,108.108,Y1_med_hrv,Yoga,Meditation
1672.922,103.806,Y1_med_hrv,Yoga,Meditation
1673.531,98.5222,Y1_med_hrv,Yoga,Meditation
1674.211,88.2353,Y1_med_hrv,Yoga,Meditation
1674.891,88.2353,Y1_med_hrv,Yoga,Meditation
1675.594,85.3485,Y1_med_hrv,Yoga,Meditation
1676.297,85.3485,Y1_med_hrv,Yoga,Meditation
1676.992,86.3309,Y1_med_hrv,Yoga,Meditation
1677.695,85.3485,Y1_med_hrv,Yoga,Meditation
1678.391,86.3309,Y1_med_hrv,Yoga,Meditation
1679.078,87.2093,Y1_med_hrv,Yoga,Meditation
1679.75,89.2857,Y1_med_hrv,Yoga,Meditation
1680.414,90.3614,Y1_med_hrv,Yoga,Meditation
1681.062,92.5926,Y1_med_hrv,Yoga,Meditation
1681.68,97.2447,Y1_med_hrv,Yoga,Meditation
1682.289,98.5222,Y1_med_hrv,Yoga,Meditation
1682.875,102.389,Y1_med_hrv,Yoga,Meditation
1683.445,105.263,Y1_med_hrv,Yoga,Meditation
1684.008,106.762,Y1_med_hrv,Yoga,Meditation
1684.562,108.108,Y1_med_hrv,Yoga,Meditation
1685.109,109.689,Y1_med_hrv,Yoga,Meditation
1685.648,111.317,Y1_med_hrv,Yoga,Meditation
1686.18,112.994,Y1_med_hrv,Yoga,Meditation
1686.703,114.723,Y1_med_hrv,Yoga,Meditation
1687.227,114.723,Y1_med_hrv,Yoga,Meditation
1687.758,112.994,Y1_med_hrv,Yoga,Meditation
1688.312,108.108,Y1_med_hrv,Yoga,Meditation
1688.875,106.762,Y1_med_hrv,Yoga,Meditation
1689.477,99.6678,Y1_med_hrv,Yoga,Meditation
1690.102,96.0,Y1_med_hrv,Yoga,Meditation
1690.758,91.4634,Y1_med_hrv,Yoga,Meditation
1691.43,89.2857,Y1_med_hrv,Yoga,Meditation
1692.117,87.2093,Y1_med_hrv,Yoga,Meditation
1692.812,86.3309,Y1_med_hrv,Yoga,Meditation
1693.508,86.3309,Y1_med_hrv,Yoga,Meditation
1694.188,88.2353,Y1_med_hrv,Yoga,Meditation
1694.844,91.4634,Y1_med_hrv,Yoga,Meditation
1695.484,93.6037,Y1_med_hrv,Yoga,Meditation
1696.109,96.0,Y1_med_hrv,Yoga,Meditation
1696.727,97.2447,Y1_med_hrv,Yoga,Meditation
1697.328,99.6678,Y1_med_hrv,Yoga,Meditation
1697.914,102.389,Y1_med_hrv,Yoga,Meditation
1698.484,105.263,Y1_med_hrv,Yoga,Meditation
1699.047,106.762,Y1_med_hrv,Yoga,Meditation
1699.586,111.317,Y1_med_hrv,Yoga,Meditation
1700.133,109.689,Y1_med_hrv,Yoga,Meditation
1700.664,112.994,Y1_med_hrv,Yoga,Meditation
1701.219,108.108,Y1_med_hrv,Yoga,Meditation
1701.797,103.806,Y1_med_hrv,Yoga,Meditation
1702.445,92.5926,Y1_med_hrv,Yoga,Meditation
1703.141,86.3309,Y1_med_hrv,Yoga,Meditation
1703.867,82.5309,Y1_med_hrv,Yoga,Meditation
1704.633,78.329,Y1_med_hrv,Yoga,Meditation
1705.344,84.3882,Y1_med_hrv,Yoga,Meditation
1706.086,80.8625,Y1_med_hrv,Yoga,Meditation
1706.812,82.5309,Y1_med_hrv,Yoga,Meditation
1707.523,84.3882,Y1_med_hrv,Yoga,Meditation
1708.203,88.2353,Y1_med_hrv,Yoga,Meditation
1708.875,89.2857,Y1_med_hrv,Yoga,Meditation
1709.523,92.5926,Y1_med_hrv,Yoga,Meditation
1710.148,96.0,Y1_med_hrv,Yoga,Meditation
1710.773,96.0,Y1_med_hrv,Yoga,Meditation
1711.398,96.0,Y1_med_hrv,Yoga,Meditation
1712.0,99.6678,Y1_med_hrv,Yoga,Meditation
1712.594,101.01,Y1_med_hrv,Yoga,Meditation
1713.18,102.389,Y1_med_hrv,Yoga,Meditation
1713.75,105.263,Y1_med_hrv,Yoga,Meditation
1714.312,106.762,Y1_med_hrv,Yoga,Meditation
1714.875,106.762,Y1_med_hrv,Yoga,Meditation
1715.414,111.317,Y1_med_hrv,Yoga,Meditation
1715.945,112.994,Y1_med_hrv,Yoga,Meditation
1716.484,111.317,Y1_med_hrv,Yoga,Meditation
1717.008,114.723,Y1_med_hrv,Yoga,Meditation
1717.547,111.317,Y1_med_hrv,Yoga,Meditation
1718.086,111.317,Y1_med_hrv,Yoga,Meditation
1718.617,112.994,Y1_med_hrv,Yoga,Meditation
1719.148,112.994,Y1_med_hrv,Yoga,Meditation
1719.695,109.689,Y1_med_hrv,Yoga,Meditation
1720.25,108.108,Y1_med_hrv,Yoga,Meditation
1720.812,106.762,Y1_med_hrv,Yoga,Meditation
1721.406,101.01,Y1_med_hrv,Yoga,Meditation
1722.0,101.01,Y1_med_hrv,Yoga,Meditation
1722.609,98.5222,Y1_med_hrv,Yoga,Meditation
1723.234,96.0,Y1_med_hrv,Yoga,Meditation
1723.867,94.7867,Y1_med_hrv,Yoga,Meditation
1724.492,96.0,Y1_med_hrv,Yoga,Meditation
1725.102,98.5222,Y1_med_hrv,Yoga,Meditation
1725.711,98.5222,Y1_med_hrv,Yoga,Meditation
1726.32,98.5222,Y1_med_hrv,Yoga,Meditation
1726.93,98.5222,Y1_med_hrv,Yoga,Meditation
1727.547,97.2447,Y1_med_hrv,Yoga,Meditation
1728.148,99.6678,Y1_med_hrv,Yoga,Meditation
1728.742,101.01,Y1_med_hrv,Yoga,Meditation
1729.312,105.263,Y1_med_hrv,Yoga,Meditation
1729.875,106.762,Y1_med_hrv,Yoga,Meditation
1730.43,108.108,Y1_med_hrv,Yoga,Meditation
1730.977,109.689,Y1_med_hrv,Yoga,Meditation
1731.531,108.108,Y1_med_hrv,Yoga,Meditation
1732.07,111.317,Y1_med_hrv,Yoga,Meditation
1732.609,111.317,Y1_med_hrv,Yoga,Meditation
1733.141,112.994,Y1_med_hrv,Yoga,Meditation
1733.68,111.317,Y1_med_hrv,Yoga,Meditation
1734.211,112.994,Y1_med_hrv,Yoga,Meditation
1734.75,111.317,Y1_med_hrv,Yoga,Meditation
1735.281,112.994,Y1_med_hrv,Yoga,Meditation
1735.82,111.317,Y1_med_hrv,Yoga,Meditation
1736.359,111.317,Y1_med_hrv,Yoga,Meditation
1736.906,109.689,Y1_med_hrv,Yoga,Meditation
1737.461,108.108,Y1_med_hrv,Yoga,Meditation
1738.031,105.263,Y1_med_hrv,Yoga,Meditation
1738.617,102.389,Y1_med_hrv,Yoga,Meditation
1739.203,102.389,Y1_med_hrv,Yoga,Meditation
1739.797,101.01,Y1_med_hrv,Yoga,Meditation
1740.391,101.01,Y1_med_hrv,Yoga,Meditation
1740.984,101.01,Y1_med_hrv,Yoga,Meditation
1741.57,102.389,Y1_med_hrv,Yoga,Meditation
1742.156,102.389,Y1_med_hrv,Yoga,Meditation
1742.727,105.263,Y1_med_hrv,Yoga,Meditation
1743.297,105.263,Y1_med_hrv,Yoga,Meditation
1743.859,106.762,Y1_med_hrv,Yoga,Meditation
1744.414,108.108,Y1_med_hrv,Yoga,Meditation
1744.961,109.689,Y1_med_hrv,Yoga,Meditation
1745.5,111.317,Y1_med_hrv,Yoga,Meditation
1746.039,111.317,Y1_med_hrv,Yoga,Meditation
1746.586,109.689,Y1_med_hrv,Yoga,Meditation
1747.133,109.689,Y1_med_hrv,Yoga,Meditation
1747.672,111.317,Y1_med_hrv,Yoga,Meditation
1748.211,111.317,Y1_med_hrv,Yoga,Meditation
1748.742,112.994,Y1_med_hrv,Yoga,Meditation
1749.289,109.689,Y1_med_hrv,Yoga,Meditation
1749.828,111.317,Y1_med_hrv,Yoga,Meditation
1750.367,111.317,Y1_med_hrv,Yoga,Meditation
1750.914,109.689,Y1_med_hrv,Yoga,Meditation
1751.445,112.994,Y1_med_hrv,Yoga,Meditation
1751.984,111.317,Y1_med_hrv,Yoga,Meditation
1752.523,111.317,Y1_med_hrv,Yoga,Meditation
1753.078,108.108,Y1_med_hrv,Yoga,Meditation
1753.633,108.108,Y1_med_hrv,Yoga,Meditation
1754.203,105.263,Y1_med_hrv,Yoga,Meditation
1754.781,103.806,Y1_med_hrv,Yoga,Meditation
1755.375,101.01,Y1_med_hrv,Yoga,Meditation
1755.969,101.01,Y1_med_hrv,Yoga,Meditation
1756.57,99.6678,Y1_med_hrv,Yoga,Meditation
1757.172,99.6678,Y1_med_hrv,Yoga,Meditation
1757.781,98.5222,Y1_med_hrv,Yoga,Meditation
1758.383,99.6678,Y1_med_hrv,Yoga,Meditation
1758.984,99.6678,Y1_med_hrv,Yoga,Meditation
1759.57,102.389,Y1_med_hrv,Yoga,Meditation
1760.148,103.806,Y1_med_hrv,Yoga,Meditation
1760.727,103.806,Y1_med_hrv,Yoga,Meditation
1761.289,106.762,Y1_med_hrv,Yoga,Meditation
1761.859,105.263,Y1_med_hrv,Yoga,Meditation
1762.414,108.108,Y1_med_hrv,Yoga,Meditation
1762.969,108.108,Y1_med_hrv,Yoga,Meditation
1763.523,108.108,Y1_med_hrv,Yoga,Meditation
1764.062,111.317,Y1_med_hrv,Yoga,Meditation
1764.602,111.317,Y1_med_hrv,Yoga,Meditation
1765.133,112.994,Y1_med_hrv,Yoga,Meditation
1765.664,112.994,Y1_med_hrv,Yoga,Meditation
1766.188,114.723,Y1_med_hrv,Yoga,Meditation
1766.711,114.723,Y1_med_hrv,Yoga,Meditation
1767.227,116.279,Y1_med_hrv,Yoga,Meditation
1767.75,114.723,Y1_med_hrv,Yoga,Meditation
1768.281,112.994,Y1_med_hrv,Yoga,Meditation
1768.812,112.994,Y1_med_hrv,Yoga,Meditation
1769.359,109.689,Y1_med_hrv,Yoga,Meditation
1769.922,106.762,Y1_med_hrv,Yoga,Meditation
1770.492,105.263,Y1_med_hrv,Yoga,Meditation
1771.086,101.01,Y1_med_hrv,Yoga,Meditation
1771.711,96.0,Y1_med_hrv,Yoga,Meditation
1772.328,97.2447,Y1_med_hrv,Yoga,Meditation
1772.961,94.7867,Y1_med_hrv,Yoga,Meditation
1773.578,97.2447,Y1_med_hrv,Yoga,Meditation
1774.188,98.5222,Y1_med_hrv,Yoga,Meditation
1774.797,98.5222,Y1_med_hrv,Yoga,Meditation
1775.414,97.2447,Y1_med_hrv,Yoga,Meditation
1776.039,96.0,Y1_med_hrv,Yoga,Meditation
1776.641,99.6678,Y1_med_hrv,Yoga,Meditation
1777.234,101.01,Y1_med_hrv,Yoga,Meditation
1777.82,102.389,Y1_med_hrv,Yoga,Meditation
1778.398,103.806,Y1_med_hrv,Yoga,Meditation
1778.953,108.108,Y1_med_hrv,Yoga,Meditation
1779.508,108.108,Y1_med_hrv,Yoga,Meditation
1780.047,111.317,Y1_med_hrv,Yoga,Meditation
1780.578,112.994,Y1_med_hrv,Yoga,Meditation
1781.102,114.723,Y1_med_hrv,Yoga,Meditation
1781.625,114.723,Y1_med_hrv,Yoga,Meditation
1782.141,116.279,Y1_med_hrv,Yoga,Meditation
1782.656,116.279,Y1_med_hrv,Yoga,Meditation
1783.156,120.0,Y1_med_hrv,Yoga,Meditation
1783.664,118.11,Y1_med_hrv,Yoga,Meditation
1784.172,118.11,Y1_med_hrv,Yoga,Meditation
1784.68,118.11,Y1_med_hrv,Yoga,Meditation
1785.211,112.994,Y1_med_hrv,Yoga,Meditation
1785.773,106.762,Y1_med_hrv,Yoga,Meditation
1786.375,99.6678,Y1_med_hrv,Yoga,Meditation
1787.008,94.7867,Y1_med_hrv,Yoga,Meditation
1787.648,93.6037,Y1_med_hrv,Yoga,Meditation
1788.297,92.5926,Y1_med_hrv,Yoga,Meditation
1788.945,92.5926,Y1_med_hrv,Yoga,Meditation
1789.57,96.0,Y1_med_hrv,Yoga,Meditation
1790.18,98.5222,Y1_med_hrv,Yoga,Meditation
1790.781,99.6678,Y1_med_hrv,Yoga,Meditation
1791.383,99.6678,Y1_med_hrv,Yoga,Meditation
1791.992,98.5222,Y1_med_hrv,Yoga,Meditation
1792.594,99.6678,Y1_med_hrv,Yoga,Meditation
1793.195,99.6678,Y1_med_hrv,Yoga,Meditation
1793.812,97.2447,Y1_med_hrv,Yoga,Meditation
1794.414,99.6678,Y1_med_hrv,Yoga,Meditation
1795.0,102.389,Y1_med_hrv,Yoga,Meditation
1795.578,103.806,Y1_med_hrv,Yoga,Meditation
1796.148,105.263,Y1_med_hrv,Yoga,Meditation
1796.703,108.108,Y1_med_hrv,Yoga,Meditation
1797.242,111.317,Y1_med_hrv,Yoga,Meditation
1797.781,111.317,Y1_med_hrv,Yoga,Meditation
1798.328,109.689,Y1_med_hrv,Yoga,Meditation
1798.852,114.723,Y1_med_hrv,Yoga,Meditation
1799.367,116.279,Y1_med_hrv,Yoga,Meditation
1799.883,116.279,Y1_med_hrv,Yoga,Meditation
1800.398,116.279,Y1_med_hrv,Yoga,Meditation
1800.938,111.317,Y1_med_hrv,Yoga,Meditation
1801.508,105.263,Y1_med_hrv,Yoga,Meditation
1802.164,91.4634,Y1_med_hrv,Yoga,Meditation
1802.867,85.3485,Y1_med_hrv,Yoga,Meditation
1803.578,84.3882,Y1_med_hrv,Yoga,Meditation
1804.305,82.5309,Y1_med_hrv,Yoga,Meditation
1805.031,82.5309,Y1_med_hrv,Yoga,Meditation
1805.758,82.5309,Y1_med_hrv,Yoga,Meditation
1806.461,85.3485,Y1_med_hrv,Yoga,Meditation
1807.156,86.3309,Y1_med_hrv,Yoga,Meditation
1807.844,87.2093,Y1_med_hrv,Yoga,Meditation
1808.523,88.2353,Y1_med_hrv,Yoga,Meditation
1809.18,91.4634,Y1_med_hrv,Yoga,Meditation
1809.844,90.3614,Y1_med_hrv,Yoga,Meditation
1810.484,93.6037,Y1_med_hrv,Yoga,Meditation
1811.109,96.0,Y1_med_hrv,Yoga,Meditation
1811.703,101.01,Y1_med_hrv,Yoga,Meditation
1812.289,102.389,Y1_med_hrv,Yoga,Meditation
1812.852,106.762,Y1_med_hrv,Yoga,Meditation
1813.398,109.689,Y1_med_hrv,Yoga,Meditation
1813.938,111.317,Y1_med_hrv,Yoga,Meditation
1814.469,112.994,Y1_med_hrv,Yoga,Meditation
1815.0,112.994,Y1_med_hrv,Yoga,Meditation
1815.523,114.723,Y1_med_hrv,Yoga,Meditation
1816.047,114.723,Y1_med_hrv,Yoga,Meditation
1816.57,114.723,Y1_med_hrv,Yoga,Meditation
1817.102,112.994,Y1_med_hrv,Yoga,Meditation
1817.641,111.317,Y1_med_hrv,Yoga,Meditation
1818.203,106.762,Y1_med_hrv,Yoga,Meditation
1818.773,105.263,Y1_med_hrv,Yoga,Meditation
1819.359,102.389,Y1_med_hrv,Yoga,Meditation
1819.961,99.6678,Y1_med_hrv,Yoga,Meditation
1820.57,98.5222,Y1_med_hrv,Yoga,Meditation
1821.195,96.0,Y1_med_hrv,Yoga,Meditation
1821.812,97.2447,Y1_med_hrv,Yoga,Meditation
1822.438,96.0,Y1_med_hrv,Yoga,Meditation
1823.07,94.7867,Y1_med_hrv,Yoga,Meditation
1823.703,94.7867,Y1_med_hrv,Yoga,Meditation
1824.344,93.6037,Y1_med_hrv,Yoga,Meditation
1824.961,97.2447,Y1_med_hrv,Yoga,Meditation
1825.578,97.2447,Y1_med_hrv,Yoga,Meditation
1826.188,98.5222,Y1_med_hrv,Yoga,Meditation
1826.766,103.806,Y1_med_hrv,Yoga,Meditation
1827.336,105.263,Y1_med_hrv,Yoga,Meditation
1827.891,108.108,Y1_med_hrv,Yoga,Meditation
1828.43,111.317,Y1_med_hrv,Yoga,Meditation
1828.969,111.317,Y1_med_hrv,Yoga,Meditation
1829.5,112.994,Y1_med_hrv,Yoga,Meditation
1830.023,114.723,Y1_med_hrv,Yoga,Meditation
1830.547,114.723,Y1_med_hrv,Yoga,Meditation
1831.078,112.994,Y1_med_hrv,Yoga,Meditation
1831.609,112.994,Y1_med_hrv,Yoga,Meditation
1832.156,109.689,Y1_med_hrv,Yoga,Meditation
1832.758,99.6678,Y1_med_hrv,Yoga,Meditation
1833.414,91.4634,Y1_med_hrv,Yoga,Meditation
1834.07,91.4634,Y1_med_hrv,Yoga,Meditation
1834.75,88.2353,Y1_med_hrv,Yoga,Meditation
1835.438,87.2093,Y1_med_hrv,Yoga,Meditation
1836.102,90.3614,Y1_med_hrv,Yoga,Meditation
1836.789,87.2093,Y1_med_hrv,Yoga,Meditation
1837.477,87.2093,Y1_med_hrv,Yoga,Meditation
1838.172,86.3309,Y1_med_hrv,Yoga,Meditation
1838.844,89.2857,Y1_med_hrv,Yoga,Meditation
1839.492,92.5926,Y1_med_hrv,Yoga,Meditation
1840.133,93.6037,Y1_med_hrv,Yoga,Meditation
1840.758,96.0,Y1_med_hrv,Yoga,Meditation
1841.352,101.01,Y1_med_hrv,Yoga,Meditation
1841.945,101.01,Y1_med_hrv,Yoga,Meditation
1842.516,105.263,Y1_med_hrv,Yoga,Meditation
1843.078,106.762,Y1_med_hrv,Yoga,Meditation
1843.625,109.689,Y1_med_hrv,Yoga,Meditation
1844.172,109.689,Y1_med_hrv,Yoga,Meditation
1844.711,111.317,Y1_med_hrv,Yoga,Meditation
1845.242,112.994,Y1_med_hrv,Yoga,Meditation
1845.773,112.994,Y1_med_hrv,Yoga,Meditation
1846.312,111.317,Y1_med_hrv,Yoga,Meditation
1846.867,108.108,Y1_med_hrv,Yoga,Meditation
1847.445,103.806,Y1_med_hrv,Yoga,Meditation
1848.047,99.6678,Y1_med_hrv,Yoga,Meditation
1848.664,97.2447,Y1_med_hrv,Yoga,Meditation
1849.297,94.7867,Y1_med_hrv,Yoga,Meditation
1849.938,93.6037,Y1_med_hrv,Yoga,Meditation
1850.609,89.2857,Y1_med_hrv,Yoga,Meditation
1851.289,88.2353,Y1_med_hrv,Yoga,Meditation
1851.969,88.2353,Y1_med_hrv,Yoga,Meditation
1852.648,88.2353,Y1_med_hrv,Yoga,Meditation
1853.297,92.5926,Y1_med_hrv,Yoga,Meditation
1853.93,94.7867,Y1_med_hrv,Yoga,Meditation
1854.547,97.2447,Y1_med_hrv,Yoga,Meditation
1855.148,99.6678,Y1_med_hrv,Yoga,Meditation
1855.742,101.01,Y1_med_hrv,Yoga,Meditation
1856.312,105.263,Y1_med_hrv,Yoga,Meditation
1856.875,106.762,Y1_med_hrv,Yoga,Meditation
1857.422,109.689,Y1_med_hrv,Yoga,Meditation
1857.961,111.317,Y1_med_hrv,Yoga,Meditation
1858.5,111.317,Y1_med_hrv,Yoga,Meditation
1859.039,111.317,Y1_med_hrv,Yoga,Meditation
1859.586,109.689,Y1_med_hrv,Yoga,Meditation
1860.156,105.263,Y1_med_hrv,Yoga,Meditation
1860.734,103.806,Y1_med_hrv,Yoga,Meditation
1861.344,98.5222,Y1_med_hrv,Yoga,Meditation
1861.953,98.5222,Y1_med_hrv,Yoga,Meditation
1862.562,98.5222,Y1_med_hrv,Yoga,Meditation
1863.172,98.5222,Y1_med_hrv,Yoga,Meditation
1863.773,99.6678,Y1_med_hrv,Yoga,Meditation
1864.398,96.0,Y1_med_hrv,Yoga,Meditation
1865.023,96.0,Y1_med_hrv,Yoga,Meditation
1865.656,94.7867,Y1_med_hrv,Yoga,Meditation
1866.312,91.4634,Y1_med_hrv,Yoga,Meditation
1866.938,96.0,Y1_med_hrv,Yoga,Meditation
1867.547,98.5222,Y1_med_hrv,Yoga,Meditation
1868.141,101.01,Y1_med_hrv,Yoga,Meditation
1868.719,103.806,Y1_med_hrv,Yoga,Meditation
1869.281,106.762,Y1_med_hrv,Yoga,Meditation
1869.836,108.108,Y1_med_hrv,Yoga,Meditation
1870.375,111.317,Y1_med_hrv,Yoga,Meditation
1870.914,111.317,Y1_med_hrv,Yoga,Meditation
1871.438,114.723,Y1_med_hrv,Yoga,Meditation
1871.953,116.279,Y1_med_hrv,Yoga,Meditation
1872.461,118.11,Y1_med_hrv,Yoga,Meditation
1872.969,118.11,Y1_med_hrv,Yoga,Meditation
1873.477,118.11,Y1_med_hrv,Yoga,Meditation
1873.984,118.11,Y1_med_hrv,Yoga,Meditation
1874.508,114.723,Y1_med_hrv,Yoga,Meditation
1875.07,106.762,Y1_med_hrv,Yoga,Meditation
1875.664,101.01,Y1_med_hrv,Yoga,Meditation
1876.328,90.3614,Y1_med_hrv,Yoga,Meditation
1877.008,88.2353,Y1_med_hrv,Yoga,Meditation
1877.688,88.2353,Y1_med_hrv,Yoga,Meditation
1878.312,96.0,Y1_med_hrv,Yoga,Meditation
1878.93,97.2447,Y1_med_hrv,Yoga,Meditation
1879.539,98.5222,Y1_med_hrv,Yoga,Meditation
1880.148,98.5222,Y1_med_hrv,Yoga,Meditation
1880.773,96.0,Y1_med_hrv,Yoga,Meditation
1881.391,97.2447,Y1_med_hrv,Yoga,Meditation
1882.016,96.0,Y1_med_hrv,Yoga,Meditation
1882.633,97.2447,Y1_med_hrv,Yoga,Meditation
1883.25,97.2447,Y1_med_hrv,Yoga,Meditation
1883.859,98.5222,Y1_med_hrv,Yoga,Meditation
1884.453,101.01,Y1_med_hrv,Yoga,Meditation
1885.016,106.762,Y1_med_hrv,Yoga,Meditation
1885.578,106.762,Y1_med_hrv,Yoga,Meditation
1886.125,109.689,Y1_med_hrv,Yoga,Meditation
1886.648,114.723,Y1_med_hrv,Yoga,Meditation
1887.18,112.994,Y1_med_hrv,Yoga,Meditation
1887.688,118.11,Y1_med_hrv,Yoga,Meditation
1888.195,118.11,Y1_med_hrv,Yoga,Meditation
1888.703,118.11,Y1_med_hrv,Yoga,Meditation
1889.195,121.951,Y1_med_hrv,Yoga,Meditation
1889.703,118.11,Y1_med_hrv,Yoga,Meditation
1890.211,118.11,Y1_med_hrv,Yoga,Meditation
1890.734,114.723,Y1_med_hrv,Yoga,Meditation
1891.297,106.762,Y1_med_hrv,Yoga,Meditation
1891.859,106.762,Y1_med_hrv,Yoga,Meditation
1892.438,103.806,Y1_med_hrv,Yoga,Meditation
1893.031,101.01,Y1_med_hrv,Yoga,Meditation
1893.633,99.6678,Y1_med_hrv,Yoga,Meditation
1894.227,101.01,Y1_med_hrv,Yoga,Meditation
1894.828,99.6678,Y1_med_hrv,Yoga,Meditation
1895.43,99.6678,Y1_med_hrv,Yoga,Meditation
1896.047,97.2447,Y1_med_hrv,Yoga,Meditation
1896.672,96.0,Y1_med_hrv,Yoga,Meditation
1897.305,94.7867,Y1_med_hrv,Yoga,Meditation
1897.953,92.5926,Y1_med_hrv,Yoga,Meditation
1898.578,96.0,Y1_med_hrv,Yoga,Meditation
1899.211,94.7867,Y1_med_hrv,Yoga,Meditation
1899.82,98.5222,Y1_med_hrv,Yoga,Meditation
1900.422,99.6678,Y1_med_hrv,Yoga,Meditation
1901.0,103.806,Y1_med_hrv,Yoga,Meditation
1901.562,106.762,Y1_med_hrv,Yoga,Meditation
1902.117,108.108,Y1_med_hrv,Yoga,Meditation
1902.664,109.689,Y1_med_hrv,Yoga,Meditation
1903.211,109.689,Y1_med_hrv,Yoga,Meditation
1903.766,108.108,Y1_med_hrv,Yoga,Meditation
1904.32,108.108,Y1_med_hrv,Yoga,Meditation
1904.883,106.762,Y1_med_hrv,Yoga,Meditation
1905.469,102.389,Y1_med_hrv,Yoga,Meditation
1906.055,102.389,Y1_med_hrv,Yoga,Meditation
1906.641,102.389,Y1_med_hrv,Yoga,Meditation
1907.234,101.01,Y1_med_hrv,Yoga,Meditation
1907.836,99.6678,Y1_med_hrv,Yoga,Meditation
1908.43,101.01,Y1_med_hrv,Yoga,Meditation
1909.023,101.01,Y1_med_hrv,Yoga,Meditation
1909.617,101.01,Y1_med_hrv,Yoga,Meditation
1910.211,101.01,Y1_med_hrv,Yoga,Meditation
1910.797,102.389,Y1_med_hrv,Yoga,Meditation
1911.375,103.806,Y1_med_hrv,Yoga,Meditation
1911.945,105.263,Y1_med_hrv,Yoga,Meditation
1912.5,108.108,Y1_med_hrv,Yoga,Meditation
1913.055,108.108,Y1_med_hrv,Yoga,Meditation
1913.594,111.317,Y1_med_hrv,Yoga,Meditation
1914.125,112.994,Y1_med_hrv,Yoga,Meditation
1914.656,112.994,Y1_med_hrv,Yoga,Meditation
1915.172,116.279,Y1_med_hrv,Yoga,Meditation
1915.703,112.994,Y1_med_hrv,Yoga,Meditation
1916.211,118.11,Y1_med_hrv,Yoga,Meditation
1916.727,116.279,Y1_med_hrv,Yoga,Meditation
1917.25,114.723,Y1_med_hrv,Yoga,Meditation
1917.781,112.994,Y1_med_hrv,Yoga,Meditation
1918.336,108.108,Y1_med_hrv,Yoga,Meditation
