Time,HeartRate,Subject,Group,State
1309.469,66.8151,Y3_pre_hrv,Yoga,Pre-Meditation
1310.43,62.435,Y3_pre_hrv,Yoga,Pre-Meditation
1311.438,59.5238,Y3_pre_hrv,Yoga,Pre-Meditation
1312.438,60.0,Y3_pre_hrv,Yoga,Pre-Meditation
1313.375,63.9659,Y3_pre_hrv,Yoga,Pre-Meditation
1314.344,61.9195,Y3_pre_hrv,Yoga,Pre-Meditation
1315.336,60.4839,Y3_pre_hrv,Yoga,Pre-Meditation
1316.227,67.3401,Y3_pre_hrv,Yoga,Pre-Meditation
1317.148,65.0759,Y3_pre_hrv,Yoga,Pre-Meditation
1318.055,66.2252,Y3_pre_hrv,Yoga,Pre-Meditation
1318.898,71.09,Y3_pre_hrv,Yoga,Pre-Meditation
1319.758,69.8487,Y3_pre_hrv,Yoga,Pre-Meditation
1320.672,65.6455,Y3_pre_hrv,Yoga,Pre-Meditation
1321.508,71.7703,Y3_pre_hrv,Yoga,Pre-Meditation
1322.383,68.5714,Y3_pre_hrv,Yoga,Pre-Meditation
1323.336,62.9591,Y3_pre_hrv,Yoga,Pre-Meditation
1324.359,58.651,Y3_pre_hrv,Yoga,Pre-Meditation
1325.344,60.9756,Y3_pre_hrv,Yoga,Pre-Meditation
1326.359,59.0551,Y3_pre_hrv,Yoga,Pre-Meditation
1327.398,57.7478,Y3_pre_hrv,Yoga,Pre-Meditation
1328.297,66.8151,Y3_pre_hrv,Yoga,Pre-Meditation
1329.203,66.2252,Y3_pre_hrv,Yoga,Pre-Meditation
1330.078,68.5714,Y3_pre_hrv,Yoga,Pre-Meditation
1330.922,71.09,Y3_pre_hrv,Yoga,Pre-Meditation
1331.836,65.6455,Y3_pre_hrv,Yoga,Pre-Meditation
1332.812,61.4125,Y3_pre_hrv,Yoga,Pre-Meditation
1333.727,65.6455,Y3_pre_hrv,Yoga,Pre-Meditation
1334.695,61.9195,Y3_pre_hrv,Yoga,Pre-Meditation
1335.68,60.9756,Y3_pre_hrv,Yoga,Pre-Meditation
1336.609,64.5161,Y3_pre_hrv,Yoga,Pre-Meditation
1337.609,60.0,Y3_pre_hrv,Yoga,Pre-Meditation
1338.656,57.3066,Y3_pre_hrv,Yoga,Pre-Meditation
1339.57,65.6455,Y3_pre_hrv,Yoga,Pre-Meditation
1340.516,63.4921,Y3_pre_hrv,Yoga,Pre-Meditation
1341.43,65.6455,Y3_pre_hrv,Yoga,Pre-Meditation
1342.297,69.2042,Y3_pre_hrv,Yoga,Pre-Meditation
1343.203,66.2252,Y3_pre_hrv,Yoga,Pre-Meditation
1344.172,61.9195,Y3_pre_hrv,Yoga,Pre-Meditation
1345.062,67.3401,Y3_pre_hrv,Yoga,Pre-Meditation
1345.977,65.6455,Y3_pre_hrv,Yoga,Pre-Meditation
1346.914,63.9659,Y3_pre_hrv,Yoga,Pre-Meditation
1347.852,63.9659,Y3_pre_hrv,Yoga,Pre-Meditation
1348.82,61.9195,Y3_pre_hrv,Yoga,Pre-Meditation
1349.797,61.4125,Y3_pre_hrv,Yoga,Pre-Meditation
1350.719,65.0759,Y3_pre_hrv,Yoga,Pre-Meditation
1351.648,64.5161,Y3_pre_hrv,Yoga,Pre-Meditation
1352.516,69.2042,Y3_pre_hrv,Yoga,Pre-Meditation
1353.352,71.7703,Y3_pre_hrv,Yoga,Pre-Meditation
1354.18,72.4638,Y3_pre_hrv,Yoga,Pre-Meditation
1355.023,71.09,Y3_pre_hrv,Yoga,Pre-Meditation
1355.82,75.2823,Y3_pre_hrv,Yoga,Pre-Meditation
1356.633,73.8916,Y3_pre_hrv,Yoga,Pre-Meditation
1357.461,72.4638,Y3_pre_hrv,Yoga,Pre-Meditation
1358.234,77.6197,Y3_pre_hrv,Yoga,Pre-Meditation
1359.055,73.1707,Y3_pre_hrv,Yoga,Pre-Meditation
1359.867,73.8916,Y3_pre_hrv,Yoga,Pre-Meditation
1360.703,71.7703,Y3_pre_hrv,Yoga,Pre-Meditation
1361.656,62.9591,Y3_pre_hrv,Yoga,Pre-Meditation
1362.719,56.4972,Y3_pre_hrv,Yoga,Pre-Meditation
1363.695,61.4125,Y3_pre_hrv,Yoga,Pre-Meditation
1364.703,59.5238,Y3_pre_hrv,Yoga,Pre-Meditation
1365.609,66.2252,Y3_pre_hrv,Yoga,Pre-Meditation
1366.531,65.0759,Y3_pre_hrv,Yoga,Pre-Meditation
1367.469,63.9659,Y3_pre_hrv,Yoga,Pre-Meditation
1368.336,69.2042,Y3_pre_hrv,Yoga,Pre-Meditation
1369.273,63.9659,Y3_pre_hrv,Yoga,Pre-Meditation
1370.18,66.2252,Y3_pre_hrv,Yoga,Pre-Meditation
1371.094,65.6455,Y3_pre_hrv,Yoga,Pre-Meditation
1372.023,64.5161,Y3_pre_hrv,Yoga,Pre-Meditation
1372.875,70.4225,Y3_pre_hrv,Yoga,Pre-Meditation
1373.766,67.3401,Y3_pre_hrv,Yoga,Pre-Meditation
1374.609,71.09,Y3_pre_hrv,Yoga,Pre-Meditation
1375.43,73.1707,Y3_pre_hrv,Yoga,Pre-Meditation
1376.281,70.4225,Y3_pre_hrv,Yoga,Pre-Meditation
1377.156,68.5714,Y3_pre_hrv,Yoga,Pre-Meditation
1378.078,65.0759,Y3_pre_hrv,Yoga,Pre-Meditation
1378.984,66.2252,Y3_pre_hrv,Yoga,Pre-Meditation
1379.914,64.5161,Y3_pre_hrv,Yoga,Pre-Meditation
1380.82,66.2252,Y3_pre_hrv,Yoga,Pre-Meditation
1381.734,65.6455,Y3_pre_hrv,Yoga,Pre-Meditation
1382.695,62.435,Y3_pre_hrv,Yoga,Pre-Meditation
1383.734,57.7478,Y3_pre_hrv,Yoga,Pre-Meditation
1384.703,61.9195,Y3_pre_hrv,Yoga,Pre-Meditation
1385.719,59.0551,Y3_pre_hrv,Yoga,Pre-Meditation
1386.711,60.4839,Y3_pre_hrv,Yoga,Pre-Meditation
1387.672,62.435,Y3_pre_hrv,Yoga,Pre-Meditation
1388.648,61.4125,Y3_pre_hrv,Yoga,Pre-Meditation
1389.633,60.9756,Y3_pre_hrv,Yoga,Pre-Meditation
1390.594,62.435,Y3_pre_hrv,Yoga,Pre-Meditation
1391.586,60.4839,Y3_pre_hrv,Yoga,Pre-Meditation
1392.5,65.6455,Y3_pre_hrv,Yoga,Pre-Meditation
1393.43,64.5161,Y3_pre_hrv,Yoga,Pre-Meditation
1394.398,61.9195,Y3_pre_hrv,Yoga,Pre-Meditation
1395.328,64.5161,Y3_pre_hrv,Yoga,Pre-Meditation
1396.266,63.9659,Y3_pre_hrv,Yoga,Pre-Meditation
1397.234,61.9195,Y3_pre_hrv,Yoga,Pre-Meditation
1398.102,69.2042,Y3_pre_hrv,Yoga,Pre-Meditation
1398.977,68.5714,Y3_pre_hrv,Yoga,Pre-Meditation
1399.852,68.5714,Y3_pre_hrv,Yoga,Pre-Meditation
1400.75,66.8151,Y3_pre_hrv,Yoga,Pre-Meditation
1401.695,63.4921,Y3_pre_hrv,Yoga,Pre-Meditation
1402.719,58.651,Y3_pre_hrv,Yoga,Pre-Meditation
1403.695,61.4125,Y3_pre_hrv,Yoga,Pre-Meditation
1404.695,60.0,Y3_pre_hrv,Yoga,Pre-Meditation
1405.727,58.1959,Y3_pre_hrv,Yoga,Pre-Meditation
1406.688,62.435,Y3_pre_hrv,Yoga,Pre-Meditation
1407.602,65.6455,Y3_pre_hrv,Yoga,Pre-Meditation
1408.5,66.8151,Y3_pre_hrv,Yoga,Pre-Meditation
1409.305,74.5342,Y3_pre_hrv,Yoga,Pre-Meditation
1410.156,70.4225,Y3_pre_hrv,Yoga,Pre-Meditation
1411.062,66.2252,Y3_pre_hrv,Yoga,Pre-Meditation
1411.984,65.0759,Y3_pre_hrv,Yoga,Pre-Meditation
1412.945,62.435,Y3_pre_hrv,Yoga,Pre-Meditation
1413.898,62.9591,Y3_pre_hrv,Yoga,Pre-Meditation
1414.789,67.3401,Y3_pre_hrv,Yoga,Pre-Meditation
1415.703,65.6455,Y3_pre_hrv,Yoga,Pre-Meditation
1416.617,65.6455,Y3_pre_hrv,Yoga,Pre-Meditation
1417.5,67.9502,Y3_pre_hrv,Yoga,Pre-Meditation
1418.406,66.2252,Y3_pre_hrv,Yoga,Pre-Meditation
1419.312,66.2252,Y3_pre_hrv,Yoga,Pre-Meditation
1420.195,67.9502,Y3_pre_hrv,Yoga,Pre-Meditation
1421.148,62.9591,Y3_pre_hrv,Yoga,Pre-Meditation
1422.156,59.5238,Y3_pre_hrv,Yoga,Pre-Meditation
1423.148,60.4839,Y3_pre_hrv,Yoga,Pre-Meditation
1424.172,58.651,Y3_pre_hrv,Yoga,Pre-Meditation
1425.195,58.651,Y3_pre_hrv,Yoga,Pre-Meditation
1426.047,70.4225,Y3_pre_hrv,Yoga,Pre-Meditation
1426.922,68.5714,Y3_pre_hrv,Yoga,Pre-Meditation
1427.781,69.8487,Y3_pre_hrv,Yoga,Pre-Meditation
1428.688,66.2252,Y3_pre_hrv,Yoga,Pre-Meditation
1429.609,65.0759,Y3_pre_hrv,Yoga,Pre-Meditation
1430.625,59.0551,Y3_pre_hrv,Yoga,Pre-Meditation
1431.672,57.3066,Y3_pre_hrv,Yoga,Pre-Meditation
1432.625,62.9591,Y3_pre_hrv,Yoga,Pre-Meditation
1433.594,61.9195,Y3_pre_hrv,Yoga,Pre-Meditation
1434.555,62.435,Y3_pre_hrv,Yoga,Pre-Meditation
1435.422,69.2042,Y3_pre_hrv,Yoga,Pre-Meditation
1436.25,72.4638,Y3_pre_hrv,Yoga,Pre-Meditation
1437.117,69.2042,Y3_pre_hrv,Yoga,Pre-Meditation
1438.055,63.9659,Y3_pre_hrv,Yoga,Pre-Meditation
1439.07,59.0551,Y3_pre_hrv,Yoga,Pre-Meditation
1440.086,59.0551,Y3_pre_hrv,Yoga,Pre-Meditation
1441.031,63.4921,Y3_pre_hrv,Yoga,Pre-Meditation
1442.062,58.1959,Y3_pre_hrv,Yoga,Pre-Meditation
1443.117,56.872,Y3_pre_hrv,Yoga,Pre-Meditation
1444.07,62.9591,Y3_pre_hrv,Yoga,Pre-Meditation
1445.055,60.9756,Y3_pre_hrv,Yoga,Pre-Meditation
1446.094,57.7478,Y3_pre_hrv,Yoga,Pre-Meditation
1447.078,60.9756,Y3_pre_hrv,Yoga,Pre-Meditation
1448.062,60.9756,Y3_pre_hrv,Yoga,Pre-Meditation
1449.047,60.9756,Y3_pre_hrv,Yoga,Pre-Meditation
1449.969,65.0759,Y3_pre_hrv,Yoga,Pre-Meditation
1450.867,66.8151,Y3_pre_hrv,Yoga,Pre-Meditation
1451.789,65.0759,Y3_pre_hrv,Yoga,Pre-Meditation
1452.695,66.2252,Y3_pre_hrv,Yoga,Pre-Meditation
1453.711,59.0551,Y3_pre_hrv,Yoga,Pre-Meditation
1454.828,53.7153,Y3_pre_hrv,Yoga,Pre-Meditation
1455.797,61.9195,Y3_pre_hrv,Yoga,Pre-Meditation
1456.711,65.6455,Y3_pre_hrv,Yoga,Pre-Meditation
1457.555,71.09,Y3_pre_hrv,Yoga,Pre-Meditation
1458.328,77.6197,Y3_pre_hrv,Yoga,Pre-Meditation
1459.109,76.8246,Y3_pre_hrv,Yoga,Pre-Meditation
1459.883,77.6197,Y3_pre_hrv,Yoga,Pre-Meditation
1460.648,78.329,Y3_pre_hrv,Yoga,Pre-Meditation
1461.438,76.0456,Y3_pre_hrv,Yoga,Pre-Meditation
1462.25,73.8916,Y3_pre_hrv,Yoga,Pre-Meditation
1463.031,76.8246,Y3_pre_hrv,Yoga,Pre-Meditation
1463.805,77.6197,Y3_pre_hrv,Yoga,Pre-Meditation
1464.586,76.8246,Y3_pre_hrv,Yoga,Pre-Meditation
1465.398,73.8916,Y3_pre_hrv,Yoga,Pre-Meditation
1466.312,65.6455,Y3_pre_hrv,Yoga,Pre-Meditation
1467.18,69.2042,Y3_pre_hrv,Yoga,Pre-Meditation
1468.109,64.5161,Y3_pre_hrv,Yoga,Pre-Meditation
1469.086,61.4125,Y3_pre_hrv,Yoga,Pre-Meditation
1470.094,59.5238,Y3_pre_hrv,Yoga,Pre-Meditation
1471.055,62.435,Y3_pre_hrv,Yoga,Pre-Meditation
1472.039,60.9756,Y3_pre_hrv,Yoga,Pre-Meditation
1473.023,60.9756,Y3_pre_hrv,Yoga,Pre-Meditation
1473.953,64.5161,Y3_pre_hrv,Yoga,Pre-Meditation
1474.914,62.435,Y3_pre_hrv,Yoga,Pre-Meditation
1475.875,62.435,Y3_pre_hrv,Yoga,Pre-Meditation
1476.727,70.4225,Y3_pre_hrv,Yoga,Pre-Meditation
1477.562,71.7703,Y3_pre_hrv,Yoga,Pre-Meditation
1478.438,68.5714,Y3_pre_hrv,Yoga,Pre-Meditation
1479.383,63.4921,Y3_pre_hrv,Yoga,Pre-Meditation
1480.32,63.9659,Y3_pre_hrv,Yoga,Pre-Meditation
1481.312,60.4839,Y3_pre_hrv,Yoga,Pre-Meditation
1482.336,58.651,Y3_pre_hrv,Yoga,Pre-Meditation
1483.312,61.4125,Y3_pre_hrv,Yoga,Pre-Meditation
1484.297,60.9756,Y3_pre_hrv,Yoga,Pre-Meditation
1485.312,59.0551,Y3_pre_hrv,Yoga,Pre-Meditation
1486.219,66.2252,Y3_pre_hrv,Yoga,Pre-Meditation
1487.133,65.6455,Y3_pre_hrv,Yoga,Pre-Meditation
1488.086,62.9591,Y3_pre_hrv,Yoga,Pre-Meditation
1489.016,64.5161,Y3_pre_hrv,Yoga,Pre-Meditation
1489.945,64.5161,Y3_pre_hrv,Yoga,Pre-Meditation
1490.891,63.4921,Y3_pre_hrv,Yoga,Pre-Meditation
1491.805,65.6455,Y3_pre_hrv,Yoga,Pre-Meditation
1492.711,66.2252,Y3_pre_hrv,Yoga,Pre-Meditation
1493.648,63.9659,Y3_pre_hrv,Yoga,Pre-Meditation
1494.617,61.9195,Y3_pre_hrv,Yoga,Pre-Meditation
1495.523,66.2252,Y3_pre_hrv,Yoga,Pre-Meditation
1496.5,61.4125,Y3_pre_hrv,Yoga,Pre-Meditation
1497.484,60.9756,Y3_pre_hrv,Yoga,Pre-Meditation
1498.414,64.5161,Y3_pre_hrv,Yoga,Pre-Meditation
1499.391,61.4125,Y3_pre_hrv,Yoga,Pre-Meditation
1500.367,61.4125,Y3_pre_hrv,Yoga,Pre-Meditation
1501.258,67.3401,Y3_pre_hrv,Yoga,Pre-Meditation
1502.195,63.9659,Y3_pre_hrv,Yoga,Pre-Meditation
1503.18,60.9756,Y3_pre_hrv,Yoga,Pre-Meditation
1504.086,66.2252,Y3_pre_hrv,Yoga,Pre-Meditation
1505.031,63.4921,Y3_pre_hrv,Yoga,Pre-Meditation
1505.977,63.4921,Y3_pre_hrv,Yoga,Pre-Meditation
1506.844,69.2042,Y3_pre_hrv,Yoga,Pre-Meditation
1507.727,67.9502,Y3_pre_hrv,Yoga,Pre-Meditation
1508.648,65.0759,Y3_pre_hrv,Yoga,Pre-Meditation
1509.688,57.7478,Y3_pre_hrv,Yoga,Pre-Meditation
1510.664,61.4125,Y3_pre_hrv,Yoga,Pre-Meditation
1511.688,58.651,Y3_pre_hrv,Yoga,Pre-Meditation
1512.742,56.872,Y3_pre_hrv,Yoga,Pre-Meditation
1513.727,60.9756,Y3_pre_hrv,Yoga,Pre-Meditation
1514.703,61.4125,Y3_pre_hrv,Yoga,Pre-Meditation
1515.688,60.9756,Y3_pre_hrv,Yoga,Pre-Meditation
1516.688,60.0,Y3_pre_hrv,Yoga,Pre-Meditation
1517.766,55.6586,Y3_pre_hrv,Yoga,Pre-Meditation
1518.852,55.2486,Y3_pre_hrv,Yoga,Pre-Meditation
1519.781,64.5161,Y3_pre_hrv,Yoga,Pre-Meditation
1520.734,62.9591,Y3_pre_hrv,Yoga,Pre-Meditation
1521.711,61.4125,Y3_pre_hrv,Yoga,Pre-Meditation
1522.586,68.5714,Y3_pre_hrv,Yoga,Pre-Meditation
1523.484,66.8151,Y3_pre_hrv,Yoga,Pre-Meditation
1524.375,67.3401,Y3_pre_hrv,Yoga,Pre-Meditation
1525.219,71.09,Y3_pre_hrv,Yoga,Pre-Meditation
1526.109,67.3401,Y3_pre_hrv,Yoga,Pre-Meditation
1527.062,62.9591,Y3_pre_hrv,Yoga,Pre-Meditation
1527.969,66.2252,Y3_pre_hrv,Yoga,Pre-Meditation
1528.891,65.0759,Y3_pre_hrv,Yoga,Pre-Meditation
1529.812,65.0759,Y3_pre_hrv,Yoga,Pre-Meditation
1530.711,66.8151,Y3_pre_hrv,Yoga,Pre-Meditation
1531.57,69.8487,Y3_pre_hrv,Yoga,Pre-Meditation
1532.461,67.3401,Y3_pre_hrv,Yoga,Pre-Meditation
1533.344,67.9502,Y3_pre_hrv,Yoga,Pre-Meditation
1534.18,71.7703,Y3_pre_hrv,Yoga,Pre-Meditation
1535.055,68.5714,Y3_pre_hrv,Yoga,Pre-Meditation
1535.898,71.09,Y3_pre_hrv,Yoga,Pre-Meditation
1536.688,76.0456,Y3_pre_hrv,Yoga,Pre-Meditation
1537.508,73.1707,Y3_pre_hrv,Yoga,Pre-Meditation
1538.375,69.2042,Y3_pre_hrv,Yoga,Pre-Meditation
1539.289,65.6455,Y3_pre_hrv,Yoga,Pre-Meditation
1540.258,61.9195,Y3_pre_hrv,Yoga,Pre-Meditation
1541.266,59.5238,Y3_pre_hrv,Yoga,Pre-Meditation
1542.188,65.0759,Y3_pre_hrv,Yoga,Pre-Meditation
1543.227,57.7478,Y3_pre_hrv,Yoga,Pre-Meditation
1544.336,54.1028,Y3_pre_hrv,Yoga,Pre-Meditation
1545.352,59.0551,Y3_pre_hrv,Yoga,Pre-Meditation
1546.43,55.6586,Y3_pre_hrv,Yoga,Pre-Meditation
1547.484,56.872,Y3_pre_hrv,Yoga,Pre-Meditation
1548.461,61.4125,Y3_pre_hrv,Yoga,Pre-Meditation
1549.461,60.0,Y3_pre_hrv,Yoga,Pre-Meditation
1550.422,62.435,Y3_pre_hrv,Yoga,Pre-Meditation
1551.344,65.0759,Y3_pre_hrv,Yoga,Pre-Meditation
1552.281,63.9659,Y3_pre_hrv,Yoga,Pre-Meditation
1553.219,63.9659,Y3_pre_hrv,Yoga,Pre-Meditation
1554.094,68.5714,Y3_pre_hrv,Yoga,Pre-Meditation
1555.047,62.9591,Y3_pre_hrv,Yoga,Pre-Meditation
1556.023,61.4125,Y3_pre_hrv,Yoga,Pre-Meditation
1556.93,66.2252,Y3_pre_hrv,Yoga,Pre-Meditation
1557.922,60.4839,Y3_pre_hrv,Yoga,Pre-Meditation
1558.961,57.7478,Y3_pre_hrv,Yoga,Pre-Meditation
1559.875,65.6455,Y3_pre_hrv,Yoga,Pre-Meditation
1560.859,60.9756,Y3_pre_hrv,Yoga,Pre-Meditation
1561.852,60.4839,Y3_pre_hrv,Yoga,Pre-Meditation
1562.773,65.0759,Y3_pre_hrv,Yoga,Pre-Meditation
1563.844,56.0748,Y3_pre_hrv,Yoga,Pre-Meditation
1564.969,53.3333,Y3_pre_hrv,Yoga,Pre-Meditation
1565.969,60.0,Y3_pre_hrv,Yoga,Pre-Meditation
1567.016,57.3066,Y3_pre_hrv,Yoga,Pre-Meditation
1568.062,57.3066,Y3_pre_hrv,Yoga,Pre-Meditation
1569.0,63.9659,Y3_pre_hrv,Yoga,Pre-Meditation
1569.945,63.4921,Y3_pre_hrv,Yoga,Pre-Meditation
1570.891,63.4921,Y3_pre_hrv,Yoga,Pre-Meditation
1571.805,65.6455,Y3_pre_hrv,Yoga,Pre-Meditation
1572.789,60.9756,Y3_pre_hrv,Yoga,Pre-Meditation
1573.852,56.4972,Y3_pre_hrv,Yoga,Pre-Meditation
1574.805,62.9591,Y3_pre_hrv,Yoga,Pre-Meditation
1575.82,59.0551,Y3_pre_hrv,Yoga,Pre-Meditation
1576.844,58.651,Y3_pre_hrv,Yoga,Pre-Meditation
1577.781,63.9659,Y3_pre_hrv,Yoga,Pre-Meditation
1578.656,68.5714,Y3_pre_hrv,Yoga,Pre-Meditation
1579.461,74.5342,Y3_pre_hrv,Yoga,Pre-Meditation
1580.258,75.2823,Y3_pre_hrv,Yoga,Pre-Meditation
1581.148,67.3401,Y3_pre_hrv,Yoga,Pre-Meditation
1582.125,61.4125,Y3_pre_hrv,Yoga,Pre-Meditation
1583.055,64.5161,Y3_pre_hrv,Yoga,Pre-Meditation
1583.906,70.4225,Y3_pre_hrv,Yoga,Pre-Meditation
1584.742,71.7703,Y3_pre_hrv,Yoga,Pre-Meditation
1585.617,68.5714,Y3_pre_hrv,Yoga,Pre-Meditation
1586.453,71.7703,Y3_pre_hrv,Yoga,Pre-Meditation
1587.289,71.7703,Y3_pre_hrv,Yoga,Pre-Meditation
1588.117,72.4638,Y3_pre_hrv,Yoga,Pre-Meditation
1588.93,73.8916,Y3_pre_hrv,Yoga,Pre-Meditation
1589.703,77.6197,Y3_pre_hrv,Yoga,Pre-Meditation
1590.516,73.8916,Y3_pre_hrv,Yoga,Pre-Meditation
1591.32,74.5342,Y3_pre_hrv,Yoga,Pre-Meditation
1592.211,67.3401,Y3_pre_hrv,Yoga,Pre-Meditation
1593.062,70.4225,Y3_pre_hrv,Yoga,Pre-Meditation
1593.938,68.5714,Y3_pre_hrv,Yoga,Pre-Meditation
1594.898,62.435,Y3_pre_hrv,Yoga,Pre-Meditation
1595.883,60.9756,Y3_pre_hrv,Yoga,Pre-Meditation
1596.844,62.435,Y3_pre_hrv,Yoga,Pre-Meditation
1597.82,61.4125,Y3_pre_hrv,Yoga,Pre-Meditation
1598.805,60.9756,Y3_pre_hrv,Yoga,Pre-Meditation
1599.797,60.4839,Y3_pre_hrv,Yoga,Pre-Meditation
1600.719,65.0759,Y3_pre_hrv,Yoga,Pre-Meditation
1601.703,60.9756,Y3_pre_hrv,Yoga,Pre-Meditation
1602.695,60.4839,Y3_pre_hrv,Yoga,Pre-Meditation
1603.625,64.5161,Y3_pre_hrv,Yoga,Pre-Meditation
1604.578,62.9591,Y3_pre_hrv,Yoga,Pre-Meditation
1605.555,61.4125,Y3_pre_hrv,Yoga,Pre-Meditation
1606.531,61.4125,Y3_pre_hrv,Yoga,Pre-Meditation
1607.461,64.5161,Y3_pre_hrv,Yoga,Pre-Meditation
1608.383,65.0759,Y3_pre_hrv,Yoga,Pre-Meditation
1609.344,62.435,Y3_pre_hrv,Yoga,Pre-Meditation
1610.289,63.4921,Y3_pre_hrv,Yoga,Pre-Meditation
1611.227,63.9659,Y3_pre_hrv,Yoga,Pre-Meditation
1612.211,60.9756,Y3_pre_hrv,Yoga,Pre-Meditation
1613.188,61.4125,Y3_pre_hrv,Yoga,Pre-Meditation
1614.148,62.435,Y3_pre_hrv,Yoga,Pre-Meditation
1615.102,62.9591,Y3_pre_hrv,Yoga,Pre-Meditation
1615.984,67.9502,Y3_pre_hrv,Yoga,Pre-Meditation
1616.875,67.3401,Y3_pre_hrv,Yoga,Pre-Meditation
1617.75,68.5714,Y3_pre_hrv,Yoga,Pre-Meditation
1618.633,67.9502,Y3_pre_hrv,Yoga,Pre-Meditation
1619.477,71.09,Y3_pre_hrv,Yoga,Pre-Meditation
1620.336,69.8487,Y3_pre_hrv,Yoga,Pre-Meditation
1621.281,63.4921,Y3_pre_hrv,Yoga,Pre-Meditation
1622.195,65.6455,Y3_pre_hrv,Yoga,Pre-Meditation
1623.094,66.8151,Y3_pre_hrv,Yoga,Pre-Meditation
1624.039,63.4921,Y3_pre_hrv,Yoga,Pre-Meditation
1624.961,65.0759,Y3_pre_hrv,Yoga,Pre-Meditation
1625.852,67.3401,Y3_pre_hrv,Yoga,Pre-Meditation
1626.789,63.9659,Y3_pre_hrv,Yoga,Pre-Meditation
1627.695,66.2252,Y3_pre_hrv,Yoga,Pre-Meditation
1628.586,67.3401,Y3_pre_hrv,Yoga,Pre-Meditation
1629.516,64.5161,Y3_pre_hrv,Yoga,Pre-Meditation
1630.484,61.9195,Y3_pre_hrv,Yoga,Pre-Meditation
1631.367,67.9502,Y3_pre_hrv,Yoga,Pre-Meditation
1632.266,66.8151,Y3_pre_hrv,Yoga,Pre-Meditation
1633.18,65.6455,Y3_pre_hrv,Yoga,Pre-Meditation
1634.008,72.4638,Y3_pre_hrv,Yoga,Pre-Meditation
1634.828,73.1707,Y3_pre_hrv,Yoga,Pre-Meditation
1635.664,71.7703,Y3_pre_hrv,Yoga,Pre-Meditation
1636.484,73.1707,Y3_pre_hrv,Yoga,Pre-Meditation
1637.289,74.5342,Y3_pre_hrv,Yoga,Pre-Meditation
1638.164,68.5714,Y3_pre_hrv,Yoga,Pre-Meditation
1639.031,69.2042,Y3_pre_hrv,Yoga,Pre-Meditation
1639.852,73.1707,Y3_pre_hrv,Yoga,Pre-Meditation
1640.656,74.5342,Y3_pre_hrv,Yoga,Pre-Meditation
1641.492,71.7703,Y3_pre_hrv,Yoga,Pre-Meditation
1642.336,71.09,Y3_pre_hrv,Yoga,Pre-Meditation
1643.195,69.8487,Y3_pre_hrv,Yoga,Pre-Meditation
1644.141,63.4921,Y3_pre_hrv,Yoga,Pre-Meditation
1645.172,58.1959,Y3_pre_hrv,Yoga,Pre-Meditation
1646.266,54.8446,Y3_pre_hrv,Yoga,Pre-Meditation
1647.258,60.4839,Y3_pre_hrv,Yoga,Pre-Meditation
1648.25,60.4839,Y3_pre_hrv,Yoga,Pre-Meditation
1649.148,66.8151,Y3_pre_hrv,Yoga,Pre-Meditation
1649.977,72.4638,Y3_pre_hrv,Yoga,Pre-Meditation
1650.836,69.8487,Y3_pre_hrv,Yoga,Pre-Meditation
1651.703,69.2042,Y3_pre_hrv,Yoga,Pre-Meditation
1652.555,70.4225,Y3_pre_hrv,Yoga,Pre-Meditation
1653.375,73.1707,Y3_pre_hrv,Yoga,Pre-Meditation
1654.141,78.329,Y3_pre_hrv,Yoga,Pre-Meditation
1654.922,76.8246,Y3_pre_hrv,Yoga,Pre-Meditation
1655.703,76.8246,Y3_pre_hrv,Yoga,Pre-Meditation
1656.461,79.1557,Y3_pre_hrv,Yoga,Pre-Meditation
1657.211,80.0,Y3_pre_hrv,Yoga,Pre-Meditation
1657.961,80.0,Y3_pre_hrv,Yoga,Pre-Meditation
1658.711,80.0,Y3_pre_hrv,Yoga,Pre-Meditation
1659.445,81.7439,Y3_pre_hrv,Yoga,Pre-Meditation
1660.164,83.4492,Y3_pre_hrv,Yoga,Pre-Meditation
1660.859,86.3309,Y3_pre_hrv,Yoga,Pre-Meditation
1661.547,87.2093,Y3_pre_hrv,Yoga,Pre-Meditation
1662.281,81.7439,Y3_pre_hrv,Yoga,Pre-Meditation
1663.031,80.0,Y3_pre_hrv,Yoga,Pre-Meditation
1663.938,66.2252,Y3_pre_hrv,Yoga,Pre-Meditation
1664.898,62.435,Y3_pre_hrv,Yoga,Pre-Meditation
1665.891,60.4839,Y3_pre_hrv,Yoga,Pre-Meditation
1666.773,67.9502,Y3_pre_hrv,Yoga,Pre-Meditation
1667.711,63.9659,Y3_pre_hrv,Yoga,Pre-Meditation
1668.68,61.9195,Y3_pre_hrv,Yoga,Pre-Meditation
1669.578,66.8151,Y3_pre_hrv,Yoga,Pre-Meditation
1670.461,67.9502,Y3_pre_hrv,Yoga,Pre-Meditation
1671.375,65.6455,Y3_pre_hrv,Yoga,Pre-Meditation
1672.289,65.6455,Y3_pre_hrv,Yoga,Pre-Meditation
1673.18,67.3401,Y3_pre_hrv,Yoga,Pre-Meditation
1674.078,66.8151,Y3_pre_hrv,Yoga,Pre-Meditation
1675.016,63.9659,Y3_pre_hrv,Yoga,Pre-Meditation
1675.969,62.9591,Y3_pre_hrv,Yoga,Pre-Meditation
1676.906,63.9659,Y3_pre_hrv,Yoga,Pre-Meditation
1677.922,59.0551,Y3_pre_hrv,Yoga,Pre-Meditation
1678.945,58.651,Y3_pre_hrv,Yoga,Pre-Meditation
1679.922,61.4125,Y3_pre_hrv,Yoga,Pre-Meditation
1680.914,60.4839,Y3_pre_hrv,Yoga,Pre-Meditation
1681.891,61.4125,Y3_pre_hrv,Yoga,Pre-Meditation
1682.812,65.0759,Y3_pre_hrv,Yoga,Pre-Meditation
1683.781,61.9195,Y3_pre_hrv,Yoga,Pre-Meditation
1684.773,60.4839,Y3_pre_hrv,Yoga,Pre-Meditation
1685.68,66.2252,Y3_pre_hrv,Yoga,Pre-Meditation
1686.602,65.0759,Y3_pre_hrv,Yoga,Pre-Meditation
1687.523,65.0759,Y3_pre_hrv,Yoga,Pre-Meditation
1688.398,68.5714,Y3_pre_hrv,Yoga,Pre-Meditation
1689.328,64.5161,Y3_pre_hrv,Yoga,Pre-Meditation
1690.289,62.435,Y3_pre_hrv,Yoga,Pre-Meditation
1691.141,70.4225,Y3_pre_hrv,Yoga,Pre-Meditation
1692.047,66.2252,Y3_pre_hrv,Yoga,Pre-Meditation
1692.969,65.0759,Y3_pre_hrv,Yoga,Pre-Meditation
1693.828,69.8487,Y3_pre_hrv,Yoga,Pre-Meditation
1694.789,62.435,Y3_pre_hrv,Yoga,Pre-Meditation
1695.727,63.9659,Y3_pre_hrv,Yoga,Pre-Meditation
1696.562,71.7703,Y3_pre_hrv,Yoga,Pre-Meditation
1697.445,67.9502,Y3_pre_hrv,Yoga,Pre-Meditation
1698.312,69.2042,Y3_pre_hrv,Yoga,Pre-Meditation
1699.148,71.7703,Y3_pre_hrv,Yoga,Pre-Meditation
1700.016,69.2042,Y3_pre_hrv,Yoga,Pre-Meditation
1700.906,67.3401,Y3_pre_hrv,Yoga,Pre-Meditation
1701.727,73.1707,Y3_pre_hrv,Yoga,Pre-Meditation
1702.578,70.4225,Y3_pre_hrv,Yoga,Pre-Meditation
1703.453,68.5714,Y3_pre_hrv,Yoga,Pre-Meditation
1704.359,66.2252,Y3_pre_hrv,Yoga,Pre-Meditation
1705.25,67.3401,Y3_pre_hrv,Yoga,Pre-Meditation
1706.203,62.9591,Y3_pre_hrv,Yoga,Pre-Meditation
1707.164,62.435,Y3_pre_hrv,Yoga,Pre-Meditation
1708.023,69.8487,Y3_pre_hrv,Yoga,Pre-Meditation
1708.938,65.6455,Y3_pre_hrv,Yoga,Pre-Meditation
1709.828,67.3401,Y3_pre_hrv,Yoga,Pre-Meditation
1710.641,73.8916,Y3_pre_hrv,Yoga,Pre-Meditation
1711.5,69.8487,Y3_pre_hrv,Yoga,Pre-Meditation
1712.359,69.8487,Y3_pre_hrv,Yoga,Pre-Meditation
1713.188,72.4638,Y3_pre_hrv,Yoga,Pre-Meditation
1714.094,66.2252,Y3_pre_hrv,Yoga,Pre-Meditation
1715.055,62.435,Y3_pre_hrv,Yoga,Pre-Meditation
1715.93,68.5714,Y3_pre_hrv,Yoga,Pre-Meditation
1716.836,66.2252,Y3_pre_hrv,Yoga,Pre-Meditation
1717.773,63.9659,Y3_pre_hrv,Yoga,Pre-Meditation
1718.664,67.3401,Y3_pre_hrv,Yoga,Pre-Meditation
1719.547,67.9502,Y3_pre_hrv,Yoga,Pre-Meditation
1720.453,66.2252,Y3_pre_hrv,Yoga,Pre-Meditation
1721.383,64.5161,Y3_pre_hrv,Yoga,Pre-Meditation
1722.242,69.8487,Y3_pre_hrv,Yoga,Pre-Meditation
1723.133,67.3401,Y3_pre_hrv,Yoga,Pre-Meditation
1724.008,68.5714,Y3_pre_hrv,Yoga,Pre-Meditation
1724.812,74.5342,Y3_pre_hrv,Yoga,Pre-Meditation
1725.578,78.329,Y3_pre_hrv,Yoga,Pre-Meditation
1726.367,76.0456,Y3_pre_hrv,Yoga,Pre-Meditation
1727.211,71.09,Y3_pre_hrv,Yoga,Pre-Meditation
1728.156,63.4921,Y3_pre_hrv,Yoga,Pre-Meditation
1729.117,62.435,Y3_pre_hrv,Yoga,Pre-Meditation
1729.992,68.5714,Y3_pre_hrv,Yoga,Pre-Meditation
1730.898,66.2252,Y3_pre_hrv,Yoga,Pre-Meditation
1731.82,65.0759,Y3_pre_hrv,Yoga,Pre-Meditation
1732.773,62.9591,Y3_pre_hrv,Yoga,Pre-Meditation
1733.641,69.2042,Y3_pre_hrv,Yoga,Pre-Meditation
1734.523,67.9502,Y3_pre_hrv,Yoga,Pre-Meditation
1735.461,63.9659,Y3_pre_hrv,Yoga,Pre-Meditation
1736.398,63.9659,Y3_pre_hrv,Yoga,Pre-Meditation
1737.289,67.3401,Y3_pre_hrv,Yoga,Pre-Meditation
1738.211,65.0759,Y3_pre_hrv,Yoga,Pre-Meditation
1739.148,63.9659,Y3_pre_hrv,Yoga,Pre-Meditation
1740.016,69.2042,Y3_pre_hrv,Yoga,Pre-Meditation
1740.953,63.9659,Y3_pre_hrv,Yoga,Pre-Meditation
1741.961,59.5238,Y3_pre_hrv,Yoga,Pre-Meditation
1742.867,66.2252,Y3_pre_hrv,Yoga,Pre-Meditation
1743.828,62.435,Y3_pre_hrv,Yoga,Pre-Meditation
1744.781,62.9591,Y3_pre_hrv,Yoga,Pre-Meditation
1745.664,67.9502,Y3_pre_hrv,Yoga,Pre-Meditation
1746.602,63.9659,Y3_pre_hrv,Yoga,Pre-Meditation
1747.539,63.9659,Y3_pre_hrv,Yoga,Pre-Meditation
1748.414,68.5714,Y3_pre_hrv,Yoga,Pre-Meditation
1749.305,67.3401,Y3_pre_hrv,Yoga,Pre-Meditation
1750.141,71.7703,Y3_pre_hrv,Yoga,Pre-Meditation
1750.93,76.0456,Y3_pre_hrv,Yoga,Pre-Meditation
1751.773,71.09,Y3_pre_hrv,Yoga,Pre-Meditation
1752.562,76.0456,Y3_pre_hrv,Yoga,Pre-Meditation
1753.359,75.2823,Y3_pre_hrv,Yoga,Pre-Meditation
1754.148,76.0456,Y3_pre_hrv,Yoga,Pre-Meditation
1754.977,72.4638,Y3_pre_hrv,Yoga,Pre-Meditation
1755.82,71.09,Y3_pre_hrv,Yoga,Pre-Meditation
1756.633,73.8916,Y3_pre_hrv,Yoga,Pre-Meditation
1757.469,71.7703,Y3_pre_hrv,Yoga,Pre-Meditation
1758.289,73.1707,Y3_pre_hrv,Yoga,Pre-Meditation
1759.141,70.4225,Y3_pre_hrv,Yoga,Pre-Meditation
1759.977,71.7703,Y3_pre_hrv,Yoga,Pre-Meditation
1760.875,66.8151,Y3_pre_hrv,Yoga,Pre-Meditation
1761.82,63.4921,Y3_pre_hrv,Yoga,Pre-Meditation
1762.711,67.3401,Y3_pre_hrv,Yoga,Pre-Meditation
1763.609,66.8151,Y3_pre_hrv,Yoga,Pre-Meditation
1764.547,63.9659,Y3_pre_hrv,Yoga,Pre-Meditation
1765.484,63.9659,Y3_pre_hrv,Yoga,Pre-Meditation
1766.383,66.8151,Y3_pre_hrv,Yoga,Pre-Meditation
1767.336,62.9591,Y3_pre_hrv,Yoga,Pre-Meditation
1768.32,60.9756,Y3_pre_hrv,Yoga,Pre-Meditation
1769.242,65.0759,Y3_pre_hrv,Yoga,Pre-Meditation
1770.211,61.9195,Y3_pre_hrv,Yoga,Pre-Meditation
1771.227,59.0551,Y3_pre_hrv,Yoga,Pre-Meditation
1772.188,62.435,Y3_pre_hrv,Yoga,Pre-Meditation
1773.156,61.9195,Y3_pre_hrv,Yoga,Pre-Meditation
1774.148,60.4839,Y3_pre_hrv,Yoga,Pre-Meditation
1775.039,67.3401,Y3_pre_hrv,Yoga,Pre-Meditation
1775.93,67.3401,Y3_pre_hrv,Yoga,Pre-Meditation
1776.836,66.2252,Y3_pre_hrv,Yoga,Pre-Meditation
1777.734,66.8151,Y3_pre_hrv,Yoga,Pre-Meditation
1778.633,66.8151,Y3_pre_hrv,Yoga,Pre-Meditation
1779.555,65.0759,Y3_pre_hrv,Yoga,Pre-Meditation
1780.539,60.9756,Y3_pre_hrv,Yoga,Pre-Meditation
1781.445,66.2252,Y3_pre_hrv,Yoga,Pre-Meditation
1782.367,65.0759,Y3_pre_hrv,Yoga,Pre-Meditation
1783.312,63.4921,Y3_pre_hrv,Yoga,Pre-Meditation
1784.234,65.0759,Y3_pre_hrv,Yoga,Pre-Meditation
1785.094,69.8487,Y3_pre_hrv,Yoga,Pre-Meditation
1785.992,66.8151,Y3_pre_hrv,Yoga,Pre-Meditation
1786.93,63.9659,Y3_pre_hrv,Yoga,Pre-Meditation
1787.805,68.5714,Y3_pre_hrv,Yoga,Pre-Meditation
1788.711,66.2252,Y3_pre_hrv,Yoga,Pre-Meditation
1789.656,63.4921,Y3_pre_hrv,Yoga,Pre-Meditation
1790.594,63.9659,Y3_pre_hrv,Yoga,Pre-Meditation
1791.547,62.9591,Y3_pre_hrv,Yoga,Pre-Meditation
1792.539,60.4839,Y3_pre_hrv,Yoga,Pre-Meditation
1793.484,63.4921,Y3_pre_hrv,Yoga,Pre-Meditation
1794.406,65.0759,Y3_pre_hrv,Yoga,Pre-Meditation
1795.359,62.9591,Y3_pre_hrv,Yoga,Pre-Meditation
1796.352,60.4839,Y3_pre_hrv,Yoga,Pre-Meditation
1797.273,65.0759,Y3_pre_hrv,Yoga,Pre-Meditation
1798.172,66.8151,Y3_pre_hrv,Yoga,Pre-Meditation
1799.109,63.9659,Y3_pre_hrv,Yoga,Pre-Meditation
1800.039,64.5161,Y3_pre_hrv,Yoga,Pre-Meditation
1800.938,66.8151,Y3_pre_hrv,Yoga,Pre-Meditation
1801.875,63.9659,Y3_pre_hrv,Yoga,Pre-Meditation
1802.891,59.0551,Y3_pre_hrv,Yoga,Pre-Meditation
1803.844,62.9591,Y3_pre_hrv,Yoga,Pre-Meditation
1804.859,59.0551,Y3_pre_hrv,Yoga,Pre-Meditation
1805.852,60.4839,Y3_pre_hrv,Yoga,Pre-Meditation
1806.773,65.0759,Y3_pre_hrv,Yoga,Pre-Meditation
1807.711,63.9659,Y3_pre_hrv,Yoga,Pre-Meditation
1808.656,63.4921,Y3_pre_hrv,Yoga,Pre-Meditation
1809.617,62.435,Y3_pre_hrv,Yoga,Pre-Meditation
1810.523,66.2252,Y3_pre_hrv,Yoga,Pre-Meditation
1811.438,65.6455,Y3_pre_hrv,Yoga,Pre-Meditation
1812.367,64.5161,Y3_pre_hrv,Yoga,Pre-Meditation
1813.258,67.3401,Y3_pre_hrv,Yoga,Pre-Meditation
1814.203,63.4921,Y3_pre_hrv,Yoga,Pre-Meditation
1815.18,61.4125,Y3_pre_hrv,Yoga,Pre-Meditation
1816.078,66.8151,Y3_pre_hrv,Yoga,Pre-Meditation
1817.0,65.0759,Y3_pre_hrv,Yoga,Pre-Meditation
1817.922,65.0759,Y3_pre_hrv,Yoga,Pre-Meditation
1818.844,65.0759,Y3_pre_hrv,Yoga,Pre-Meditation
1819.742,66.8151,Y3_pre_hrv,Yoga,Pre-Meditation
1820.664,65.0759,Y3_pre_hrv,Yoga,Pre-Meditation
1821.555,67.3401,Y3_pre_hrv,Yoga,Pre-Meditation
1822.438,67.9502,Y3_pre_hrv,Yoga,Pre-Meditation
1823.344,66.2252,Y3_pre_hrv,Yoga,Pre-Meditation
1824.289,63.4921,Y3_pre_hrv,Yoga,Pre-Meditation
1825.172,67.9502,Y3_pre_hrv,Yoga,Pre-Meditation
1826.117,63.4921,Y3_pre_hrv,Yoga,Pre-Meditation
1827.023,66.2252,Y3_pre_hrv,Yoga,Pre-Meditation
1827.852,72.4638,Y3_pre_hrv,Yoga,Pre-Meditation
1828.688,71.7703,Y3_pre_hrv,Yoga,Pre-Meditation
1829.484,75.2823,Y3_pre_hrv,Yoga,Pre-Meditation
1830.258,77.6197,Y3_pre_hrv,Yoga,Pre-Meditation
1831.016,79.1557,Y3_pre_hrv,Yoga,Pre-Meditation
1831.875,69.8487,Y3_pre_hrv,Yoga,Pre-Meditation
1832.703,72.4638,Y3_pre_hrv,Yoga,Pre-Meditation
1833.523,73.1707,Y3_pre_hrv,Yoga,Pre-Meditation
1834.344,73.1707,Y3_pre_hrv,Yoga,Pre-Meditation
1835.117,77.6197,Y3_pre_hrv,Yoga,Pre-Meditation
1835.859,80.8625,Y3_pre_hrv,Yoga,Pre-Meditation
1836.602,80.8625,Y3_pre_hrv,Yoga,Pre-Meditation
1837.336,81.7439,Y3_pre_hrv,Yoga,Pre-Meditation
1838.062,82.5309,Y3_pre_hrv,Yoga,Pre-Meditation
1838.758,86.3309,Y3_pre_hrv,Yoga,Pre-Meditation
1839.484,82.5309,Y3_pre_hrv,Yoga,Pre-Meditation
1840.211,82.5309,Y3_pre_hrv,Yoga,Pre-Meditation
1840.992,76.8246,Y3_pre_hrv,Yoga,Pre-Meditation
1841.82,72.4638,Y3_pre_hrv,Yoga,Pre-Meditation
1842.68,69.8487,Y3_pre_hrv,Yoga,Pre-Meditation
1843.57,67.3401,Y3_pre_hrv,Yoga,Pre-Meditation
1844.508,63.9659,Y3_pre_hrv,Yoga,Pre-Meditation
1845.391,67.9502,Y3_pre_hrv,Yoga,Pre-Meditation
1846.312,65.0759,Y3_pre_hrv,Yoga,Pre-Meditation
1847.234,65.0759,Y3_pre_hrv,Yoga,Pre-Meditation
1848.102,69.2042,Y3_pre_hrv,Yoga,Pre-Meditation
1848.984,67.9502,Y3_pre_hrv,Yoga,Pre-Meditation
1849.875,67.3401,Y3_pre_hrv,Yoga,Pre-Meditation
1850.727,70.4225,Y3_pre_hrv,Yoga,Pre-Meditation
1851.586,69.8487,Y3_pre_hrv,Yoga,Pre-Meditation
1852.43,71.09,Y3_pre_hrv,Yoga,Pre-Meditation
1853.297,69.2042,Y3_pre_hrv,Yoga,Pre-Meditation
1854.125,72.4638,Y3_pre_hrv,Yoga,Pre-Meditation
1855.0,68.5714,Y3_pre_hrv,Yoga,Pre-Meditation
1855.891,67.3401,Y3_pre_hrv,Yoga,Pre-Meditation
1856.75,69.8487,Y3_pre_hrv,Yoga,Pre-Meditation
1857.625,68.5714,Y3_pre_hrv,Yoga,Pre-Meditation
1858.492,69.2042,Y3_pre_hrv,Yoga,Pre-Meditation
1859.383,67.3401,Y3_pre_hrv,Yoga,Pre-Meditation
1860.25,69.2042,Y3_pre_hrv,Yoga,Pre-Meditation
1861.148,66.8151,Y3_pre_hrv,Yoga,Pre-Meditation
1862.148,60.0,Y3_pre_hrv,Yoga,Pre-Meditation
1863.086,63.9659,Y3_pre_hrv,Yoga,Pre-Meditation
1864.031,63.4921,Y3_pre_hrv,Yoga,Pre-Meditation
1864.984,62.9591,Y3_pre_hrv,Yoga,Pre-Meditation
1865.852,69.2042,Y3_pre_hrv,Yoga,Pre-Meditation
1866.719,69.2042,Y3_pre_hrv,Yoga,Pre-Meditation
1867.594,68.5714,Y3_pre_hrv,Yoga,Pre-Meditation
1868.461,69.2042,Y3_pre_hrv,Yoga,Pre-Meditation
1869.375,65.6455,Y3_pre_hrv,Yoga,Pre-Meditation
1870.32,63.4921,Y3_pre_hrv,Yoga,Pre-Meditation
1871.211,67.3401,Y3_pre_hrv,Yoga,Pre-Meditation
1872.086,68.5714,Y3_pre_hrv,Yoga,Pre-Meditation
1872.992,66.2252,Y3_pre_hrv,Yoga,Pre-Meditation
1873.938,63.4921,Y3_pre_hrv,Yoga,Pre-Meditation
1874.828,67.3401,Y3_pre_hrv,Yoga,Pre-Meditation
1875.734,66.2252,Y3_pre_hrv,Yoga,Pre-Meditation
1876.664,64.5161,Y3_pre_hrv,Yoga,Pre-Meditation
1877.547,67.9502,Y3_pre_hrv,Yoga,Pre-Meditation
1878.461,65.6455,Y3_pre_hrv,Yoga,Pre-Meditation
1879.398,63.9659,Y3_pre_hrv,Yoga,Pre-Meditation
1880.25,70.4225,Y3_pre_hrv,Yoga,Pre-Meditation
1881.109,69.8487,Y3_pre_hrv,Yoga,Pre-Meditation
1882.0,67.3401,Y3_pre_hrv,Yoga,Pre-Meditation
1882.914,65.6455,Y3_pre_hrv,Yoga,Pre-Meditation
1883.766,70.4225,Y3_pre_hrv,Yoga,Pre-Meditation
1884.68,65.6455,Y3_pre_hrv,Yoga,Pre-Meditation
1885.625,63.4921,Y3_pre_hrv,Yoga,Pre-Meditation
1886.539,65.6455,Y3_pre_hrv,Yoga,Pre-Meditation
1887.453,65.6455,Y3_pre_hrv,Yoga,Pre-Meditation
1888.43,61.4125,Y3_pre_hrv,Yoga,Pre-Meditation
1889.32,67.3401,Y3_pre_hrv,Yoga,Pre-Meditation
1890.195,68.5714,Y3_pre_hrv,Yoga,Pre-Meditation
1891.07,68.5714,Y3_pre_hrv,Yoga,Pre-Meditation
1891.891,73.1707,Y3_pre_hrv,Yoga,Pre-Meditation
1892.719,72.4638,Y3_pre_hrv,Yoga,Pre-Meditation
1893.57,70.4225,Y3_pre_hrv,Yoga,Pre-Meditation
1894.391,73.1707,Y3_pre_hrv,Yoga,Pre-Meditation
1895.18,76.0456,Y3_pre_hrv,Yoga,Pre-Meditation
1896.016,71.7703,Y3_pre_hrv,Yoga,Pre-Meditation
1896.82,74.5342,Y3_pre_hrv,Yoga,Pre-Meditation
1897.672,70.4225,Y3_pre_hrv,Yoga,Pre-Meditation
1898.508,71.7703,Y3_pre_hrv,Yoga,Pre-Meditation
1899.32,73.8916,Y3_pre_hrv,Yoga,Pre-Meditation
1900.141,73.1707,Y3_pre_hrv,Yoga,Pre-Meditation
1901.0,69.8487,Y3_pre_hrv,Yoga,Pre-Meditation
1901.898,66.8151,Y3_pre_hrv,Yoga,Pre-Meditation
1902.812,65.6455,Y3_pre_hrv,Yoga,Pre-Meditation
1903.672,69.8487,Y3_pre_hrv,Yoga,Pre-Meditation
1904.547,68.5714,Y3_pre_hrv,Yoga,Pre-Meditation
1905.445,66.8151,Y3_pre_hrv,Yoga,Pre-Meditation
1906.352,66.2252,Y3_pre_hrv,Yoga,Pre-Meditation
1907.203,70.4225,Y3_pre_hrv,Yoga,Pre-Meditation
1908.008,74.5342,Y3_pre_hrv,Yoga,Pre-Meditation
1908.836,72.4638,Y3_pre_hrv,Yoga,Pre-Meditation
1909.719,67.9502,Y3_pre_hrv,Yoga,Pre-Meditation
1910.586,69.2042,Y3_pre_hrv,Yoga,Pre-Meditation
1911.469,67.9502,Y3_pre_hrv,Yoga,Pre-Meditation
1912.414,63.4921,Y3_pre_hrv,Yoga,Pre-Meditation
1913.398,60.9756,Y3_pre_hrv,Yoga,Pre-Meditation
1914.328,64.5161,Y3_pre_hrv,Yoga,Pre-Meditation
1915.25,65.0759,Y3_pre_hrv,Yoga,Pre-Meditation
1916.188,63.9659,Y3_pre_hrv,Yoga,Pre-Meditation
1917.094,66.2252,Y3_pre_hrv,Yoga,Pre-Meditation
1917.969,68.5714,Y3_pre_hrv,Yoga,Pre-Meditation
1918.875,66.2252,Y3_pre_hrv,Yoga,Pre-Meditation
1919.859,60.9756,Y3_pre_hrv,Yoga,Pre-Meditation
1920.859,60.0,Y3_pre_hrv,Yoga,Pre-Meditation
1921.766,66.2252,Y3_pre_hrv,Yoga,Pre-Meditation
1922.688,65.0759,Y3_pre_hrv,Yoga,Pre-Meditation
1923.641,62.9591,Y3_pre_hrv,Yoga,Pre-Meditation
1924.586,63.4921,Y3_pre_hrv,Yoga,Pre-Meditation
1925.445,69.8487,Y3_pre_hrv,Yoga,Pre-Meditation
1926.352,66.2252,Y3_pre_hrv,Yoga,Pre-Meditation
1927.258,66.2252,Y3_pre_hrv,Yoga,Pre-Meditation
1928.18,65.0759,Y3_pre_hrv,Yoga,Pre-Meditation
1929.07,67.3401,Y3_pre_hrv,Yoga,Pre-Meditation
1930.023,62.9591,Y3_pre_hrv,Yoga,Pre-Meditation
1931.0,61.4125,Y3_pre_hrv,Yoga,Pre-Meditation
1931.906,66.2252,Y3_pre_hrv,Yoga,Pre-Meditation
1932.859,62.9591,Y3_pre_hrv,Yoga,Pre-Meditation
1933.836,61.4125,Y3_pre_hrv,Yoga,Pre-Meditation
1934.742,66.2252,Y3_pre_hrv,Yoga,Pre-Meditation
1935.672,64.5161,Y3_pre_hrv,Yoga,Pre-Meditation
1936.609,63.9659,Y3_pre_hrv,Yoga,Pre-Meditation
1937.461,70.4225,Y3_pre_hrv,Yoga,Pre-Meditation
1938.32,69.8487,Y3_pre_hrv,Yoga,Pre-Meditation
1939.188,69.2042,Y3_pre_hrv,Yoga,Pre-Meditation
1940.016,72.4638,Y3_pre_hrv,Yoga,Pre-Meditation
1940.82,74.5342,Y3_pre_hrv,Yoga,Pre-Meditation
1941.633,73.8916,Y3_pre_hrv,Yoga,Pre-Meditation
1942.461,72.4638,Y3_pre_hrv,Yoga,Pre-Meditation
1943.258,75.2823,Y3_pre_hrv,Yoga,Pre-Meditation
1944.031,77.6197,Y3_pre_hrv,Yoga,Pre-Meditation
1944.805,77.6197,Y3_pre_hrv,Yoga,Pre-Meditation
1945.602,75.2823,Y3_pre_hrv,Yoga,Pre-Meditation
1946.398,75.2823,Y3_pre_hrv,Yoga,Pre-Meditation
1947.164,78.329,Y3_pre_hrv,Yoga,Pre-Meditation
1947.961,75.2823,Y3_pre_hrv,Yoga,Pre-Meditation
1948.75,76.0456,Y3_pre_hrv,Yoga,Pre-Meditation
1949.523,77.6197,Y3_pre_hrv,Yoga,Pre-Meditation
1950.32,75.2823,Y3_pre_hrv,Yoga,Pre-Meditation
1951.164,71.09,Y3_pre_hrv,Yoga,Pre-Meditation
1952.047,67.9502,Y3_pre_hrv,Yoga,Pre-Meditation
1952.914,69.2042,Y3_pre_hrv,Yoga,Pre-Meditation
1953.867,62.9591,Y3_pre_hrv,Yoga,Pre-Meditation
1954.859,60.4839,Y3_pre_hrv,Yoga,Pre-Meditation
1955.766,66.2252,Y3_pre_hrv,Yoga,Pre-Meditation
1956.68,65.6455,Y3_pre_hrv,Yoga,Pre-Meditation
1957.57,67.3401,Y3_pre_hrv,Yoga,Pre-Meditation
1958.445,68.5714,Y3_pre_hrv,Yoga,Pre-Meditation
1959.297,70.4225,Y3_pre_hrv,Yoga,Pre-Meditation
1960.211,65.6455,Y3_pre_hrv,Yoga,Pre-Meditation
1961.203,60.4839,Y3_pre_hrv,Yoga,Pre-Meditation
1962.133,64.5161,Y3_pre_hrv,Yoga,Pre-Meditation
