Time,HeartRate,Subject,Group,State
657.938,65.0759,Y2_pre_hrv,Yoga,Pre-Meditation
658.875,63.9659,Y2_pre_hrv,Yoga,Pre-Meditation
659.758,67.9502,Y2_pre_hrv,Yoga,Pre-Meditation
660.664,66.2252,Y2_pre_hrv,Yoga,Pre-Meditation
661.617,62.9591,Y2_pre_hrv,Yoga,Pre-Meditation
662.578,62.435,Y2_pre_hrv,Yoga,Pre-Meditation
663.555,61.4125,Y2_pre_hrv,Yoga,Pre-Meditation
664.531,61.4125,Y2_pre_hrv,Yoga,Pre-Meditation
665.5,61.9195,Y2_pre_hrv,Yoga,Pre-Meditation
666.43,64.5161,Y2_pre_hrv,Yoga,Pre-Meditation
667.352,65.0759,Y2_pre_hrv,Yoga,Pre-Meditation
668.289,63.9659,Y2_pre_hrv,Yoga,Pre-Meditation
669.203,65.6455,Y2_pre_hrv,Yoga,Pre-Meditation
670.133,64.5161,Y2_pre_hrv,Yoga,Pre-Meditation
671.109,61.4125,Y2_pre_hrv,Yoga,Pre-Meditation
672.125,59.0551,Y2_pre_hrv,Yoga,Pre-Meditation
673.094,61.9195,Y2_pre_hrv,Yoga,Pre-Meditation
674.07,61.4125,Y2_pre_hrv,Yoga,Pre-Meditation
675.047,61.4125,Y2_pre_hrv,Yoga,Pre-Meditation
675.961,65.6455,Y2_pre_hrv,Yoga,Pre-Meditation
676.898,63.9659,Y2_pre_hrv,Yoga,Pre-Meditation
677.898,60.0,Y2_pre_hrv,Yoga,Pre-Meditation
678.891,60.4839,Y2_pre_hrv,Yoga,Pre-Meditation
679.836,63.4921,Y2_pre_hrv,Yoga,Pre-Meditation
680.789,62.9591,Y2_pre_hrv,Yoga,Pre-Meditation
681.758,61.9195,Y2_pre_hrv,Yoga,Pre-Meditation
682.656,66.8151,Y2_pre_hrv,Yoga,Pre-Meditation
683.57,65.6455,Y2_pre_hrv,Yoga,Pre-Meditation
684.508,63.9659,Y2_pre_hrv,Yoga,Pre-Meditation
685.414,66.2252,Y2_pre_hrv,Yoga,Pre-Meditation
686.328,65.6455,Y2_pre_hrv,Yoga,Pre-Meditation
687.266,63.9659,Y2_pre_hrv,Yoga,Pre-Meditation
688.188,65.0759,Y2_pre_hrv,Yoga,Pre-Meditation
689.125,63.9659,Y2_pre_hrv,Yoga,Pre-Meditation
690.062,63.9659,Y2_pre_hrv,Yoga,Pre-Meditation
690.961,66.8151,Y2_pre_hrv,Yoga,Pre-Meditation
691.828,69.2042,Y2_pre_hrv,Yoga,Pre-Meditation
692.711,67.9502,Y2_pre_hrv,Yoga,Pre-Meditation
693.609,66.8151,Y2_pre_hrv,Yoga,Pre-Meditation
694.492,67.9502,Y2_pre_hrv,Yoga,Pre-Meditation
695.422,64.5161,Y2_pre_hrv,Yoga,Pre-Meditation
696.383,62.435,Y2_pre_hrv,Yoga,Pre-Meditation
697.289,66.2252,Y2_pre_hrv,Yoga,Pre-Meditation
698.211,65.0759,Y2_pre_hrv,Yoga,Pre-Meditation
699.18,61.9195,Y2_pre_hrv,Yoga,Pre-Meditation
700.141,62.435,Y2_pre_hrv,Yoga,Pre-Meditation
701.078,63.9659,Y2_pre_hrv,Yoga,Pre-Meditation
702.031,62.9591,Y2_pre_hrv,Yoga,Pre-Meditation
702.977,63.4921,Y2_pre_hrv,Yoga,Pre-Meditation
703.867,67.3401,Y2_pre_hrv,Yoga,Pre-Meditation
704.805,63.9659,Y2_pre_hrv,Yoga,Pre-Meditation
705.758,62.9591,Y2_pre_hrv,Yoga,Pre-Meditation
706.711,62.9591,Y2_pre_hrv,Yoga,Pre-Meditation
707.68,61.9195,Y2_pre_hrv,Yoga,Pre-Meditation
708.648,61.9195,Y2_pre_hrv,Yoga,Pre-Meditation
709.617,61.9195,Y2_pre_hrv,Yoga,Pre-Meditation
710.555,63.9659,Y2_pre_hrv,Yoga,Pre-Meditation
711.492,63.9659,Y2_pre_hrv,Yoga,Pre-Meditation
712.414,65.0759,Y2_pre_hrv,Yoga,Pre-Meditation
713.258,71.09,Y2_pre_hrv,Yoga,Pre-Meditation
714.109,70.4225,Y2_pre_hrv,Yoga,Pre-Meditation
714.953,71.09,Y2_pre_hrv,Yoga,Pre-Meditation
715.719,78.329,Y2_pre_hrv,Yoga,Pre-Meditation
716.5,76.8246,Y2_pre_hrv,Yoga,Pre-Meditation
717.297,75.2823,Y2_pre_hrv,Yoga,Pre-Meditation
718.172,68.5714,Y2_pre_hrv,Yoga,Pre-Meditation
719.016,71.09,Y2_pre_hrv,Yoga,Pre-Meditation
719.875,69.8487,Y2_pre_hrv,Yoga,Pre-Meditation
720.734,69.8487,Y2_pre_hrv,Yoga,Pre-Meditation
721.648,65.6455,Y2_pre_hrv,Yoga,Pre-Meditation
722.57,65.0759,Y2_pre_hrv,Yoga,Pre-Meditation
723.523,62.9591,Y2_pre_hrv,Yoga,Pre-Meditation
724.531,59.5238,Y2_pre_hrv,Yoga,Pre-Meditation
725.531,60.0,Y2_pre_hrv,Yoga,Pre-Meditation
726.484,62.9591,Y2_pre_hrv,Yoga,Pre-Meditation
727.391,66.2252,Y2_pre_hrv,Yoga,Pre-Meditation
728.297,66.2252,Y2_pre_hrv,Yoga,Pre-Meditation
729.188,67.3401,Y2_pre_hrv,Yoga,Pre-Meditation
730.062,68.5714,Y2_pre_hrv,Yoga,Pre-Meditation
730.984,65.0759,Y2_pre_hrv,Yoga,Pre-Meditation
731.93,63.4921,Y2_pre_hrv,Yoga,Pre-Meditation
732.875,63.4921,Y2_pre_hrv,Yoga,Pre-Meditation
733.828,62.9591,Y2_pre_hrv,Yoga,Pre-Meditation
734.781,62.9591,Y2_pre_hrv,Yoga,Pre-Meditation
735.711,64.5161,Y2_pre_hrv,Yoga,Pre-Meditation
736.656,63.4921,Y2_pre_hrv,Yoga,Pre-Meditation
737.609,62.9591,Y2_pre_hrv,Yoga,Pre-Meditation
738.57,62.435,Y2_pre_hrv,Yoga,Pre-Meditation
739.477,66.2252,Y2_pre_hrv,Yoga,Pre-Meditation
740.414,63.9659,Y2_pre_hrv,Yoga,Pre-Meditation
741.359,63.4921,Y2_pre_hrv,Yoga,Pre-Meditation
742.266,66.2252,Y2_pre_hrv,Yoga,Pre-Meditation
743.227,62.435,Y2_pre_hrv,Yoga,Pre-Meditation
744.195,61.9195,Y2_pre_hrv,Yoga,Pre-Meditation
745.117,65.0759,Y2_pre_hrv,Yoga,Pre-Meditation
746.078,62.435,Y2_pre_hrv,Yoga,Pre-Meditation
747.055,61.4125,Y2_pre_hrv,Yoga,Pre-Meditation
748.0,63.4921,Y2_pre_hrv,Yoga,Pre-Meditation
748.953,62.9591,Y2_pre_hrv,Yoga,Pre-Meditation
749.922,61.9195,Y2_pre_hrv,Yoga,Pre-Meditation
750.852,64.5161,Y2_pre_hrv,Yoga,Pre-Meditation
751.727,68.5714,Y2_pre_hrv,Yoga,Pre-Meditation
752.586,69.8487,Y2_pre_hrv,Yoga,Pre-Meditation
753.484,66.8151,Y2_pre_hrv,Yoga,Pre-Meditation
754.359,68.5714,Y2_pre_hrv,Yoga,Pre-Meditation
755.266,66.2252,Y2_pre_hrv,Yoga,Pre-Meditation
756.242,61.4125,Y2_pre_hrv,Yoga,Pre-Meditation
757.203,62.435,Y2_pre_hrv,Yoga,Pre-Meditation
758.18,61.4125,Y2_pre_hrv,Yoga,Pre-Meditation
759.141,62.435,Y2_pre_hrv,Yoga,Pre-Meditation
760.078,63.9659,Y2_pre_hrv,Yoga,Pre-Meditation
760.969,67.3401,Y2_pre_hrv,Yoga,Pre-Meditation
761.883,65.6455,Y2_pre_hrv,Yoga,Pre-Meditation
762.828,63.4921,Y2_pre_hrv,Yoga,Pre-Meditation
763.727,66.8151,Y2_pre_hrv,Yoga,Pre-Meditation
764.656,64.5161,Y2_pre_hrv,Yoga,Pre-Meditation
765.625,61.9195,Y2_pre_hrv,Yoga,Pre-Meditation
766.594,61.9195,Y2_pre_hrv,Yoga,Pre-Meditation
767.516,65.0759,Y2_pre_hrv,Yoga,Pre-Meditation
768.469,62.9591,Y2_pre_hrv,Yoga,Pre-Meditation
769.445,61.4125,Y2_pre_hrv,Yoga,Pre-Meditation
770.352,66.2252,Y2_pre_hrv,Yoga,Pre-Meditation
771.273,65.0759,Y2_pre_hrv,Yoga,Pre-Meditation
772.211,63.9659,Y2_pre_hrv,Yoga,Pre-Meditation
773.117,66.2252,Y2_pre_hrv,Yoga,Pre-Meditation
774.008,67.3401,Y2_pre_hrv,Yoga,Pre-Meditation
774.953,63.4921,Y2_pre_hrv,Yoga,Pre-Meditation
775.898,63.4921,Y2_pre_hrv,Yoga,Pre-Meditation
776.797,66.8151,Y2_pre_hrv,Yoga,Pre-Meditation
777.727,64.5161,Y2_pre_hrv,Yoga,Pre-Meditation
778.688,62.435,Y2_pre_hrv,Yoga,Pre-Meditation
779.633,63.4921,Y2_pre_hrv,Yoga,Pre-Meditation
780.609,61.4125,Y2_pre_hrv,Yoga,Pre-Meditation
781.602,60.4839,Y2_pre_hrv,Yoga,Pre-Meditation
782.562,62.435,Y2_pre_hrv,Yoga,Pre-Meditation
783.461,66.8151,Y2_pre_hrv,Yoga,Pre-Meditation
784.375,65.6455,Y2_pre_hrv,Yoga,Pre-Meditation
785.289,65.6455,Y2_pre_hrv,Yoga,Pre-Meditation
786.164,68.5714,Y2_pre_hrv,Yoga,Pre-Meditation
787.062,66.8151,Y2_pre_hrv,Yoga,Pre-Meditation
788.039,61.4125,Y2_pre_hrv,Yoga,Pre-Meditation
789.016,61.4125,Y2_pre_hrv,Yoga,Pre-Meditation
789.961,63.4921,Y2_pre_hrv,Yoga,Pre-Meditation
790.93,61.9195,Y2_pre_hrv,Yoga,Pre-Meditation
791.906,61.4125,Y2_pre_hrv,Yoga,Pre-Meditation
792.844,63.9659,Y2_pre_hrv,Yoga,Pre-Meditation
793.75,66.2252,Y2_pre_hrv,Yoga,Pre-Meditation
794.688,63.9659,Y2_pre_hrv,Yoga,Pre-Meditation
795.672,60.9756,Y2_pre_hrv,Yoga,Pre-Meditation
796.617,63.4921,Y2_pre_hrv,Yoga,Pre-Meditation
797.617,60.0,Y2_pre_hrv,Yoga,Pre-Meditation
798.648,58.1959,Y2_pre_hrv,Yoga,Pre-Meditation
799.633,60.9756,Y2_pre_hrv,Yoga,Pre-Meditation
800.523,67.3401,Y2_pre_hrv,Yoga,Pre-Meditation
801.422,66.8151,Y2_pre_hrv,Yoga,Pre-Meditation
802.359,63.9659,Y2_pre_hrv,Yoga,Pre-Meditation
803.281,65.0759,Y2_pre_hrv,Yoga,Pre-Meditation
804.219,63.9659,Y2_pre_hrv,Yoga,Pre-Meditation
805.148,64.5161,Y2_pre_hrv,Yoga,Pre-Meditation
806.078,64.5161,Y2_pre_hrv,Yoga,Pre-Meditation
806.953,68.5714,Y2_pre_hrv,Yoga,Pre-Meditation
807.883,64.5161,Y2_pre_hrv,Yoga,Pre-Meditation
808.867,60.9756,Y2_pre_hrv,Yoga,Pre-Meditation
809.828,62.435,Y2_pre_hrv,Yoga,Pre-Meditation
810.812,60.9756,Y2_pre_hrv,Yoga,Pre-Meditation
811.789,61.4125,Y2_pre_hrv,Yoga,Pre-Meditation
812.703,65.6455,Y2_pre_hrv,Yoga,Pre-Meditation
813.562,69.8487,Y2_pre_hrv,Yoga,Pre-Meditation
814.43,69.2042,Y2_pre_hrv,Yoga,Pre-Meditation
815.312,67.9502,Y2_pre_hrv,Yoga,Pre-Meditation
816.18,69.2042,Y2_pre_hrv,Yoga,Pre-Meditation
817.062,67.9502,Y2_pre_hrv,Yoga,Pre-Meditation
817.992,64.5161,Y2_pre_hrv,Yoga,Pre-Meditation
818.945,62.9591,Y2_pre_hrv,Yoga,Pre-Meditation
819.859,65.6455,Y2_pre_hrv,Yoga,Pre-Meditation
820.805,63.4921,Y2_pre_hrv,Yoga,Pre-Meditation
821.766,62.435,Y2_pre_hrv,Yoga,Pre-Meditation
822.672,66.2252,Y2_pre_hrv,Yoga,Pre-Meditation
823.57,66.8151,Y2_pre_hrv,Yoga,Pre-Meditation
824.5,64.5161,Y2_pre_hrv,Yoga,Pre-Meditation
825.43,64.5161,Y2_pre_hrv,Yoga,Pre-Meditation
826.32,67.3401,Y2_pre_hrv,Yoga,Pre-Meditation
827.25,64.5161,Y2_pre_hrv,Yoga,Pre-Meditation
828.188,63.9659,Y2_pre_hrv,Yoga,Pre-Meditation
829.086,66.8151,Y2_pre_hrv,Yoga,Pre-Meditation
830.031,63.4921,Y2_pre_hrv,Yoga,Pre-Meditation
830.992,62.435,Y2_pre_hrv,Yoga,Pre-Meditation
831.945,62.9591,Y2_pre_hrv,Yoga,Pre-Meditation
832.836,67.3401,Y2_pre_hrv,Yoga,Pre-Meditation
833.742,66.2252,Y2_pre_hrv,Yoga,Pre-Meditation
834.648,66.2252,Y2_pre_hrv,Yoga,Pre-Meditation
835.523,68.5714,Y2_pre_hrv,Yoga,Pre-Meditation
836.414,67.3401,Y2_pre_hrv,Yoga,Pre-Meditation
837.344,64.5161,Y2_pre_hrv,Yoga,Pre-Meditation
838.258,65.6455,Y2_pre_hrv,Yoga,Pre-Meditation
839.141,67.9502,Y2_pre_hrv,Yoga,Pre-Meditation
840.062,65.0759,Y2_pre_hrv,Yoga,Pre-Meditation
841.008,63.4921,Y2_pre_hrv,Yoga,Pre-Meditation
841.906,66.8151,Y2_pre_hrv,Yoga,Pre-Meditation
842.836,64.5161,Y2_pre_hrv,Yoga,Pre-Meditation
843.789,62.9591,Y2_pre_hrv,Yoga,Pre-Meditation
844.703,65.6455,Y2_pre_hrv,Yoga,Pre-Meditation
845.57,69.2042,Y2_pre_hrv,Yoga,Pre-Meditation
846.445,68.5714,Y2_pre_hrv,Yoga,Pre-Meditation
847.32,68.5714,Y2_pre_hrv,Yoga,Pre-Meditation
848.133,73.8916,Y2_pre_hrv,Yoga,Pre-Meditation
848.977,71.09,Y2_pre_hrv,Yoga,Pre-Meditation
849.883,66.2252,Y2_pre_hrv,Yoga,Pre-Meditation
850.844,62.435,Y2_pre_hrv,Yoga,Pre-Meditation
851.805,62.435,Y2_pre_hrv,Yoga,Pre-Meditation
852.844,57.7478,Y2_pre_hrv,Yoga,Pre-Meditation
853.891,57.3066,Y2_pre_hrv,Yoga,Pre-Meditation
854.891,60.0,Y2_pre_hrv,Yoga,Pre-Meditation
855.844,62.9591,Y2_pre_hrv,Yoga,Pre-Meditation
856.805,62.435,Y2_pre_hrv,Yoga,Pre-Meditation
857.734,64.5161,Y2_pre_hrv,Yoga,Pre-Meditation
858.625,67.3401,Y2_pre_hrv,Yoga,Pre-Meditation
859.531,66.2252,Y2_pre_hrv,Yoga,Pre-Meditation
860.469,63.9659,Y2_pre_hrv,Yoga,Pre-Meditation
861.367,66.8151,Y2_pre_hrv,Yoga,Pre-Meditation
862.305,63.9659,Y2_pre_hrv,Yoga,Pre-Meditation
863.258,62.9591,Y2_pre_hrv,Yoga,Pre-Meditation
864.195,63.9659,Y2_pre_hrv,Yoga,Pre-Meditation
865.094,66.8151,Y2_pre_hrv,Yoga,Pre-Meditation
866.016,65.0759,Y2_pre_hrv,Yoga,Pre-Meditation
866.938,65.0759,Y2_pre_hrv,Yoga,Pre-Meditation
867.812,68.5714,Y2_pre_hrv,Yoga,Pre-Meditation
868.688,68.5714,Y2_pre_hrv,Yoga,Pre-Meditation
869.586,66.8151,Y2_pre_hrv,Yoga,Pre-Meditation
870.492,66.2252,Y2_pre_hrv,Yoga,Pre-Meditation
871.383,67.3401,Y2_pre_hrv,Yoga,Pre-Meditation
872.336,62.9591,Y2_pre_hrv,Yoga,Pre-Meditation
873.336,60.0,Y2_pre_hrv,Yoga,Pre-Meditation
874.305,61.9195,Y2_pre_hrv,Yoga,Pre-Meditation
875.242,63.9659,Y2_pre_hrv,Yoga,Pre-Meditation
876.18,63.9659,Y2_pre_hrv,Yoga,Pre-Meditation
877.078,66.8151,Y2_pre_hrv,Yoga,Pre-Meditation
877.938,69.8487,Y2_pre_hrv,Yoga,Pre-Meditation
878.836,66.8151,Y2_pre_hrv,Yoga,Pre-Meditation
879.789,62.9591,Y2_pre_hrv,Yoga,Pre-Meditation
880.688,66.8151,Y2_pre_hrv,Yoga,Pre-Meditation
881.633,63.4921,Y2_pre_hrv,Yoga,Pre-Meditation
882.617,60.9756,Y2_pre_hrv,Yoga,Pre-Meditation
883.578,62.435,Y2_pre_hrv,Yoga,Pre-Meditation
884.492,65.6455,Y2_pre_hrv,Yoga,Pre-Meditation
885.438,63.4921,Y2_pre_hrv,Yoga,Pre-Meditation
886.391,62.9591,Y2_pre_hrv,Yoga,Pre-Meditation
887.289,66.8151,Y2_pre_hrv,Yoga,Pre-Meditation
888.203,65.6455,Y2_pre_hrv,Yoga,Pre-Meditation
889.125,65.0759,Y2_pre_hrv,Yoga,Pre-Meditation
890.039,65.6455,Y2_pre_hrv,Yoga,Pre-Meditation
890.93,67.3401,Y2_pre_hrv,Yoga,Pre-Meditation
891.867,63.9659,Y2_pre_hrv,Yoga,Pre-Meditation
892.859,60.4839,Y2_pre_hrv,Yoga,Pre-Meditation
893.789,64.5161,Y2_pre_hrv,Yoga,Pre-Meditation
894.742,62.9591,Y2_pre_hrv,Yoga,Pre-Meditation
895.688,63.4921,Y2_pre_hrv,Yoga,Pre-Meditation
896.586,66.8151,Y2_pre_hrv,Yoga,Pre-Meditation
897.469,67.9502,Y2_pre_hrv,Yoga,Pre-Meditation
898.398,64.5161,Y2_pre_hrv,Yoga,Pre-Meditation
899.359,62.435,Y2_pre_hrv,Yoga,Pre-Meditation
900.25,67.3401,Y2_pre_hrv,Yoga,Pre-Meditation
901.172,65.0759,Y2_pre_hrv,Yoga,Pre-Meditation
902.133,62.435,Y2_pre_hrv,Yoga,Pre-Meditation
903.094,62.435,Y2_pre_hrv,Yoga,Pre-Meditation
904.031,63.9659,Y2_pre_hrv,Yoga,Pre-Meditation
905.0,61.9195,Y2_pre_hrv,Yoga,Pre-Meditation
905.969,61.9195,Y2_pre_hrv,Yoga,Pre-Meditation
906.891,65.0759,Y2_pre_hrv,Yoga,Pre-Meditation
907.797,66.2252,Y2_pre_hrv,Yoga,Pre-Meditation
908.695,66.8151,Y2_pre_hrv,Yoga,Pre-Meditation
909.57,68.5714,Y2_pre_hrv,Yoga,Pre-Meditation
910.414,71.09,Y2_pre_hrv,Yoga,Pre-Meditation
911.32,66.2252,Y2_pre_hrv,Yoga,Pre-Meditation
912.305,60.9756,Y2_pre_hrv,Yoga,Pre-Meditation
913.289,60.9756,Y2_pre_hrv,Yoga,Pre-Meditation
914.281,60.4839,Y2_pre_hrv,Yoga,Pre-Meditation
915.281,60.0,Y2_pre_hrv,Yoga,Pre-Meditation
916.234,62.9591,Y2_pre_hrv,Yoga,Pre-Meditation
917.094,69.8487,Y2_pre_hrv,Yoga,Pre-Meditation
917.953,69.8487,Y2_pre_hrv,Yoga,Pre-Meditation
918.828,68.5714,Y2_pre_hrv,Yoga,Pre-Meditation
919.719,67.3401,Y2_pre_hrv,Yoga,Pre-Meditation
920.578,69.8487,Y2_pre_hrv,Yoga,Pre-Meditation
921.5,65.0759,Y2_pre_hrv,Yoga,Pre-Meditation
922.453,62.9591,Y2_pre_hrv,Yoga,Pre-Meditation
923.383,64.5161,Y2_pre_hrv,Yoga,Pre-Meditation
924.297,65.6455,Y2_pre_hrv,Yoga,Pre-Meditation
925.227,64.5161,Y2_pre_hrv,Yoga,Pre-Meditation
926.133,66.2252,Y2_pre_hrv,Yoga,Pre-Meditation
927.008,68.5714,Y2_pre_hrv,Yoga,Pre-Meditation
927.906,66.8151,Y2_pre_hrv,Yoga,Pre-Meditation
928.844,63.9659,Y2_pre_hrv,Yoga,Pre-Meditation
929.727,67.9502,Y2_pre_hrv,Yoga,Pre-Meditation
930.648,65.0759,Y2_pre_hrv,Yoga,Pre-Meditation
931.594,63.4921,Y2_pre_hrv,Yoga,Pre-Meditation
932.555,62.435,Y2_pre_hrv,Yoga,Pre-Meditation
933.477,65.0759,Y2_pre_hrv,Yoga,Pre-Meditation
934.43,62.9591,Y2_pre_hrv,Yoga,Pre-Meditation
935.391,62.435,Y2_pre_hrv,Yoga,Pre-Meditation
936.289,66.8151,Y2_pre_hrv,Yoga,Pre-Meditation
937.203,65.6455,Y2_pre_hrv,Yoga,Pre-Meditation
938.117,65.6455,Y2_pre_hrv,Yoga,Pre-Meditation
938.969,70.4225,Y2_pre_hrv,Yoga,Pre-Meditation
939.781,73.8916,Y2_pre_hrv,Yoga,Pre-Meditation
940.609,72.4638,Y2_pre_hrv,Yoga,Pre-Meditation
941.453,71.09,Y2_pre_hrv,Yoga,Pre-Meditation
942.258,74.5342,Y2_pre_hrv,Yoga,Pre-Meditation
943.055,75.2823,Y2_pre_hrv,Yoga,Pre-Meditation
943.867,73.8916,Y2_pre_hrv,Yoga,Pre-Meditation
944.656,76.0456,Y2_pre_hrv,Yoga,Pre-Meditation
945.359,85.3485,Y2_pre_hrv,Yoga,Pre-Meditation
946.078,83.4492,Y2_pre_hrv,Yoga,Pre-Meditation
946.773,86.3309,Y2_pre_hrv,Yoga,Pre-Meditation
947.469,86.3309,Y2_pre_hrv,Yoga,Pre-Meditation
948.156,87.2093,Y2_pre_hrv,Yoga,Pre-Meditation
948.852,86.3309,Y2_pre_hrv,Yoga,Pre-Meditation
949.539,87.2093,Y2_pre_hrv,Yoga,Pre-Meditation
950.211,89.2857,Y2_pre_hrv,Yoga,Pre-Meditation
950.875,90.3614,Y2_pre_hrv,Yoga,Pre-Meditation
951.539,90.3614,Y2_pre_hrv,Yoga,Pre-Meditation
952.211,89.2857,Y2_pre_hrv,Yoga,Pre-Meditation
952.875,90.3614,Y2_pre_hrv,Yoga,Pre-Meditation
953.547,89.2857,Y2_pre_hrv,Yoga,Pre-Meditation
954.234,87.2093,Y2_pre_hrv,Yoga,Pre-Meditation
954.938,85.3485,Y2_pre_hrv,Yoga,Pre-Meditation
955.633,86.3309,Y2_pre_hrv,Yoga,Pre-Meditation
956.32,87.2093,Y2_pre_hrv,Yoga,Pre-Meditation
957.023,85.3485,Y2_pre_hrv,Yoga,Pre-Meditation
957.734,84.3882,Y2_pre_hrv,Yoga,Pre-Meditation
958.469,81.7439,Y2_pre_hrv,Yoga,Pre-Meditation
959.188,83.4492,Y2_pre_hrv,Yoga,Pre-Meditation
959.938,80.0,Y2_pre_hrv,Yoga,Pre-Meditation
960.734,75.2823,Y2_pre_hrv,Yoga,Pre-Meditation
961.609,68.5714,Y2_pre_hrv,Yoga,Pre-Meditation
962.453,71.09,Y2_pre_hrv,Yoga,Pre-Meditation
963.328,68.5714,Y2_pre_hrv,Yoga,Pre-Meditation
964.195,69.2042,Y2_pre_hrv,Yoga,Pre-Meditation
965.039,71.09,Y2_pre_hrv,Yoga,Pre-Meditation
965.844,74.5342,Y2_pre_hrv,Yoga,Pre-Meditation
966.68,71.7703,Y2_pre_hrv,Yoga,Pre-Meditation
967.531,70.4225,Y2_pre_hrv,Yoga,Pre-Meditation
968.43,66.8151,Y2_pre_hrv,Yoga,Pre-Meditation
969.406,61.4125,Y2_pre_hrv,Yoga,Pre-Meditation
970.383,61.4125,Y2_pre_hrv,Yoga,Pre-Meditation
971.312,64.5161,Y2_pre_hrv,Yoga,Pre-Meditation
972.211,66.8151,Y2_pre_hrv,Yoga,Pre-Meditation
973.141,64.5161,Y2_pre_hrv,Yoga,Pre-Meditation
974.07,64.5161,Y2_pre_hrv,Yoga,Pre-Meditation
974.922,70.4225,Y2_pre_hrv,Yoga,Pre-Meditation
975.789,69.2042,Y2_pre_hrv,Yoga,Pre-Meditation
976.688,66.8151,Y2_pre_hrv,Yoga,Pre-Meditation
977.578,67.3401,Y2_pre_hrv,Yoga,Pre-Meditation
978.445,69.2042,Y2_pre_hrv,Yoga,Pre-Meditation
979.367,65.0759,Y2_pre_hrv,Yoga,Pre-Meditation
980.273,66.2252,Y2_pre_hrv,Yoga,Pre-Meditation
981.102,72.4638,Y2_pre_hrv,Yoga,Pre-Meditation
981.93,72.4638,Y2_pre_hrv,Yoga,Pre-Meditation
982.773,71.09,Y2_pre_hrv,Yoga,Pre-Meditation
983.602,72.4638,Y2_pre_hrv,Yoga,Pre-Meditation
984.414,73.8916,Y2_pre_hrv,Yoga,Pre-Meditation
985.273,69.8487,Y2_pre_hrv,Yoga,Pre-Meditation
986.164,67.3401,Y2_pre_hrv,Yoga,Pre-Meditation
987.055,67.3401,Y2_pre_hrv,Yoga,Pre-Meditation
987.969,65.6455,Y2_pre_hrv,Yoga,Pre-Meditation
988.906,63.9659,Y2_pre_hrv,Yoga,Pre-Meditation
989.828,65.0759,Y2_pre_hrv,Yoga,Pre-Meditation
990.727,66.8151,Y2_pre_hrv,Yoga,Pre-Meditation
991.625,66.8151,Y2_pre_hrv,Yoga,Pre-Meditation
992.5,68.5714,Y2_pre_hrv,Yoga,Pre-Meditation
993.352,70.4225,Y2_pre_hrv,Yoga,Pre-Meditation
994.219,69.2042,Y2_pre_hrv,Yoga,Pre-Meditation
995.078,69.8487,Y2_pre_hrv,Yoga,Pre-Meditation
995.906,72.4638,Y2_pre_hrv,Yoga,Pre-Meditation
996.758,70.4225,Y2_pre_hrv,Yoga,Pre-Meditation
997.656,66.8151,Y2_pre_hrv,Yoga,Pre-Meditation
998.578,65.0759,Y2_pre_hrv,Yoga,Pre-Meditation
999.484,66.2252,Y2_pre_hrv,Yoga,Pre-Meditation
1000.438,62.9591,Y2_pre_hrv,Yoga,Pre-Meditation
1001.398,62.435,Y2_pre_hrv,Yoga,Pre-Meditation
1002.305,66.2252,Y2_pre_hrv,Yoga,Pre-Meditation
1003.211,66.2252,Y2_pre_hrv,Yoga,Pre-Meditation
1004.156,63.4921,Y2_pre_hrv,Yoga,Pre-Meditation
1005.086,64.5161,Y2_pre_hrv,Yoga,Pre-Meditation
1005.977,67.3401,Y2_pre_hrv,Yoga,Pre-Meditation
1006.875,66.8151,Y2_pre_hrv,Yoga,Pre-Meditation
1007.773,66.8151,Y2_pre_hrv,Yoga,Pre-Meditation
1008.719,63.4921,Y2_pre_hrv,Yoga,Pre-Meditation
1009.625,66.2252,Y2_pre_hrv,Yoga,Pre-Meditation
1010.562,63.9659,Y2_pre_hrv,Yoga,Pre-Meditation
1011.516,62.9591,Y2_pre_hrv,Yoga,Pre-Meditation
1012.398,67.9502,Y2_pre_hrv,Yoga,Pre-Meditation
1013.305,66.2252,Y2_pre_hrv,Yoga,Pre-Meditation
1014.211,66.2252,Y2_pre_hrv,Yoga,Pre-Meditation
1015.078,69.2042,Y2_pre_hrv,Yoga,Pre-Meditation
1015.977,66.8151,Y2_pre_hrv,Yoga,Pre-Meditation
1016.883,66.2252,Y2_pre_hrv,Yoga,Pre-Meditation
1017.805,65.0759,Y2_pre_hrv,Yoga,Pre-Meditation
1018.695,67.3401,Y2_pre_hrv,Yoga,Pre-Meditation
1019.609,65.6455,Y2_pre_hrv,Yoga,Pre-Meditation
1020.523,65.6455,Y2_pre_hrv,Yoga,Pre-Meditation
1021.359,71.7703,Y2_pre_hrv,Yoga,Pre-Meditation
1022.234,68.5714,Y2_pre_hrv,Yoga,Pre-Meditation
1023.133,66.8151,Y2_pre_hrv,Yoga,Pre-Meditation
1024.023,67.3401,Y2_pre_hrv,Yoga,Pre-Meditation
1024.914,67.3401,Y2_pre_hrv,Yoga,Pre-Meditation
1025.82,66.2252,Y2_pre_hrv,Yoga,Pre-Meditation
1026.727,66.2252,Y2_pre_hrv,Yoga,Pre-Meditation
1027.586,69.8487,Y2_pre_hrv,Yoga,Pre-Meditation
1028.453,69.2042,Y2_pre_hrv,Yoga,Pre-Meditation
1029.32,69.2042,Y2_pre_hrv,Yoga,Pre-Meditation
1030.18,69.8487,Y2_pre_hrv,Yoga,Pre-Meditation
1031.008,72.4638,Y2_pre_hrv,Yoga,Pre-Meditation
1031.883,68.5714,Y2_pre_hrv,Yoga,Pre-Meditation
1032.773,67.3401,Y2_pre_hrv,Yoga,Pre-Meditation
1033.648,68.5714,Y2_pre_hrv,Yoga,Pre-Meditation
1034.539,67.3401,Y2_pre_hrv,Yoga,Pre-Meditation
1035.461,65.0759,Y2_pre_hrv,Yoga,Pre-Meditation
1036.375,65.6455,Y2_pre_hrv,Yoga,Pre-Meditation
1037.25,68.5714,Y2_pre_hrv,Yoga,Pre-Meditation
1038.148,66.8151,Y2_pre_hrv,Yoga,Pre-Meditation
1039.078,64.5161,Y2_pre_hrv,Yoga,Pre-Meditation
1039.977,66.8151,Y2_pre_hrv,Yoga,Pre-Meditation
1040.883,66.2252,Y2_pre_hrv,Yoga,Pre-Meditation
1041.805,65.0759,Y2_pre_hrv,Yoga,Pre-Meditation
1042.727,65.0759,Y2_pre_hrv,Yoga,Pre-Meditation
1043.602,68.5714,Y2_pre_hrv,Yoga,Pre-Meditation
1044.531,64.5161,Y2_pre_hrv,Yoga,Pre-Meditation
1045.477,63.4921,Y2_pre_hrv,Yoga,Pre-Meditation
1046.359,67.9502,Y2_pre_hrv,Yoga,Pre-Meditation
1047.242,67.9502,Y2_pre_hrv,Yoga,Pre-Meditation
1048.141,66.8151,Y2_pre_hrv,Yoga,Pre-Meditation
1049.008,69.2042,Y2_pre_hrv,Yoga,Pre-Meditation
1049.859,70.4225,Y2_pre_hrv,Yoga,Pre-Meditation
1050.75,67.3401,Y2_pre_hrv,Yoga,Pre-Meditation
1051.648,66.8151,Y2_pre_hrv,Yoga,Pre-Meditation
1052.508,69.8487,Y2_pre_hrv,Yoga,Pre-Meditation
1053.375,69.2042,Y2_pre_hrv,Yoga,Pre-Meditation
1054.289,65.6455,Y2_pre_hrv,Yoga,Pre-Meditation
1055.164,68.5714,Y2_pre_hrv,Yoga,Pre-Meditation
1056.047,67.9502,Y2_pre_hrv,Yoga,Pre-Meditation
1056.977,64.5161,Y2_pre_hrv,Yoga,Pre-Meditation
1057.867,67.3401,Y2_pre_hrv,Yoga,Pre-Meditation
1058.719,70.4225,Y2_pre_hrv,Yoga,Pre-Meditation
1059.617,66.8151,Y2_pre_hrv,Yoga,Pre-Meditation
1060.539,65.0759,Y2_pre_hrv,Yoga,Pre-Meditation
1061.422,67.9502,Y2_pre_hrv,Yoga,Pre-Meditation
1062.328,66.2252,Y2_pre_hrv,Yoga,Pre-Meditation
1063.234,66.2252,Y2_pre_hrv,Yoga,Pre-Meditation
1064.086,70.4225,Y2_pre_hrv,Yoga,Pre-Meditation
1064.906,73.1707,Y2_pre_hrv,Yoga,Pre-Meditation
1065.773,69.2042,Y2_pre_hrv,Yoga,Pre-Meditation
1066.664,67.3401,Y2_pre_hrv,Yoga,Pre-Meditation
1067.531,69.2042,Y2_pre_hrv,Yoga,Pre-Meditation
1068.438,66.2252,Y2_pre_hrv,Yoga,Pre-Meditation
1069.375,63.9659,Y2_pre_hrv,Yoga,Pre-Meditation
1070.297,65.0759,Y2_pre_hrv,Yoga,Pre-Meditation
1071.219,65.0759,Y2_pre_hrv,Yoga,Pre-Meditation
1072.18,62.435,Y2_pre_hrv,Yoga,Pre-Meditation
1073.117,63.9659,Y2_pre_hrv,Yoga,Pre-Meditation
1073.977,69.8487,Y2_pre_hrv,Yoga,Pre-Meditation
1074.852,68.5714,Y2_pre_hrv,Yoga,Pre-Meditation
1075.711,69.8487,Y2_pre_hrv,Yoga,Pre-Meditation
1076.555,71.09,Y2_pre_hrv,Yoga,Pre-Meditation
1077.406,70.4225,Y2_pre_hrv,Yoga,Pre-Meditation
1078.312,66.2252,Y2_pre_hrv,Yoga,Pre-Meditation
1079.227,65.6455,Y2_pre_hrv,Yoga,Pre-Meditation
1080.086,69.8487,Y2_pre_hrv,Yoga,Pre-Meditation
1081.016,64.5161,Y2_pre_hrv,Yoga,Pre-Meditation
1081.969,62.9591,Y2_pre_hrv,Yoga,Pre-Meditation
1082.859,67.3401,Y2_pre_hrv,Yoga,Pre-Meditation
1083.75,67.3401,Y2_pre_hrv,Yoga,Pre-Meditation
1084.625,68.5714,Y2_pre_hrv,Yoga,Pre-Meditation
1085.438,73.8916,Y2_pre_hrv,Yoga,Pre-Meditation
1086.219,76.8246,Y2_pre_hrv,Yoga,Pre-Meditation
1086.992,77.6197,Y2_pre_hrv,Yoga,Pre-Meditation
1087.719,82.5309,Y2_pre_hrv,Yoga,Pre-Meditation
1088.414,86.3309,Y2_pre_hrv,Yoga,Pre-Meditation
1089.109,86.3309,Y2_pre_hrv,Yoga,Pre-Meditation
1089.781,89.2857,Y2_pre_hrv,Yoga,Pre-Meditation
1090.438,91.4634,Y2_pre_hrv,Yoga,Pre-Meditation
1091.094,91.4634,Y2_pre_hrv,Yoga,Pre-Meditation
1091.742,92.5926,Y2_pre_hrv,Yoga,Pre-Meditation
1092.383,93.6037,Y2_pre_hrv,Yoga,Pre-Meditation
1093.016,94.7867,Y2_pre_hrv,Yoga,Pre-Meditation
1093.648,94.7867,Y2_pre_hrv,Yoga,Pre-Meditation
1094.305,91.4634,Y2_pre_hrv,Yoga,Pre-Meditation
1094.977,89.2857,Y2_pre_hrv,Yoga,Pre-Meditation
1095.711,81.7439,Y2_pre_hrv,Yoga,Pre-Meditation
1096.477,78.329,Y2_pre_hrv,Yoga,Pre-Meditation
1097.266,76.0456,Y2_pre_hrv,Yoga,Pre-Meditation
1098.031,78.329,Y2_pre_hrv,Yoga,Pre-Meditation
1098.742,84.3882,Y2_pre_hrv,Yoga,Pre-Meditation
1099.461,83.4492,Y2_pre_hrv,Yoga,Pre-Meditation
1100.18,83.4492,Y2_pre_hrv,Yoga,Pre-Meditation
1100.922,80.8625,Y2_pre_hrv,Yoga,Pre-Meditation
1101.641,83.4492,Y2_pre_hrv,Yoga,Pre-Meditation
1102.359,83.4492,Y2_pre_hrv,Yoga,Pre-Meditation
1103.117,79.1557,Y2_pre_hrv,Yoga,Pre-Meditation
1103.938,73.1707,Y2_pre_hrv,Yoga,Pre-Meditation
1104.773,71.7703,Y2_pre_hrv,Yoga,Pre-Meditation
1105.547,77.6197,Y2_pre_hrv,Yoga,Pre-Meditation
1106.344,75.2823,Y2_pre_hrv,Yoga,Pre-Meditation
1107.148,74.5342,Y2_pre_hrv,Yoga,Pre-Meditation
1107.992,71.09,Y2_pre_hrv,Yoga,Pre-Meditation
1108.82,72.4638,Y2_pre_hrv,Yoga,Pre-Meditation
1109.633,73.8916,Y2_pre_hrv,Yoga,Pre-Meditation
1110.484,70.4225,Y2_pre_hrv,Yoga,Pre-Meditation
1111.352,69.2042,Y2_pre_hrv,Yoga,Pre-Meditation
1112.242,67.3401,Y2_pre_hrv,Yoga,Pre-Meditation
1113.086,71.09,Y2_pre_hrv,Yoga,Pre-Meditation
1113.914,72.4638,Y2_pre_hrv,Yoga,Pre-Meditation
1114.766,70.4225,Y2_pre_hrv,Yoga,Pre-Meditation
1115.625,69.8487,Y2_pre_hrv,Yoga,Pre-Meditation
1116.422,75.2823,Y2_pre_hrv,Yoga,Pre-Meditation
1117.25,72.4638,Y2_pre_hrv,Yoga,Pre-Meditation
1118.109,69.8487,Y2_pre_hrv,Yoga,Pre-Meditation
1119.0,67.3401,Y2_pre_hrv,Yoga,Pre-Meditation
1119.867,69.2042,Y2_pre_hrv,Yoga,Pre-Meditation
1120.781,65.6455,Y2_pre_hrv,Yoga,Pre-Meditation
1121.727,63.4921,Y2_pre_hrv,Yoga,Pre-Meditation
1122.672,63.4921,Y2_pre_hrv,Yoga,Pre-Meditation
1123.586,65.6455,Y2_pre_hrv,Yoga,Pre-Meditation
1124.5,65.6455,Y2_pre_hrv,Yoga,Pre-Meditation
1125.43,64.5161,Y2_pre_hrv,Yoga,Pre-Meditation
1126.336,66.2252,Y2_pre_hrv,Yoga,Pre-Meditation
1127.234,66.8151,Y2_pre_hrv,Yoga,Pre-Meditation
1128.156,65.0759,Y2_pre_hrv,Yoga,Pre-Meditation
1129.094,63.9659,Y2_pre_hrv,Yoga,Pre-Meditation
1129.992,66.8151,Y2_pre_hrv,Yoga,Pre-Meditation
1130.914,65.0759,Y2_pre_hrv,Yoga,Pre-Meditation
1131.852,63.9659,Y2_pre_hrv,Yoga,Pre-Meditation
1132.758,66.2252,Y2_pre_hrv,Yoga,Pre-Meditation
1133.633,68.5714,Y2_pre_hrv,Yoga,Pre-Meditation
1134.508,68.5714,Y2_pre_hrv,Yoga,Pre-Meditation
1135.398,67.3401,Y2_pre_hrv,Yoga,Pre-Meditation
1136.281,67.9502,Y2_pre_hrv,Yoga,Pre-Meditation
1137.164,67.9502,Y2_pre_hrv,Yoga,Pre-Meditation
1138.109,63.4921,Y2_pre_hrv,Yoga,Pre-Meditation
1139.086,61.4125,Y2_pre_hrv,Yoga,Pre-Meditation
1139.984,66.8151,Y2_pre_hrv,Yoga,Pre-Meditation
1140.875,67.3401,Y2_pre_hrv,Yoga,Pre-Meditation
1141.719,71.09,Y2_pre_hrv,Yoga,Pre-Meditation
1142.531,73.8916,Y2_pre_hrv,Yoga,Pre-Meditation
1143.289,79.1557,Y2_pre_hrv,Yoga,Pre-Meditation
1144.062,77.6197,Y2_pre_hrv,Yoga,Pre-Meditation
1144.906,71.09,Y2_pre_hrv,Yoga,Pre-Meditation
1145.898,60.4839,Y2_pre_hrv,Yoga,Pre-Meditation
1146.914,59.0551,Y2_pre_hrv,Yoga,Pre-Meditation
1147.938,58.651,Y2_pre_hrv,Yoga,Pre-Meditation
1148.93,60.4839,Y2_pre_hrv,Yoga,Pre-Meditation
1149.883,62.9591,Y2_pre_hrv,Yoga,Pre-Meditation
1150.766,67.9502,Y2_pre_hrv,Yoga,Pre-Meditation
1151.648,67.9502,Y2_pre_hrv,Yoga,Pre-Meditation
1152.531,67.9502,Y2_pre_hrv,Yoga,Pre-Meditation
1153.398,69.2042,Y2_pre_hrv,Yoga,Pre-Meditation
1154.266,69.2042,Y2_pre_hrv,Yoga,Pre-Meditation
1155.18,65.6455,Y2_pre_hrv,Yoga,Pre-Meditation
1156.094,65.6455,Y2_pre_hrv,Yoga,Pre-Meditation
1156.961,69.2042,Y2_pre_hrv,Yoga,Pre-Meditation
1157.867,66.2252,Y2_pre_hrv,Yoga,Pre-Meditation
1158.82,62.9591,Y2_pre_hrv,Yoga,Pre-Meditation
1159.766,63.4921,Y2_pre_hrv,Yoga,Pre-Meditation
1160.68,65.6455,Y2_pre_hrv,Yoga,Pre-Meditation
1161.617,63.9659,Y2_pre_hrv,Yoga,Pre-Meditation
1162.539,65.0759,Y2_pre_hrv,Yoga,Pre-Meditation
1163.422,67.9502,Y2_pre_hrv,Yoga,Pre-Meditation
1164.273,70.4225,Y2_pre_hrv,Yoga,Pre-Meditation
1165.148,68.5714,Y2_pre_hrv,Yoga,Pre-Meditation
1166.07,65.0759,Y2_pre_hrv,Yoga,Pre-Meditation
1167.0,64.5161,Y2_pre_hrv,Yoga,Pre-Meditation
1167.914,65.6455,Y2_pre_hrv,Yoga,Pre-Meditation
1168.828,65.6455,Y2_pre_hrv,Yoga,Pre-Meditation
1169.75,65.0759,Y2_pre_hrv,Yoga,Pre-Meditation
1170.641,67.3401,Y2_pre_hrv,Yoga,Pre-Meditation
1171.523,67.9502,Y2_pre_hrv,Yoga,Pre-Meditation
1172.43,66.2252,Y2_pre_hrv,Yoga,Pre-Meditation
1173.352,65.0759,Y2_pre_hrv,Yoga,Pre-Meditation
1174.227,68.5714,Y2_pre_hrv,Yoga,Pre-Meditation
1175.156,64.5161,Y2_pre_hrv,Yoga,Pre-Meditation
1176.117,62.435,Y2_pre_hrv,Yoga,Pre-Meditation
1177.07,62.9591,Y2_pre_hrv,Yoga,Pre-Meditation
1177.961,67.3401,Y2_pre_hrv,Yoga,Pre-Meditation
1178.875,65.6455,Y2_pre_hrv,Yoga,Pre-Meditation
1179.828,62.9591,Y2_pre_hrv,Yoga,Pre-Meditation
1180.781,62.9591,Y2_pre_hrv,Yoga,Pre-Meditation
1181.703,65.0759,Y2_pre_hrv,Yoga,Pre-Meditation
1182.648,63.4921,Y2_pre_hrv,Yoga,Pre-Meditation
1183.586,63.9659,Y2_pre_hrv,Yoga,Pre-Meditation
1184.484,66.8151,Y2_pre_hrv,Yoga,Pre-Meditation
1185.445,62.435,Y2_pre_hrv,Yoga,Pre-Meditation
1186.477,58.1959,Y2_pre_hrv,Yoga,Pre-Meditation
1187.5,58.651,Y2_pre_hrv,Yoga,Pre-Meditation
1188.469,61.9195,Y2_pre_hrv,Yoga,Pre-Meditation
1189.422,62.9591,Y2_pre_hrv,Yoga,Pre-Meditation
1190.367,63.4921,Y2_pre_hrv,Yoga,Pre-Meditation
1191.242,68.5714,Y2_pre_hrv,Yoga,Pre-Meditation
1192.117,68.5714,Y2_pre_hrv,Yoga,Pre-Meditation
1193.039,65.0759,Y2_pre_hrv,Yoga,Pre-Meditation
1193.984,63.4921,Y2_pre_hrv,Yoga,Pre-Meditation
1194.906,65.0759,Y2_pre_hrv,Yoga,Pre-Meditation
1195.883,61.4125,Y2_pre_hrv,Yoga,Pre-Meditation
1196.867,60.9756,Y2_pre_hrv,Yoga,Pre-Meditation
1197.812,63.4921,Y2_pre_hrv,Yoga,Pre-Meditation
1198.758,63.4921,Y2_pre_hrv,Yoga,Pre-Meditation
1199.695,63.9659,Y2_pre_hrv,Yoga,Pre-Meditation
1200.578,67.9502,Y2_pre_hrv,Yoga,Pre-Meditation
1201.492,65.6455,Y2_pre_hrv,Yoga,Pre-Meditation
1202.445,62.9591,Y2_pre_hrv,Yoga,Pre-Meditation
1203.43,60.9756,Y2_pre_hrv,Yoga,Pre-Meditation
1204.367,63.9659,Y2_pre_hrv,Yoga,Pre-Meditation
1205.32,62.9591,Y2_pre_hrv,Yoga,Pre-Meditation
1206.281,62.435,Y2_pre_hrv,Yoga,Pre-Meditation
1207.188,66.2252,Y2_pre_hrv,Yoga,Pre-Meditation
1208.109,65.0759,Y2_pre_hrv,Yoga,Pre-Meditation
1209.078,61.9195,Y2_pre_hrv,Yoga,Pre-Meditation
1210.039,62.435,Y2_pre_hrv,Yoga,Pre-Meditation
1210.977,63.9659,Y2_pre_hrv,Yoga,Pre-Meditation
1211.93,62.9591,Y2_pre_hrv,Yoga,Pre-Meditation
1212.875,63.4921,Y2_pre_hrv,Yoga,Pre-Meditation
1213.781,66.2252,Y2_pre_hrv,Yoga,Pre-Meditation
1214.656,68.5714,Y2_pre_hrv,Yoga,Pre-Meditation
1215.539,67.9502,Y2_pre_hrv,Yoga,Pre-Meditation
1216.477,63.9659,Y2_pre_hrv,Yoga,Pre-Meditation
1217.398,65.0759,Y2_pre_hrv,Yoga,Pre-Meditation
1218.32,65.0759,Y2_pre_hrv,Yoga,Pre-Meditation
1219.219,66.8151,Y2_pre_hrv,Yoga,Pre-Meditation
1220.078,69.8487,Y2_pre_hrv,Yoga,Pre-Meditation
1220.883,74.5342,Y2_pre_hrv,Yoga,Pre-Meditation
1221.703,73.1707,Y2_pre_hrv,Yoga,Pre-Meditation
1222.531,72.4638,Y2_pre_hrv,Yoga,Pre-Meditation
1223.391,69.8487,Y2_pre_hrv,Yoga,Pre-Meditation
1224.289,66.8151,Y2_pre_hrv,Yoga,Pre-Meditation
1225.25,62.435,Y2_pre_hrv,Yoga,Pre-Meditation
1226.211,62.435,Y2_pre_hrv,Yoga,Pre-Meditation
1227.109,66.8151,Y2_pre_hrv,Yoga,Pre-Meditation
1228.016,66.2252,Y2_pre_hrv,Yoga,Pre-Meditation
1228.852,71.7703,Y2_pre_hrv,Yoga,Pre-Meditation
1229.617,78.329,Y2_pre_hrv,Yoga,Pre-Meditation
1230.352,81.7439,Y2_pre_hrv,Yoga,Pre-Meditation
1231.062,84.3882,Y2_pre_hrv,Yoga,Pre-Meditation
1231.773,84.3882,Y2_pre_hrv,Yoga,Pre-Meditation
1232.469,86.3309,Y2_pre_hrv,Yoga,Pre-Meditation
1233.172,85.3485,Y2_pre_hrv,Yoga,Pre-Meditation
1233.938,78.329,Y2_pre_hrv,Yoga,Pre-Meditation
1234.867,64.5161,Y2_pre_hrv,Yoga,Pre-Meditation
1235.844,61.4125,Y2_pre_hrv,Yoga,Pre-Meditation
1236.734,67.3401,Y2_pre_hrv,Yoga,Pre-Meditation
1237.594,69.8487,Y2_pre_hrv,Yoga,Pre-Meditation
1238.398,74.5342,Y2_pre_hrv,Yoga,Pre-Meditation
1239.172,77.6197,Y2_pre_hrv,Yoga,Pre-Meditation
1239.922,80.0,Y2_pre_hrv,Yoga,Pre-Meditation
1240.68,79.1557,Y2_pre_hrv,Yoga,Pre-Meditation
1241.484,74.5342,Y2_pre_hrv,Yoga,Pre-Meditation
1242.312,72.4638,Y2_pre_hrv,Yoga,Pre-Meditation
1243.141,72.4638,Y2_pre_hrv,Yoga,Pre-Meditation
1244.031,67.3401,Y2_pre_hrv,Yoga,Pre-Meditation
1244.969,63.9659,Y2_pre_hrv,Yoga,Pre-Meditation
1245.898,64.5161,Y2_pre_hrv,Yoga,Pre-Meditation
1246.836,63.9659,Y2_pre_hrv,Yoga,Pre-Meditation
1247.773,63.9659,Y2_pre_hrv,Yoga,Pre-Meditation
1248.68,66.2252,Y2_pre_hrv,Yoga,Pre-Meditation
1249.547,69.2042,Y2_pre_hrv,Yoga,Pre-Meditation
1250.422,68.5714,Y2_pre_hrv,Yoga,Pre-Meditation
1251.305,67.9502,Y2_pre_hrv,Yoga,Pre-Meditation
1252.172,69.2042,Y2_pre_hrv,Yoga,Pre-Meditation
1252.992,73.1707,Y2_pre_hrv,Yoga,Pre-Meditation
1253.82,72.4638,Y2_pre_hrv,Yoga,Pre-Meditation
1254.711,67.3401,Y2_pre_hrv,Yoga,Pre-Meditation
1255.617,66.2252,Y2_pre_hrv,Yoga,Pre-Meditation
1256.555,63.9659,Y2_pre_hrv,Yoga,Pre-Meditation
1257.547,60.4839,Y2_pre_hrv,Yoga,Pre-Meditation
1258.523,61.4125,Y2_pre_hrv,Yoga,Pre-Meditation
1259.438,65.6455,Y2_pre_hrv,Yoga,Pre-Meditation
1260.367,64.5161,Y2_pre_hrv,Yoga,Pre-Meditation
1261.305,63.9659,Y2_pre_hrv,Yoga,Pre-Meditation
1262.188,67.9502,Y2_pre_hrv,Yoga,Pre-Meditation
1263.094,66.2252,Y2_pre_hrv,Yoga,Pre-Meditation
1264.023,64.5161,Y2_pre_hrv,Yoga,Pre-Meditation
1264.945,65.0759,Y2_pre_hrv,Yoga,Pre-Meditation
1265.867,65.0759,Y2_pre_hrv,Yoga,Pre-Meditation
1266.797,64.5161,Y2_pre_hrv,Yoga,Pre-Meditation
1267.68,67.9502,Y2_pre_hrv,Yoga,Pre-Meditation
1268.578,66.8151,Y2_pre_hrv,Yoga,Pre-Meditation
1269.5,65.0759,Y2_pre_hrv,Yoga,Pre-Meditation
1270.438,63.9659,Y2_pre_hrv,Yoga,Pre-Meditation
1271.32,67.9502,Y2_pre_hrv,Yoga,Pre-Meditation
1272.227,66.2252,Y2_pre_hrv,Yoga,Pre-Meditation
1273.156,64.5161,Y2_pre_hrv,Yoga,Pre-Meditation
1274.062,66.2252,Y2_pre_hrv,Yoga,Pre-Meditation
1274.977,65.6455,Y2_pre_hrv,Yoga,Pre-Meditation
1275.914,63.9659,Y2_pre_hrv,Yoga,Pre-Meditation
1276.828,65.6455,Y2_pre_hrv,Yoga,Pre-Meditation
1277.711,67.9502,Y2_pre_hrv,Yoga,Pre-Meditation
1278.625,65.6455,Y2_pre_hrv,Yoga,Pre-Meditation
1279.555,64.5161,Y2_pre_hrv,Yoga,Pre-Meditation
1280.422,69.2042,Y2_pre_hrv,Yoga,Pre-Meditation
1281.344,65.0759,Y2_pre_hrv,Yoga,Pre-Meditation
1282.281,63.9659,Y2_pre_hrv,Yoga,Pre-Meditation
1283.18,66.8151,Y2_pre_hrv,Yoga,Pre-Meditation
1284.102,65.0759,Y2_pre_hrv,Yoga,Pre-Meditation
1285.055,62.9591,Y2_pre_hrv,Yoga,Pre-Meditation
1286.008,62.9591,Y2_pre_hrv,Yoga,Pre-Meditation
1286.906,66.8151,Y2_pre_hrv,Yoga,Pre-Meditation
1287.82,65.6455,Y2_pre_hrv,Yoga,Pre-Meditation
1288.75,64.5161,Y2_pre_hrv,Yoga,Pre-Meditation
1289.625,68.5714,Y2_pre_hrv,Yoga,Pre-Meditation
1290.516,67.3401,Y2_pre_hrv,Yoga,Pre-Meditation
1291.438,65.0759,Y2_pre_hrv,Yoga,Pre-Meditation
1292.359,65.0759,Y2_pre_hrv,Yoga,Pre-Meditation
1293.25,67.3401,Y2_pre_hrv,Yoga,Pre-Meditation
1294.164,65.6455,Y2_pre_hrv,Yoga,Pre-Meditation
1295.109,63.4921,Y2_pre_hrv,Yoga,Pre-Meditation
1296.047,63.9659,Y2_pre_hrv,Yoga,Pre-Meditation
1296.977,64.5161,Y2_pre_hrv,Yoga,Pre-Meditation
1297.914,63.9659,Y2_pre_hrv,Yoga,Pre-Meditation
1298.852,63.9659,Y2_pre_hrv,Yoga,Pre-Meditation
1299.719,69.2042,Y2_pre_hrv,Yoga,Pre-Meditation
1300.617,66.8151,Y2_pre_hrv,Yoga,Pre-Meditation
1301.562,63.4921,Y2_pre_hrv,Yoga,Pre-Meditation
1302.477,65.6455,Y2_pre_hrv,Yoga,Pre-Meditation
1303.383,66.2252,Y2_pre_hrv,Yoga,Pre-Meditation
1304.328,63.4921,Y2_pre_hrv,Yoga,Pre-Meditation
1305.281,62.9591,Y2_pre_hrv,Yoga,Pre-Meditation
1306.148,69.2042,Y2_pre_hrv,Yoga,Pre-Meditation
1307.023,68.5714,Y2_pre_hrv,Yoga,Pre-Meditation
1307.891,69.2042,Y2_pre_hrv,Yoga,Pre-Meditation
1308.727,71.7703,Y2_pre_hrv,Yoga,Pre-Meditation
1309.555,72.4638,Y2_pre_hrv,Yoga,Pre-Meditation
1310.438,67.9502,Y2_pre_hrv,Yoga,Pre-Meditation
1311.391,62.9591,Y2_pre_hrv,Yoga,Pre-Meditation
1312.336,63.4921,Y2_pre_hrv,Yoga,Pre-Meditation
1313.273,63.9659,Y2_pre_hrv,Yoga,Pre-Meditation
