Time,HeartRate,Subject,Group,State
1005.336,52.5855,Y4_pre_hrv,Yoga,Pre-Meditation
1006.469,52.9568,Y4_pre_hrv,Yoga,Pre-Meditation
1007.586,53.7153,Y4_pre_hrv,Yoga,Pre-Meditation
1008.648,56.4972,Y4_pre_hrv,Yoga,Pre-Meditation
1009.695,57.3066,Y4_pre_hrv,Yoga,Pre-Meditation
1010.766,56.0748,Y4_pre_hrv,Yoga,Pre-Meditation
1011.844,55.6586,Y4_pre_hrv,Yoga,Pre-Meditation
1013.016,51.1945,Y4_pre_hrv,Yoga,Pre-Meditation
1014.188,51.1945,Y4_pre_hrv,Yoga,Pre-Meditation
1015.336,52.2648,Y4_pre_hrv,Yoga,Pre-Meditation
1016.523,50.5051,Y4_pre_hrv,Yoga,Pre-Meditation
1017.617,54.8446,Y4_pre_hrv,Yoga,Pre-Meditation
1018.742,53.3333,Y4_pre_hrv,Yoga,Pre-Meditation
1019.953,49.5458,Y4_pre_hrv,Yoga,Pre-Meditation
1021.156,49.8753,Y4_pre_hrv,Yoga,Pre-Meditation
1022.414,47.6948,Y4_pre_hrv,Yoga,Pre-Meditation
1023.602,50.5051,Y4_pre_hrv,Yoga,Pre-Meditation
1024.734,52.9568,Y4_pre_hrv,Yoga,Pre-Meditation
1025.797,56.4972,Y4_pre_hrv,Yoga,Pre-Meditation
1026.922,53.3333,Y4_pre_hrv,Yoga,Pre-Meditation
1027.922,60.0,Y4_pre_hrv,Yoga,Pre-Meditation
1028.906,60.9756,Y4_pre_hrv,Yoga,Pre-Meditation
1029.82,65.6455,Y4_pre_hrv,Yoga,Pre-Meditation
1030.742,65.0759,Y4_pre_hrv,Yoga,Pre-Meditation
1031.828,55.2486,Y4_pre_hrv,Yoga,Pre-Meditation
1032.852,58.651,Y4_pre_hrv,Yoga,Pre-Meditation
1033.914,56.4972,Y4_pre_hrv,Yoga,Pre-Meditation
1034.992,55.6586,Y4_pre_hrv,Yoga,Pre-Meditation
1036.047,56.872,Y4_pre_hrv,Yoga,Pre-Meditation
1037.062,59.0551,Y4_pre_hrv,Yoga,Pre-Meditation
1038.086,58.651,Y4_pre_hrv,Yoga,Pre-Meditation
1039.117,58.1959,Y4_pre_hrv,Yoga,Pre-Meditation
1040.25,52.9568,Y4_pre_hrv,Yoga,Pre-Meditation
1041.43,50.8475,Y4_pre_hrv,Yoga,Pre-Meditation
1042.578,52.2648,Y4_pre_hrv,Yoga,Pre-Meditation
1043.734,51.9031,Y4_pre_hrv,Yoga,Pre-Meditation
1044.852,53.7153,Y4_pre_hrv,Yoga,Pre-Meditation
1046.016,51.5464,Y4_pre_hrv,Yoga,Pre-Meditation
1047.102,55.2486,Y4_pre_hrv,Yoga,Pre-Meditation
1048.266,51.5464,Y4_pre_hrv,Yoga,Pre-Meditation
1049.508,48.3092,Y4_pre_hrv,Yoga,Pre-Meditation
1051.422,42.1941,Y4_pre_hrv,Yoga,Pre-Meditation
1052.445,58.651,Y4_pre_hrv,Yoga,Pre-Meditation
1053.484,57.7478,Y4_pre_hrv,Yoga,Pre-Meditation
1054.914,41.958,Y4_pre_hrv,Yoga,Pre-Meditation
1056.383,40.8441,Y4_pre_hrv,Yoga,Pre-Meditation
1057.703,45.4545,Y4_pre_hrv,Yoga,Pre-Meditation
1058.984,46.8384,Y4_pre_hrv,Yoga,Pre-Meditation
1061.047,38.7847,Y4_pre_hrv,Yoga,Pre-Meditation
1062.328,46.8384,Y4_pre_hrv,Yoga,Pre-Meditation
1064.266,41.958,Y4_pre_hrv,Yoga,Pre-Meditation
1065.625,44.1501,Y4_pre_hrv,Yoga,Pre-Meditation
1067.047,42.1941,Y4_pre_hrv,Yoga,Pre-Meditation
1068.281,48.6224,Y4_pre_hrv,Yoga,Pre-Meditation
1069.758,40.6229,Y4_pre_hrv,Yoga,Pre-Meditation
1071.312,38.5852,Y4_pre_hrv,Yoga,Pre-Meditation
1072.758,41.5225,Y4_pre_hrv,Yoga,Pre-Meditation
1074.172,42.4328,Y4_pre_hrv,Yoga,Pre-Meditation
1075.609,41.7246,Y4_pre_hrv,Yoga,Pre-Meditation
1076.945,44.9102,Y4_pre_hrv,Yoga,Pre-Meditation
1078.336,43.1344,Y4_pre_hrv,Yoga,Pre-Meditation
1079.875,38.9864,Y4_pre_hrv,Yoga,Pre-Meditation
1081.305,41.958,Y4_pre_hrv,Yoga,Pre-Meditation
1082.758,41.2939,Y4_pre_hrv,Yoga,Pre-Meditation
1083.945,50.5051,Y4_pre_hrv,Yoga,Pre-Meditation
1085.055,54.1028,Y4_pre_hrv,Yoga,Pre-Meditation
1086.5,41.5225,Y4_pre_hrv,Yoga,Pre-Meditation
1087.984,40.4313,Y4_pre_hrv,Yoga,Pre-Meditation
1089.375,43.1344,Y4_pre_hrv,Yoga,Pre-Meditation
1090.719,44.6429,Y4_pre_hrv,Yoga,Pre-Meditation
1092.133,42.4328,Y4_pre_hrv,Yoga,Pre-Meditation
1093.578,41.5225,Y4_pre_hrv,Yoga,Pre-Meditation
1095.062,40.4313,Y4_pre_hrv,Yoga,Pre-Meditation
1096.664,37.4532,Y4_pre_hrv,Yoga,Pre-Meditation
1098.234,38.2166,Y4_pre_hrv,Yoga,Pre-Meditation
1099.789,38.5852,Y4_pre_hrv,Yoga,Pre-Meditation
1101.352,38.4123,Y4_pre_hrv,Yoga,Pre-Meditation
1102.852,40.0,Y4_pre_hrv,Yoga,Pre-Meditation
1104.336,40.4313,Y4_pre_hrv,Yoga,Pre-Meditation
1105.93,37.6412,Y4_pre_hrv,Yoga,Pre-Meditation
1107.312,43.3839,Y4_pre_hrv,Yoga,Pre-Meditation
1108.711,42.9185,Y4_pre_hrv,Yoga,Pre-Meditation
1110.062,44.3787,Y4_pre_hrv,Yoga,Pre-Meditation
1111.375,45.7317,Y4_pre_hrv,Yoga,Pre-Meditation
1112.719,44.6429,Y4_pre_hrv,Yoga,Pre-Meditation
1114.156,41.7246,Y4_pre_hrv,Yoga,Pre-Meditation
1115.469,45.7317,Y4_pre_hrv,Yoga,Pre-Meditation
1116.883,42.4328,Y4_pre_hrv,Yoga,Pre-Meditation
1118.312,41.958,Y4_pre_hrv,Yoga,Pre-Meditation
1119.906,37.6412,Y4_pre_hrv,Yoga,Pre-Meditation
1121.375,40.8441,Y4_pre_hrv,Yoga,Pre-Meditation
1122.977,37.4532,Y4_pre_hrv,Yoga,Pre-Meditation
1124.438,41.0678,Y4_pre_hrv,Yoga,Pre-Meditation
1125.734,46.2606,Y4_pre_hrv,Yoga,Pre-Meditation
1127.07,44.9102,Y4_pre_hrv,Yoga,Pre-Meditation
1128.438,43.8917,Y4_pre_hrv,Yoga,Pre-Meditation
1129.844,42.6743,Y4_pre_hrv,Yoga,Pre-Meditation
1131.281,41.7246,Y4_pre_hrv,Yoga,Pre-Meditation
1132.602,45.4545,Y4_pre_hrv,Yoga,Pre-Meditation
1133.766,51.5464,Y4_pre_hrv,Yoga,Pre-Meditation
1135.25,40.4313,Y4_pre_hrv,Yoga,Pre-Meditation
1136.688,41.7246,Y4_pre_hrv,Yoga,Pre-Meditation
1138.141,41.2939,Y4_pre_hrv,Yoga,Pre-Meditation
1139.57,41.958,Y4_pre_hrv,Yoga,Pre-Meditation
1141.008,41.7246,Y4_pre_hrv,Yoga,Pre-Meditation
1142.43,42.1941,Y4_pre_hrv,Yoga,Pre-Meditation
1143.875,41.5225,Y4_pre_hrv,Yoga,Pre-Meditation
1145.305,41.958,Y4_pre_hrv,Yoga,Pre-Meditation
1146.766,41.0678,Y4_pre_hrv,Yoga,Pre-Meditation
1148.195,41.958,Y4_pre_hrv,Yoga,Pre-Meditation
1149.609,42.4328,Y4_pre_hrv,Yoga,Pre-Meditation
1151.0,43.1344,Y4_pre_hrv,Yoga,Pre-Meditation
1152.391,43.1344,Y4_pre_hrv,Yoga,Pre-Meditation
1153.836,41.5225,Y4_pre_hrv,Yoga,Pre-Meditation
1155.258,42.1941,Y4_pre_hrv,Yoga,Pre-Meditation
1156.641,43.3839,Y4_pre_hrv,Yoga,Pre-Meditation
1158.07,41.958,Y4_pre_hrv,Yoga,Pre-Meditation
1159.508,41.7246,Y4_pre_hrv,Yoga,Pre-Meditation
1160.758,48.0,Y4_pre_hrv,Yoga,Pre-Meditation
1162.047,46.5477,Y4_pre_hrv,Yoga,Pre-Meditation
1163.43,43.3839,Y4_pre_hrv,Yoga,Pre-Meditation
1164.617,50.5051,Y4_pre_hrv,Yoga,Pre-Meditation
1165.828,49.5458,Y4_pre_hrv,Yoga,Pre-Meditation
1166.898,56.0748,Y4_pre_hrv,Yoga,Pre-Meditation
1167.953,56.872,Y4_pre_hrv,Yoga,Pre-Meditation
1169.039,55.2486,Y4_pre_hrv,Yoga,Pre-Meditation
1169.984,63.4921,Y4_pre_hrv,Yoga,Pre-Meditation
1170.992,59.5238,Y4_pre_hrv,Yoga,Pre-Meditation
1172.023,58.1959,Y4_pre_hrv,Yoga,Pre-Meditation
1173.078,56.872,Y4_pre_hrv,Yoga,Pre-Meditation
1174.125,57.3066,Y4_pre_hrv,Yoga,Pre-Meditation
1175.273,52.2648,Y4_pre_hrv,Yoga,Pre-Meditation
1176.445,51.1945,Y4_pre_hrv,Yoga,Pre-Meditation
1177.594,52.2648,Y4_pre_hrv,Yoga,Pre-Meditation
1178.734,52.5855,Y4_pre_hrv,Yoga,Pre-Meditation
1179.859,53.3333,Y4_pre_hrv,Yoga,Pre-Meditation
1180.883,58.651,Y4_pre_hrv,Yoga,Pre-Meditation
1181.781,66.8151,Y4_pre_hrv,Yoga,Pre-Meditation
1182.703,65.0759,Y4_pre_hrv,Yoga,Pre-Meditation
1183.828,53.3333,Y4_pre_hrv,Yoga,Pre-Meditation
1184.953,53.3333,Y4_pre_hrv,Yoga,Pre-Meditation
1186.125,51.1945,Y4_pre_hrv,Yoga,Pre-Meditation
1187.281,51.9031,Y4_pre_hrv,Yoga,Pre-Meditation
1188.367,55.2486,Y4_pre_hrv,Yoga,Pre-Meditation
1189.594,48.8998,Y4_pre_hrv,Yoga,Pre-Meditation
1190.836,48.3092,Y4_pre_hrv,Yoga,Pre-Meditation
1192.18,44.6429,Y4_pre_hrv,Yoga,Pre-Meditation
1193.477,46.2606,Y4_pre_hrv,Yoga,Pre-Meditation
1194.688,49.5458,Y4_pre_hrv,Yoga,Pre-Meditation
1196.031,44.6429,Y4_pre_hrv,Yoga,Pre-Meditation
1197.258,48.8998,Y4_pre_hrv,Yoga,Pre-Meditation
1198.531,47.1328,Y4_pre_hrv,Yoga,Pre-Meditation
1199.867,44.9102,Y4_pre_hrv,Yoga,Pre-Meditation
1201.156,46.5477,Y4_pre_hrv,Yoga,Pre-Meditation
1203.18,39.1901,Y4_pre_hrv,Yoga,Pre-Meditation
1204.422,48.3092,Y4_pre_hrv,Yoga,Pre-Meditation
1205.781,44.1501,Y4_pre_hrv,Yoga,Pre-Meditation
1207.25,40.8441,Y4_pre_hrv,Yoga,Pre-Meditation
1208.742,40.2145,Y4_pre_hrv,Yoga,Pre-Meditation
1210.203,41.0678,Y4_pre_hrv,Yoga,Pre-Meditation
1211.68,40.6229,Y4_pre_hrv,Yoga,Pre-Meditation
1213.141,41.0678,Y4_pre_hrv,Yoga,Pre-Meditation
1214.5,44.1501,Y4_pre_hrv,Yoga,Pre-Meditation
1215.859,44.1501,Y4_pre_hrv,Yoga,Pre-Meditation
1217.219,44.1501,Y4_pre_hrv,Yoga,Pre-Meditation
1218.617,42.9185,Y4_pre_hrv,Yoga,Pre-Meditation
1219.977,44.1501,Y4_pre_hrv,Yoga,Pre-Meditation
1221.289,45.7317,Y4_pre_hrv,Yoga,Pre-Meditation
1222.633,44.6429,Y4_pre_hrv,Yoga,Pre-Meditation
1223.938,45.977,Y4_pre_hrv,Yoga,Pre-Meditation
1225.312,43.6364,Y4_pre_hrv,Yoga,Pre-Meditation
1226.656,44.6429,Y4_pre_hrv,Yoga,Pre-Meditation
1228.055,42.9185,Y4_pre_hrv,Yoga,Pre-Meditation
1229.398,44.6429,Y4_pre_hrv,Yoga,Pre-Meditation
1230.758,44.1501,Y4_pre_hrv,Yoga,Pre-Meditation
1232.172,42.4328,Y4_pre_hrv,Yoga,Pre-Meditation
1233.547,43.6364,Y4_pre_hrv,Yoga,Pre-Meditation
1234.953,42.6743,Y4_pre_hrv,Yoga,Pre-Meditation
1236.258,45.977,Y4_pre_hrv,Yoga,Pre-Meditation
1237.586,45.1807,Y4_pre_hrv,Yoga,Pre-Meditation
1238.93,44.6429,Y4_pre_hrv,Yoga,Pre-Meditation
1240.273,44.6429,Y4_pre_hrv,Yoga,Pre-Meditation
1241.602,45.1807,Y4_pre_hrv,Yoga,Pre-Meditation
1242.852,48.0,Y4_pre_hrv,Yoga,Pre-Meditation
1244.156,45.977,Y4_pre_hrv,Yoga,Pre-Meditation
1246.133,41.0678,Y4_pre_hrv,Yoga,Pre-Meditation
1247.391,47.6948,Y4_pre_hrv,Yoga,Pre-Meditation
1248.727,44.9102,Y4_pre_hrv,Yoga,Pre-Meditation
1250.117,43.1344,Y4_pre_hrv,Yoga,Pre-Meditation
1251.656,38.9864,Y4_pre_hrv,Yoga,Pre-Meditation
1253.094,41.7246,Y4_pre_hrv,Yoga,Pre-Meditation
1254.531,41.7246,Y4_pre_hrv,Yoga,Pre-Meditation
1255.867,44.9102,Y4_pre_hrv,Yoga,Pre-Meditation
1257.266,42.9185,Y4_pre_hrv,Yoga,Pre-Meditation
1258.727,41.0678,Y4_pre_hrv,Yoga,Pre-Meditation
1260.195,40.8441,Y4_pre_hrv,Yoga,Pre-Meditation
1261.695,40.0,Y4_pre_hrv,Yoga,Pre-Meditation
1263.211,39.5778,Y4_pre_hrv,Yoga,Pre-Meditation
1264.68,40.8441,Y4_pre_hrv,Yoga,Pre-Meditation
1266.273,37.6412,Y4_pre_hrv,Yoga,Pre-Meditation
1267.797,39.3959,Y4_pre_hrv,Yoga,Pre-Meditation
1269.266,40.8441,Y4_pre_hrv,Yoga,Pre-Meditation
1270.734,40.8441,Y4_pre_hrv,Yoga,Pre-Meditation
1272.164,41.958,Y4_pre_hrv,Yoga,Pre-Meditation
1273.602,41.7246,Y4_pre_hrv,Yoga,Pre-Meditation
1275.031,41.958,Y4_pre_hrv,Yoga,Pre-Meditation
1276.523,40.2145,Y4_pre_hrv,Yoga,Pre-Meditation
1277.945,42.1941,Y4_pre_hrv,Yoga,Pre-Meditation
1279.328,43.3839,Y4_pre_hrv,Yoga,Pre-Meditation
1280.531,49.8753,Y4_pre_hrv,Yoga,Pre-Meditation
1281.93,42.9185,Y4_pre_hrv,Yoga,Pre-Meditation
1283.359,41.958,Y4_pre_hrv,Yoga,Pre-Meditation
1284.898,38.9864,Y4_pre_hrv,Yoga,Pre-Meditation
1286.336,41.7246,Y4_pre_hrv,Yoga,Pre-Meditation
1287.742,42.6743,Y4_pre_hrv,Yoga,Pre-Meditation
1289.125,43.3839,Y4_pre_hrv,Yoga,Pre-Meditation
1290.641,39.5778,Y4_pre_hrv,Yoga,Pre-Meditation
1292.0,44.1501,Y4_pre_hrv,Yoga,Pre-Meditation
1293.5,40.0,Y4_pre_hrv,Yoga,Pre-Meditation
1294.875,43.6364,Y4_pre_hrv,Yoga,Pre-Meditation
1296.312,41.7246,Y4_pre_hrv,Yoga,Pre-Meditation
1297.742,41.958,Y4_pre_hrv,Yoga,Pre-Meditation
1299.203,41.0678,Y4_pre_hrv,Yoga,Pre-Meditation
1300.719,39.5778,Y4_pre_hrv,Yoga,Pre-Meditation
1302.148,41.958,Y4_pre_hrv,Yoga,Pre-Meditation
1303.648,40.0,Y4_pre_hrv,Yoga,Pre-Meditation
1305.062,42.4328,Y4_pre_hrv,Yoga,Pre-Meditation
1306.422,44.1501,Y4_pre_hrv,Yoga,Pre-Meditation
1307.953,39.1901,Y4_pre_hrv,Yoga,Pre-Meditation
1309.531,38.0228,Y4_pre_hrv,Yoga,Pre-Meditation
1311.047,39.5778,Y4_pre_hrv,Yoga,Pre-Meditation
1312.422,43.6364,Y4_pre_hrv,Yoga,Pre-Meditation
1313.68,47.6948,Y4_pre_hrv,Yoga,Pre-Meditation
1314.898,49.2207,Y4_pre_hrv,Yoga,Pre-Meditation
1316.047,52.2648,Y4_pre_hrv,Yoga,Pre-Meditation
1317.219,51.1945,Y4_pre_hrv,Yoga,Pre-Meditation
1318.445,48.8998,Y4_pre_hrv,Yoga,Pre-Meditation
1319.664,49.2207,Y4_pre_hrv,Yoga,Pre-Meditation
1320.922,47.6948,Y4_pre_hrv,Yoga,Pre-Meditation
1322.133,49.5458,Y4_pre_hrv,Yoga,Pre-Meditation
1323.18,57.3066,Y4_pre_hrv,Yoga,Pre-Meditation
1324.312,52.9568,Y4_pre_hrv,Yoga,Pre-Meditation
1325.297,60.9756,Y4_pre_hrv,Yoga,Pre-Meditation
1326.258,62.435,Y4_pre_hrv,Yoga,Pre-Meditation
1327.297,57.7478,Y4_pre_hrv,Yoga,Pre-Meditation
1328.383,55.2486,Y4_pre_hrv,Yoga,Pre-Meditation
1329.414,58.1959,Y4_pre_hrv,Yoga,Pre-Meditation
1331.664,43.6364,Y4_pre_hrv,Yoga,Pre-Meditation
1332.93,47.3934,Y4_pre_hrv,Yoga,Pre-Meditation
1334.148,49.2207,Y4_pre_hrv,Yoga,Pre-Meditation
1335.32,51.1945,Y4_pre_hrv,Yoga,Pre-Meditation
1336.609,46.5477,Y4_pre_hrv,Yoga,Pre-Meditation
1337.875,47.3934,Y4_pre_hrv,Yoga,Pre-Meditation
1339.859,40.6229,Y4_pre_hrv,Yoga,Pre-Meditation
1341.109,48.0,Y4_pre_hrv,Yoga,Pre-Meditation
1342.328,49.2207,Y4_pre_hrv,Yoga,Pre-Meditation
1343.75,42.1941,Y4_pre_hrv,Yoga,Pre-Meditation
1345.281,39.1901,Y4_pre_hrv,Yoga,Pre-Meditation
1346.789,39.7878,Y4_pre_hrv,Yoga,Pre-Meditation
1348.055,47.3934,Y4_pre_hrv,Yoga,Pre-Meditation
1349.344,46.5477,Y4_pre_hrv,Yoga,Pre-Meditation
1350.852,39.7878,Y4_pre_hrv,Yoga,Pre-Meditation
1352.227,43.6364,Y4_pre_hrv,Yoga,Pre-Meditation
1353.578,44.3787,Y4_pre_hrv,Yoga,Pre-Meditation
1354.992,42.4328,Y4_pre_hrv,Yoga,Pre-Meditation
1356.328,44.9102,Y4_pre_hrv,Yoga,Pre-Meditation
1357.727,42.9185,Y4_pre_hrv,Yoga,Pre-Meditation
1359.148,42.1941,Y4_pre_hrv,Yoga,Pre-Meditation
1360.492,44.6429,Y4_pre_hrv,Yoga,Pre-Meditation
1361.891,42.9185,Y4_pre_hrv,Yoga,Pre-Meditation
1363.25,44.1501,Y4_pre_hrv,Yoga,Pre-Meditation
1364.695,41.5225,Y4_pre_hrv,Yoga,Pre-Meditation
1366.094,42.9185,Y4_pre_hrv,Yoga,Pre-Meditation
1367.531,41.7246,Y4_pre_hrv,Yoga,Pre-Meditation
1368.992,41.0678,Y4_pre_hrv,Yoga,Pre-Meditation
1370.461,40.8441,Y4_pre_hrv,Yoga,Pre-Meditation
1372.07,37.2902,Y4_pre_hrv,Yoga,Pre-Meditation
1373.508,41.7246,Y4_pre_hrv,Yoga,Pre-Meditation
1375.039,39.1901,Y4_pre_hrv,Yoga,Pre-Meditation
1376.531,40.2145,Y4_pre_hrv,Yoga,Pre-Meditation
1378.039,39.7878,Y4_pre_hrv,Yoga,Pre-Meditation
1379.562,39.3959,Y4_pre_hrv,Yoga,Pre-Meditation
1380.977,42.4328,Y4_pre_hrv,Yoga,Pre-Meditation
1382.555,38.0228,Y4_pre_hrv,Yoga,Pre-Meditation
1384.086,39.1901,Y4_pre_hrv,Yoga,Pre-Meditation
1385.562,40.6229,Y4_pre_hrv,Yoga,Pre-Meditation
1387.125,38.4123,Y4_pre_hrv,Yoga,Pre-Meditation
1388.625,40.0,Y4_pre_hrv,Yoga,Pre-Meditation
1390.219,37.6412,Y4_pre_hrv,Yoga,Pre-Meditation
1391.727,39.7878,Y4_pre_hrv,Yoga,Pre-Meditation
1393.266,38.9864,Y4_pre_hrv,Yoga,Pre-Meditation
1394.766,40.0,Y4_pre_hrv,Yoga,Pre-Meditation
1396.25,40.4313,Y4_pre_hrv,Yoga,Pre-Meditation
1397.82,38.2166,Y4_pre_hrv,Yoga,Pre-Meditation
1399.305,40.4313,Y4_pre_hrv,Yoga,Pre-Meditation
1400.758,41.2939,Y4_pre_hrv,Yoga,Pre-Meditation
1402.297,38.9864,Y4_pre_hrv,Yoga,Pre-Meditation
1403.781,40.4313,Y4_pre_hrv,Yoga,Pre-Meditation
1405.227,41.5225,Y4_pre_hrv,Yoga,Pre-Meditation
1406.766,38.9864,Y4_pre_hrv,Yoga,Pre-Meditation
1408.164,42.9185,Y4_pre_hrv,Yoga,Pre-Meditation
1409.516,44.3787,Y4_pre_hrv,Yoga,Pre-Meditation
1411.0,40.4313,Y4_pre_hrv,Yoga,Pre-Meditation
1412.375,43.6364,Y4_pre_hrv,Yoga,Pre-Meditation
1413.883,39.7878,Y4_pre_hrv,Yoga,Pre-Meditation
1415.297,42.4328,Y4_pre_hrv,Yoga,Pre-Meditation
1416.719,42.1941,Y4_pre_hrv,Yoga,Pre-Meditation
1418.086,43.8917,Y4_pre_hrv,Yoga,Pre-Meditation
1419.57,40.4313,Y4_pre_hrv,Yoga,Pre-Meditation
1420.992,42.1941,Y4_pre_hrv,Yoga,Pre-Meditation
1422.406,42.4328,Y4_pre_hrv,Yoga,Pre-Meditation
1423.883,40.6229,Y4_pre_hrv,Yoga,Pre-Meditation
1425.406,39.3959,Y4_pre_hrv,Yoga,Pre-Meditation
1426.953,38.7847,Y4_pre_hrv,Yoga,Pre-Meditation
1428.477,39.3959,Y4_pre_hrv,Yoga,Pre-Meditation
1429.961,40.4313,Y4_pre_hrv,Yoga,Pre-Meditation
1431.484,39.3959,Y4_pre_hrv,Yoga,Pre-Meditation
1432.969,40.4313,Y4_pre_hrv,Yoga,Pre-Meditation
1434.547,38.0228,Y4_pre_hrv,Yoga,Pre-Meditation
1436.078,39.1901,Y4_pre_hrv,Yoga,Pre-Meditation
1437.57,40.2145,Y4_pre_hrv,Yoga,Pre-Meditation
1439.039,40.8441,Y4_pre_hrv,Yoga,Pre-Meditation
1440.5,41.0678,Y4_pre_hrv,Yoga,Pre-Meditation
1442.0,40.0,Y4_pre_hrv,Yoga,Pre-Meditation
1443.484,40.4313,Y4_pre_hrv,Yoga,Pre-Meditation
1444.992,39.7878,Y4_pre_hrv,Yoga,Pre-Meditation
1446.461,40.8441,Y4_pre_hrv,Yoga,Pre-Meditation
1447.977,39.5778,Y4_pre_hrv,Yoga,Pre-Meditation
1449.383,42.6743,Y4_pre_hrv,Yoga,Pre-Meditation
1450.82,41.7246,Y4_pre_hrv,Yoga,Pre-Meditation
1452.25,41.958,Y4_pre_hrv,Yoga,Pre-Meditation
1453.609,44.1501,Y4_pre_hrv,Yoga,Pre-Meditation
1455.641,39.5778,Y4_pre_hrv,Yoga,Pre-Meditation
1456.922,46.8384,Y4_pre_hrv,Yoga,Pre-Meditation
1458.312,43.1344,Y4_pre_hrv,Yoga,Pre-Meditation
1459.68,43.8917,Y4_pre_hrv,Yoga,Pre-Meditation
1461.148,40.8441,Y4_pre_hrv,Yoga,Pre-Meditation
1462.445,46.2606,Y4_pre_hrv,Yoga,Pre-Meditation
1463.734,46.5477,Y4_pre_hrv,Yoga,Pre-Meditation
1465.422,35.545,Y4_pre_hrv,Yoga,Pre-Meditation
1466.898,40.6229,Y4_pre_hrv,Yoga,Pre-Meditation
1468.312,42.4328,Y4_pre_hrv,Yoga,Pre-Meditation
1469.711,42.9185,Y4_pre_hrv,Yoga,Pre-Meditation
1471.141,41.958,Y4_pre_hrv,Yoga,Pre-Meditation
1472.523,43.3839,Y4_pre_hrv,Yoga,Pre-Meditation
1473.844,45.4545,Y4_pre_hrv,Yoga,Pre-Meditation
1475.203,44.1501,Y4_pre_hrv,Yoga,Pre-Meditation
1476.578,43.6364,Y4_pre_hrv,Yoga,Pre-Meditation
1477.977,42.9185,Y4_pre_hrv,Yoga,Pre-Meditation
1479.453,40.6229,Y4_pre_hrv,Yoga,Pre-Meditation
1480.914,41.0678,Y4_pre_hrv,Yoga,Pre-Meditation
1482.328,42.4328,Y4_pre_hrv,Yoga,Pre-Meditation
1483.758,41.958,Y4_pre_hrv,Yoga,Pre-Meditation
1485.234,40.6229,Y4_pre_hrv,Yoga,Pre-Meditation
1486.672,41.7246,Y4_pre_hrv,Yoga,Pre-Meditation
1488.148,40.6229,Y4_pre_hrv,Yoga,Pre-Meditation
1489.57,42.1941,Y4_pre_hrv,Yoga,Pre-Meditation
1490.891,45.4545,Y4_pre_hrv,Yoga,Pre-Meditation
1492.359,40.8441,Y4_pre_hrv,Yoga,Pre-Meditation
1493.758,42.9185,Y4_pre_hrv,Yoga,Pre-Meditation
1495.117,44.1501,Y4_pre_hrv,Yoga,Pre-Meditation
1496.555,41.7246,Y4_pre_hrv,Yoga,Pre-Meditation
1497.844,46.5477,Y4_pre_hrv,Yoga,Pre-Meditation
1499.266,42.1941,Y4_pre_hrv,Yoga,Pre-Meditation
1500.742,40.6229,Y4_pre_hrv,Yoga,Pre-Meditation
1502.18,41.7246,Y4_pre_hrv,Yoga,Pre-Meditation
1503.758,38.0228,Y4_pre_hrv,Yoga,Pre-Meditation
1505.18,42.1941,Y4_pre_hrv,Yoga,Pre-Meditation
1506.602,42.1941,Y4_pre_hrv,Yoga,Pre-Meditation
1508.023,42.1941,Y4_pre_hrv,Yoga,Pre-Meditation
1509.32,46.2606,Y4_pre_hrv,Yoga,Pre-Meditation
1510.625,45.977,Y4_pre_hrv,Yoga,Pre-Meditation
1511.82,50.2092,Y4_pre_hrv,Yoga,Pre-Meditation
1512.977,51.9031,Y4_pre_hrv,Yoga,Pre-Meditation
1514.031,56.872,Y4_pre_hrv,Yoga,Pre-Meditation
1515.016,60.9756,Y4_pre_hrv,Yoga,Pre-Meditation
1515.93,65.6455,Y4_pre_hrv,Yoga,Pre-Meditation
1516.977,57.3066,Y4_pre_hrv,Yoga,Pre-Meditation
1517.945,61.9195,Y4_pre_hrv,Yoga,Pre-Meditation
1518.922,61.4125,Y4_pre_hrv,Yoga,Pre-Meditation
1519.922,60.0,Y4_pre_hrv,Yoga,Pre-Meditation
1522.547,41.2939,Y4_pre_hrv,Yoga,Pre-Meditation
1523.688,52.5855,Y4_pre_hrv,Yoga,Pre-Meditation
1524.82,52.9568,Y4_pre_hrv,Yoga,Pre-Meditation
1525.891,56.0748,Y4_pre_hrv,Yoga,Pre-Meditation
1526.891,60.0,Y4_pre_hrv,Yoga,Pre-Meditation
1527.875,60.9756,Y4_pre_hrv,Yoga,Pre-Meditation
1529.102,48.8998,Y4_pre_hrv,Yoga,Pre-Meditation
1530.398,46.2606,Y4_pre_hrv,Yoga,Pre-Meditation
1531.719,45.4545,Y4_pre_hrv,Yoga,Pre-Meditation
1533.016,46.2606,Y4_pre_hrv,Yoga,Pre-Meditation
1534.344,45.1807,Y4_pre_hrv,Yoga,Pre-Meditation
1535.672,45.1807,Y4_pre_hrv,Yoga,Pre-Meditation
1536.953,46.8384,Y4_pre_hrv,Yoga,Pre-Meditation
1538.25,46.2606,Y4_pre_hrv,Yoga,Pre-Meditation
1539.617,43.8917,Y4_pre_hrv,Yoga,Pre-Meditation
1541.0,43.3839,Y4_pre_hrv,Yoga,Pre-Meditation
1542.336,44.9102,Y4_pre_hrv,Yoga,Pre-Meditation
1543.609,47.1328,Y4_pre_hrv,Yoga,Pre-Meditation
1544.828,49.2207,Y4_pre_hrv,Yoga,Pre-Meditation
1546.094,47.3934,Y4_pre_hrv,Yoga,Pre-Meditation
1547.32,48.8998,Y4_pre_hrv,Yoga,Pre-Meditation
1548.586,47.3934,Y4_pre_hrv,Yoga,Pre-Meditation
1549.844,47.6948,Y4_pre_hrv,Yoga,Pre-Meditation
1551.016,51.1945,Y4_pre_hrv,Yoga,Pre-Meditation
1552.281,47.3934,Y4_pre_hrv,Yoga,Pre-Meditation
1554.188,42.9185,Y4_pre_hrv,Yoga,Pre-Meditation
1555.359,51.1945,Y4_pre_hrv,Yoga,Pre-Meditation
1556.453,54.8446,Y4_pre_hrv,Yoga,Pre-Meditation
1557.477,58.651,Y4_pre_hrv,Yoga,Pre-Meditation
1558.633,51.9031,Y4_pre_hrv,Yoga,Pre-Meditation
1559.977,44.6429,Y4_pre_hrv,Yoga,Pre-Meditation
1561.969,40.2145,Y4_pre_hrv,Yoga,Pre-Meditation
1563.227,47.6948,Y4_pre_hrv,Yoga,Pre-Meditation
1564.523,46.2606,Y4_pre_hrv,Yoga,Pre-Meditation
1565.797,47.1328,Y4_pre_hrv,Yoga,Pre-Meditation
1567.906,38.2166,Y4_pre_hrv,Yoga,Pre-Meditation
1569.188,46.8384,Y4_pre_hrv,Yoga,Pre-Meditation
1570.547,44.1501,Y4_pre_hrv,Yoga,Pre-Meditation
1571.984,41.7246,Y4_pre_hrv,Yoga,Pre-Meditation
1573.453,40.8441,Y4_pre_hrv,Yoga,Pre-Meditation
1574.992,38.9864,Y4_pre_hrv,Yoga,Pre-Meditation
1576.5,39.7878,Y4_pre_hrv,Yoga,Pre-Meditation
1578.016,39.5778,Y4_pre_hrv,Yoga,Pre-Meditation
1579.5,40.4313,Y4_pre_hrv,Yoga,Pre-Meditation
1581.008,39.7878,Y4_pre_hrv,Yoga,Pre-Meditation
1582.594,37.831,Y4_pre_hrv,Yoga,Pre-Meditation
1584.102,39.7878,Y4_pre_hrv,Yoga,Pre-Meditation
1585.664,38.4123,Y4_pre_hrv,Yoga,Pre-Meditation
1587.211,38.7847,Y4_pre_hrv,Yoga,Pre-Meditation
1588.734,39.3959,Y4_pre_hrv,Yoga,Pre-Meditation
1590.188,41.2939,Y4_pre_hrv,Yoga,Pre-Meditation
1591.648,41.0678,Y4_pre_hrv,Yoga,Pre-Meditation
1593.211,38.4123,Y4_pre_hrv,Yoga,Pre-Meditation
1594.703,40.2145,Y4_pre_hrv,Yoga,Pre-Meditation
1596.227,39.3959,Y4_pre_hrv,Yoga,Pre-Meditation
1597.578,44.3787,Y4_pre_hrv,Yoga,Pre-Meditation
1599.0,42.1941,Y4_pre_hrv,Yoga,Pre-Meditation
1600.508,39.7878,Y4_pre_hrv,Yoga,Pre-Meditation
1602.047,38.9864,Y4_pre_hrv,Yoga,Pre-Meditation
1603.523,40.6229,Y4_pre_hrv,Yoga,Pre-Meditation
1604.992,40.8441,Y4_pre_hrv,Yoga,Pre-Meditation
1606.5,39.7878,Y4_pre_hrv,Yoga,Pre-Meditation
1608.023,39.3959,Y4_pre_hrv,Yoga,Pre-Meditation
