Time,HeartRate,Subject,Group,State
540.258,78.329,Y1_pre_hrv,Yoga,Pre-Meditation
541.055,75.2823,Y1_pre_hrv,Yoga,Pre-Meditation
541.906,70.4225,Y1_pre_hrv,Yoga,Pre-Meditation
542.766,69.8487,Y1_pre_hrv,Yoga,Pre-Meditation
543.625,69.8487,Y1_pre_hrv,Yoga,Pre-Meditation
544.438,73.8916,Y1_pre_hrv,Yoga,Pre-Meditation
545.305,69.2042,Y1_pre_hrv,Yoga,Pre-Meditation
546.219,65.6455,Y1_pre_hrv,Yoga,Pre-Meditation
547.148,64.5161,Y1_pre_hrv,Yoga,Pre-Meditation
548.031,67.9502,Y1_pre_hrv,Yoga,Pre-Meditation
548.969,63.9659,Y1_pre_hrv,Yoga,Pre-Meditation
549.906,63.9659,Y1_pre_hrv,Yoga,Pre-Meditation
550.789,67.9502,Y1_pre_hrv,Yoga,Pre-Meditation
551.68,67.3401,Y1_pre_hrv,Yoga,Pre-Meditation
552.594,65.6455,Y1_pre_hrv,Yoga,Pre-Meditation
553.461,69.2042,Y1_pre_hrv,Yoga,Pre-Meditation
554.375,65.6455,Y1_pre_hrv,Yoga,Pre-Meditation
555.328,62.9591,Y1_pre_hrv,Yoga,Pre-Meditation
556.266,63.9659,Y1_pre_hrv,Yoga,Pre-Meditation
557.172,66.2252,Y1_pre_hrv,Yoga,Pre-Meditation
558.133,62.435,Y1_pre_hrv,Yoga,Pre-Meditation
559.086,62.9591,Y1_pre_hrv,Yoga,Pre-Meditation
560.023,63.9659,Y1_pre_hrv,Yoga,Pre-Meditation
560.984,62.435,Y1_pre_hrv,Yoga,Pre-Meditation
561.914,64.5161,Y1_pre_hrv,Yoga,Pre-Meditation
562.812,66.8151,Y1_pre_hrv,Yoga,Pre-Meditation
563.75,63.9659,Y1_pre_hrv,Yoga,Pre-Meditation
564.727,61.4125,Y1_pre_hrv,Yoga,Pre-Meditation
565.656,64.5161,Y1_pre_hrv,Yoga,Pre-Meditation
566.617,62.435,Y1_pre_hrv,Yoga,Pre-Meditation
567.617,60.0,Y1_pre_hrv,Yoga,Pre-Meditation
568.602,60.9756,Y1_pre_hrv,Yoga,Pre-Meditation
569.586,60.9756,Y1_pre_hrv,Yoga,Pre-Meditation
570.609,58.651,Y1_pre_hrv,Yoga,Pre-Meditation
571.594,60.9756,Y1_pre_hrv,Yoga,Pre-Meditation
572.508,65.6455,Y1_pre_hrv,Yoga,Pre-Meditation
573.445,63.9659,Y1_pre_hrv,Yoga,Pre-Meditation
574.398,62.9591,Y1_pre_hrv,Yoga,Pre-Meditation
575.375,61.4125,Y1_pre_hrv,Yoga,Pre-Meditation
576.297,65.0759,Y1_pre_hrv,Yoga,Pre-Meditation
577.289,60.4839,Y1_pre_hrv,Yoga,Pre-Meditation
578.312,58.651,Y1_pre_hrv,Yoga,Pre-Meditation
579.281,61.9195,Y1_pre_hrv,Yoga,Pre-Meditation
580.258,61.4125,Y1_pre_hrv,Yoga,Pre-Meditation
581.266,59.5238,Y1_pre_hrv,Yoga,Pre-Meditation
582.281,59.0551,Y1_pre_hrv,Yoga,Pre-Meditation
583.211,64.5161,Y1_pre_hrv,Yoga,Pre-Meditation
584.125,65.6455,Y1_pre_hrv,Yoga,Pre-Meditation
585.086,62.435,Y1_pre_hrv,Yoga,Pre-Meditation
586.07,60.9756,Y1_pre_hrv,Yoga,Pre-Meditation
587.031,62.435,Y1_pre_hrv,Yoga,Pre-Meditation
587.969,63.9659,Y1_pre_hrv,Yoga,Pre-Meditation
588.961,60.4839,Y1_pre_hrv,Yoga,Pre-Meditation
589.977,59.0551,Y1_pre_hrv,Yoga,Pre-Meditation
590.953,61.4125,Y1_pre_hrv,Yoga,Pre-Meditation
591.969,59.0551,Y1_pre_hrv,Yoga,Pre-Meditation
592.977,59.5238,Y1_pre_hrv,Yoga,Pre-Meditation
593.945,61.9195,Y1_pre_hrv,Yoga,Pre-Meditation
594.906,62.435,Y1_pre_hrv,Yoga,Pre-Meditation
595.898,60.4839,Y1_pre_hrv,Yoga,Pre-Meditation
596.82,65.0759,Y1_pre_hrv,Yoga,Pre-Meditation
597.789,61.9195,Y1_pre_hrv,Yoga,Pre-Meditation
598.773,60.9756,Y1_pre_hrv,Yoga,Pre-Meditation
599.711,63.9659,Y1_pre_hrv,Yoga,Pre-Meditation
600.641,64.5161,Y1_pre_hrv,Yoga,Pre-Meditation
601.625,60.9756,Y1_pre_hrv,Yoga,Pre-Meditation
602.609,60.9756,Y1_pre_hrv,Yoga,Pre-Meditation
603.531,65.0759,Y1_pre_hrv,Yoga,Pre-Meditation
604.516,60.9756,Y1_pre_hrv,Yoga,Pre-Meditation
605.516,60.0,Y1_pre_hrv,Yoga,Pre-Meditation
606.438,65.0759,Y1_pre_hrv,Yoga,Pre-Meditation
607.406,61.9195,Y1_pre_hrv,Yoga,Pre-Meditation
608.391,60.9756,Y1_pre_hrv,Yoga,Pre-Meditation
609.305,65.6455,Y1_pre_hrv,Yoga,Pre-Meditation
610.188,67.9502,Y1_pre_hrv,Yoga,Pre-Meditation
611.086,66.8151,Y1_pre_hrv,Yoga,Pre-Meditation
612.0,65.6455,Y1_pre_hrv,Yoga,Pre-Meditation
612.891,67.3401,Y1_pre_hrv,Yoga,Pre-Meditation
613.766,68.5714,Y1_pre_hrv,Yoga,Pre-Meditation
614.695,64.5161,Y1_pre_hrv,Yoga,Pre-Meditation
615.656,62.435,Y1_pre_hrv,Yoga,Pre-Meditation
616.656,60.0,Y1_pre_hrv,Yoga,Pre-Meditation
617.656,60.0,Y1_pre_hrv,Yoga,Pre-Meditation
618.648,60.4839,Y1_pre_hrv,Yoga,Pre-Meditation
619.57,65.0759,Y1_pre_hrv,Yoga,Pre-Meditation
620.523,62.9591,Y1_pre_hrv,Yoga,Pre-Meditation
621.492,61.9195,Y1_pre_hrv,Yoga,Pre-Meditation
622.391,66.8151,Y1_pre_hrv,Yoga,Pre-Meditation
623.312,65.0759,Y1_pre_hrv,Yoga,Pre-Meditation
624.242,64.5161,Y1_pre_hrv,Yoga,Pre-Meditation
625.133,67.3401,Y1_pre_hrv,Yoga,Pre-Meditation
626.016,67.9502,Y1_pre_hrv,Yoga,Pre-Meditation
626.953,63.9659,Y1_pre_hrv,Yoga,Pre-Meditation
627.914,62.435,Y1_pre_hrv,Yoga,Pre-Meditation
628.812,66.8151,Y1_pre_hrv,Yoga,Pre-Meditation
629.781,61.9195,Y1_pre_hrv,Yoga,Pre-Meditation
630.789,59.5238,Y1_pre_hrv,Yoga,Pre-Meditation
631.758,61.9195,Y1_pre_hrv,Yoga,Pre-Meditation
632.727,61.9195,Y1_pre_hrv,Yoga,Pre-Meditation
633.727,60.0,Y1_pre_hrv,Yoga,Pre-Meditation
634.703,61.4125,Y1_pre_hrv,Yoga,Pre-Meditation
635.609,66.2252,Y1_pre_hrv,Yoga,Pre-Meditation
636.562,62.9591,Y1_pre_hrv,Yoga,Pre-Meditation
637.547,60.9756,Y1_pre_hrv,Yoga,Pre-Meditation
638.477,64.5161,Y1_pre_hrv,Yoga,Pre-Meditation
639.414,63.9659,Y1_pre_hrv,Yoga,Pre-Meditation
640.398,60.9756,Y1_pre_hrv,Yoga,Pre-Meditation
641.383,60.9756,Y1_pre_hrv,Yoga,Pre-Meditation
642.305,65.0759,Y1_pre_hrv,Yoga,Pre-Meditation
643.258,62.9591,Y1_pre_hrv,Yoga,Pre-Meditation
644.234,61.4125,Y1_pre_hrv,Yoga,Pre-Meditation
645.195,62.435,Y1_pre_hrv,Yoga,Pre-Meditation
646.125,64.5161,Y1_pre_hrv,Yoga,Pre-Meditation
647.117,60.4839,Y1_pre_hrv,Yoga,Pre-Meditation
648.125,59.5238,Y1_pre_hrv,Yoga,Pre-Meditation
649.07,63.4921,Y1_pre_hrv,Yoga,Pre-Meditation
650.039,61.9195,Y1_pre_hrv,Yoga,Pre-Meditation
651.047,59.5238,Y1_pre_hrv,Yoga,Pre-Meditation
652.031,60.9756,Y1_pre_hrv,Yoga,Pre-Meditation
652.961,64.5161,Y1_pre_hrv,Yoga,Pre-Meditation
653.922,62.435,Y1_pre_hrv,Yoga,Pre-Meditation
654.898,61.4125,Y1_pre_hrv,Yoga,Pre-Meditation
655.828,64.5161,Y1_pre_hrv,Yoga,Pre-Meditation
656.766,63.9659,Y1_pre_hrv,Yoga,Pre-Meditation
657.719,62.9591,Y1_pre_hrv,Yoga,Pre-Meditation
658.625,66.2252,Y1_pre_hrv,Yoga,Pre-Meditation
659.586,62.435,Y1_pre_hrv,Yoga,Pre-Meditation
660.57,60.9756,Y1_pre_hrv,Yoga,Pre-Meditation
661.562,60.4839,Y1_pre_hrv,Yoga,Pre-Meditation
662.516,62.9591,Y1_pre_hrv,Yoga,Pre-Meditation
663.5,60.9756,Y1_pre_hrv,Yoga,Pre-Meditation
664.484,60.9756,Y1_pre_hrv,Yoga,Pre-Meditation
665.406,65.0759,Y1_pre_hrv,Yoga,Pre-Meditation
666.32,65.6455,Y1_pre_hrv,Yoga,Pre-Meditation
667.281,62.435,Y1_pre_hrv,Yoga,Pre-Meditation
668.25,61.9195,Y1_pre_hrv,Yoga,Pre-Meditation
669.172,65.0759,Y1_pre_hrv,Yoga,Pre-Meditation
670.125,62.9591,Y1_pre_hrv,Yoga,Pre-Meditation
671.102,61.4125,Y1_pre_hrv,Yoga,Pre-Meditation
672.016,65.6455,Y1_pre_hrv,Yoga,Pre-Meditation
672.969,62.9591,Y1_pre_hrv,Yoga,Pre-Meditation
673.938,61.9195,Y1_pre_hrv,Yoga,Pre-Meditation
674.891,62.9591,Y1_pre_hrv,Yoga,Pre-Meditation
675.797,66.2252,Y1_pre_hrv,Yoga,Pre-Meditation
676.727,64.5161,Y1_pre_hrv,Yoga,Pre-Meditation
677.703,61.4125,Y1_pre_hrv,Yoga,Pre-Meditation
678.727,58.651,Y1_pre_hrv,Yoga,Pre-Meditation
679.68,62.9591,Y1_pre_hrv,Yoga,Pre-Meditation
680.68,60.0,Y1_pre_hrv,Yoga,Pre-Meditation
681.656,61.4125,Y1_pre_hrv,Yoga,Pre-Meditation
682.586,64.5161,Y1_pre_hrv,Yoga,Pre-Meditation
683.445,69.8487,Y1_pre_hrv,Yoga,Pre-Meditation
684.336,67.3401,Y1_pre_hrv,Yoga,Pre-Meditation
685.234,66.8151,Y1_pre_hrv,Yoga,Pre-Meditation
686.117,67.9502,Y1_pre_hrv,Yoga,Pre-Meditation
686.93,73.8916,Y1_pre_hrv,Yoga,Pre-Meditation
687.711,76.8246,Y1_pre_hrv,Yoga,Pre-Meditation
688.484,77.6197,Y1_pre_hrv,Yoga,Pre-Meditation
689.32,71.7703,Y1_pre_hrv,Yoga,Pre-Meditation
690.125,74.5342,Y1_pre_hrv,Yoga,Pre-Meditation
690.977,70.4225,Y1_pre_hrv,Yoga,Pre-Meditation
691.875,66.8151,Y1_pre_hrv,Yoga,Pre-Meditation
692.828,62.9591,Y1_pre_hrv,Yoga,Pre-Meditation
693.727,66.8151,Y1_pre_hrv,Yoga,Pre-Meditation
694.703,61.4125,Y1_pre_hrv,Yoga,Pre-Meditation
695.719,59.0551,Y1_pre_hrv,Yoga,Pre-Meditation
696.695,61.4125,Y1_pre_hrv,Yoga,Pre-Meditation
697.695,60.0,Y1_pre_hrv,Yoga,Pre-Meditation
698.734,57.7478,Y1_pre_hrv,Yoga,Pre-Meditation
699.68,63.4921,Y1_pre_hrv,Yoga,Pre-Meditation
700.594,65.6455,Y1_pre_hrv,Yoga,Pre-Meditation
701.555,62.435,Y1_pre_hrv,Yoga,Pre-Meditation
702.523,61.9195,Y1_pre_hrv,Yoga,Pre-Meditation
703.438,65.6455,Y1_pre_hrv,Yoga,Pre-Meditation
704.352,65.6455,Y1_pre_hrv,Yoga,Pre-Meditation
705.32,61.9195,Y1_pre_hrv,Yoga,Pre-Meditation
706.336,59.0551,Y1_pre_hrv,Yoga,Pre-Meditation
707.289,62.9591,Y1_pre_hrv,Yoga,Pre-Meditation
708.289,60.0,Y1_pre_hrv,Yoga,Pre-Meditation
709.312,58.651,Y1_pre_hrv,Yoga,Pre-Meditation
710.273,62.435,Y1_pre_hrv,Yoga,Pre-Meditation
711.273,60.0,Y1_pre_hrv,Yoga,Pre-Meditation
712.273,60.0,Y1_pre_hrv,Yoga,Pre-Meditation
713.242,61.9195,Y1_pre_hrv,Yoga,Pre-Meditation
714.141,66.8151,Y1_pre_hrv,Yoga,Pre-Meditation
715.07,64.5161,Y1_pre_hrv,Yoga,Pre-Meditation
716.023,62.9591,Y1_pre_hrv,Yoga,Pre-Meditation
716.953,64.5161,Y1_pre_hrv,Yoga,Pre-Meditation
717.867,65.6455,Y1_pre_hrv,Yoga,Pre-Meditation
718.828,62.435,Y1_pre_hrv,Yoga,Pre-Meditation
719.82,60.4839,Y1_pre_hrv,Yoga,Pre-Meditation
720.734,65.6455,Y1_pre_hrv,Yoga,Pre-Meditation
721.711,61.4125,Y1_pre_hrv,Yoga,Pre-Meditation
722.656,63.4921,Y1_pre_hrv,Yoga,Pre-Meditation
723.555,66.8151,Y1_pre_hrv,Yoga,Pre-Meditation
724.5,63.4921,Y1_pre_hrv,Yoga,Pre-Meditation
725.5,60.0,Y1_pre_hrv,Yoga,Pre-Meditation
726.531,58.1959,Y1_pre_hrv,Yoga,Pre-Meditation
727.477,63.4921,Y1_pre_hrv,Yoga,Pre-Meditation
728.477,60.0,Y1_pre_hrv,Yoga,Pre-Meditation
729.508,58.1959,Y1_pre_hrv,Yoga,Pre-Meditation
730.461,62.9591,Y1_pre_hrv,Yoga,Pre-Meditation
731.453,60.4839,Y1_pre_hrv,Yoga,Pre-Meditation
732.477,58.651,Y1_pre_hrv,Yoga,Pre-Meditation
733.438,62.435,Y1_pre_hrv,Yoga,Pre-Meditation
734.414,61.4125,Y1_pre_hrv,Yoga,Pre-Meditation
735.398,60.9756,Y1_pre_hrv,Yoga,Pre-Meditation
736.305,66.2252,Y1_pre_hrv,Yoga,Pre-Meditation
737.203,66.8151,Y1_pre_hrv,Yoga,Pre-Meditation
738.133,64.5161,Y1_pre_hrv,Yoga,Pre-Meditation
739.094,62.435,Y1_pre_hrv,Yoga,Pre-Meditation
740.016,65.0759,Y1_pre_hrv,Yoga,Pre-Meditation
740.977,62.435,Y1_pre_hrv,Yoga,Pre-Meditation
741.984,59.5238,Y1_pre_hrv,Yoga,Pre-Meditation
742.969,60.9756,Y1_pre_hrv,Yoga,Pre-Meditation
743.891,65.0759,Y1_pre_hrv,Yoga,Pre-Meditation
744.859,61.9195,Y1_pre_hrv,Yoga,Pre-Meditation
745.844,60.9756,Y1_pre_hrv,Yoga,Pre-Meditation
746.766,65.0759,Y1_pre_hrv,Yoga,Pre-Meditation
747.688,65.0759,Y1_pre_hrv,Yoga,Pre-Meditation
748.633,63.4921,Y1_pre_hrv,Yoga,Pre-Meditation
749.594,62.435,Y1_pre_hrv,Yoga,Pre-Meditation
750.484,67.3401,Y1_pre_hrv,Yoga,Pre-Meditation
751.406,65.0759,Y1_pre_hrv,Yoga,Pre-Meditation
752.359,62.9591,Y1_pre_hrv,Yoga,Pre-Meditation
753.297,63.9659,Y1_pre_hrv,Yoga,Pre-Meditation
754.219,65.0759,Y1_pre_hrv,Yoga,Pre-Meditation
755.164,63.4921,Y1_pre_hrv,Yoga,Pre-Meditation
756.125,62.435,Y1_pre_hrv,Yoga,Pre-Meditation
757.016,67.3401,Y1_pre_hrv,Yoga,Pre-Meditation
757.93,65.6455,Y1_pre_hrv,Yoga,Pre-Meditation
758.883,62.9591,Y1_pre_hrv,Yoga,Pre-Meditation
759.789,66.2252,Y1_pre_hrv,Yoga,Pre-Meditation
760.719,64.5161,Y1_pre_hrv,Yoga,Pre-Meditation
761.688,61.9195,Y1_pre_hrv,Yoga,Pre-Meditation
762.648,62.435,Y1_pre_hrv,Yoga,Pre-Meditation
763.547,66.8151,Y1_pre_hrv,Yoga,Pre-Meditation
764.469,65.0759,Y1_pre_hrv,Yoga,Pre-Meditation
765.422,62.9591,Y1_pre_hrv,Yoga,Pre-Meditation
766.375,62.9591,Y1_pre_hrv,Yoga,Pre-Meditation
767.273,66.8151,Y1_pre_hrv,Yoga,Pre-Meditation
768.234,62.435,Y1_pre_hrv,Yoga,Pre-Meditation
769.219,60.9756,Y1_pre_hrv,Yoga,Pre-Meditation
770.172,62.9591,Y1_pre_hrv,Yoga,Pre-Meditation
771.141,61.9195,Y1_pre_hrv,Yoga,Pre-Meditation
772.141,60.0,Y1_pre_hrv,Yoga,Pre-Meditation
773.109,61.9195,Y1_pre_hrv,Yoga,Pre-Meditation
774.062,62.9591,Y1_pre_hrv,Yoga,Pre-Meditation
775.023,62.435,Y1_pre_hrv,Yoga,Pre-Meditation
775.992,61.9195,Y1_pre_hrv,Yoga,Pre-Meditation
776.875,67.9502,Y1_pre_hrv,Yoga,Pre-Meditation
777.797,65.0759,Y1_pre_hrv,Yoga,Pre-Meditation
778.742,63.4921,Y1_pre_hrv,Yoga,Pre-Meditation
779.672,64.5161,Y1_pre_hrv,Yoga,Pre-Meditation
780.586,65.6455,Y1_pre_hrv,Yoga,Pre-Meditation
781.562,61.4125,Y1_pre_hrv,Yoga,Pre-Meditation
782.57,59.5238,Y1_pre_hrv,Yoga,Pre-Meditation
783.508,63.9659,Y1_pre_hrv,Yoga,Pre-Meditation
784.484,61.4125,Y1_pre_hrv,Yoga,Pre-Meditation
785.461,61.4125,Y1_pre_hrv,Yoga,Pre-Meditation
786.422,62.435,Y1_pre_hrv,Yoga,Pre-Meditation
787.312,67.3401,Y1_pre_hrv,Yoga,Pre-Meditation
788.219,66.2252,Y1_pre_hrv,Yoga,Pre-Meditation
789.148,64.5161,Y1_pre_hrv,Yoga,Pre-Meditation
790.055,66.2252,Y1_pre_hrv,Yoga,Pre-Meditation
790.922,69.2042,Y1_pre_hrv,Yoga,Pre-Meditation
791.844,65.0759,Y1_pre_hrv,Yoga,Pre-Meditation
792.789,63.4921,Y1_pre_hrv,Yoga,Pre-Meditation
793.688,66.8151,Y1_pre_hrv,Yoga,Pre-Meditation
794.633,63.4921,Y1_pre_hrv,Yoga,Pre-Meditation
795.617,60.9756,Y1_pre_hrv,Yoga,Pre-Meditation
796.586,61.9195,Y1_pre_hrv,Yoga,Pre-Meditation
797.508,65.0759,Y1_pre_hrv,Yoga,Pre-Meditation
798.469,62.435,Y1_pre_hrv,Yoga,Pre-Meditation
799.43,62.435,Y1_pre_hrv,Yoga,Pre-Meditation
800.32,67.3401,Y1_pre_hrv,Yoga,Pre-Meditation
801.211,67.3401,Y1_pre_hrv,Yoga,Pre-Meditation
802.125,65.6455,Y1_pre_hrv,Yoga,Pre-Meditation
803.0,68.5714,Y1_pre_hrv,Yoga,Pre-Meditation
803.891,67.3401,Y1_pre_hrv,Yoga,Pre-Meditation
804.812,65.0759,Y1_pre_hrv,Yoga,Pre-Meditation
805.734,65.0759,Y1_pre_hrv,Yoga,Pre-Meditation
806.633,66.8151,Y1_pre_hrv,Yoga,Pre-Meditation
807.594,62.435,Y1_pre_hrv,Yoga,Pre-Meditation
808.57,61.4125,Y1_pre_hrv,Yoga,Pre-Meditation
809.5,64.5161,Y1_pre_hrv,Yoga,Pre-Meditation
810.438,63.9659,Y1_pre_hrv,Yoga,Pre-Meditation
811.391,62.9591,Y1_pre_hrv,Yoga,Pre-Meditation
812.352,62.435,Y1_pre_hrv,Yoga,Pre-Meditation
813.234,67.9502,Y1_pre_hrv,Yoga,Pre-Meditation
814.141,66.2252,Y1_pre_hrv,Yoga,Pre-Meditation
815.07,64.5161,Y1_pre_hrv,Yoga,Pre-Meditation
815.945,68.5714,Y1_pre_hrv,Yoga,Pre-Meditation
816.875,64.5161,Y1_pre_hrv,Yoga,Pre-Meditation
817.852,61.4125,Y1_pre_hrv,Yoga,Pre-Meditation
818.836,60.9756,Y1_pre_hrv,Yoga,Pre-Meditation
819.797,62.435,Y1_pre_hrv,Yoga,Pre-Meditation
820.781,60.9756,Y1_pre_hrv,Yoga,Pre-Meditation
821.789,59.5238,Y1_pre_hrv,Yoga,Pre-Meditation
822.734,63.4921,Y1_pre_hrv,Yoga,Pre-Meditation
823.625,67.3401,Y1_pre_hrv,Yoga,Pre-Meditation
824.539,65.6455,Y1_pre_hrv,Yoga,Pre-Meditation
825.461,65.0759,Y1_pre_hrv,Yoga,Pre-Meditation
826.328,69.2042,Y1_pre_hrv,Yoga,Pre-Meditation
827.188,69.8487,Y1_pre_hrv,Yoga,Pre-Meditation
828.07,67.9502,Y1_pre_hrv,Yoga,Pre-Meditation
828.961,67.3401,Y1_pre_hrv,Yoga,Pre-Meditation
829.805,71.09,Y1_pre_hrv,Yoga,Pre-Meditation
830.672,69.2042,Y1_pre_hrv,Yoga,Pre-Meditation
831.594,65.0759,Y1_pre_hrv,Yoga,Pre-Meditation
832.562,61.9195,Y1_pre_hrv,Yoga,Pre-Meditation
833.508,63.4921,Y1_pre_hrv,Yoga,Pre-Meditation
834.469,62.435,Y1_pre_hrv,Yoga,Pre-Meditation
835.445,61.4125,Y1_pre_hrv,Yoga,Pre-Meditation
836.398,62.9591,Y1_pre_hrv,Yoga,Pre-Meditation
837.32,65.0759,Y1_pre_hrv,Yoga,Pre-Meditation
838.273,62.9591,Y1_pre_hrv,Yoga,Pre-Meditation
839.227,62.9591,Y1_pre_hrv,Yoga,Pre-Meditation
840.109,67.9502,Y1_pre_hrv,Yoga,Pre-Meditation
840.969,69.8487,Y1_pre_hrv,Yoga,Pre-Meditation
841.859,67.3401,Y1_pre_hrv,Yoga,Pre-Meditation
842.766,66.2252,Y1_pre_hrv,Yoga,Pre-Meditation
843.625,69.8487,Y1_pre_hrv,Yoga,Pre-Meditation
844.547,65.0759,Y1_pre_hrv,Yoga,Pre-Meditation
845.492,63.4921,Y1_pre_hrv,Yoga,Pre-Meditation
846.398,66.2252,Y1_pre_hrv,Yoga,Pre-Meditation
847.328,64.5161,Y1_pre_hrv,Yoga,Pre-Meditation
848.297,61.9195,Y1_pre_hrv,Yoga,Pre-Meditation
849.266,61.9195,Y1_pre_hrv,Yoga,Pre-Meditation
850.18,65.6455,Y1_pre_hrv,Yoga,Pre-Meditation
851.109,64.5161,Y1_pre_hrv,Yoga,Pre-Meditation
852.055,63.4921,Y1_pre_hrv,Yoga,Pre-Meditation
852.938,67.9502,Y1_pre_hrv,Yoga,Pre-Meditation
853.844,66.2252,Y1_pre_hrv,Yoga,Pre-Meditation
854.773,64.5161,Y1_pre_hrv,Yoga,Pre-Meditation
855.727,62.9591,Y1_pre_hrv,Yoga,Pre-Meditation
856.617,67.3401,Y1_pre_hrv,Yoga,Pre-Meditation
857.531,65.6455,Y1_pre_hrv,Yoga,Pre-Meditation
858.469,63.9659,Y1_pre_hrv,Yoga,Pre-Meditation
859.422,62.9591,Y1_pre_hrv,Yoga,Pre-Meditation
860.328,66.2252,Y1_pre_hrv,Yoga,Pre-Meditation
861.258,64.5161,Y1_pre_hrv,Yoga,Pre-Meditation
862.211,62.9591,Y1_pre_hrv,Yoga,Pre-Meditation
863.172,62.435,Y1_pre_hrv,Yoga,Pre-Meditation
864.086,65.6455,Y1_pre_hrv,Yoga,Pre-Meditation
865.039,62.9591,Y1_pre_hrv,Yoga,Pre-Meditation
866.008,61.9195,Y1_pre_hrv,Yoga,Pre-Meditation
866.906,66.8151,Y1_pre_hrv,Yoga,Pre-Meditation
867.82,65.6455,Y1_pre_hrv,Yoga,Pre-Meditation
868.688,69.2042,Y1_pre_hrv,Yoga,Pre-Meditation
869.562,68.5714,Y1_pre_hrv,Yoga,Pre-Meditation
870.422,69.8487,Y1_pre_hrv,Yoga,Pre-Meditation
871.25,72.4638,Y1_pre_hrv,Yoga,Pre-Meditation
872.109,69.8487,Y1_pre_hrv,Yoga,Pre-Meditation
873.016,66.2252,Y1_pre_hrv,Yoga,Pre-Meditation
873.945,64.5161,Y1_pre_hrv,Yoga,Pre-Meditation
874.828,67.9502,Y1_pre_hrv,Yoga,Pre-Meditation
875.766,63.9659,Y1_pre_hrv,Yoga,Pre-Meditation
876.711,63.4921,Y1_pre_hrv,Yoga,Pre-Meditation
877.578,69.2042,Y1_pre_hrv,Yoga,Pre-Meditation
878.445,69.2042,Y1_pre_hrv,Yoga,Pre-Meditation
879.305,69.8487,Y1_pre_hrv,Yoga,Pre-Meditation
880.133,72.4638,Y1_pre_hrv,Yoga,Pre-Meditation
880.969,71.7703,Y1_pre_hrv,Yoga,Pre-Meditation
881.844,68.5714,Y1_pre_hrv,Yoga,Pre-Meditation
882.734,67.3401,Y1_pre_hrv,Yoga,Pre-Meditation
883.586,70.4225,Y1_pre_hrv,Yoga,Pre-Meditation
884.477,67.3401,Y1_pre_hrv,Yoga,Pre-Meditation
885.375,66.8151,Y1_pre_hrv,Yoga,Pre-Meditation
886.242,69.2042,Y1_pre_hrv,Yoga,Pre-Meditation
887.109,69.2042,Y1_pre_hrv,Yoga,Pre-Meditation
888.016,66.2252,Y1_pre_hrv,Yoga,Pre-Meditation
888.945,64.5161,Y1_pre_hrv,Yoga,Pre-Meditation
889.82,68.5714,Y1_pre_hrv,Yoga,Pre-Meditation
890.727,66.2252,Y1_pre_hrv,Yoga,Pre-Meditation
891.625,66.8151,Y1_pre_hrv,Yoga,Pre-Meditation
892.477,70.4225,Y1_pre_hrv,Yoga,Pre-Meditation
893.344,69.2042,Y1_pre_hrv,Yoga,Pre-Meditation
894.219,68.5714,Y1_pre_hrv,Yoga,Pre-Meditation
895.109,67.3401,Y1_pre_hrv,Yoga,Pre-Meditation
895.969,69.8487,Y1_pre_hrv,Yoga,Pre-Meditation
896.852,67.9502,Y1_pre_hrv,Yoga,Pre-Meditation
897.758,66.2252,Y1_pre_hrv,Yoga,Pre-Meditation
898.688,64.5161,Y1_pre_hrv,Yoga,Pre-Meditation
899.578,67.3401,Y1_pre_hrv,Yoga,Pre-Meditation
900.531,62.9591,Y1_pre_hrv,Yoga,Pre-Meditation
901.477,63.4921,Y1_pre_hrv,Yoga,Pre-Meditation
902.398,65.0759,Y1_pre_hrv,Yoga,Pre-Meditation
903.281,67.9502,Y1_pre_hrv,Yoga,Pre-Meditation
904.188,66.2252,Y1_pre_hrv,Yoga,Pre-Meditation
905.109,65.0759,Y1_pre_hrv,Yoga,Pre-Meditation
905.977,69.2042,Y1_pre_hrv,Yoga,Pre-Meditation
906.875,66.8151,Y1_pre_hrv,Yoga,Pre-Meditation
907.773,66.8151,Y1_pre_hrv,Yoga,Pre-Meditation
908.617,71.09,Y1_pre_hrv,Yoga,Pre-Meditation
909.422,74.5342,Y1_pre_hrv,Yoga,Pre-Meditation
910.188,78.329,Y1_pre_hrv,Yoga,Pre-Meditation
910.992,74.5342,Y1_pre_hrv,Yoga,Pre-Meditation
911.906,65.6455,Y1_pre_hrv,Yoga,Pre-Meditation
912.828,65.0759,Y1_pre_hrv,Yoga,Pre-Meditation
913.812,60.9756,Y1_pre_hrv,Yoga,Pre-Meditation
914.797,60.9756,Y1_pre_hrv,Yoga,Pre-Meditation
915.719,65.0759,Y1_pre_hrv,Yoga,Pre-Meditation
916.672,62.9591,Y1_pre_hrv,Yoga,Pre-Meditation
917.633,62.435,Y1_pre_hrv,Yoga,Pre-Meditation
918.539,66.2252,Y1_pre_hrv,Yoga,Pre-Meditation
919.453,65.6455,Y1_pre_hrv,Yoga,Pre-Meditation
920.367,65.6455,Y1_pre_hrv,Yoga,Pre-Meditation
921.266,66.8151,Y1_pre_hrv,Yoga,Pre-Meditation
922.117,70.4225,Y1_pre_hrv,Yoga,Pre-Meditation
923.023,66.2252,Y1_pre_hrv,Yoga,Pre-Meditation
923.953,64.5161,Y1_pre_hrv,Yoga,Pre-Meditation
924.852,66.8151,Y1_pre_hrv,Yoga,Pre-Meditation
925.758,66.2252,Y1_pre_hrv,Yoga,Pre-Meditation
926.703,63.4921,Y1_pre_hrv,Yoga,Pre-Meditation
927.68,61.4125,Y1_pre_hrv,Yoga,Pre-Meditation
928.617,63.9659,Y1_pre_hrv,Yoga,Pre-Meditation
929.562,63.4921,Y1_pre_hrv,Yoga,Pre-Meditation
930.547,60.9756,Y1_pre_hrv,Yoga,Pre-Meditation
931.539,60.4839,Y1_pre_hrv,Yoga,Pre-Meditation
932.453,65.6455,Y1_pre_hrv,Yoga,Pre-Meditation
933.398,63.4921,Y1_pre_hrv,Yoga,Pre-Meditation
934.359,62.435,Y1_pre_hrv,Yoga,Pre-Meditation
935.242,67.9502,Y1_pre_hrv,Yoga,Pre-Meditation
936.148,66.2252,Y1_pre_hrv,Yoga,Pre-Meditation
937.086,63.9659,Y1_pre_hrv,Yoga,Pre-Meditation
938.039,62.9591,Y1_pre_hrv,Yoga,Pre-Meditation
938.953,65.6455,Y1_pre_hrv,Yoga,Pre-Meditation
939.906,62.9591,Y1_pre_hrv,Yoga,Pre-Meditation
940.883,61.4125,Y1_pre_hrv,Yoga,Pre-Meditation
941.828,63.4921,Y1_pre_hrv,Yoga,Pre-Meditation
942.742,65.6455,Y1_pre_hrv,Yoga,Pre-Meditation
943.703,62.435,Y1_pre_hrv,Yoga,Pre-Meditation
944.648,63.4921,Y1_pre_hrv,Yoga,Pre-Meditation
945.547,66.8151,Y1_pre_hrv,Yoga,Pre-Meditation
946.445,66.8151,Y1_pre_hrv,Yoga,Pre-Meditation
947.375,64.5161,Y1_pre_hrv,Yoga,Pre-Meditation
948.305,64.5161,Y1_pre_hrv,Yoga,Pre-Meditation
949.188,67.9502,Y1_pre_hrv,Yoga,Pre-Meditation
950.109,65.0759,Y1_pre_hrv,Yoga,Pre-Meditation
951.062,62.9591,Y1_pre_hrv,Yoga,Pre-Meditation
951.977,65.6455,Y1_pre_hrv,Yoga,Pre-Meditation
952.891,65.6455,Y1_pre_hrv,Yoga,Pre-Meditation
953.828,63.9659,Y1_pre_hrv,Yoga,Pre-Meditation
954.742,65.6455,Y1_pre_hrv,Yoga,Pre-Meditation
955.656,65.6455,Y1_pre_hrv,Yoga,Pre-Meditation
956.594,63.9659,Y1_pre_hrv,Yoga,Pre-Meditation
957.539,63.4921,Y1_pre_hrv,Yoga,Pre-Meditation
958.438,66.8151,Y1_pre_hrv,Yoga,Pre-Meditation
959.367,64.5161,Y1_pre_hrv,Yoga,Pre-Meditation
960.328,62.435,Y1_pre_hrv,Yoga,Pre-Meditation
961.312,60.9756,Y1_pre_hrv,Yoga,Pre-Meditation
962.234,65.0759,Y1_pre_hrv,Yoga,Pre-Meditation
963.188,62.9591,Y1_pre_hrv,Yoga,Pre-Meditation
964.164,61.4125,Y1_pre_hrv,Yoga,Pre-Meditation
965.086,65.0759,Y1_pre_hrv,Yoga,Pre-Meditation
966.016,64.5161,Y1_pre_hrv,Yoga,Pre-Meditation
966.984,61.9195,Y1_pre_hrv,Yoga,Pre-Meditation
967.953,61.9195,Y1_pre_hrv,Yoga,Pre-Meditation
968.867,65.6455,Y1_pre_hrv,Yoga,Pre-Meditation
969.766,66.8151,Y1_pre_hrv,Yoga,Pre-Meditation
970.695,64.5161,Y1_pre_hrv,Yoga,Pre-Meditation
971.648,62.9591,Y1_pre_hrv,Yoga,Pre-Meditation
972.547,66.8151,Y1_pre_hrv,Yoga,Pre-Meditation
973.484,63.9659,Y1_pre_hrv,Yoga,Pre-Meditation
974.43,63.4921,Y1_pre_hrv,Yoga,Pre-Meditation
975.328,66.8151,Y1_pre_hrv,Yoga,Pre-Meditation
976.234,66.2252,Y1_pre_hrv,Yoga,Pre-Meditation
977.18,63.4921,Y1_pre_hrv,Yoga,Pre-Meditation
978.141,62.435,Y1_pre_hrv,Yoga,Pre-Meditation
979.047,66.2252,Y1_pre_hrv,Yoga,Pre-Meditation
979.992,63.4921,Y1_pre_hrv,Yoga,Pre-Meditation
980.977,60.9756,Y1_pre_hrv,Yoga,Pre-Meditation
981.898,65.0759,Y1_pre_hrv,Yoga,Pre-Meditation
982.828,64.5161,Y1_pre_hrv,Yoga,Pre-Meditation
983.766,63.9659,Y1_pre_hrv,Yoga,Pre-Meditation
984.703,63.9659,Y1_pre_hrv,Yoga,Pre-Meditation
985.594,67.3401,Y1_pre_hrv,Yoga,Pre-Meditation
986.516,65.0759,Y1_pre_hrv,Yoga,Pre-Meditation
987.469,62.9591,Y1_pre_hrv,Yoga,Pre-Meditation
988.391,65.0759,Y1_pre_hrv,Yoga,Pre-Meditation
989.32,64.5161,Y1_pre_hrv,Yoga,Pre-Meditation
990.289,61.9195,Y1_pre_hrv,Yoga,Pre-Meditation
991.258,61.9195,Y1_pre_hrv,Yoga,Pre-Meditation
992.156,66.8151,Y1_pre_hrv,Yoga,Pre-Meditation
993.086,64.5161,Y1_pre_hrv,Yoga,Pre-Meditation
994.0,65.6455,Y1_pre_hrv,Yoga,Pre-Meditation
994.852,70.4225,Y1_pre_hrv,Yoga,Pre-Meditation
995.727,68.5714,Y1_pre_hrv,Yoga,Pre-Meditation
996.625,66.8151,Y1_pre_hrv,Yoga,Pre-Meditation
997.523,66.8151,Y1_pre_hrv,Yoga,Pre-Meditation
998.406,67.9502,Y1_pre_hrv,Yoga,Pre-Meditation
999.336,64.5161,Y1_pre_hrv,Yoga,Pre-Meditation
1000.281,63.4921,Y1_pre_hrv,Yoga,Pre-Meditation
1001.188,66.2252,Y1_pre_hrv,Yoga,Pre-Meditation
1002.07,67.9502,Y1_pre_hrv,Yoga,Pre-Meditation
1003.0,64.5161,Y1_pre_hrv,Yoga,Pre-Meditation
1003.938,63.9659,Y1_pre_hrv,Yoga,Pre-Meditation
1004.828,67.3401,Y1_pre_hrv,Yoga,Pre-Meditation
1005.742,65.6455,Y1_pre_hrv,Yoga,Pre-Meditation
1006.672,64.5161,Y1_pre_hrv,Yoga,Pre-Meditation
1007.578,66.2252,Y1_pre_hrv,Yoga,Pre-Meditation
1008.469,67.3401,Y1_pre_hrv,Yoga,Pre-Meditation
1009.406,63.9659,Y1_pre_hrv,Yoga,Pre-Meditation
1010.344,63.9659,Y1_pre_hrv,Yoga,Pre-Meditation
1011.242,66.8151,Y1_pre_hrv,Yoga,Pre-Meditation
1012.156,65.6455,Y1_pre_hrv,Yoga,Pre-Meditation
1013.102,63.4921,Y1_pre_hrv,Yoga,Pre-Meditation
1014.031,64.5161,Y1_pre_hrv,Yoga,Pre-Meditation
1014.922,67.3401,Y1_pre_hrv,Yoga,Pre-Meditation
1015.867,63.4921,Y1_pre_hrv,Yoga,Pre-Meditation
1016.828,62.435,Y1_pre_hrv,Yoga,Pre-Meditation
1017.742,65.6455,Y1_pre_hrv,Yoga,Pre-Meditation
1018.641,66.8151,Y1_pre_hrv,Yoga,Pre-Meditation
1019.57,64.5161,Y1_pre_hrv,Yoga,Pre-Meditation
1020.492,65.0759,Y1_pre_hrv,Yoga,Pre-Meditation
1021.375,67.9502,Y1_pre_hrv,Yoga,Pre-Meditation
1022.266,67.3401,Y1_pre_hrv,Yoga,Pre-Meditation
1023.195,64.5161,Y1_pre_hrv,Yoga,Pre-Meditation
1024.094,66.8151,Y1_pre_hrv,Yoga,Pre-Meditation
1025.016,65.0759,Y1_pre_hrv,Yoga,Pre-Meditation
1025.969,62.9591,Y1_pre_hrv,Yoga,Pre-Meditation
1026.875,66.2252,Y1_pre_hrv,Yoga,Pre-Meditation
1027.836,62.435,Y1_pre_hrv,Yoga,Pre-Meditation
1028.789,62.9591,Y1_pre_hrv,Yoga,Pre-Meditation
1029.68,67.3401,Y1_pre_hrv,Yoga,Pre-Meditation
1030.57,67.3401,Y1_pre_hrv,Yoga,Pre-Meditation
1031.469,66.8151,Y1_pre_hrv,Yoga,Pre-Meditation
1032.391,65.0759,Y1_pre_hrv,Yoga,Pre-Meditation
1033.289,66.8151,Y1_pre_hrv,Yoga,Pre-Meditation
1034.188,66.8151,Y1_pre_hrv,Yoga,Pre-Meditation
1035.117,64.5161,Y1_pre_hrv,Yoga,Pre-Meditation
1036.0,67.9502,Y1_pre_hrv,Yoga,Pre-Meditation
1036.953,62.9591,Y1_pre_hrv,Yoga,Pre-Meditation
1037.898,63.4921,Y1_pre_hrv,Yoga,Pre-Meditation
1038.805,66.2252,Y1_pre_hrv,Yoga,Pre-Meditation
1039.742,63.9659,Y1_pre_hrv,Yoga,Pre-Meditation
1040.672,64.5161,Y1_pre_hrv,Yoga,Pre-Meditation
1041.562,67.3401,Y1_pre_hrv,Yoga,Pre-Meditation
1042.477,65.6455,Y1_pre_hrv,Yoga,Pre-Meditation
1043.414,63.9659,Y1_pre_hrv,Yoga,Pre-Meditation
1044.289,68.5714,Y1_pre_hrv,Yoga,Pre-Meditation
1045.203,65.6455,Y1_pre_hrv,Yoga,Pre-Meditation
1046.125,65.0759,Y1_pre_hrv,Yoga,Pre-Meditation
1047.039,65.6455,Y1_pre_hrv,Yoga,Pre-Meditation
1047.922,67.9502,Y1_pre_hrv,Yoga,Pre-Meditation
1048.844,65.0759,Y1_pre_hrv,Yoga,Pre-Meditation
1049.805,62.435,Y1_pre_hrv,Yoga,Pre-Meditation
1050.727,65.0759,Y1_pre_hrv,Yoga,Pre-Meditation
1051.648,65.0759,Y1_pre_hrv,Yoga,Pre-Meditation
1052.602,62.9591,Y1_pre_hrv,Yoga,Pre-Meditation
1053.594,60.4839,Y1_pre_hrv,Yoga,Pre-Meditation
1054.531,63.9659,Y1_pre_hrv,Yoga,Pre-Meditation
1055.469,63.9659,Y1_pre_hrv,Yoga,Pre-Meditation
1056.43,62.435,Y1_pre_hrv,Yoga,Pre-Meditation
1057.367,63.9659,Y1_pre_hrv,Yoga,Pre-Meditation
1058.258,67.3401,Y1_pre_hrv,Yoga,Pre-Meditation
1059.188,64.5161,Y1_pre_hrv,Yoga,Pre-Meditation
1060.125,63.9659,Y1_pre_hrv,Yoga,Pre-Meditation
1061.023,66.8151,Y1_pre_hrv,Yoga,Pre-Meditation
1061.945,65.0759,Y1_pre_hrv,Yoga,Pre-Meditation
1062.898,62.9591,Y1_pre_hrv,Yoga,Pre-Meditation
