Time,HeartRate,Subject,Group,State
1534.453,102.389,Y2_med_hrv,Yoga,Meditation
1535.062,98.5222,Y2_med_hrv,Yoga,Meditation
1535.727,90.3614,Y2_med_hrv,Yoga,Meditation
1536.414,87.2093,Y2_med_hrv,Yoga,Meditation
1537.094,88.2353,Y2_med_hrv,Yoga,Meditation
1537.758,90.3614,Y2_med_hrv,Yoga,Meditation
1538.438,88.2353,Y2_med_hrv,Yoga,Meditation
1539.086,92.5926,Y2_med_hrv,Yoga,Meditation
1539.711,96.0,Y2_med_hrv,Yoga,Meditation
1540.328,97.2447,Y2_med_hrv,Yoga,Meditation
1540.93,99.6678,Y2_med_hrv,Yoga,Meditation
1541.523,101.01,Y2_med_hrv,Yoga,Meditation
1542.102,103.806,Y2_med_hrv,Yoga,Meditation
1542.688,102.389,Y2_med_hrv,Yoga,Meditation
1543.258,105.263,Y2_med_hrv,Yoga,Meditation
1543.867,98.5222,Y2_med_hrv,Yoga,Meditation
1544.477,98.5222,Y2_med_hrv,Yoga,Meditation
1545.141,90.3614,Y2_med_hrv,Yoga,Meditation
1545.82,88.2353,Y2_med_hrv,Yoga,Meditation
1546.461,93.6037,Y2_med_hrv,Yoga,Meditation
1547.133,89.2857,Y2_med_hrv,Yoga,Meditation
1547.758,96.0,Y2_med_hrv,Yoga,Meditation
1548.383,96.0,Y2_med_hrv,Yoga,Meditation
1548.984,99.6678,Y2_med_hrv,Yoga,Meditation
1549.578,101.01,Y2_med_hrv,Yoga,Meditation
1550.156,103.806,Y2_med_hrv,Yoga,Meditation
1550.75,101.01,Y2_med_hrv,Yoga,Meditation
1551.336,102.389,Y2_med_hrv,Yoga,Meditation
1551.953,97.2447,Y2_med_hrv,Yoga,Meditation
1552.586,94.7867,Y2_med_hrv,Yoga,Meditation
1553.258,89.2857,Y2_med_hrv,Yoga,Meditation
1553.945,87.2093,Y2_med_hrv,Yoga,Meditation
1554.656,84.3882,Y2_med_hrv,Yoga,Meditation
1555.586,64.5161,Y2_med_hrv,Yoga,Meditation
1556.453,69.2042,Y2_med_hrv,Yoga,Meditation
1557.289,71.7703,Y2_med_hrv,Yoga,Meditation
1558.039,80.0,Y2_med_hrv,Yoga,Meditation
1558.875,71.7703,Y2_med_hrv,Yoga,Meditation
1559.594,83.4492,Y2_med_hrv,Yoga,Meditation
1560.234,93.6037,Y2_med_hrv,Yoga,Meditation
1560.852,97.2447,Y2_med_hrv,Yoga,Meditation
1561.469,97.2447,Y2_med_hrv,Yoga,Meditation
1562.055,102.389,Y2_med_hrv,Yoga,Meditation
1562.656,99.6678,Y2_med_hrv,Yoga,Meditation
1563.258,99.6678,Y2_med_hrv,Yoga,Meditation
1563.867,98.5222,Y2_med_hrv,Yoga,Meditation
1564.5,94.7867,Y2_med_hrv,Yoga,Meditation
1565.219,83.4492,Y2_med_hrv,Yoga,Meditation
1565.93,84.3882,Y2_med_hrv,Yoga,Meditation
1566.633,85.3485,Y2_med_hrv,Yoga,Meditation
1567.312,88.2353,Y2_med_hrv,Yoga,Meditation
1567.977,90.3614,Y2_med_hrv,Yoga,Meditation
1568.609,94.7867,Y2_med_hrv,Yoga,Meditation
1569.227,97.2447,Y2_med_hrv,Yoga,Meditation
1569.82,101.01,Y2_med_hrv,Yoga,Meditation
1570.406,102.389,Y2_med_hrv,Yoga,Meditation
1570.969,106.762,Y2_med_hrv,Yoga,Meditation
1571.523,108.108,Y2_med_hrv,Yoga,Meditation
1572.094,105.263,Y2_med_hrv,Yoga,Meditation
1572.664,105.263,Y2_med_hrv,Yoga,Meditation
1573.266,99.6678,Y2_med_hrv,Yoga,Meditation
1573.93,90.3614,Y2_med_hrv,Yoga,Meditation
1574.602,89.2857,Y2_med_hrv,Yoga,Meditation
1575.266,90.3614,Y2_med_hrv,Yoga,Meditation
1575.906,93.6037,Y2_med_hrv,Yoga,Meditation
1576.539,94.7867,Y2_med_hrv,Yoga,Meditation
1577.164,96.0,Y2_med_hrv,Yoga,Meditation
1577.781,97.2447,Y2_med_hrv,Yoga,Meditation
1578.375,101.01,Y2_med_hrv,Yoga,Meditation
1578.984,98.5222,Y2_med_hrv,Yoga,Meditation
1579.602,97.2447,Y2_med_hrv,Yoga,Meditation
1580.211,98.5222,Y2_med_hrv,Yoga,Meditation
1580.859,92.5926,Y2_med_hrv,Yoga,Meditation
1581.523,90.3614,Y2_med_hrv,Yoga,Meditation
1582.18,91.4634,Y2_med_hrv,Yoga,Meditation
1582.828,92.5926,Y2_med_hrv,Yoga,Meditation
1583.461,94.7867,Y2_med_hrv,Yoga,Meditation
1584.07,98.5222,Y2_med_hrv,Yoga,Meditation
1584.664,101.01,Y2_med_hrv,Yoga,Meditation
1585.242,103.806,Y2_med_hrv,Yoga,Meditation
1585.797,108.108,Y2_med_hrv,Yoga,Meditation
1586.359,106.762,Y2_med_hrv,Yoga,Meditation
1586.914,108.108,Y2_med_hrv,Yoga,Meditation
1587.5,102.389,Y2_med_hrv,Yoga,Meditation
1588.148,92.5926,Y2_med_hrv,Yoga,Meditation
1588.93,76.8246,Y2_med_hrv,Yoga,Meditation
1589.828,66.8151,Y2_med_hrv,Yoga,Meditation
1590.797,61.9195,Y2_med_hrv,Yoga,Meditation
1591.742,63.4921,Y2_med_hrv,Yoga,Meditation
1592.641,66.8151,Y2_med_hrv,Yoga,Meditation
1593.484,71.09,Y2_med_hrv,Yoga,Meditation
1594.203,83.4492,Y2_med_hrv,Yoga,Meditation
1594.883,88.2353,Y2_med_hrv,Yoga,Meditation
1595.516,94.7867,Y2_med_hrv,Yoga,Meditation
1596.117,99.6678,Y2_med_hrv,Yoga,Meditation
1596.711,101.01,Y2_med_hrv,Yoga,Meditation
1597.281,105.263,Y2_med_hrv,Yoga,Meditation
1597.844,106.762,Y2_med_hrv,Yoga,Meditation
1598.406,106.762,Y2_med_hrv,Yoga,Meditation
1598.969,106.762,Y2_med_hrv,Yoga,Meditation
1599.57,99.6678,Y2_med_hrv,Yoga,Meditation
1600.289,83.4492,Y2_med_hrv,Yoga,Meditation
1601.141,70.4225,Y2_med_hrv,Yoga,Meditation
1602.0,69.8487,Y2_med_hrv,Yoga,Meditation
1602.844,71.09,Y2_med_hrv,Yoga,Meditation
1603.664,73.1707,Y2_med_hrv,Yoga,Meditation
1604.406,80.8625,Y2_med_hrv,Yoga,Meditation
1605.07,90.3614,Y2_med_hrv,Yoga,Meditation
1605.711,93.6037,Y2_med_hrv,Yoga,Meditation
1606.32,98.5222,Y2_med_hrv,Yoga,Meditation
1606.922,99.6678,Y2_med_hrv,Yoga,Meditation
1607.492,105.263,Y2_med_hrv,Yoga,Meditation
1608.062,105.263,Y2_med_hrv,Yoga,Meditation
1608.625,106.762,Y2_med_hrv,Yoga,Meditation
1609.195,105.263,Y2_med_hrv,Yoga,Meditation
1609.781,102.389,Y2_med_hrv,Yoga,Meditation
1610.414,94.7867,Y2_med_hrv,Yoga,Meditation
1611.102,87.2093,Y2_med_hrv,Yoga,Meditation
1611.82,83.4492,Y2_med_hrv,Yoga,Meditation
1612.516,86.3309,Y2_med_hrv,Yoga,Meditation
1613.195,88.2353,Y2_med_hrv,Yoga,Meditation
1613.852,91.4634,Y2_med_hrv,Yoga,Meditation
1614.492,93.6037,Y2_med_hrv,Yoga,Meditation
1615.117,96.0,Y2_med_hrv,Yoga,Meditation
1615.711,101.01,Y2_med_hrv,Yoga,Meditation
1616.336,96.0,Y2_med_hrv,Yoga,Meditation
1616.938,99.6678,Y2_med_hrv,Yoga,Meditation
1617.531,101.01,Y2_med_hrv,Yoga,Meditation
1618.141,98.5222,Y2_med_hrv,Yoga,Meditation
1618.766,96.0,Y2_med_hrv,Yoga,Meditation
1619.414,92.5926,Y2_med_hrv,Yoga,Meditation
1620.062,92.5926,Y2_med_hrv,Yoga,Meditation
1620.711,92.5926,Y2_med_hrv,Yoga,Meditation
1621.336,96.0,Y2_med_hrv,Yoga,Meditation
1621.953,97.2447,Y2_med_hrv,Yoga,Meditation
1622.555,99.6678,Y2_med_hrv,Yoga,Meditation
1623.133,103.806,Y2_med_hrv,Yoga,Meditation
1623.711,103.806,Y2_med_hrv,Yoga,Meditation
1624.273,106.762,Y2_med_hrv,Yoga,Meditation
1624.82,109.689,Y2_med_hrv,Yoga,Meditation
1625.375,108.108,Y2_med_hrv,Yoga,Meditation
1625.93,108.108,Y2_med_hrv,Yoga,Meditation
1626.5,105.263,Y2_med_hrv,Yoga,Meditation
1627.078,103.806,Y2_med_hrv,Yoga,Meditation
1627.664,102.389,Y2_med_hrv,Yoga,Meditation
1628.258,101.01,Y2_med_hrv,Yoga,Meditation
1628.852,101.01,Y2_med_hrv,Yoga,Meditation
1629.438,102.389,Y2_med_hrv,Yoga,Meditation
1630.023,102.389,Y2_med_hrv,Yoga,Meditation
1630.602,103.806,Y2_med_hrv,Yoga,Meditation
1631.18,103.806,Y2_med_hrv,Yoga,Meditation
1631.742,106.762,Y2_med_hrv,Yoga,Meditation
1632.312,105.263,Y2_med_hrv,Yoga,Meditation
1632.875,106.762,Y2_med_hrv,Yoga,Meditation
1633.461,102.389,Y2_med_hrv,Yoga,Meditation
1634.094,94.7867,Y2_med_hrv,Yoga,Meditation
1634.945,70.4225,Y2_med_hrv,Yoga,Meditation
1635.766,73.1707,Y2_med_hrv,Yoga,Meditation
1636.555,76.0456,Y2_med_hrv,Yoga,Meditation
1637.297,80.8625,Y2_med_hrv,Yoga,Meditation
1638.0,85.3485,Y2_med_hrv,Yoga,Meditation
1638.625,96.0,Y2_med_hrv,Yoga,Meditation
1639.227,99.6678,Y2_med_hrv,Yoga,Meditation
1639.805,103.806,Y2_med_hrv,Yoga,Meditation
1640.367,106.762,Y2_med_hrv,Yoga,Meditation
1640.93,106.762,Y2_med_hrv,Yoga,Meditation
1641.477,109.689,Y2_med_hrv,Yoga,Meditation
1642.023,109.689,Y2_med_hrv,Yoga,Meditation
1642.586,106.762,Y2_med_hrv,Yoga,Meditation
1643.195,98.5222,Y2_med_hrv,Yoga,Meditation
1643.898,85.3485,Y2_med_hrv,Yoga,Meditation
1644.719,73.1707,Y2_med_hrv,Yoga,Meditation
1645.562,71.09,Y2_med_hrv,Yoga,Meditation
1646.391,72.4638,Y2_med_hrv,Yoga,Meditation
1647.141,80.0,Y2_med_hrv,Yoga,Meditation
1647.852,84.3882,Y2_med_hrv,Yoga,Meditation
1648.5,92.5926,Y2_med_hrv,Yoga,Meditation
1649.141,93.6037,Y2_med_hrv,Yoga,Meditation
1649.758,97.2447,Y2_med_hrv,Yoga,Meditation
1650.367,98.5222,Y2_med_hrv,Yoga,Meditation
1650.969,99.6678,Y2_med_hrv,Yoga,Meditation
1651.562,101.01,Y2_med_hrv,Yoga,Meditation
1652.156,101.01,Y2_med_hrv,Yoga,Meditation
1652.758,99.6678,Y2_med_hrv,Yoga,Meditation
1653.352,101.01,Y2_med_hrv,Yoga,Meditation
1653.961,98.5222,Y2_med_hrv,Yoga,Meditation
1654.57,98.5222,Y2_med_hrv,Yoga,Meditation
1655.18,98.5222,Y2_med_hrv,Yoga,Meditation
1655.781,99.6678,Y2_med_hrv,Yoga,Meditation
1656.375,101.01,Y2_med_hrv,Yoga,Meditation
1656.961,102.389,Y2_med_hrv,Yoga,Meditation
1657.531,105.263,Y2_med_hrv,Yoga,Meditation
1658.094,106.762,Y2_med_hrv,Yoga,Meditation
1658.633,111.317,Y2_med_hrv,Yoga,Meditation
1659.172,111.317,Y2_med_hrv,Yoga,Meditation
1659.703,112.994,Y2_med_hrv,Yoga,Meditation
1660.227,114.723,Y2_med_hrv,Yoga,Meditation
1660.758,112.994,Y2_med_hrv,Yoga,Meditation
1661.289,112.994,Y2_med_hrv,Yoga,Meditation
1661.844,108.108,Y2_med_hrv,Yoga,Meditation
1662.414,105.263,Y2_med_hrv,Yoga,Meditation
1663.039,96.0,Y2_med_hrv,Yoga,Meditation
1663.766,82.5309,Y2_med_hrv,Yoga,Meditation
1664.586,73.1707,Y2_med_hrv,Yoga,Meditation
1665.414,72.4638,Y2_med_hrv,Yoga,Meditation
1666.234,73.1707,Y2_med_hrv,Yoga,Meditation
1666.961,82.5309,Y2_med_hrv,Yoga,Meditation
1667.648,87.2093,Y2_med_hrv,Yoga,Meditation
1668.273,96.0,Y2_med_hrv,Yoga,Meditation
1668.898,96.0,Y2_med_hrv,Yoga,Meditation
1669.492,101.01,Y2_med_hrv,Yoga,Meditation
1670.07,103.806,Y2_med_hrv,Yoga,Meditation
1670.648,103.806,Y2_med_hrv,Yoga,Meditation
1671.227,103.806,Y2_med_hrv,Yoga,Meditation
1671.789,106.762,Y2_med_hrv,Yoga,Meditation
1672.367,103.806,Y2_med_hrv,Yoga,Meditation
1672.945,103.806,Y2_med_hrv,Yoga,Meditation
1673.555,98.5222,Y2_med_hrv,Yoga,Meditation
1674.227,89.2857,Y2_med_hrv,Yoga,Meditation
1675.023,75.2823,Y2_med_hrv,Yoga,Meditation
1675.789,78.329,Y2_med_hrv,Yoga,Meditation
1676.516,82.5309,Y2_med_hrv,Yoga,Meditation
1677.188,89.2857,Y2_med_hrv,Yoga,Meditation
1677.828,93.6037,Y2_med_hrv,Yoga,Meditation
1678.445,97.2447,Y2_med_hrv,Yoga,Meditation
1679.047,99.6678,Y2_med_hrv,Yoga,Meditation
1679.633,102.389,Y2_med_hrv,Yoga,Meditation
1680.195,106.762,Y2_med_hrv,Yoga,Meditation
1680.742,109.689,Y2_med_hrv,Yoga,Meditation
1681.289,109.689,Y2_med_hrv,Yoga,Meditation
1681.828,111.317,Y2_med_hrv,Yoga,Meditation
1682.367,111.317,Y2_med_hrv,Yoga,Meditation
1682.906,111.317,Y2_med_hrv,Yoga,Meditation
1683.469,106.762,Y2_med_hrv,Yoga,Meditation
1684.062,101.01,Y2_med_hrv,Yoga,Meditation
1684.695,94.7867,Y2_med_hrv,Yoga,Meditation
1685.352,91.4634,Y2_med_hrv,Yoga,Meditation
1686.039,87.2093,Y2_med_hrv,Yoga,Meditation
1686.711,89.2857,Y2_med_hrv,Yoga,Meditation
1687.367,91.4634,Y2_med_hrv,Yoga,Meditation
1688.023,91.4634,Y2_med_hrv,Yoga,Meditation
1688.648,96.0,Y2_med_hrv,Yoga,Meditation
1689.25,99.6678,Y2_med_hrv,Yoga,Meditation
1689.836,102.389,Y2_med_hrv,Yoga,Meditation
1690.406,105.263,Y2_med_hrv,Yoga,Meditation
1690.969,106.762,Y2_med_hrv,Yoga,Meditation
1691.508,111.317,Y2_med_hrv,Yoga,Meditation
1692.047,111.317,Y2_med_hrv,Yoga,Meditation
1692.586,111.317,Y2_med_hrv,Yoga,Meditation
1693.125,111.317,Y2_med_hrv,Yoga,Meditation
1693.672,109.689,Y2_med_hrv,Yoga,Meditation
1694.227,108.108,Y2_med_hrv,Yoga,Meditation
1694.828,99.6678,Y2_med_hrv,Yoga,Meditation
1695.492,90.3614,Y2_med_hrv,Yoga,Meditation
1696.203,84.3882,Y2_med_hrv,Yoga,Meditation
1696.898,86.3309,Y2_med_hrv,Yoga,Meditation
1697.602,85.3485,Y2_med_hrv,Yoga,Meditation
1698.305,85.3485,Y2_med_hrv,Yoga,Meditation
1698.969,90.3614,Y2_med_hrv,Yoga,Meditation
1699.586,97.2447,Y2_med_hrv,Yoga,Meditation
1700.188,99.6678,Y2_med_hrv,Yoga,Meditation
1700.766,103.806,Y2_med_hrv,Yoga,Meditation
1701.336,105.263,Y2_med_hrv,Yoga,Meditation
1701.891,108.108,Y2_med_hrv,Yoga,Meditation
1702.445,108.108,Y2_med_hrv,Yoga,Meditation
1703.008,106.762,Y2_med_hrv,Yoga,Meditation
1703.602,101.01,Y2_med_hrv,Yoga,Meditation
1704.242,93.6037,Y2_med_hrv,Yoga,Meditation
1704.992,80.0,Y2_med_hrv,Yoga,Meditation
1705.766,77.6197,Y2_med_hrv,Yoga,Meditation
1706.492,82.5309,Y2_med_hrv,Yoga,Meditation
1707.188,86.3309,Y2_med_hrv,Yoga,Meditation
1707.852,90.3614,Y2_med_hrv,Yoga,Meditation
1708.484,94.7867,Y2_med_hrv,Yoga,Meditation
1709.094,98.5222,Y2_med_hrv,Yoga,Meditation
1709.68,102.389,Y2_med_hrv,Yoga,Meditation
1710.258,103.806,Y2_med_hrv,Yoga,Meditation
1710.828,105.263,Y2_med_hrv,Yoga,Meditation
1711.391,106.762,Y2_med_hrv,Yoga,Meditation
1711.938,109.689,Y2_med_hrv,Yoga,Meditation
1712.492,108.108,Y2_med_hrv,Yoga,Meditation
1713.039,109.689,Y2_med_hrv,Yoga,Meditation
1713.609,105.263,Y2_med_hrv,Yoga,Meditation
1714.188,103.806,Y2_med_hrv,Yoga,Meditation
1714.797,98.5222,Y2_med_hrv,Yoga,Meditation
1715.414,97.2447,Y2_med_hrv,Yoga,Meditation
1716.039,96.0,Y2_med_hrv,Yoga,Meditation
1716.648,98.5222,Y2_med_hrv,Yoga,Meditation
1717.266,97.2447,Y2_med_hrv,Yoga,Meditation
1717.883,97.2447,Y2_med_hrv,Yoga,Meditation
1718.477,101.01,Y2_med_hrv,Yoga,Meditation
1719.062,102.389,Y2_med_hrv,Yoga,Meditation
1719.656,101.01,Y2_med_hrv,Yoga,Meditation
1720.242,102.389,Y2_med_hrv,Yoga,Meditation
1720.828,102.389,Y2_med_hrv,Yoga,Meditation
1721.422,101.01,Y2_med_hrv,Yoga,Meditation
1722.016,101.01,Y2_med_hrv,Yoga,Meditation
1722.633,97.2447,Y2_med_hrv,Yoga,Meditation
1723.266,94.7867,Y2_med_hrv,Yoga,Meditation
1723.961,86.3309,Y2_med_hrv,Yoga,Meditation
1724.641,88.2353,Y2_med_hrv,Yoga,Meditation
1725.305,90.3614,Y2_med_hrv,Yoga,Meditation
1725.969,90.3614,Y2_med_hrv,Yoga,Meditation
1726.602,94.7867,Y2_med_hrv,Yoga,Meditation
1727.219,97.2447,Y2_med_hrv,Yoga,Meditation
1727.812,101.01,Y2_med_hrv,Yoga,Meditation
1728.398,102.389,Y2_med_hrv,Yoga,Meditation
1728.969,105.263,Y2_med_hrv,Yoga,Meditation
1729.523,108.108,Y2_med_hrv,Yoga,Meditation
1730.078,108.108,Y2_med_hrv,Yoga,Meditation
1730.625,109.689,Y2_med_hrv,Yoga,Meditation
1731.172,109.689,Y2_med_hrv,Yoga,Meditation
1731.734,106.762,Y2_med_hrv,Yoga,Meditation
1732.305,105.263,Y2_med_hrv,Yoga,Meditation
1732.922,97.2447,Y2_med_hrv,Yoga,Meditation
1733.633,84.3882,Y2_med_hrv,Yoga,Meditation
1734.445,73.8916,Y2_med_hrv,Yoga,Meditation
1735.234,76.0456,Y2_med_hrv,Yoga,Meditation
1735.984,80.0,Y2_med_hrv,Yoga,Meditation
1736.703,83.4492,Y2_med_hrv,Yoga,Meditation
1737.383,88.2353,Y2_med_hrv,Yoga,Meditation
1738.016,94.7867,Y2_med_hrv,Yoga,Meditation
1738.633,97.2447,Y2_med_hrv,Yoga,Meditation
1739.234,99.6678,Y2_med_hrv,Yoga,Meditation
1739.82,102.389,Y2_med_hrv,Yoga,Meditation
1740.391,105.263,Y2_med_hrv,Yoga,Meditation
1740.961,105.263,Y2_med_hrv,Yoga,Meditation
1741.523,106.762,Y2_med_hrv,Yoga,Meditation
1742.078,108.108,Y2_med_hrv,Yoga,Meditation
1742.641,106.762,Y2_med_hrv,Yoga,Meditation
1743.211,105.263,Y2_med_hrv,Yoga,Meditation
1743.781,105.263,Y2_med_hrv,Yoga,Meditation
1744.352,105.263,Y2_med_hrv,Yoga,Meditation
1744.922,105.263,Y2_med_hrv,Yoga,Meditation
1745.5,103.806,Y2_med_hrv,Yoga,Meditation
1746.062,106.762,Y2_med_hrv,Yoga,Meditation
1746.617,108.108,Y2_med_hrv,Yoga,Meditation
1747.172,108.108,Y2_med_hrv,Yoga,Meditation
1747.711,111.317,Y2_med_hrv,Yoga,Meditation
1748.242,112.994,Y2_med_hrv,Yoga,Meditation
1748.789,109.689,Y2_med_hrv,Yoga,Meditation
1749.344,108.108,Y2_med_hrv,Yoga,Meditation
1749.922,103.806,Y2_med_hrv,Yoga,Meditation
1750.547,96.0,Y2_med_hrv,Yoga,Meditation
1751.234,87.2093,Y2_med_hrv,Yoga,Meditation
1752.0,78.329,Y2_med_hrv,Yoga,Meditation
1752.797,75.2823,Y2_med_hrv,Yoga,Meditation
1753.578,76.8246,Y2_med_hrv,Yoga,Meditation
1754.328,80.0,Y2_med_hrv,Yoga,Meditation
1754.992,90.3614,Y2_med_hrv,Yoga,Meditation
1755.602,98.5222,Y2_med_hrv,Yoga,Meditation
1756.195,101.01,Y2_med_hrv,Yoga,Meditation
1756.766,105.263,Y2_med_hrv,Yoga,Meditation
1757.328,106.762,Y2_med_hrv,Yoga,Meditation
1757.875,109.689,Y2_med_hrv,Yoga,Meditation
1758.43,108.108,Y2_med_hrv,Yoga,Meditation
1758.984,108.108,Y2_med_hrv,Yoga,Meditation
1759.555,105.263,Y2_med_hrv,Yoga,Meditation
1760.172,97.2447,Y2_med_hrv,Yoga,Meditation
1760.859,87.2093,Y2_med_hrv,Yoga,Meditation
1761.547,87.2093,Y2_med_hrv,Yoga,Meditation
1762.234,87.2093,Y2_med_hrv,Yoga,Meditation
1762.914,88.2353,Y2_med_hrv,Yoga,Meditation
1763.562,92.5926,Y2_med_hrv,Yoga,Meditation
1764.18,97.2447,Y2_med_hrv,Yoga,Meditation
1764.781,99.6678,Y2_med_hrv,Yoga,Meditation
1765.359,103.806,Y2_med_hrv,Yoga,Meditation
1765.922,106.762,Y2_med_hrv,Yoga,Meditation
1766.469,109.689,Y2_med_hrv,Yoga,Meditation
1767.008,111.317,Y2_med_hrv,Yoga,Meditation
1767.539,112.994,Y2_med_hrv,Yoga,Meditation
1768.07,112.994,Y2_med_hrv,Yoga,Meditation
1768.609,111.317,Y2_med_hrv,Yoga,Meditation
1769.172,106.762,Y2_med_hrv,Yoga,Meditation
1769.789,97.2447,Y2_med_hrv,Yoga,Meditation
1770.43,93.6037,Y2_med_hrv,Yoga,Meditation
1771.047,97.2447,Y2_med_hrv,Yoga,Meditation
1771.664,97.2447,Y2_med_hrv,Yoga,Meditation
1772.281,97.2447,Y2_med_hrv,Yoga,Meditation
1772.883,99.6678,Y2_med_hrv,Yoga,Meditation
1773.469,102.389,Y2_med_hrv,Yoga,Meditation
1774.055,102.389,Y2_med_hrv,Yoga,Meditation
1774.625,105.263,Y2_med_hrv,Yoga,Meditation
1775.195,105.263,Y2_med_hrv,Yoga,Meditation
1775.766,105.263,Y2_med_hrv,Yoga,Meditation
1776.336,105.263,Y2_med_hrv,Yoga,Meditation
1776.914,103.806,Y2_med_hrv,Yoga,Meditation
1777.5,102.389,Y2_med_hrv,Yoga,Meditation
1778.086,102.389,Y2_med_hrv,Yoga,Meditation
1778.703,97.2447,Y2_med_hrv,Yoga,Meditation
1779.328,96.0,Y2_med_hrv,Yoga,Meditation
1779.984,91.4634,Y2_med_hrv,Yoga,Meditation
1780.641,91.4634,Y2_med_hrv,Yoga,Meditation
1781.289,92.5926,Y2_med_hrv,Yoga,Meditation
1781.906,97.2447,Y2_med_hrv,Yoga,Meditation
1782.516,98.5222,Y2_med_hrv,Yoga,Meditation
1783.109,101.01,Y2_med_hrv,Yoga,Meditation
1783.688,103.806,Y2_med_hrv,Yoga,Meditation
1784.242,108.108,Y2_med_hrv,Yoga,Meditation
1784.789,109.689,Y2_med_hrv,Yoga,Meditation
1785.336,109.689,Y2_med_hrv,Yoga,Meditation
1785.875,111.317,Y2_med_hrv,Yoga,Meditation
1786.422,109.689,Y2_med_hrv,Yoga,Meditation
1786.992,105.263,Y2_med_hrv,Yoga,Meditation
1787.609,97.2447,Y2_med_hrv,Yoga,Meditation
1788.336,82.5309,Y2_med_hrv,Yoga,Meditation
1789.125,76.0456,Y2_med_hrv,Yoga,Meditation
1789.977,70.4225,Y2_med_hrv,Yoga,Meditation
1790.828,70.4225,Y2_med_hrv,Yoga,Meditation
1791.672,71.09,Y2_med_hrv,Yoga,Meditation
1792.422,80.0,Y2_med_hrv,Yoga,Meditation
1793.086,90.3614,Y2_med_hrv,Yoga,Meditation
1793.711,96.0,Y2_med_hrv,Yoga,Meditation
1794.305,101.01,Y2_med_hrv,Yoga,Meditation
1794.883,103.806,Y2_med_hrv,Yoga,Meditation
1795.438,108.108,Y2_med_hrv,Yoga,Meditation
1795.977,111.317,Y2_med_hrv,Yoga,Meditation
1796.516,111.317,Y2_med_hrv,Yoga,Meditation
1797.047,112.994,Y2_med_hrv,Yoga,Meditation
1797.57,114.723,Y2_med_hrv,Yoga,Meditation
1798.102,112.994,Y2_med_hrv,Yoga,Meditation
1798.641,111.317,Y2_med_hrv,Yoga,Meditation
1799.188,109.689,Y2_med_hrv,Yoga,Meditation
1799.773,102.389,Y2_med_hrv,Yoga,Meditation
1800.398,96.0,Y2_med_hrv,Yoga,Meditation
1801.109,84.3882,Y2_med_hrv,Yoga,Meditation
1801.852,80.8625,Y2_med_hrv,Yoga,Meditation
1802.578,82.5309,Y2_med_hrv,Yoga,Meditation
1803.266,87.2093,Y2_med_hrv,Yoga,Meditation
1803.945,88.2353,Y2_med_hrv,Yoga,Meditation
1804.602,91.4634,Y2_med_hrv,Yoga,Meditation
1805.234,94.7867,Y2_med_hrv,Yoga,Meditation
1805.852,97.2447,Y2_med_hrv,Yoga,Meditation
1806.445,101.01,Y2_med_hrv,Yoga,Meditation
1807.023,103.806,Y2_med_hrv,Yoga,Meditation
1807.578,108.108,Y2_med_hrv,Yoga,Meditation
1808.133,108.108,Y2_med_hrv,Yoga,Meditation
1808.688,108.108,Y2_med_hrv,Yoga,Meditation
1809.227,111.317,Y2_med_hrv,Yoga,Meditation
1809.766,111.317,Y2_med_hrv,Yoga,Meditation
1810.32,108.108,Y2_med_hrv,Yoga,Meditation
1810.883,106.762,Y2_med_hrv,Yoga,Meditation
1811.484,99.6678,Y2_med_hrv,Yoga,Meditation
1812.164,88.2353,Y2_med_hrv,Yoga,Meditation
1812.938,77.6197,Y2_med_hrv,Yoga,Meditation
1813.773,71.7703,Y2_med_hrv,Yoga,Meditation
1814.625,70.4225,Y2_med_hrv,Yoga,Meditation
1815.43,74.5342,Y2_med_hrv,Yoga,Meditation
1816.18,80.0,Y2_med_hrv,Yoga,Meditation
1816.867,87.2093,Y2_med_hrv,Yoga,Meditation
1817.492,96.0,Y2_med_hrv,Yoga,Meditation
1818.102,98.5222,Y2_med_hrv,Yoga,Meditation
1818.695,101.01,Y2_med_hrv,Yoga,Meditation
1819.266,105.263,Y2_med_hrv,Yoga,Meditation
1819.82,108.108,Y2_med_hrv,Yoga,Meditation
1820.383,106.762,Y2_med_hrv,Yoga,Meditation
1820.93,109.689,Y2_med_hrv,Yoga,Meditation
1821.484,108.108,Y2_med_hrv,Yoga,Meditation
1822.039,108.108,Y2_med_hrv,Yoga,Meditation
1822.594,108.108,Y2_med_hrv,Yoga,Meditation
1823.172,103.806,Y2_med_hrv,Yoga,Meditation
1823.781,98.5222,Y2_med_hrv,Yoga,Meditation
1824.422,93.6037,Y2_med_hrv,Yoga,Meditation
1825.078,91.4634,Y2_med_hrv,Yoga,Meditation
1825.781,85.3485,Y2_med_hrv,Yoga,Meditation
1826.523,80.8625,Y2_med_hrv,Yoga,Meditation
1827.336,73.8916,Y2_med_hrv,Yoga,Meditation
1828.141,74.5342,Y2_med_hrv,Yoga,Meditation
1828.852,84.3882,Y2_med_hrv,Yoga,Meditation
1829.516,90.3614,Y2_med_hrv,Yoga,Meditation
1830.125,98.5222,Y2_med_hrv,Yoga,Meditation
1830.719,101.01,Y2_med_hrv,Yoga,Meditation
1831.289,105.263,Y2_med_hrv,Yoga,Meditation
1831.828,111.317,Y2_med_hrv,Yoga,Meditation
1832.367,111.317,Y2_med_hrv,Yoga,Meditation
1832.883,116.279,Y2_med_hrv,Yoga,Meditation
1833.398,116.279,Y2_med_hrv,Yoga,Meditation
1833.914,116.279,Y2_med_hrv,Yoga,Meditation
1834.43,116.279,Y2_med_hrv,Yoga,Meditation
1834.969,111.317,Y2_med_hrv,Yoga,Meditation
1835.539,105.263,Y2_med_hrv,Yoga,Meditation
1836.141,99.6678,Y2_med_hrv,Yoga,Meditation
1836.758,97.2447,Y2_med_hrv,Yoga,Meditation
1837.391,94.7867,Y2_med_hrv,Yoga,Meditation
1838.062,89.2857,Y2_med_hrv,Yoga,Meditation
1838.742,88.2353,Y2_med_hrv,Yoga,Meditation
1839.422,88.2353,Y2_med_hrv,Yoga,Meditation
1840.148,82.5309,Y2_med_hrv,Yoga,Meditation
1840.867,83.4492,Y2_med_hrv,Yoga,Meditation
1841.609,80.8625,Y2_med_hrv,Yoga,Meditation
1842.289,88.2353,Y2_med_hrv,Yoga,Meditation
1842.945,91.4634,Y2_med_hrv,Yoga,Meditation
1843.57,96.0,Y2_med_hrv,Yoga,Meditation
1844.18,98.5222,Y2_med_hrv,Yoga,Meditation
1844.75,105.263,Y2_med_hrv,Yoga,Meditation
1845.312,106.762,Y2_med_hrv,Yoga,Meditation
1845.852,111.317,Y2_med_hrv,Yoga,Meditation
1846.383,112.994,Y2_med_hrv,Yoga,Meditation
1846.914,112.994,Y2_med_hrv,Yoga,Meditation
1847.438,114.723,Y2_med_hrv,Yoga,Meditation
1847.961,114.723,Y2_med_hrv,Yoga,Meditation
1848.5,111.317,Y2_med_hrv,Yoga,Meditation
1849.047,109.689,Y2_med_hrv,Yoga,Meditation
1849.609,106.762,Y2_med_hrv,Yoga,Meditation
1850.203,101.01,Y2_med_hrv,Yoga,Meditation
1850.82,97.2447,Y2_med_hrv,Yoga,Meditation
1851.438,97.2447,Y2_med_hrv,Yoga,Meditation
1852.047,98.5222,Y2_med_hrv,Yoga,Meditation
1852.641,101.01,Y2_med_hrv,Yoga,Meditation
1853.227,102.389,Y2_med_hrv,Yoga,Meditation
1853.789,106.762,Y2_med_hrv,Yoga,Meditation
1854.344,108.108,Y2_med_hrv,Yoga,Meditation
1854.898,108.108,Y2_med_hrv,Yoga,Meditation
1855.438,111.317,Y2_med_hrv,Yoga,Meditation
1855.969,112.994,Y2_med_hrv,Yoga,Meditation
1856.5,112.994,Y2_med_hrv,Yoga,Meditation
1857.031,112.994,Y2_med_hrv,Yoga,Meditation
1857.562,112.994,Y2_med_hrv,Yoga,Meditation
1858.109,109.689,Y2_med_hrv,Yoga,Meditation
1858.656,109.689,Y2_med_hrv,Yoga,Meditation
1859.25,101.01,Y2_med_hrv,Yoga,Meditation
1859.867,97.2447,Y2_med_hrv,Yoga,Meditation
1860.5,94.7867,Y2_med_hrv,Yoga,Meditation
1861.117,97.2447,Y2_med_hrv,Yoga,Meditation
1861.727,98.5222,Y2_med_hrv,Yoga,Meditation
1862.328,99.6678,Y2_med_hrv,Yoga,Meditation
1862.922,101.01,Y2_med_hrv,Yoga,Meditation
1863.5,103.806,Y2_med_hrv,Yoga,Meditation
1864.062,106.762,Y2_med_hrv,Yoga,Meditation
1864.617,108.108,Y2_med_hrv,Yoga,Meditation
1865.18,106.762,Y2_med_hrv,Yoga,Meditation
1865.734,108.108,Y2_med_hrv,Yoga,Meditation
1866.297,106.762,Y2_med_hrv,Yoga,Meditation
1866.875,103.806,Y2_med_hrv,Yoga,Meditation
1867.469,101.01,Y2_med_hrv,Yoga,Meditation
1868.125,91.4634,Y2_med_hrv,Yoga,Meditation
1868.852,82.5309,Y2_med_hrv,Yoga,Meditation
1869.562,84.3882,Y2_med_hrv,Yoga,Meditation
1870.227,90.3614,Y2_med_hrv,Yoga,Meditation
1870.867,93.6037,Y2_med_hrv,Yoga,Meditation
1871.484,97.2447,Y2_med_hrv,Yoga,Meditation
1872.094,98.5222,Y2_med_hrv,Yoga,Meditation
1872.664,105.263,Y2_med_hrv,Yoga,Meditation
1873.227,106.762,Y2_med_hrv,Yoga,Meditation
1873.797,105.263,Y2_med_hrv,Yoga,Meditation
1874.352,108.108,Y2_med_hrv,Yoga,Meditation
1874.922,105.263,Y2_med_hrv,Yoga,Meditation
1875.492,105.263,Y2_med_hrv,Yoga,Meditation
1876.102,98.5222,Y2_med_hrv,Yoga,Meditation
1876.727,96.0,Y2_med_hrv,Yoga,Meditation
1877.352,96.0,Y2_med_hrv,Yoga,Meditation
1877.977,96.0,Y2_med_hrv,Yoga,Meditation
1878.586,98.5222,Y2_med_hrv,Yoga,Meditation
1879.18,101.01,Y2_med_hrv,Yoga,Meditation
1879.758,103.806,Y2_med_hrv,Yoga,Meditation
1880.32,106.762,Y2_med_hrv,Yoga,Meditation
1880.875,108.108,Y2_med_hrv,Yoga,Meditation
1881.422,109.689,Y2_med_hrv,Yoga,Meditation
1881.961,111.317,Y2_med_hrv,Yoga,Meditation
1882.5,111.317,Y2_med_hrv,Yoga,Meditation
1883.039,111.317,Y2_med_hrv,Yoga,Meditation
1883.609,105.263,Y2_med_hrv,Yoga,Meditation
1884.227,97.2447,Y2_med_hrv,Yoga,Meditation
1884.898,89.2857,Y2_med_hrv,Yoga,Meditation
1885.633,81.7439,Y2_med_hrv,Yoga,Meditation
1886.344,84.3882,Y2_med_hrv,Yoga,Meditation
1887.016,89.2857,Y2_med_hrv,Yoga,Meditation
1887.656,93.6037,Y2_med_hrv,Yoga,Meditation
1888.258,99.6678,Y2_med_hrv,Yoga,Meditation
1888.852,101.01,Y2_med_hrv,Yoga,Meditation
1889.414,106.762,Y2_med_hrv,Yoga,Meditation
1889.961,109.689,Y2_med_hrv,Yoga,Meditation
1890.508,109.689,Y2_med_hrv,Yoga,Meditation
1891.031,114.723,Y2_med_hrv,Yoga,Meditation
1891.555,114.723,Y2_med_hrv,Yoga,Meditation
1892.078,114.723,Y2_med_hrv,Yoga,Meditation
1892.602,114.723,Y2_med_hrv,Yoga,Meditation
1893.141,111.317,Y2_med_hrv,Yoga,Meditation
1893.703,106.762,Y2_med_hrv,Yoga,Meditation
1894.281,103.806,Y2_med_hrv,Yoga,Meditation
1894.883,99.6678,Y2_med_hrv,Yoga,Meditation
1895.516,94.7867,Y2_med_hrv,Yoga,Meditation
1896.148,94.7867,Y2_med_hrv,Yoga,Meditation
1896.797,92.5926,Y2_med_hrv,Yoga,Meditation
1897.43,94.7867,Y2_med_hrv,Yoga,Meditation
1898.055,96.0,Y2_med_hrv,Yoga,Meditation
1898.656,99.6678,Y2_med_hrv,Yoga,Meditation
1899.25,101.01,Y2_med_hrv,Yoga,Meditation
1899.82,105.263,Y2_med_hrv,Yoga,Meditation
1900.391,105.263,Y2_med_hrv,Yoga,Meditation
1900.945,108.108,Y2_med_hrv,Yoga,Meditation
1901.492,109.689,Y2_med_hrv,Yoga,Meditation
1902.031,111.317,Y2_med_hrv,Yoga,Meditation
1902.57,111.317,Y2_med_hrv,Yoga,Meditation
1903.094,114.723,Y2_med_hrv,Yoga,Meditation
1903.633,111.317,Y2_med_hrv,Yoga,Meditation
1904.18,109.689,Y2_med_hrv,Yoga,Meditation
1904.75,105.263,Y2_med_hrv,Yoga,Meditation
1905.367,97.2447,Y2_med_hrv,Yoga,Meditation
1906.039,89.2857,Y2_med_hrv,Yoga,Meditation
1906.711,89.2857,Y2_med_hrv,Yoga,Meditation
1907.344,94.7867,Y2_med_hrv,Yoga,Meditation
1907.977,94.7867,Y2_med_hrv,Yoga,Meditation
1908.578,99.6678,Y2_med_hrv,Yoga,Meditation
1909.18,99.6678,Y2_med_hrv,Yoga,Meditation
1909.758,103.806,Y2_med_hrv,Yoga,Meditation
1910.336,103.806,Y2_med_hrv,Yoga,Meditation
1910.898,106.762,Y2_med_hrv,Yoga,Meditation
1911.461,106.762,Y2_med_hrv,Yoga,Meditation
1912.023,106.762,Y2_med_hrv,Yoga,Meditation
1912.578,108.108,Y2_med_hrv,Yoga,Meditation
1913.148,105.263,Y2_med_hrv,Yoga,Meditation
1913.711,106.762,Y2_med_hrv,Yoga,Meditation
1914.281,105.263,Y2_med_hrv,Yoga,Meditation
1914.836,108.108,Y2_med_hrv,Yoga,Meditation
1915.383,109.689,Y2_med_hrv,Yoga,Meditation
1915.93,109.689,Y2_med_hrv,Yoga,Meditation
1916.453,114.723,Y2_med_hrv,Yoga,Meditation
1916.977,114.723,Y2_med_hrv,Yoga,Meditation
1917.5,114.723,Y2_med_hrv,Yoga,Meditation
1918.016,116.279,Y2_med_hrv,Yoga,Meditation
1918.531,116.279,Y2_med_hrv,Yoga,Meditation
1919.047,116.279,Y2_med_hrv,Yoga,Meditation
1919.57,114.723,Y2_med_hrv,Yoga,Meditation
1920.094,114.723,Y2_med_hrv,Yoga,Meditation
1920.633,111.317,Y2_med_hrv,Yoga,Meditation
1921.172,111.317,Y2_med_hrv,Yoga,Meditation
1921.734,106.762,Y2_med_hrv,Yoga,Meditation
1922.32,102.389,Y2_med_hrv,Yoga,Meditation
1922.961,93.6037,Y2_med_hrv,Yoga,Meditation
1923.648,87.2093,Y2_med_hrv,Yoga,Meditation
1924.297,92.5926,Y2_med_hrv,Yoga,Meditation
1924.93,94.7867,Y2_med_hrv,Yoga,Meditation
1925.539,98.5222,Y2_med_hrv,Yoga,Meditation
1926.125,102.389,Y2_med_hrv,Yoga,Meditation
1926.719,101.01,Y2_med_hrv,Yoga,Meditation
1927.273,108.108,Y2_med_hrv,Yoga,Meditation
1927.82,109.689,Y2_med_hrv,Yoga,Meditation
1928.367,109.689,Y2_med_hrv,Yoga,Meditation
1928.898,112.994,Y2_med_hrv,Yoga,Meditation
1929.445,109.689,Y2_med_hrv,Yoga,Meditation
1929.984,111.317,Y2_med_hrv,Yoga,Meditation
1930.547,106.762,Y2_med_hrv,Yoga,Meditation
1931.141,101.01,Y2_med_hrv,Yoga,Meditation
1931.797,91.4634,Y2_med_hrv,Yoga,Meditation
1932.5,85.3485,Y2_med_hrv,Yoga,Meditation
1933.172,89.2857,Y2_med_hrv,Yoga,Meditation
1933.828,91.4634,Y2_med_hrv,Yoga,Meditation
1934.453,96.0,Y2_med_hrv,Yoga,Meditation
1935.062,98.5222,Y2_med_hrv,Yoga,Meditation
1935.664,99.6678,Y2_med_hrv,Yoga,Meditation
1936.234,105.263,Y2_med_hrv,Yoga,Meditation
1936.797,106.762,Y2_med_hrv,Yoga,Meditation
1937.352,108.108,Y2_med_hrv,Yoga,Meditation
1937.914,106.762,Y2_med_hrv,Yoga,Meditation
1938.477,106.762,Y2_med_hrv,Yoga,Meditation
1939.047,105.263,Y2_med_hrv,Yoga,Meditation
1939.633,102.389,Y2_med_hrv,Yoga,Meditation
1940.25,97.2447,Y2_med_hrv,Yoga,Meditation
1940.906,91.4634,Y2_med_hrv,Yoga,Meditation
1941.547,93.6037,Y2_med_hrv,Yoga,Meditation
1942.172,96.0,Y2_med_hrv,Yoga,Meditation
1942.766,101.01,Y2_med_hrv,Yoga,Meditation
1943.352,102.389,Y2_med_hrv,Yoga,Meditation
1943.914,106.762,Y2_med_hrv,Yoga,Meditation
1944.469,108.108,Y2_med_hrv,Yoga,Meditation
1945.023,108.108,Y2_med_hrv,Yoga,Meditation
1945.555,112.994,Y2_med_hrv,Yoga,Meditation
1946.094,111.317,Y2_med_hrv,Yoga,Meditation
1946.625,112.994,Y2_med_hrv,Yoga,Meditation
1947.156,112.994,Y2_med_hrv,Yoga,Meditation
1947.695,111.317,Y2_med_hrv,Yoga,Meditation
1948.242,109.689,Y2_med_hrv,Yoga,Meditation
1948.805,106.762,Y2_med_hrv,Yoga,Meditation
1949.391,102.389,Y2_med_hrv,Yoga,Meditation
1950.008,97.2447,Y2_med_hrv,Yoga,Meditation
1950.656,92.5926,Y2_med_hrv,Yoga,Meditation
1951.305,92.5926,Y2_med_hrv,Yoga,Meditation
1951.953,92.5926,Y2_med_hrv,Yoga,Meditation
1952.578,96.0,Y2_med_hrv,Yoga,Meditation
1953.195,97.2447,Y2_med_hrv,Yoga,Meditation
1953.805,98.5222,Y2_med_hrv,Yoga,Meditation
1954.398,101.01,Y2_med_hrv,Yoga,Meditation
1954.961,106.762,Y2_med_hrv,Yoga,Meditation
1955.523,106.762,Y2_med_hrv,Yoga,Meditation
1956.07,109.689,Y2_med_hrv,Yoga,Meditation
1956.609,111.317,Y2_med_hrv,Yoga,Meditation
1957.133,114.723,Y2_med_hrv,Yoga,Meditation
1957.672,111.317,Y2_med_hrv,Yoga,Meditation
1958.219,109.689,Y2_med_hrv,Yoga,Meditation
1958.789,105.263,Y2_med_hrv,Yoga,Meditation
1959.383,101.01,Y2_med_hrv,Yoga,Meditation
1960.008,96.0,Y2_med_hrv,Yoga,Meditation
1960.648,93.6037,Y2_med_hrv,Yoga,Meditation
1961.297,92.5926,Y2_med_hrv,Yoga,Meditation
1961.93,94.7867,Y2_med_hrv,Yoga,Meditation
1962.547,97.2447,Y2_med_hrv,Yoga,Meditation
1963.156,98.5222,Y2_med_hrv,Yoga,Meditation
1963.75,101.01,Y2_med_hrv,Yoga,Meditation
1964.328,103.806,Y2_med_hrv,Yoga,Meditation
1964.898,105.263,Y2_med_hrv,Yoga,Meditation
1965.453,108.108,Y2_med_hrv,Yoga,Meditation
1966.008,108.108,Y2_med_hrv,Yoga,Meditation
1966.555,109.689,Y2_med_hrv,Yoga,Meditation
1967.102,109.689,Y2_med_hrv,Yoga,Meditation
1967.641,111.317,Y2_med_hrv,Yoga,Meditation
1968.172,112.994,Y2_med_hrv,Yoga,Meditation
1968.703,112.994,Y2_med_hrv,Yoga,Meditation
1969.234,112.994,Y2_med_hrv,Yoga,Meditation
1969.773,111.317,Y2_med_hrv,Yoga,Meditation
1970.359,102.389,Y2_med_hrv,Yoga,Meditation
1970.992,94.7867,Y2_med_hrv,Yoga,Meditation
1971.703,84.3882,Y2_med_hrv,Yoga,Meditation
1972.492,76.0456,Y2_med_hrv,Yoga,Meditation
1973.289,75.2823,Y2_med_hrv,Yoga,Meditation
1974.086,75.2823,Y2_med_hrv,Yoga,Meditation
1974.789,85.3485,Y2_med_hrv,Yoga,Meditation
1975.453,90.3614,Y2_med_hrv,Yoga,Meditation
1976.078,96.0,Y2_med_hrv,Yoga,Meditation
1976.672,101.01,Y2_med_hrv,Yoga,Meditation
1977.258,102.389,Y2_med_hrv,Yoga,Meditation
1977.82,106.762,Y2_med_hrv,Yoga,Meditation
1978.383,106.762,Y2_med_hrv,Yoga,Meditation
1978.93,109.689,Y2_med_hrv,Yoga,Meditation
1979.477,109.689,Y2_med_hrv,Yoga,Meditation
1980.031,108.108,Y2_med_hrv,Yoga,Meditation
1980.586,108.108,Y2_med_hrv,Yoga,Meditation
1981.164,103.806,Y2_med_hrv,Yoga,Meditation
1981.758,101.01,Y2_med_hrv,Yoga,Meditation
1982.398,93.6037,Y2_med_hrv,Yoga,Meditation
1983.039,93.6037,Y2_med_hrv,Yoga,Meditation
1983.664,96.0,Y2_med_hrv,Yoga,Meditation
1984.273,98.5222,Y2_med_hrv,Yoga,Meditation
1984.867,101.01,Y2_med_hrv,Yoga,Meditation
1985.438,105.263,Y2_med_hrv,Yoga,Meditation
1986.008,105.263,Y2_med_hrv,Yoga,Meditation
1986.562,108.108,Y2_med_hrv,Yoga,Meditation
1987.109,109.689,Y2_med_hrv,Yoga,Meditation
1987.641,112.994,Y2_med_hrv,Yoga,Meditation
1988.164,114.723,Y2_med_hrv,Yoga,Meditation
1988.688,114.723,Y2_med_hrv,Yoga,Meditation
1989.219,112.994,Y2_med_hrv,Yoga,Meditation
1989.766,109.689,Y2_med_hrv,Yoga,Meditation
1990.32,108.108,Y2_med_hrv,Yoga,Meditation
1990.891,105.263,Y2_med_hrv,Yoga,Meditation
1991.484,101.01,Y2_med_hrv,Yoga,Meditation
1992.07,102.389,Y2_med_hrv,Yoga,Meditation
1992.648,103.806,Y2_med_hrv,Yoga,Meditation
1993.227,103.806,Y2_med_hrv,Yoga,Meditation
1993.805,103.806,Y2_med_hrv,Yoga,Meditation
1994.367,106.762,Y2_med_hrv,Yoga,Meditation
1994.914,109.689,Y2_med_hrv,Yoga,Meditation
1995.461,109.689,Y2_med_hrv,Yoga,Meditation
1996.0,111.317,Y2_med_hrv,Yoga,Meditation
1996.531,112.994,Y2_med_hrv,Yoga,Meditation
1997.055,114.723,Y2_med_hrv,Yoga,Meditation
1997.586,112.994,Y2_med_hrv,Yoga,Meditation
1998.102,116.279,Y2_med_hrv,Yoga,Meditation
1998.625,114.723,Y2_med_hrv,Yoga,Meditation
1999.164,111.317,Y2_med_hrv,Yoga,Meditation
1999.727,106.762,Y2_med_hrv,Yoga,Meditation
2000.359,94.7867,Y2_med_hrv,Yoga,Meditation
2001.141,76.8246,Y2_med_hrv,Yoga,Meditation
2001.953,73.8916,Y2_med_hrv,Yoga,Meditation
2002.75,75.2823,Y2_med_hrv,Yoga,Meditation
2003.508,79.1557,Y2_med_hrv,Yoga,Meditation
2004.188,88.2353,Y2_med_hrv,Yoga,Meditation
2004.836,92.5926,Y2_med_hrv,Yoga,Meditation
2005.469,94.7867,Y2_med_hrv,Yoga,Meditation
2006.078,98.5222,Y2_med_hrv,Yoga,Meditation
2006.664,102.389,Y2_med_hrv,Yoga,Meditation
2007.25,102.389,Y2_med_hrv,Yoga,Meditation
2007.836,102.389,Y2_med_hrv,Yoga,Meditation
2008.406,105.263,Y2_med_hrv,Yoga,Meditation
2008.977,105.263,Y2_med_hrv,Yoga,Meditation
2009.562,102.389,Y2_med_hrv,Yoga,Meditation
2010.156,101.01,Y2_med_hrv,Yoga,Meditation
2010.766,98.5222,Y2_med_hrv,Yoga,Meditation
2011.383,97.2447,Y2_med_hrv,Yoga,Meditation
2012.0,97.2447,Y2_med_hrv,Yoga,Meditation
2012.617,97.2447,Y2_med_hrv,Yoga,Meditation
2013.227,98.5222,Y2_med_hrv,Yoga,Meditation
2013.82,101.01,Y2_med_hrv,Yoga,Meditation
2014.406,102.389,Y2_med_hrv,Yoga,Meditation
2014.984,103.806,Y2_med_hrv,Yoga,Meditation
2015.555,105.263,Y2_med_hrv,Yoga,Meditation
2016.109,108.108,Y2_med_hrv,Yoga,Meditation
2016.664,108.108,Y2_med_hrv,Yoga,Meditation
2017.203,111.317,Y2_med_hrv,Yoga,Meditation
2017.742,111.317,Y2_med_hrv,Yoga,Meditation
2018.281,111.317,Y2_med_hrv,Yoga,Meditation
2018.844,106.762,Y2_med_hrv,Yoga,Meditation
2019.414,105.263,Y2_med_hrv,Yoga,Meditation
2020.047,94.7867,Y2_med_hrv,Yoga,Meditation
2020.688,93.6037,Y2_med_hrv,Yoga,Meditation
2021.367,88.2353,Y2_med_hrv,Yoga,Meditation
2022.023,91.4634,Y2_med_hrv,Yoga,Meditation
2022.656,94.7867,Y2_med_hrv,Yoga,Meditation
2023.281,96.0,Y2_med_hrv,Yoga,Meditation
2023.898,97.2447,Y2_med_hrv,Yoga,Meditation
2024.492,101.01,Y2_med_hrv,Yoga,Meditation
2025.078,102.389,Y2_med_hrv,Yoga,Meditation
2025.656,103.806,Y2_med_hrv,Yoga,Meditation
2026.234,103.806,Y2_med_hrv,Yoga,Meditation
2026.805,105.263,Y2_med_hrv,Yoga,Meditation
2027.383,103.806,Y2_med_hrv,Yoga,Meditation
2027.977,101.01,Y2_med_hrv,Yoga,Meditation
2028.594,97.2447,Y2_med_hrv,Yoga,Meditation
2029.281,87.2093,Y2_med_hrv,Yoga,Meditation
2029.969,87.2093,Y2_med_hrv,Yoga,Meditation
2030.633,90.3614,Y2_med_hrv,Yoga,Meditation
2031.273,93.6037,Y2_med_hrv,Yoga,Meditation
2031.891,97.2447,Y2_med_hrv,Yoga,Meditation
2032.477,102.389,Y2_med_hrv,Yoga,Meditation
2033.055,103.806,Y2_med_hrv,Yoga,Meditation
2033.609,108.108,Y2_med_hrv,Yoga,Meditation
2034.164,108.108,Y2_med_hrv,Yoga,Meditation
2034.711,109.689,Y2_med_hrv,Yoga,Meditation
2035.258,109.689,Y2_med_hrv,Yoga,Meditation
2035.805,109.689,Y2_med_hrv,Yoga,Meditation
2036.359,108.108,Y2_med_hrv,Yoga,Meditation
2036.938,103.806,Y2_med_hrv,Yoga,Meditation
2037.523,102.389,Y2_med_hrv,Yoga,Meditation
2038.117,101.01,Y2_med_hrv,Yoga,Meditation
2038.719,99.6678,Y2_med_hrv,Yoga,Meditation
2039.336,97.2447,Y2_med_hrv,Yoga,Meditation
2039.969,94.7867,Y2_med_hrv,Yoga,Meditation
2040.633,90.3614,Y2_med_hrv,Yoga,Meditation
2041.297,90.3614,Y2_med_hrv,Yoga,Meditation
2041.93,94.7867,Y2_med_hrv,Yoga,Meditation
2042.547,97.2447,Y2_med_hrv,Yoga,Meditation
2043.148,99.6678,Y2_med_hrv,Yoga,Meditation
2043.734,102.389,Y2_med_hrv,Yoga,Meditation
2044.297,106.762,Y2_med_hrv,Yoga,Meditation
2044.844,109.689,Y2_med_hrv,Yoga,Meditation
2045.391,109.689,Y2_med_hrv,Yoga,Meditation
2045.922,112.994,Y2_med_hrv,Yoga,Meditation
2046.453,112.994,Y2_med_hrv,Yoga,Meditation
2047.0,109.689,Y2_med_hrv,Yoga,Meditation
2047.555,108.108,Y2_med_hrv,Yoga,Meditation
2048.133,103.806,Y2_med_hrv,Yoga,Meditation
2048.781,92.5926,Y2_med_hrv,Yoga,Meditation
2049.5,83.4492,Y2_med_hrv,Yoga,Meditation
2050.289,76.0456,Y2_med_hrv,Yoga,Meditation
2051.094,74.5342,Y2_med_hrv,Yoga,Meditation
2051.867,77.6197,Y2_med_hrv,Yoga,Meditation
2052.578,84.3882,Y2_med_hrv,Yoga,Meditation
2053.25,89.2857,Y2_med_hrv,Yoga,Meditation
2053.891,93.6037,Y2_med_hrv,Yoga,Meditation
2054.508,97.2447,Y2_med_hrv,Yoga,Meditation
2055.109,99.6678,Y2_med_hrv,Yoga,Meditation
2055.695,102.389,Y2_med_hrv,Yoga,Meditation
2056.266,105.263,Y2_med_hrv,Yoga,Meditation
2056.844,103.806,Y2_med_hrv,Yoga,Meditation
2057.422,103.806,Y2_med_hrv,Yoga,Meditation
2058.016,101.01,Y2_med_hrv,Yoga,Meditation
2058.617,99.6678,Y2_med_hrv,Yoga,Meditation
2059.234,97.2447,Y2_med_hrv,Yoga,Meditation
2059.836,99.6678,Y2_med_hrv,Yoga,Meditation
2060.461,96.0,Y2_med_hrv,Yoga,Meditation
2061.094,94.7867,Y2_med_hrv,Yoga,Meditation
2061.727,94.7867,Y2_med_hrv,Yoga,Meditation
2062.352,96.0,Y2_med_hrv,Yoga,Meditation
2062.969,97.2447,Y2_med_hrv,Yoga,Meditation
2063.578,98.5222,Y2_med_hrv,Yoga,Meditation
2064.18,99.6678,Y2_med_hrv,Yoga,Meditation
2064.758,103.806,Y2_med_hrv,Yoga,Meditation
2065.336,103.806,Y2_med_hrv,Yoga,Meditation
2065.891,108.108,Y2_med_hrv,Yoga,Meditation
2066.453,106.762,Y2_med_hrv,Yoga,Meditation
2067.023,105.263,Y2_med_hrv,Yoga,Meditation
2067.578,108.108,Y2_med_hrv,Yoga,Meditation
2068.133,108.108,Y2_med_hrv,Yoga,Meditation
2068.719,102.389,Y2_med_hrv,Yoga,Meditation
2069.32,99.6678,Y2_med_hrv,Yoga,Meditation
2069.938,97.2447,Y2_med_hrv,Yoga,Meditation
2070.57,94.7867,Y2_med_hrv,Yoga,Meditation
2071.195,96.0,Y2_med_hrv,Yoga,Meditation
2071.812,97.2447,Y2_med_hrv,Yoga,Meditation
2072.406,101.01,Y2_med_hrv,Yoga,Meditation
2072.992,102.389,Y2_med_hrv,Yoga,Meditation
2073.555,106.762,Y2_med_hrv,Yoga,Meditation
2074.102,109.689,Y2_med_hrv,Yoga,Meditation
2074.641,111.317,Y2_med_hrv,Yoga,Meditation
2075.18,111.317,Y2_med_hrv,Yoga,Meditation
2075.719,111.317,Y2_med_hrv,Yoga,Meditation
2076.258,111.317,Y2_med_hrv,Yoga,Meditation
2076.812,108.108,Y2_med_hrv,Yoga,Meditation
2077.398,102.389,Y2_med_hrv,Yoga,Meditation
2078.031,94.7867,Y2_med_hrv,Yoga,Meditation
2078.727,86.3309,Y2_med_hrv,Yoga,Meditation
2079.484,79.1557,Y2_med_hrv,Yoga,Meditation
2080.312,72.4638,Y2_med_hrv,Yoga,Meditation
2081.141,72.4638,Y2_med_hrv,Yoga,Meditation
2081.945,74.5342,Y2_med_hrv,Yoga,Meditation
2082.703,79.1557,Y2_med_hrv,Yoga,Meditation
2083.406,85.3485,Y2_med_hrv,Yoga,Meditation
2084.062,91.4634,Y2_med_hrv,Yoga,Meditation
2084.695,94.7867,Y2_med_hrv,Yoga,Meditation
2085.297,99.6678,Y2_med_hrv,Yoga,Meditation
2085.883,102.389,Y2_med_hrv,Yoga,Meditation
2086.477,101.01,Y2_med_hrv,Yoga,Meditation
2087.055,103.806,Y2_med_hrv,Yoga,Meditation
2087.648,101.01,Y2_med_hrv,Yoga,Meditation
2088.266,97.2447,Y2_med_hrv,Yoga,Meditation
2088.891,96.0,Y2_med_hrv,Yoga,Meditation
2089.539,92.5926,Y2_med_hrv,Yoga,Meditation
2090.203,90.3614,Y2_med_hrv,Yoga,Meditation
2090.875,89.2857,Y2_med_hrv,Yoga,Meditation
2091.516,93.6037,Y2_med_hrv,Yoga,Meditation
2092.141,96.0,Y2_med_hrv,Yoga,Meditation
2092.75,98.5222,Y2_med_hrv,Yoga,Meditation
2093.352,99.6678,Y2_med_hrv,Yoga,Meditation
2093.938,102.389,Y2_med_hrv,Yoga,Meditation
2094.516,103.806,Y2_med_hrv,Yoga,Meditation
2095.07,108.108,Y2_med_hrv,Yoga,Meditation
2095.617,109.689,Y2_med_hrv,Yoga,Meditation
2096.156,111.317,Y2_med_hrv,Yoga,Meditation
2096.695,111.317,Y2_med_hrv,Yoga,Meditation
2097.242,109.689,Y2_med_hrv,Yoga,Meditation
2097.812,105.263,Y2_med_hrv,Yoga,Meditation
2098.438,96.0,Y2_med_hrv,Yoga,Meditation
2099.148,84.3882,Y2_med_hrv,Yoga,Meditation
2099.93,76.8246,Y2_med_hrv,Yoga,Meditation
2100.672,80.8625,Y2_med_hrv,Yoga,Meditation
2101.398,82.5309,Y2_med_hrv,Yoga,Meditation
2102.078,88.2353,Y2_med_hrv,Yoga,Meditation
2102.703,96.0,Y2_med_hrv,Yoga,Meditation
2103.305,99.6678,Y2_med_hrv,Yoga,Meditation
2103.883,103.806,Y2_med_hrv,Yoga,Meditation
2104.445,106.762,Y2_med_hrv,Yoga,Meditation
2104.984,111.317,Y2_med_hrv,Yoga,Meditation
2105.523,111.317,Y2_med_hrv,Yoga,Meditation
2106.062,111.317,Y2_med_hrv,Yoga,Meditation
2106.609,109.689,Y2_med_hrv,Yoga,Meditation
2107.18,105.263,Y2_med_hrv,Yoga,Meditation
2107.797,97.2447,Y2_med_hrv,Yoga,Meditation
2108.531,81.7439,Y2_med_hrv,Yoga,Meditation
2109.336,74.5342,Y2_med_hrv,Yoga,Meditation
2110.156,73.1707,Y2_med_hrv,Yoga,Meditation
2110.961,74.5342,Y2_med_hrv,Yoga,Meditation
2111.734,77.6197,Y2_med_hrv,Yoga,Meditation
2112.43,86.3309,Y2_med_hrv,Yoga,Meditation
2113.078,92.5926,Y2_med_hrv,Yoga,Meditation
2113.695,97.2447,Y2_med_hrv,Yoga,Meditation
2114.305,98.5222,Y2_med_hrv,Yoga,Meditation
2114.906,99.6678,Y2_med_hrv,Yoga,Meditation
2115.516,98.5222,Y2_med_hrv,Yoga,Meditation
2116.109,101.01,Y2_med_hrv,Yoga,Meditation
2116.727,97.2447,Y2_med_hrv,Yoga,Meditation
2117.344,97.2447,Y2_med_hrv,Yoga,Meditation
2117.977,94.7867,Y2_med_hrv,Yoga,Meditation
2118.594,97.2447,Y2_med_hrv,Yoga,Meditation
2119.203,98.5222,Y2_med_hrv,Yoga,Meditation
2119.789,102.389,Y2_med_hrv,Yoga,Meditation
2120.375,102.389,Y2_med_hrv,Yoga,Meditation
2120.938,106.762,Y2_med_hrv,Yoga,Meditation
2121.477,111.317,Y2_med_hrv,Yoga,Meditation
2122.023,109.689,Y2_med_hrv,Yoga,Meditation
2122.562,111.317,Y2_med_hrv,Yoga,Meditation
2123.102,111.317,Y2_med_hrv,Yoga,Meditation
2123.641,111.317,Y2_med_hrv,Yoga,Meditation
2124.203,106.762,Y2_med_hrv,Yoga,Meditation
2124.789,102.389,Y2_med_hrv,Yoga,Meditation
2125.398,98.5222,Y2_med_hrv,Yoga,Meditation
2126.07,89.2857,Y2_med_hrv,Yoga,Meditation
2126.781,84.3882,Y2_med_hrv,Yoga,Meditation
2127.445,90.3614,Y2_med_hrv,Yoga,Meditation
2128.094,92.5926,Y2_med_hrv,Yoga,Meditation
2128.734,93.6037,Y2_med_hrv,Yoga,Meditation
2129.352,97.2447,Y2_med_hrv,Yoga,Meditation
2129.961,98.5222,Y2_med_hrv,Yoga,Meditation
2130.547,102.389,Y2_med_hrv,Yoga,Meditation
2131.133,102.389,Y2_med_hrv,Yoga,Meditation
2131.711,103.806,Y2_med_hrv,Yoga,Meditation
2132.281,105.263,Y2_med_hrv,Yoga,Meditation
2132.859,103.806,Y2_med_hrv,Yoga,Meditation
2133.438,103.806,Y2_med_hrv,Yoga,Meditation
2134.023,102.389,Y2_med_hrv,Yoga,Meditation
2134.617,101.01,Y2_med_hrv,Yoga,Meditation
2135.219,99.6678,Y2_med_hrv,Yoga,Meditation
2135.828,98.5222,Y2_med_hrv,Yoga,Meditation
2136.445,97.2447,Y2_med_hrv,Yoga,Meditation
2137.039,101.01,Y2_med_hrv,Yoga,Meditation
2137.625,102.389,Y2_med_hrv,Yoga,Meditation
2138.195,105.263,Y2_med_hrv,Yoga,Meditation
2138.758,106.762,Y2_med_hrv,Yoga,Meditation
2139.312,108.108,Y2_med_hrv,Yoga,Meditation
2139.844,112.994,Y2_med_hrv,Yoga,Meditation
2140.375,112.994,Y2_med_hrv,Yoga,Meditation
2140.891,116.279,Y2_med_hrv,Yoga,Meditation
2141.414,114.723,Y2_med_hrv,Yoga,Meditation
2141.938,114.723,Y2_med_hrv,Yoga,Meditation
2142.461,114.723,Y2_med_hrv,Yoga,Meditation
2143.0,111.317,Y2_med_hrv,Yoga,Meditation
2143.555,108.108,Y2_med_hrv,Yoga,Meditation
2144.125,105.263,Y2_med_hrv,Yoga,Meditation
2144.711,102.389,Y2_med_hrv,Yoga,Meditation
2145.328,97.2447,Y2_med_hrv,Yoga,Meditation
2145.961,94.7867,Y2_med_hrv,Yoga,Meditation
2146.562,99.6678,Y2_med_hrv,Yoga,Meditation
2147.156,101.01,Y2_med_hrv,Yoga,Meditation
2147.758,99.6678,Y2_med_hrv,Yoga,Meditation
2148.328,105.263,Y2_med_hrv,Yoga,Meditation
2148.891,106.762,Y2_med_hrv,Yoga,Meditation
2149.445,108.108,Y2_med_hrv,Yoga,Meditation
2150.0,108.108,Y2_med_hrv,Yoga,Meditation
2150.539,111.317,Y2_med_hrv,Yoga,Meditation
2151.062,114.723,Y2_med_hrv,Yoga,Meditation
2151.602,111.317,Y2_med_hrv,Yoga,Meditation
2152.133,112.994,Y2_med_hrv,Yoga,Meditation
2152.68,109.689,Y2_med_hrv,Yoga,Meditation
2153.25,105.263,Y2_med_hrv,Yoga,Meditation
2153.859,98.5222,Y2_med_hrv,Yoga,Meditation
2154.508,92.5926,Y2_med_hrv,Yoga,Meditation
2155.172,90.3614,Y2_med_hrv,Yoga,Meditation
2155.844,89.2857,Y2_med_hrv,Yoga,Meditation
2156.57,82.5309,Y2_med_hrv,Yoga,Meditation
2157.305,81.7439,Y2_med_hrv,Yoga,Meditation
2158.008,85.3485,Y2_med_hrv,Yoga,Meditation
2158.688,88.2353,Y2_med_hrv,Yoga,Meditation
2159.32,94.7867,Y2_med_hrv,Yoga,Meditation
2159.93,98.5222,Y2_med_hrv,Yoga,Meditation
2160.531,99.6678,Y2_med_hrv,Yoga,Meditation
2161.117,102.389,Y2_med_hrv,Yoga,Meditation
2161.695,103.806,Y2_med_hrv,Yoga,Meditation
2162.266,105.263,Y2_med_hrv,Yoga,Meditation
2162.828,106.762,Y2_med_hrv,Yoga,Meditation
2163.414,102.389,Y2_med_hrv,Yoga,Meditation
2163.992,103.806,Y2_med_hrv,Yoga,Meditation
2164.578,102.389,Y2_med_hrv,Yoga,Meditation
2165.164,102.389,Y2_med_hrv,Yoga,Meditation
2165.742,103.806,Y2_med_hrv,Yoga,Meditation
2166.312,105.263,Y2_med_hrv,Yoga,Meditation
2166.875,106.762,Y2_med_hrv,Yoga,Meditation
2167.43,108.108,Y2_med_hrv,Yoga,Meditation
2167.977,109.689,Y2_med_hrv,Yoga,Meditation
2168.523,109.689,Y2_med_hrv,Yoga,Meditation
2169.062,111.317,Y2_med_hrv,Yoga,Meditation
2169.594,112.994,Y2_med_hrv,Yoga,Meditation
2170.125,112.994,Y2_med_hrv,Yoga,Meditation
2170.664,111.317,Y2_med_hrv,Yoga,Meditation
2171.203,111.317,Y2_med_hrv,Yoga,Meditation
2171.758,108.108,Y2_med_hrv,Yoga,Meditation
2172.328,105.263,Y2_med_hrv,Yoga,Meditation
2172.922,101.01,Y2_med_hrv,Yoga,Meditation
2173.547,96.0,Y2_med_hrv,Yoga,Meditation
2174.164,97.2447,Y2_med_hrv,Yoga,Meditation
2174.766,99.6678,Y2_med_hrv,Yoga,Meditation
2175.352,102.389,Y2_med_hrv,Yoga,Meditation
2175.938,102.389,Y2_med_hrv,Yoga,Meditation
2176.508,105.263,Y2_med_hrv,Yoga,Meditation
2177.078,105.263,Y2_med_hrv,Yoga,Meditation
2177.633,108.108,Y2_med_hrv,Yoga,Meditation
2178.18,109.689,Y2_med_hrv,Yoga,Meditation
2178.742,106.762,Y2_med_hrv,Yoga,Meditation
2179.305,106.762,Y2_med_hrv,Yoga,Meditation
2179.891,102.389,Y2_med_hrv,Yoga,Meditation
2180.492,99.6678,Y2_med_hrv,Yoga,Meditation
2181.148,91.4634,Y2_med_hrv,Yoga,Meditation
2181.828,88.2353,Y2_med_hrv,Yoga,Meditation
2182.5,89.2857,Y2_med_hrv,Yoga,Meditation
2183.125,96.0,Y2_med_hrv,Yoga,Meditation
2183.742,97.2447,Y2_med_hrv,Yoga,Meditation
2184.352,98.5222,Y2_med_hrv,Yoga,Meditation
2184.945,101.01,Y2_med_hrv,Yoga,Meditation
2185.516,105.263,Y2_med_hrv,Yoga,Meditation
2186.086,105.263,Y2_med_hrv,Yoga,Meditation
2186.656,105.263,Y2_med_hrv,Yoga,Meditation
2187.211,108.108,Y2_med_hrv,Yoga,Meditation
2187.773,106.762,Y2_med_hrv,Yoga,Meditation
2188.352,103.806,Y2_med_hrv,Yoga,Meditation
2188.945,101.01,Y2_med_hrv,Yoga,Meditation
2189.562,97.2447,Y2_med_hrv,Yoga,Meditation
2190.203,93.6037,Y2_med_hrv,Yoga,Meditation
2190.844,93.6037,Y2_med_hrv,Yoga,Meditation
2191.477,94.7867,Y2_med_hrv,Yoga,Meditation
2192.102,96.0,Y2_med_hrv,Yoga,Meditation
2192.703,99.6678,Y2_med_hrv,Yoga,Meditation
2193.297,101.01,Y2_med_hrv,Yoga,Meditation
2193.875,103.806,Y2_med_hrv,Yoga,Meditation
2194.438,106.762,Y2_med_hrv,Yoga,Meditation
2195.0,106.762,Y2_med_hrv,Yoga,Meditation
2195.547,109.689,Y2_med_hrv,Yoga,Meditation
2196.094,109.689,Y2_med_hrv,Yoga,Meditation
2196.617,114.723,Y2_med_hrv,Yoga,Meditation
2197.148,112.994,Y2_med_hrv,Yoga,Meditation
2197.688,111.317,Y2_med_hrv,Yoga,Meditation
2198.242,108.108,Y2_med_hrv,Yoga,Meditation
2198.812,105.263,Y2_med_hrv,Yoga,Meditation
2199.438,96.0,Y2_med_hrv,Yoga,Meditation
2200.102,90.3614,Y2_med_hrv,Yoga,Meditation
2200.766,90.3614,Y2_med_hrv,Yoga,Meditation
2201.398,94.7867,Y2_med_hrv,Yoga,Meditation
2202.023,96.0,Y2_med_hrv,Yoga,Meditation
2202.633,98.5222,Y2_med_hrv,Yoga,Meditation
2203.203,105.263,Y2_med_hrv,Yoga,Meditation
2203.781,103.806,Y2_med_hrv,Yoga,Meditation
2204.336,108.108,Y2_med_hrv,Yoga,Meditation
2204.883,109.689,Y2_med_hrv,Yoga,Meditation
2205.422,111.317,Y2_med_hrv,Yoga,Meditation
2205.961,111.317,Y2_med_hrv,Yoga,Meditation
2206.492,112.994,Y2_med_hrv,Yoga,Meditation
2207.031,111.317,Y2_med_hrv,Yoga,Meditation
2207.57,111.317,Y2_med_hrv,Yoga,Meditation
2208.117,109.689,Y2_med_hrv,Yoga,Meditation
2208.664,109.689,Y2_med_hrv,Yoga,Meditation
2209.219,108.108,Y2_med_hrv,Yoga,Meditation
2209.773,108.108,Y2_med_hrv,Yoga,Meditation
2210.32,109.689,Y2_med_hrv,Yoga,Meditation
2210.859,111.317,Y2_med_hrv,Yoga,Meditation
2211.398,111.317,Y2_med_hrv,Yoga,Meditation
2211.922,114.723,Y2_med_hrv,Yoga,Meditation
2212.438,116.279,Y2_med_hrv,Yoga,Meditation
2212.961,114.723,Y2_med_hrv,Yoga,Meditation
2213.453,121.951,Y2_med_hrv,Yoga,Meditation
2213.961,118.11,Y2_med_hrv,Yoga,Meditation
2214.461,120.0,Y2_med_hrv,Yoga,Meditation
2214.961,120.0,Y2_med_hrv,Yoga,Meditation
2215.477,116.279,Y2_med_hrv,Yoga,Meditation
2216.008,112.994,Y2_med_hrv,Yoga,Meditation
2216.586,103.806,Y2_med_hrv,Yoga,Meditation
2217.242,91.4634,Y2_med_hrv,Yoga,Meditation
2217.969,82.5309,Y2_med_hrv,Yoga,Meditation
2218.719,80.0,Y2_med_hrv,Yoga,Meditation
2219.453,81.7439,Y2_med_hrv,Yoga,Meditation
2220.156,85.3485,Y2_med_hrv,Yoga,Meditation
