Time,RR_Interval,Subject,Group,State
515.312,0.58,Y4_pre_rr,Yoga,Pre-Meditation
515.884,0.572,Y4_pre_rr,Yoga,Pre-Meditation
516.428,0.544,Y4_pre_rr,Yoga,Pre-Meditation
516.964,0.536,Y4_pre_rr,Yoga,Pre-Meditation
517.512,0.548,Y4_pre_rr,Yoga,Pre-Meditation
518.064,0.552,Y4_pre_rr,Yoga,Pre-Meditation
518.664,0.6,Y4_pre_rr,Yoga,Pre-Meditation
519.264,0.6,Y4_pre_rr,Yoga,Pre-Meditation
519.852,0.588,Y4_pre_rr,Yoga,Pre-Meditation
520.46,0.608,Y4_pre_rr,Yoga,Pre-Meditation
521.02,0.56,Y4_pre_rr,Yoga,Pre-Meditation
521.596,0.576,Y4_pre_rr,Yoga,Pre-Meditation
522.216,0.62,Y4_pre_rr,Yoga,Pre-Meditation
522.832,0.616,Y4_pre_rr,Yoga,Pre-Meditation
523.476,0.644,Y4_pre_rr,Yoga,Pre-Meditation
524.084,0.608,Y4_pre_rr,Yoga,Pre-Meditation
524.664,0.58,Y4_pre_rr,Yoga,Pre-Meditation
525.208,0.544,Y4_pre_rr,Yoga,Pre-Meditation
525.784,0.576,Y4_pre_rr,Yoga,Pre-Meditation
526.296,0.512,Y4_pre_rr,Yoga,Pre-Meditation
526.8,0.504,Y4_pre_rr,Yoga,Pre-Meditation
527.268,0.468,Y4_pre_rr,Yoga,Pre-Meditation
527.74,0.472,Y4_pre_rr,Yoga,Pre-Meditation
528.296,0.556,Y4_pre_rr,Yoga,Pre-Meditation
528.82,0.524,Y4_pre_rr,Yoga,Pre-Meditation
529.364,0.544,Y4_pre_rr,Yoga,Pre-Meditation
529.916,0.552,Y4_pre_rr,Yoga,Pre-Meditation
530.456,0.54,Y4_pre_rr,Yoga,Pre-Meditation
530.976,0.52,Y4_pre_rr,Yoga,Pre-Meditation
531.5,0.524,Y4_pre_rr,Yoga,Pre-Meditation
532.028,0.528,Y4_pre_rr,Yoga,Pre-Meditation
532.608,0.58,Y4_pre_rr,Yoga,Pre-Meditation
533.212,0.604,Y4_pre_rr,Yoga,Pre-Meditation
533.8,0.588,Y4_pre_rr,Yoga,Pre-Meditation
534.392,0.592,Y4_pre_rr,Yoga,Pre-Meditation
534.964,0.572,Y4_pre_rr,Yoga,Pre-Meditation
535.56,0.596,Y4_pre_rr,Yoga,Pre-Meditation
536.116,0.556,Y4_pre_rr,Yoga,Pre-Meditation
536.712,0.596,Y4_pre_rr,Yoga,Pre-Meditation
537.348,0.636,Y4_pre_rr,Yoga,Pre-Meditation
538.328,0.98,Y4_pre_rr,Yoga,Pre-Meditation
538.852,0.524,Y4_pre_rr,Yoga,Pre-Meditation
539.384,0.532,Y4_pre_rr,Yoga,Pre-Meditation
540.116,0.732,Y4_pre_rr,Yoga,Pre-Meditation
540.868,0.752,Y4_pre_rr,Yoga,Pre-Meditation
541.544,0.676,Y4_pre_rr,Yoga,Pre-Meditation
542.2,0.656,Y4_pre_rr,Yoga,Pre-Meditation
543.256,1.056,Y4_pre_rr,Yoga,Pre-Meditation
543.912,0.656,Y4_pre_rr,Yoga,Pre-Meditation
544.904,0.992,Y4_pre_rr,Yoga,Pre-Meditation
545.6,0.696,Y4_pre_rr,Yoga,Pre-Meditation
546.328,0.728,Y4_pre_rr,Yoga,Pre-Meditation
546.96,0.632,Y4_pre_rr,Yoga,Pre-Meditation
547.716,0.756,Y4_pre_rr,Yoga,Pre-Meditation
548.512,0.796,Y4_pre_rr,Yoga,Pre-Meditation
549.252,0.74,Y4_pre_rr,Yoga,Pre-Meditation
549.976,0.724,Y4_pre_rr,Yoga,Pre-Meditation
550.712,0.736,Y4_pre_rr,Yoga,Pre-Meditation
551.396,0.684,Y4_pre_rr,Yoga,Pre-Meditation
552.108,0.712,Y4_pre_rr,Yoga,Pre-Meditation
552.896,0.788,Y4_pre_rr,Yoga,Pre-Meditation
553.628,0.732,Y4_pre_rr,Yoga,Pre-Meditation
554.372,0.744,Y4_pre_rr,Yoga,Pre-Meditation
554.98,0.608,Y4_pre_rr,Yoga,Pre-Meditation
555.548,0.568,Y4_pre_rr,Yoga,Pre-Meditation
556.288,0.74,Y4_pre_rr,Yoga,Pre-Meditation
557.048,0.76,Y4_pre_rr,Yoga,Pre-Meditation
557.76,0.712,Y4_pre_rr,Yoga,Pre-Meditation
558.448,0.688,Y4_pre_rr,Yoga,Pre-Meditation
559.172,0.724,Y4_pre_rr,Yoga,Pre-Meditation
559.912,0.74,Y4_pre_rr,Yoga,Pre-Meditation
560.672,0.76,Y4_pre_rr,Yoga,Pre-Meditation
561.492,0.82,Y4_pre_rr,Yoga,Pre-Meditation
562.296,0.804,Y4_pre_rr,Yoga,Pre-Meditation
563.092,0.796,Y4_pre_rr,Yoga,Pre-Meditation
563.892,0.8,Y4_pre_rr,Yoga,Pre-Meditation
564.66,0.768,Y4_pre_rr,Yoga,Pre-Meditation
565.42,0.76,Y4_pre_rr,Yoga,Pre-Meditation
566.236,0.816,Y4_pre_rr,Yoga,Pre-Meditation
566.944,0.708,Y4_pre_rr,Yoga,Pre-Meditation
567.66,0.716,Y4_pre_rr,Yoga,Pre-Meditation
568.352,0.692,Y4_pre_rr,Yoga,Pre-Meditation
569.024,0.672,Y4_pre_rr,Yoga,Pre-Meditation
569.712,0.688,Y4_pre_rr,Yoga,Pre-Meditation
570.448,0.736,Y4_pre_rr,Yoga,Pre-Meditation
571.12,0.672,Y4_pre_rr,Yoga,Pre-Meditation
571.844,0.724,Y4_pre_rr,Yoga,Pre-Meditation
572.576,0.732,Y4_pre_rr,Yoga,Pre-Meditation
573.392,0.816,Y4_pre_rr,Yoga,Pre-Meditation
574.144,0.752,Y4_pre_rr,Yoga,Pre-Meditation
574.964,0.82,Y4_pre_rr,Yoga,Pre-Meditation
575.712,0.748,Y4_pre_rr,Yoga,Pre-Meditation
576.376,0.664,Y4_pre_rr,Yoga,Pre-Meditation
577.06,0.684,Y4_pre_rr,Yoga,Pre-Meditation
577.76,0.7,Y4_pre_rr,Yoga,Pre-Meditation
578.48,0.72,Y4_pre_rr,Yoga,Pre-Meditation
579.216,0.736,Y4_pre_rr,Yoga,Pre-Meditation
579.892,0.676,Y4_pre_rr,Yoga,Pre-Meditation
580.488,0.596,Y4_pre_rr,Yoga,Pre-Meditation
581.248,0.76,Y4_pre_rr,Yoga,Pre-Meditation
581.984,0.736,Y4_pre_rr,Yoga,Pre-Meditation
582.728,0.744,Y4_pre_rr,Yoga,Pre-Meditation
583.46,0.732,Y4_pre_rr,Yoga,Pre-Meditation
584.196,0.736,Y4_pre_rr,Yoga,Pre-Meditation
584.924,0.728,Y4_pre_rr,Yoga,Pre-Meditation
585.664,0.74,Y4_pre_rr,Yoga,Pre-Meditation
586.396,0.732,Y4_pre_rr,Yoga,Pre-Meditation
587.144,0.748,Y4_pre_rr,Yoga,Pre-Meditation
587.876,0.732,Y4_pre_rr,Yoga,Pre-Meditation
588.6,0.724,Y4_pre_rr,Yoga,Pre-Meditation
589.312,0.712,Y4_pre_rr,Yoga,Pre-Meditation
590.024,0.712,Y4_pre_rr,Yoga,Pre-Meditation
590.764,0.74,Y4_pre_rr,Yoga,Pre-Meditation
591.492,0.728,Y4_pre_rr,Yoga,Pre-Meditation
592.2,0.708,Y4_pre_rr,Yoga,Pre-Meditation
592.932,0.732,Y4_pre_rr,Yoga,Pre-Meditation
593.668,0.736,Y4_pre_rr,Yoga,Pre-Meditation
594.308,0.64,Y4_pre_rr,Yoga,Pre-Meditation
594.968,0.66,Y4_pre_rr,Yoga,Pre-Meditation
595.676,0.708,Y4_pre_rr,Yoga,Pre-Meditation
596.284,0.608,Y4_pre_rr,Yoga,Pre-Meditation
596.904,0.62,Y4_pre_rr,Yoga,Pre-Meditation
597.452,0.548,Y4_pre_rr,Yoga,Pre-Meditation
597.992,0.54,Y4_pre_rr,Yoga,Pre-Meditation
598.548,0.556,Y4_pre_rr,Yoga,Pre-Meditation
599.032,0.484,Y4_pre_rr,Yoga,Pre-Meditation
599.548,0.516,Y4_pre_rr,Yoga,Pre-Meditation
600.076,0.528,Y4_pre_rr,Yoga,Pre-Meditation
600.616,0.54,Y4_pre_rr,Yoga,Pre-Meditation
601.152,0.536,Y4_pre_rr,Yoga,Pre-Meditation
601.74,0.588,Y4_pre_rr,Yoga,Pre-Meditation
602.34,0.6,Y4_pre_rr,Yoga,Pre-Meditation
602.928,0.588,Y4_pre_rr,Yoga,Pre-Meditation
603.512,0.584,Y4_pre_rr,Yoga,Pre-Meditation
604.088,0.576,Y4_pre_rr,Yoga,Pre-Meditation
604.612,0.524,Y4_pre_rr,Yoga,Pre-Meditation
605.072,0.46,Y4_pre_rr,Yoga,Pre-Meditation
605.544,0.472,Y4_pre_rr,Yoga,Pre-Meditation
606.12,0.576,Y4_pre_rr,Yoga,Pre-Meditation
606.696,0.576,Y4_pre_rr,Yoga,Pre-Meditation
607.296,0.6,Y4_pre_rr,Yoga,Pre-Meditation
607.888,0.592,Y4_pre_rr,Yoga,Pre-Meditation
608.444,0.556,Y4_pre_rr,Yoga,Pre-Meditation
609.072,0.628,Y4_pre_rr,Yoga,Pre-Meditation
609.708,0.636,Y4_pre_rr,Yoga,Pre-Meditation
610.396,0.688,Y4_pre_rr,Yoga,Pre-Meditation
611.06,0.664,Y4_pre_rr,Yoga,Pre-Meditation
611.68,0.62,Y4_pre_rr,Yoga,Pre-Meditation
612.368,0.688,Y4_pre_rr,Yoga,Pre-Meditation
612.996,0.628,Y4_pre_rr,Yoga,Pre-Meditation
613.648,0.652,Y4_pre_rr,Yoga,Pre-Meditation
614.332,0.684,Y4_pre_rr,Yoga,Pre-Meditation
614.992,0.66,Y4_pre_rr,Yoga,Pre-Meditation
616.028,1.036,Y4_pre_rr,Yoga,Pre-Meditation
616.664,0.636,Y4_pre_rr,Yoga,Pre-Meditation
617.36,0.696,Y4_pre_rr,Yoga,Pre-Meditation
618.112,0.752,Y4_pre_rr,Yoga,Pre-Meditation
618.876,0.764,Y4_pre_rr,Yoga,Pre-Meditation
619.624,0.748,Y4_pre_rr,Yoga,Pre-Meditation
620.38,0.756,Y4_pre_rr,Yoga,Pre-Meditation
621.128,0.748,Y4_pre_rr,Yoga,Pre-Meditation
621.824,0.696,Y4_pre_rr,Yoga,Pre-Meditation
622.52,0.696,Y4_pre_rr,Yoga,Pre-Meditation
623.216,0.696,Y4_pre_rr,Yoga,Pre-Meditation
623.932,0.716,Y4_pre_rr,Yoga,Pre-Meditation
624.628,0.696,Y4_pre_rr,Yoga,Pre-Meditation
625.3,0.672,Y4_pre_rr,Yoga,Pre-Meditation
625.988,0.688,Y4_pre_rr,Yoga,Pre-Meditation
626.656,0.668,Y4_pre_rr,Yoga,Pre-Meditation
627.36,0.704,Y4_pre_rr,Yoga,Pre-Meditation
628.048,0.688,Y4_pre_rr,Yoga,Pre-Meditation
628.764,0.716,Y4_pre_rr,Yoga,Pre-Meditation
629.452,0.688,Y4_pre_rr,Yoga,Pre-Meditation
630.148,0.696,Y4_pre_rr,Yoga,Pre-Meditation
630.872,0.724,Y4_pre_rr,Yoga,Pre-Meditation
631.576,0.704,Y4_pre_rr,Yoga,Pre-Meditation
632.296,0.72,Y4_pre_rr,Yoga,Pre-Meditation
632.964,0.668,Y4_pre_rr,Yoga,Pre-Meditation
633.644,0.68,Y4_pre_rr,Yoga,Pre-Meditation
634.332,0.688,Y4_pre_rr,Yoga,Pre-Meditation
635.02,0.688,Y4_pre_rr,Yoga,Pre-Meditation
635.7,0.68,Y4_pre_rr,Yoga,Pre-Meditation
636.34,0.64,Y4_pre_rr,Yoga,Pre-Meditation
637.008,0.668,Y4_pre_rr,Yoga,Pre-Meditation
638.02,1.012,Y4_pre_rr,Yoga,Pre-Meditation
638.664,0.644,Y4_pre_rr,Yoga,Pre-Meditation
639.348,0.684,Y4_pre_rr,Yoga,Pre-Meditation
640.06,0.712,Y4_pre_rr,Yoga,Pre-Meditation
640.848,0.788,Y4_pre_rr,Yoga,Pre-Meditation
641.584,0.736,Y4_pre_rr,Yoga,Pre-Meditation
642.32,0.736,Y4_pre_rr,Yoga,Pre-Meditation
643.004,0.684,Y4_pre_rr,Yoga,Pre-Meditation
643.72,0.716,Y4_pre_rr,Yoga,Pre-Meditation
644.468,0.748,Y4_pre_rr,Yoga,Pre-Meditation
645.22,0.752,Y4_pre_rr,Yoga,Pre-Meditation
645.988,0.768,Y4_pre_rr,Yoga,Pre-Meditation
646.764,0.776,Y4_pre_rr,Yoga,Pre-Meditation
647.516,0.752,Y4_pre_rr,Yoga,Pre-Meditation
648.332,0.816,Y4_pre_rr,Yoga,Pre-Meditation
649.112,0.78,Y4_pre_rr,Yoga,Pre-Meditation
649.864,0.752,Y4_pre_rr,Yoga,Pre-Meditation
650.616,0.752,Y4_pre_rr,Yoga,Pre-Meditation
651.348,0.732,Y4_pre_rr,Yoga,Pre-Meditation
652.084,0.736,Y4_pre_rr,Yoga,Pre-Meditation
652.816,0.732,Y4_pre_rr,Yoga,Pre-Meditation
653.58,0.764,Y4_pre_rr,Yoga,Pre-Meditation
654.308,0.728,Y4_pre_rr,Yoga,Pre-Meditation
655.016,0.708,Y4_pre_rr,Yoga,Pre-Meditation
655.632,0.616,Y4_pre_rr,Yoga,Pre-Meditation
656.348,0.716,Y4_pre_rr,Yoga,Pre-Meditation
657.08,0.732,Y4_pre_rr,Yoga,Pre-Meditation
657.868,0.788,Y4_pre_rr,Yoga,Pre-Meditation
658.604,0.736,Y4_pre_rr,Yoga,Pre-Meditation
659.324,0.72,Y4_pre_rr,Yoga,Pre-Meditation
660.032,0.708,Y4_pre_rr,Yoga,Pre-Meditation
660.808,0.776,Y4_pre_rr,Yoga,Pre-Meditation
661.504,0.696,Y4_pre_rr,Yoga,Pre-Meditation
662.272,0.768,Y4_pre_rr,Yoga,Pre-Meditation
662.976,0.704,Y4_pre_rr,Yoga,Pre-Meditation
663.712,0.736,Y4_pre_rr,Yoga,Pre-Meditation
664.444,0.732,Y4_pre_rr,Yoga,Pre-Meditation
665.192,0.748,Y4_pre_rr,Yoga,Pre-Meditation
665.968,0.776,Y4_pre_rr,Yoga,Pre-Meditation
666.7,0.732,Y4_pre_rr,Yoga,Pre-Meditation
667.468,0.768,Y4_pre_rr,Yoga,Pre-Meditation
668.192,0.724,Y4_pre_rr,Yoga,Pre-Meditation
668.888,0.696,Y4_pre_rr,Yoga,Pre-Meditation
669.672,0.784,Y4_pre_rr,Yoga,Pre-Meditation
670.48,0.808,Y4_pre_rr,Yoga,Pre-Meditation
671.256,0.776,Y4_pre_rr,Yoga,Pre-Meditation
671.96,0.704,Y4_pre_rr,Yoga,Pre-Meditation
672.604,0.644,Y4_pre_rr,Yoga,Pre-Meditation
673.228,0.624,Y4_pre_rr,Yoga,Pre-Meditation
673.816,0.588,Y4_pre_rr,Yoga,Pre-Meditation
674.416,0.6,Y4_pre_rr,Yoga,Pre-Meditation
675.044,0.628,Y4_pre_rr,Yoga,Pre-Meditation
675.668,0.624,Y4_pre_rr,Yoga,Pre-Meditation
676.312,0.644,Y4_pre_rr,Yoga,Pre-Meditation
676.932,0.62,Y4_pre_rr,Yoga,Pre-Meditation
677.468,0.536,Y4_pre_rr,Yoga,Pre-Meditation
678.048,0.58,Y4_pre_rr,Yoga,Pre-Meditation
678.552,0.504,Y4_pre_rr,Yoga,Pre-Meditation
679.044,0.492,Y4_pre_rr,Yoga,Pre-Meditation
679.576,0.532,Y4_pre_rr,Yoga,Pre-Meditation
680.132,0.556,Y4_pre_rr,Yoga,Pre-Meditation
680.66,0.528,Y4_pre_rr,Yoga,Pre-Meditation
681.812,1.152,Y4_pre_rr,Yoga,Pre-Meditation
682.46,0.648,Y4_pre_rr,Yoga,Pre-Meditation
683.084,0.624,Y4_pre_rr,Yoga,Pre-Meditation
683.684,0.6,Y4_pre_rr,Yoga,Pre-Meditation
684.344,0.66,Y4_pre_rr,Yoga,Pre-Meditation
684.992,0.648,Y4_pre_rr,Yoga,Pre-Meditation
686.008,1.016,Y4_pre_rr,Yoga,Pre-Meditation
686.648,0.64,Y4_pre_rr,Yoga,Pre-Meditation
687.272,0.624,Y4_pre_rr,Yoga,Pre-Meditation
688.0,0.728,Y4_pre_rr,Yoga,Pre-Meditation
688.784,0.784,Y4_pre_rr,Yoga,Pre-Meditation
689.556,0.772,Y4_pre_rr,Yoga,Pre-Meditation
690.204,0.648,Y4_pre_rr,Yoga,Pre-Meditation
690.864,0.66,Y4_pre_rr,Yoga,Pre-Meditation
691.636,0.772,Y4_pre_rr,Yoga,Pre-Meditation
692.34,0.704,Y4_pre_rr,Yoga,Pre-Meditation
693.032,0.692,Y4_pre_rr,Yoga,Pre-Meditation
693.756,0.724,Y4_pre_rr,Yoga,Pre-Meditation
694.44,0.684,Y4_pre_rr,Yoga,Pre-Meditation
695.156,0.716,Y4_pre_rr,Yoga,Pre-Meditation
695.884,0.728,Y4_pre_rr,Yoga,Pre-Meditation
696.572,0.688,Y4_pre_rr,Yoga,Pre-Meditation
697.288,0.716,Y4_pre_rr,Yoga,Pre-Meditation
697.984,0.696,Y4_pre_rr,Yoga,Pre-Meditation
698.724,0.74,Y4_pre_rr,Yoga,Pre-Meditation
699.44,0.716,Y4_pre_rr,Yoga,Pre-Meditation
700.176,0.736,Y4_pre_rr,Yoga,Pre-Meditation
700.924,0.748,Y4_pre_rr,Yoga,Pre-Meditation
701.676,0.752,Y4_pre_rr,Yoga,Pre-Meditation
702.5,0.824,Y4_pre_rr,Yoga,Pre-Meditation
703.236,0.736,Y4_pre_rr,Yoga,Pre-Meditation
704.02,0.784,Y4_pre_rr,Yoga,Pre-Meditation
704.784,0.764,Y4_pre_rr,Yoga,Pre-Meditation
705.556,0.772,Y4_pre_rr,Yoga,Pre-Meditation
706.336,0.78,Y4_pre_rr,Yoga,Pre-Meditation
707.06,0.724,Y4_pre_rr,Yoga,Pre-Meditation
707.868,0.808,Y4_pre_rr,Yoga,Pre-Meditation
708.652,0.784,Y4_pre_rr,Yoga,Pre-Meditation
709.408,0.756,Y4_pre_rr,Yoga,Pre-Meditation
710.208,0.8,Y4_pre_rr,Yoga,Pre-Meditation
710.976,0.768,Y4_pre_rr,Yoga,Pre-Meditation
711.792,0.816,Y4_pre_rr,Yoga,Pre-Meditation
712.564,0.772,Y4_pre_rr,Yoga,Pre-Meditation
713.352,0.788,Y4_pre_rr,Yoga,Pre-Meditation
714.12,0.768,Y4_pre_rr,Yoga,Pre-Meditation
714.88,0.76,Y4_pre_rr,Yoga,Pre-Meditation
715.684,0.804,Y4_pre_rr,Yoga,Pre-Meditation
716.444,0.76,Y4_pre_rr,Yoga,Pre-Meditation
717.188,0.744,Y4_pre_rr,Yoga,Pre-Meditation
717.976,0.788,Y4_pre_rr,Yoga,Pre-Meditation
718.736,0.76,Y4_pre_rr,Yoga,Pre-Meditation
719.476,0.74,Y4_pre_rr,Yoga,Pre-Meditation
720.264,0.788,Y4_pre_rr,Yoga,Pre-Meditation
720.98,0.716,Y4_pre_rr,Yoga,Pre-Meditation
721.672,0.692,Y4_pre_rr,Yoga,Pre-Meditation
722.432,0.76,Y4_pre_rr,Yoga,Pre-Meditation
723.136,0.704,Y4_pre_rr,Yoga,Pre-Meditation
723.908,0.772,Y4_pre_rr,Yoga,Pre-Meditation
724.632,0.724,Y4_pre_rr,Yoga,Pre-Meditation
725.36,0.728,Y4_pre_rr,Yoga,Pre-Meditation
726.06,0.7,Y4_pre_rr,Yoga,Pre-Meditation
726.82,0.76,Y4_pre_rr,Yoga,Pre-Meditation
727.548,0.728,Y4_pre_rr,Yoga,Pre-Meditation
728.272,0.724,Y4_pre_rr,Yoga,Pre-Meditation
729.028,0.756,Y4_pre_rr,Yoga,Pre-Meditation
729.808,0.78,Y4_pre_rr,Yoga,Pre-Meditation
730.6,0.792,Y4_pre_rr,Yoga,Pre-Meditation
731.38,0.78,Y4_pre_rr,Yoga,Pre-Meditation
732.14,0.76,Y4_pre_rr,Yoga,Pre-Meditation
732.92,0.78,Y4_pre_rr,Yoga,Pre-Meditation
733.68,0.76,Y4_pre_rr,Yoga,Pre-Meditation
734.488,0.808,Y4_pre_rr,Yoga,Pre-Meditation
735.272,0.784,Y4_pre_rr,Yoga,Pre-Meditation
736.036,0.764,Y4_pre_rr,Yoga,Pre-Meditation
736.788,0.752,Y4_pre_rr,Yoga,Pre-Meditation
737.536,0.748,Y4_pre_rr,Yoga,Pre-Meditation
738.304,0.768,Y4_pre_rr,Yoga,Pre-Meditation
739.064,0.76,Y4_pre_rr,Yoga,Pre-Meditation
739.836,0.772,Y4_pre_rr,Yoga,Pre-Meditation
740.588,0.752,Y4_pre_rr,Yoga,Pre-Meditation
741.364,0.776,Y4_pre_rr,Yoga,Pre-Meditation
742.084,0.72,Y4_pre_rr,Yoga,Pre-Meditation
742.82,0.736,Y4_pre_rr,Yoga,Pre-Meditation
743.552,0.732,Y4_pre_rr,Yoga,Pre-Meditation
744.248,0.696,Y4_pre_rr,Yoga,Pre-Meditation
745.288,1.04,Y4_pre_rr,Yoga,Pre-Meditation
745.944,0.656,Y4_pre_rr,Yoga,Pre-Meditation
746.656,0.712,Y4_pre_rr,Yoga,Pre-Meditation
747.356,0.7,Y4_pre_rr,Yoga,Pre-Meditation
748.108,0.752,Y4_pre_rr,Yoga,Pre-Meditation
748.772,0.664,Y4_pre_rr,Yoga,Pre-Meditation
749.432,0.66,Y4_pre_rr,Yoga,Pre-Meditation
750.296,0.864,Y4_pre_rr,Yoga,Pre-Meditation
751.052,0.756,Y4_pre_rr,Yoga,Pre-Meditation
751.776,0.724,Y4_pre_rr,Yoga,Pre-Meditation
752.492,0.716,Y4_pre_rr,Yoga,Pre-Meditation
753.224,0.732,Y4_pre_rr,Yoga,Pre-Meditation
753.932,0.708,Y4_pre_rr,Yoga,Pre-Meditation
754.608,0.676,Y4_pre_rr,Yoga,Pre-Meditation
755.304,0.696,Y4_pre_rr,Yoga,Pre-Meditation
756.008,0.704,Y4_pre_rr,Yoga,Pre-Meditation
756.724,0.716,Y4_pre_rr,Yoga,Pre-Meditation
757.48,0.756,Y4_pre_rr,Yoga,Pre-Meditation
758.228,0.748,Y4_pre_rr,Yoga,Pre-Meditation
758.952,0.724,Y4_pre_rr,Yoga,Pre-Meditation
759.684,0.732,Y4_pre_rr,Yoga,Pre-Meditation
760.44,0.756,Y4_pre_rr,Yoga,Pre-Meditation
761.176,0.736,Y4_pre_rr,Yoga,Pre-Meditation
761.932,0.756,Y4_pre_rr,Yoga,Pre-Meditation
762.66,0.728,Y4_pre_rr,Yoga,Pre-Meditation
763.336,0.676,Y4_pre_rr,Yoga,Pre-Meditation
764.088,0.752,Y4_pre_rr,Yoga,Pre-Meditation
764.804,0.716,Y4_pre_rr,Yoga,Pre-Meditation
765.5,0.696,Y4_pre_rr,Yoga,Pre-Meditation
766.236,0.736,Y4_pre_rr,Yoga,Pre-Meditation
766.896,0.66,Y4_pre_rr,Yoga,Pre-Meditation
767.624,0.728,Y4_pre_rr,Yoga,Pre-Meditation
768.38,0.756,Y4_pre_rr,Yoga,Pre-Meditation
769.116,0.736,Y4_pre_rr,Yoga,Pre-Meditation
769.924,0.808,Y4_pre_rr,Yoga,Pre-Meditation
770.652,0.728,Y4_pre_rr,Yoga,Pre-Meditation
771.38,0.728,Y4_pre_rr,Yoga,Pre-Meditation
772.108,0.728,Y4_pre_rr,Yoga,Pre-Meditation
772.772,0.664,Y4_pre_rr,Yoga,Pre-Meditation
773.44,0.668,Y4_pre_rr,Yoga,Pre-Meditation
774.052,0.612,Y4_pre_rr,Yoga,Pre-Meditation
774.644,0.592,Y4_pre_rr,Yoga,Pre-Meditation
775.184,0.54,Y4_pre_rr,Yoga,Pre-Meditation
775.688,0.504,Y4_pre_rr,Yoga,Pre-Meditation
776.156,0.468,Y4_pre_rr,Yoga,Pre-Meditation
776.692,0.536,Y4_pre_rr,Yoga,Pre-Meditation
777.188,0.496,Y4_pre_rr,Yoga,Pre-Meditation
777.688,0.5,Y4_pre_rr,Yoga,Pre-Meditation
778.2,0.512,Y4_pre_rr,Yoga,Pre-Meditation
779.544,1.344,Y4_pre_rr,Yoga,Pre-Meditation
780.128,0.584,Y4_pre_rr,Yoga,Pre-Meditation
780.708,0.58,Y4_pre_rr,Yoga,Pre-Meditation
781.256,0.548,Y4_pre_rr,Yoga,Pre-Meditation
781.768,0.512,Y4_pre_rr,Yoga,Pre-Meditation
782.272,0.504,Y4_pre_rr,Yoga,Pre-Meditation
782.9,0.628,Y4_pre_rr,Yoga,Pre-Meditation
783.564,0.664,Y4_pre_rr,Yoga,Pre-Meditation
784.24,0.676,Y4_pre_rr,Yoga,Pre-Meditation
784.904,0.664,Y4_pre_rr,Yoga,Pre-Meditation
785.584,0.68,Y4_pre_rr,Yoga,Pre-Meditation
786.264,0.68,Y4_pre_rr,Yoga,Pre-Meditation
786.92,0.656,Y4_pre_rr,Yoga,Pre-Meditation
787.584,0.664,Y4_pre_rr,Yoga,Pre-Meditation
788.284,0.7,Y4_pre_rr,Yoga,Pre-Meditation
788.992,0.708,Y4_pre_rr,Yoga,Pre-Meditation
789.676,0.684,Y4_pre_rr,Yoga,Pre-Meditation
790.328,0.652,Y4_pre_rr,Yoga,Pre-Meditation
790.952,0.624,Y4_pre_rr,Yoga,Pre-Meditation
791.6,0.648,Y4_pre_rr,Yoga,Pre-Meditation
792.228,0.628,Y4_pre_rr,Yoga,Pre-Meditation
792.876,0.648,Y4_pre_rr,Yoga,Pre-Meditation
793.52,0.644,Y4_pre_rr,Yoga,Pre-Meditation
794.12,0.6,Y4_pre_rr,Yoga,Pre-Meditation
794.768,0.648,Y4_pre_rr,Yoga,Pre-Meditation
795.744,0.976,Y4_pre_rr,Yoga,Pre-Meditation
796.344,0.6,Y4_pre_rr,Yoga,Pre-Meditation
796.904,0.56,Y4_pre_rr,Yoga,Pre-Meditation
797.428,0.524,Y4_pre_rr,Yoga,Pre-Meditation
798.02,0.592,Y4_pre_rr,Yoga,Pre-Meditation
798.708,0.688,Y4_pre_rr,Yoga,Pre-Meditation
799.728,1.02,Y4_pre_rr,Yoga,Pre-Meditation
800.372,0.644,Y4_pre_rr,Yoga,Pre-Meditation
801.036,0.664,Y4_pre_rr,Yoga,Pre-Meditation
801.688,0.652,Y4_pre_rr,Yoga,Pre-Meditation
802.768,1.08,Y4_pre_rr,Yoga,Pre-Meditation
803.424,0.656,Y4_pre_rr,Yoga,Pre-Meditation
804.12,0.696,Y4_pre_rr,Yoga,Pre-Meditation
804.856,0.736,Y4_pre_rr,Yoga,Pre-Meditation
805.608,0.752,Y4_pre_rr,Yoga,Pre-Meditation
806.396,0.788,Y4_pre_rr,Yoga,Pre-Meditation
807.168,0.772,Y4_pre_rr,Yoga,Pre-Meditation
807.944,0.776,Y4_pre_rr,Yoga,Pre-Meditation
808.704,0.76,Y4_pre_rr,Yoga,Pre-Meditation
809.476,0.772,Y4_pre_rr,Yoga,Pre-Meditation
810.288,0.812,Y4_pre_rr,Yoga,Pre-Meditation
811.06,0.772,Y4_pre_rr,Yoga,Pre-Meditation
811.86,0.8,Y4_pre_rr,Yoga,Pre-Meditation
812.652,0.792,Y4_pre_rr,Yoga,Pre-Meditation
813.432,0.78,Y4_pre_rr,Yoga,Pre-Meditation
814.176,0.744,Y4_pre_rr,Yoga,Pre-Meditation
814.924,0.748,Y4_pre_rr,Yoga,Pre-Meditation
815.724,0.8,Y4_pre_rr,Yoga,Pre-Meditation
816.488,0.764,Y4_pre_rr,Yoga,Pre-Meditation
817.268,0.78,Y4_pre_rr,Yoga,Pre-Meditation
817.96,0.692,Y4_pre_rr,Yoga,Pre-Meditation
818.688,0.728,Y4_pre_rr,Yoga,Pre-Meditation
819.46,0.772,Y4_pre_rr,Yoga,Pre-Meditation
820.248,0.788,Y4_pre_rr,Yoga,Pre-Meditation
821.004,0.756,Y4_pre_rr,Yoga,Pre-Meditation
821.756,0.752,Y4_pre_rr,Yoga,Pre-Meditation
822.528,0.772,Y4_pre_rr,Yoga,Pre-Meditation
823.308,0.78,Y4_pre_rr,Yoga,Pre-Meditation
