Time,RR_Interval,Subject,Group,State
661.776,0.42,Y1_med_rr,Yoga,Meditation
662.212,0.436,Y1_med_rr,Yoga,Meditation
662.644,0.432,Y1_med_rr,Yoga,Meditation
663.072,0.428,Y1_med_rr,Yoga,Meditation
663.472,0.4,Y1_med_rr,Yoga,Meditation
663.872,0.4,Y1_med_rr,Yoga,Meditation
664.228,0.356,Y1_med_rr,Yoga,Meditation
664.604,0.376,Y1_med_rr,Yoga,Meditation
664.94,0.336,Y1_med_rr,Yoga,Meditation
665.3,0.36,Y1_med_rr,Yoga,Meditation
665.624,0.324,Y1_med_rr,Yoga,Meditation
665.988,0.364,Y1_med_rr,Yoga,Meditation
666.356,0.368,Y1_med_rr,Yoga,Meditation
666.74,0.384,Y1_med_rr,Yoga,Meditation
667.128,0.388,Y1_med_rr,Yoga,Meditation
667.512,0.384,Y1_med_rr,Yoga,Meditation
667.888,0.376,Y1_med_rr,Yoga,Meditation
668.248,0.36,Y1_med_rr,Yoga,Meditation
668.604,0.356,Y1_med_rr,Yoga,Meditation
668.952,0.348,Y1_med_rr,Yoga,Meditation
669.28,0.328,Y1_med_rr,Yoga,Meditation
669.628,0.348,Y1_med_rr,Yoga,Meditation
669.968,0.34,Y1_med_rr,Yoga,Meditation
670.316,0.348,Y1_med_rr,Yoga,Meditation
670.668,0.352,Y1_med_rr,Yoga,Meditation
671.032,0.364,Y1_med_rr,Yoga,Meditation
671.404,0.372,Y1_med_rr,Yoga,Meditation
671.764,0.36,Y1_med_rr,Yoga,Meditation
672.128,0.364,Y1_med_rr,Yoga,Meditation
672.48,0.352,Y1_med_rr,Yoga,Meditation
672.82,0.34,Y1_med_rr,Yoga,Meditation
673.156,0.336,Y1_med_rr,Yoga,Meditation
673.484,0.328,Y1_med_rr,Yoga,Meditation
673.812,0.328,Y1_med_rr,Yoga,Meditation
674.144,0.332,Y1_med_rr,Yoga,Meditation
674.476,0.332,Y1_med_rr,Yoga,Meditation
674.824,0.348,Y1_med_rr,Yoga,Meditation
675.18,0.356,Y1_med_rr,Yoga,Meditation
675.536,0.356,Y1_med_rr,Yoga,Meditation
675.896,0.36,Y1_med_rr,Yoga,Meditation
676.26,0.364,Y1_med_rr,Yoga,Meditation
676.616,0.356,Y1_med_rr,Yoga,Meditation
676.972,0.356,Y1_med_rr,Yoga,Meditation
677.316,0.344,Y1_med_rr,Yoga,Meditation
677.652,0.336,Y1_med_rr,Yoga,Meditation
677.984,0.332,Y1_med_rr,Yoga,Meditation
678.3,0.316,Y1_med_rr,Yoga,Meditation
678.612,0.312,Y1_med_rr,Yoga,Meditation
678.92,0.308,Y1_med_rr,Yoga,Meditation
679.228,0.308,Y1_med_rr,Yoga,Meditation
679.536,0.308,Y1_med_rr,Yoga,Meditation
679.848,0.312,Y1_med_rr,Yoga,Meditation
680.168,0.32,Y1_med_rr,Yoga,Meditation
680.5,0.332,Y1_med_rr,Yoga,Meditation
680.856,0.356,Y1_med_rr,Yoga,Meditation
681.216,0.36,Y1_med_rr,Yoga,Meditation
681.58,0.364,Y1_med_rr,Yoga,Meditation
681.944,0.364,Y1_med_rr,Yoga,Meditation
682.3,0.356,Y1_med_rr,Yoga,Meditation
682.644,0.344,Y1_med_rr,Yoga,Meditation
682.964,0.32,Y1_med_rr,Yoga,Meditation
683.292,0.328,Y1_med_rr,Yoga,Meditation
683.612,0.32,Y1_med_rr,Yoga,Meditation
683.932,0.32,Y1_med_rr,Yoga,Meditation
684.248,0.316,Y1_med_rr,Yoga,Meditation
684.556,0.308,Y1_med_rr,Yoga,Meditation
684.88,0.324,Y1_med_rr,Yoga,Meditation
685.204,0.324,Y1_med_rr,Yoga,Meditation
685.524,0.32,Y1_med_rr,Yoga,Meditation
685.844,0.32,Y1_med_rr,Yoga,Meditation
686.168,0.324,Y1_med_rr,Yoga,Meditation
686.484,0.316,Y1_med_rr,Yoga,Meditation
686.8,0.316,Y1_med_rr,Yoga,Meditation
687.108,0.308,Y1_med_rr,Yoga,Meditation
687.408,0.3,Y1_med_rr,Yoga,Meditation
687.708,0.3,Y1_med_rr,Yoga,Meditation
688.016,0.308,Y1_med_rr,Yoga,Meditation
688.336,0.32,Y1_med_rr,Yoga,Meditation
688.668,0.332,Y1_med_rr,Yoga,Meditation
689.012,0.344,Y1_med_rr,Yoga,Meditation
689.372,0.36,Y1_med_rr,Yoga,Meditation
689.728,0.356,Y1_med_rr,Yoga,Meditation
690.088,0.36,Y1_med_rr,Yoga,Meditation
690.44,0.352,Y1_med_rr,Yoga,Meditation
690.796,0.356,Y1_med_rr,Yoga,Meditation
691.148,0.352,Y1_med_rr,Yoga,Meditation
691.496,0.348,Y1_med_rr,Yoga,Meditation
691.828,0.332,Y1_med_rr,Yoga,Meditation
692.152,0.324,Y1_med_rr,Yoga,Meditation
692.472,0.32,Y1_med_rr,Yoga,Meditation
692.788,0.316,Y1_med_rr,Yoga,Meditation
693.1,0.312,Y1_med_rr,Yoga,Meditation
693.408,0.308,Y1_med_rr,Yoga,Meditation
693.712,0.304,Y1_med_rr,Yoga,Meditation
694.024,0.312,Y1_med_rr,Yoga,Meditation
694.34,0.316,Y1_med_rr,Yoga,Meditation
694.664,0.324,Y1_med_rr,Yoga,Meditation
695.008,0.344,Y1_med_rr,Yoga,Meditation
695.376,0.368,Y1_med_rr,Yoga,Meditation
695.744,0.368,Y1_med_rr,Yoga,Meditation
696.116,0.372,Y1_med_rr,Yoga,Meditation
696.492,0.376,Y1_med_rr,Yoga,Meditation
696.848,0.356,Y1_med_rr,Yoga,Meditation
697.216,0.368,Y1_med_rr,Yoga,Meditation
697.584,0.368,Y1_med_rr,Yoga,Meditation
697.952,0.368,Y1_med_rr,Yoga,Meditation
698.312,0.36,Y1_med_rr,Yoga,Meditation
698.66,0.348,Y1_med_rr,Yoga,Meditation
699.004,0.344,Y1_med_rr,Yoga,Meditation
699.344,0.34,Y1_med_rr,Yoga,Meditation
699.672,0.328,Y1_med_rr,Yoga,Meditation
699.996,0.324,Y1_med_rr,Yoga,Meditation
700.328,0.332,Y1_med_rr,Yoga,Meditation
700.648,0.32,Y1_med_rr,Yoga,Meditation
700.96,0.312,Y1_med_rr,Yoga,Meditation
701.264,0.304,Y1_med_rr,Yoga,Meditation
701.564,0.3,Y1_med_rr,Yoga,Meditation
701.864,0.3,Y1_med_rr,Yoga,Meditation
702.16,0.296,Y1_med_rr,Yoga,Meditation
702.452,0.292,Y1_med_rr,Yoga,Meditation
702.748,0.296,Y1_med_rr,Yoga,Meditation
703.044,0.296,Y1_med_rr,Yoga,Meditation
703.356,0.312,Y1_med_rr,Yoga,Meditation
703.676,0.32,Y1_med_rr,Yoga,Meditation
704.012,0.336,Y1_med_rr,Yoga,Meditation
704.356,0.344,Y1_med_rr,Yoga,Meditation
704.7,0.344,Y1_med_rr,Yoga,Meditation
705.04,0.34,Y1_med_rr,Yoga,Meditation
705.4,0.36,Y1_med_rr,Yoga,Meditation
705.752,0.352,Y1_med_rr,Yoga,Meditation
706.1,0.348,Y1_med_rr,Yoga,Meditation
706.44,0.34,Y1_med_rr,Yoga,Meditation
706.776,0.336,Y1_med_rr,Yoga,Meditation
707.104,0.328,Y1_med_rr,Yoga,Meditation
707.424,0.32,Y1_med_rr,Yoga,Meditation
707.744,0.32,Y1_med_rr,Yoga,Meditation
708.052,0.308,Y1_med_rr,Yoga,Meditation
708.356,0.304,Y1_med_rr,Yoga,Meditation
708.66,0.304,Y1_med_rr,Yoga,Meditation
708.964,0.304,Y1_med_rr,Yoga,Meditation
709.26,0.296,Y1_med_rr,Yoga,Meditation
709.572,0.312,Y1_med_rr,Yoga,Meditation
709.868,0.296,Y1_med_rr,Yoga,Meditation
710.148,0.28,Y1_med_rr,Yoga,Meditation
710.448,0.3,Y1_med_rr,Yoga,Meditation
710.744,0.296,Y1_med_rr,Yoga,Meditation
711.04,0.296,Y1_med_rr,Yoga,Meditation
711.332,0.292,Y1_med_rr,Yoga,Meditation
711.632,0.3,Y1_med_rr,Yoga,Meditation
711.916,0.284,Y1_med_rr,Yoga,Meditation
712.212,0.296,Y1_med_rr,Yoga,Meditation
712.508,0.296,Y1_med_rr,Yoga,Meditation
712.808,0.3,Y1_med_rr,Yoga,Meditation
713.12,0.312,Y1_med_rr,Yoga,Meditation
713.428,0.308,Y1_med_rr,Yoga,Meditation
713.744,0.316,Y1_med_rr,Yoga,Meditation
714.064,0.32,Y1_med_rr,Yoga,Meditation
714.388,0.324,Y1_med_rr,Yoga,Meditation
714.72,0.332,Y1_med_rr,Yoga,Meditation
715.048,0.328,Y1_med_rr,Yoga,Meditation
715.376,0.328,Y1_med_rr,Yoga,Meditation
715.7,0.324,Y1_med_rr,Yoga,Meditation
716.024,0.324,Y1_med_rr,Yoga,Meditation
716.34,0.316,Y1_med_rr,Yoga,Meditation
716.66,0.32,Y1_med_rr,Yoga,Meditation
716.984,0.324,Y1_med_rr,Yoga,Meditation
717.288,0.304,Y1_med_rr,Yoga,Meditation
717.608,0.32,Y1_med_rr,Yoga,Meditation
717.904,0.296,Y1_med_rr,Yoga,Meditation
718.228,0.324,Y1_med_rr,Yoga,Meditation
718.536,0.308,Y1_med_rr,Yoga,Meditation
718.848,0.312,Y1_med_rr,Yoga,Meditation
719.164,0.316,Y1_med_rr,Yoga,Meditation
719.492,0.328,Y1_med_rr,Yoga,Meditation
719.82,0.328,Y1_med_rr,Yoga,Meditation
720.14,0.32,Y1_med_rr,Yoga,Meditation
720.452,0.312,Y1_med_rr,Yoga,Meditation
720.768,0.316,Y1_med_rr,Yoga,Meditation
721.088,0.32,Y1_med_rr,Yoga,Meditation
721.404,0.316,Y1_med_rr,Yoga,Meditation
721.724,0.32,Y1_med_rr,Yoga,Meditation
722.052,0.328,Y1_med_rr,Yoga,Meditation
722.38,0.328,Y1_med_rr,Yoga,Meditation
722.712,0.332,Y1_med_rr,Yoga,Meditation
723.044,0.332,Y1_med_rr,Yoga,Meditation
723.38,0.336,Y1_med_rr,Yoga,Meditation
723.74,0.36,Y1_med_rr,Yoga,Meditation
724.072,0.332,Y1_med_rr,Yoga,Meditation
724.436,0.364,Y1_med_rr,Yoga,Meditation
724.784,0.348,Y1_med_rr,Yoga,Meditation
725.128,0.344,Y1_med_rr,Yoga,Meditation
725.46,0.332,Y1_med_rr,Yoga,Meditation
725.788,0.328,Y1_med_rr,Yoga,Meditation
726.088,0.3,Y1_med_rr,Yoga,Meditation
726.408,0.32,Y1_med_rr,Yoga,Meditation
726.716,0.308,Y1_med_rr,Yoga,Meditation
727.016,0.3,Y1_med_rr,Yoga,Meditation
727.312,0.296,Y1_med_rr,Yoga,Meditation
727.592,0.28,Y1_med_rr,Yoga,Meditation
727.876,0.284,Y1_med_rr,Yoga,Meditation
728.168,0.292,Y1_med_rr,Yoga,Meditation
728.476,0.308,Y1_med_rr,Yoga,Meditation
728.804,0.328,Y1_med_rr,Yoga,Meditation
729.156,0.352,Y1_med_rr,Yoga,Meditation
729.512,0.356,Y1_med_rr,Yoga,Meditation
729.876,0.364,Y1_med_rr,Yoga,Meditation
730.224,0.348,Y1_med_rr,Yoga,Meditation
730.588,0.364,Y1_med_rr,Yoga,Meditation
730.944,0.356,Y1_med_rr,Yoga,Meditation
731.288,0.344,Y1_med_rr,Yoga,Meditation
731.628,0.34,Y1_med_rr,Yoga,Meditation
731.968,0.34,Y1_med_rr,Yoga,Meditation
732.304,0.336,Y1_med_rr,Yoga,Meditation
732.636,0.332,Y1_med_rr,Yoga,Meditation
732.964,0.328,Y1_med_rr,Yoga,Meditation
733.284,0.32,Y1_med_rr,Yoga,Meditation
733.612,0.328,Y1_med_rr,Yoga,Meditation
733.92,0.308,Y1_med_rr,Yoga,Meditation
734.24,0.32,Y1_med_rr,Yoga,Meditation
734.552,0.312,Y1_med_rr,Yoga,Meditation
734.856,0.304,Y1_med_rr,Yoga,Meditation
735.156,0.3,Y1_med_rr,Yoga,Meditation
735.444,0.288,Y1_med_rr,Yoga,Meditation
735.744,0.3,Y1_med_rr,Yoga,Meditation
736.048,0.304,Y1_med_rr,Yoga,Meditation
736.36,0.312,Y1_med_rr,Yoga,Meditation
736.688,0.328,Y1_med_rr,Yoga,Meditation
737.036,0.348,Y1_med_rr,Yoga,Meditation
737.408,0.372,Y1_med_rr,Yoga,Meditation
737.796,0.388,Y1_med_rr,Yoga,Meditation
738.168,0.372,Y1_med_rr,Yoga,Meditation
738.532,0.364,Y1_med_rr,Yoga,Meditation
738.896,0.364,Y1_med_rr,Yoga,Meditation
739.264,0.368,Y1_med_rr,Yoga,Meditation
739.62,0.356,Y1_med_rr,Yoga,Meditation
739.972,0.352,Y1_med_rr,Yoga,Meditation
740.312,0.34,Y1_med_rr,Yoga,Meditation
740.64,0.328,Y1_med_rr,Yoga,Meditation
740.96,0.32,Y1_med_rr,Yoga,Meditation
741.268,0.308,Y1_med_rr,Yoga,Meditation
741.572,0.304,Y1_med_rr,Yoga,Meditation
741.864,0.292,Y1_med_rr,Yoga,Meditation
742.168,0.304,Y1_med_rr,Yoga,Meditation
742.444,0.276,Y1_med_rr,Yoga,Meditation
742.724,0.28,Y1_med_rr,Yoga,Meditation
743.004,0.28,Y1_med_rr,Yoga,Meditation
743.28,0.276,Y1_med_rr,Yoga,Meditation
743.56,0.28,Y1_med_rr,Yoga,Meditation
743.848,0.288,Y1_med_rr,Yoga,Meditation
744.16,0.312,Y1_med_rr,Yoga,Meditation
744.48,0.32,Y1_med_rr,Yoga,Meditation
744.808,0.328,Y1_med_rr,Yoga,Meditation
745.14,0.332,Y1_med_rr,Yoga,Meditation
745.472,0.332,Y1_med_rr,Yoga,Meditation
745.808,0.336,Y1_med_rr,Yoga,Meditation
746.152,0.344,Y1_med_rr,Yoga,Meditation
746.504,0.352,Y1_med_rr,Yoga,Meditation
746.864,0.36,Y1_med_rr,Yoga,Meditation
747.232,0.368,Y1_med_rr,Yoga,Meditation
747.6,0.368,Y1_med_rr,Yoga,Meditation
747.952,0.352,Y1_med_rr,Yoga,Meditation
748.288,0.336,Y1_med_rr,Yoga,Meditation
748.616,0.328,Y1_med_rr,Yoga,Meditation
748.928,0.312,Y1_med_rr,Yoga,Meditation
749.232,0.304,Y1_med_rr,Yoga,Meditation
749.532,0.3,Y1_med_rr,Yoga,Meditation
749.832,0.3,Y1_med_rr,Yoga,Meditation
750.124,0.292,Y1_med_rr,Yoga,Meditation
750.416,0.292,Y1_med_rr,Yoga,Meditation
750.708,0.292,Y1_med_rr,Yoga,Meditation
750.996,0.288,Y1_med_rr,Yoga,Meditation
751.296,0.3,Y1_med_rr,Yoga,Meditation
751.62,0.324,Y1_med_rr,Yoga,Meditation
751.956,0.336,Y1_med_rr,Yoga,Meditation
752.304,0.348,Y1_med_rr,Yoga,Meditation
752.656,0.352,Y1_med_rr,Yoga,Meditation
753.016,0.36,Y1_med_rr,Yoga,Meditation
753.384,0.368,Y1_med_rr,Yoga,Meditation
753.748,0.364,Y1_med_rr,Yoga,Meditation
754.1,0.352,Y1_med_rr,Yoga,Meditation
754.444,0.344,Y1_med_rr,Yoga,Meditation
754.788,0.344,Y1_med_rr,Yoga,Meditation
755.132,0.344,Y1_med_rr,Yoga,Meditation
755.46,0.328,Y1_med_rr,Yoga,Meditation
755.788,0.328,Y1_med_rr,Yoga,Meditation
756.108,0.32,Y1_med_rr,Yoga,Meditation
756.42,0.312,Y1_med_rr,Yoga,Meditation
756.72,0.3,Y1_med_rr,Yoga,Meditation
757.016,0.296,Y1_med_rr,Yoga,Meditation
757.308,0.292,Y1_med_rr,Yoga,Meditation
757.592,0.284,Y1_med_rr,Yoga,Meditation
757.876,0.284,Y1_med_rr,Yoga,Meditation
758.152,0.276,Y1_med_rr,Yoga,Meditation
758.428,0.276,Y1_med_rr,Yoga,Meditation
758.704,0.276,Y1_med_rr,Yoga,Meditation
758.976,0.272,Y1_med_rr,Yoga,Meditation
759.248,0.272,Y1_med_rr,Yoga,Meditation
759.52,0.272,Y1_med_rr,Yoga,Meditation
759.8,0.28,Y1_med_rr,Yoga,Meditation
760.092,0.292,Y1_med_rr,Yoga,Meditation
760.392,0.3,Y1_med_rr,Yoga,Meditation
760.712,0.32,Y1_med_rr,Yoga,Meditation
761.048,0.336,Y1_med_rr,Yoga,Meditation
761.388,0.34,Y1_med_rr,Yoga,Meditation
761.74,0.352,Y1_med_rr,Yoga,Meditation
762.088,0.348,Y1_med_rr,Yoga,Meditation
762.444,0.356,Y1_med_rr,Yoga,Meditation
762.804,0.36,Y1_med_rr,Yoga,Meditation
763.18,0.376,Y1_med_rr,Yoga,Meditation
763.556,0.376,Y1_med_rr,Yoga,Meditation
763.92,0.364,Y1_med_rr,Yoga,Meditation
764.272,0.352,Y1_med_rr,Yoga,Meditation
764.6,0.328,Y1_med_rr,Yoga,Meditation
764.916,0.316,Y1_med_rr,Yoga,Meditation
765.224,0.308,Y1_med_rr,Yoga,Meditation
765.52,0.296,Y1_med_rr,Yoga,Meditation
765.812,0.292,Y1_med_rr,Yoga,Meditation
766.1,0.288,Y1_med_rr,Yoga,Meditation
766.384,0.284,Y1_med_rr,Yoga,Meditation
766.664,0.28,Y1_med_rr,Yoga,Meditation
766.948,0.284,Y1_med_rr,Yoga,Meditation
767.228,0.28,Y1_med_rr,Yoga,Meditation
767.516,0.288,Y1_med_rr,Yoga,Meditation
767.812,0.296,Y1_med_rr,Yoga,Meditation
768.116,0.304,Y1_med_rr,Yoga,Meditation
768.428,0.312,Y1_med_rr,Yoga,Meditation
768.764,0.336,Y1_med_rr,Yoga,Meditation
769.112,0.348,Y1_med_rr,Yoga,Meditation
769.46,0.348,Y1_med_rr,Yoga,Meditation
769.808,0.348,Y1_med_rr,Yoga,Meditation
770.152,0.344,Y1_med_rr,Yoga,Meditation
770.516,0.364,Y1_med_rr,Yoga,Meditation
770.864,0.348,Y1_med_rr,Yoga,Meditation
771.216,0.352,Y1_med_rr,Yoga,Meditation
771.564,0.348,Y1_med_rr,Yoga,Meditation
771.9,0.336,Y1_med_rr,Yoga,Meditation
772.228,0.328,Y1_med_rr,Yoga,Meditation
772.544,0.316,Y1_med_rr,Yoga,Meditation
772.852,0.308,Y1_med_rr,Yoga,Meditation
773.152,0.3,Y1_med_rr,Yoga,Meditation
773.444,0.292,Y1_med_rr,Yoga,Meditation
773.732,0.288,Y1_med_rr,Yoga,Meditation
774.012,0.28,Y1_med_rr,Yoga,Meditation
774.288,0.276,Y1_med_rr,Yoga,Meditation
774.56,0.272,Y1_med_rr,Yoga,Meditation
774.828,0.268,Y1_med_rr,Yoga,Meditation
775.1,0.272,Y1_med_rr,Yoga,Meditation
775.376,0.276,Y1_med_rr,Yoga,Meditation
775.66,0.284,Y1_med_rr,Yoga,Meditation
775.968,0.308,Y1_med_rr,Yoga,Meditation
776.304,0.336,Y1_med_rr,Yoga,Meditation
776.664,0.36,Y1_med_rr,Yoga,Meditation
777.04,0.376,Y1_med_rr,Yoga,Meditation
777.436,0.396,Y1_med_rr,Yoga,Meditation
777.824,0.388,Y1_med_rr,Yoga,Meditation
778.216,0.392,Y1_med_rr,Yoga,Meditation
778.592,0.376,Y1_med_rr,Yoga,Meditation
778.952,0.36,Y1_med_rr,Yoga,Meditation
779.304,0.352,Y1_med_rr,Yoga,Meditation
779.644,0.34,Y1_med_rr,Yoga,Meditation
779.964,0.32,Y1_med_rr,Yoga,Meditation
780.284,0.32,Y1_med_rr,Yoga,Meditation
780.584,0.3,Y1_med_rr,Yoga,Meditation
780.884,0.3,Y1_med_rr,Yoga,Meditation
781.176,0.292,Y1_med_rr,Yoga,Meditation
781.46,0.284,Y1_med_rr,Yoga,Meditation
781.74,0.28,Y1_med_rr,Yoga,Meditation
782.016,0.276,Y1_med_rr,Yoga,Meditation
782.288,0.272,Y1_med_rr,Yoga,Meditation
782.568,0.28,Y1_med_rr,Yoga,Meditation
782.848,0.28,Y1_med_rr,Yoga,Meditation
783.144,0.296,Y1_med_rr,Yoga,Meditation
783.456,0.312,Y1_med_rr,Yoga,Meditation
783.784,0.328,Y1_med_rr,Yoga,Meditation
784.124,0.34,Y1_med_rr,Yoga,Meditation
784.472,0.348,Y1_med_rr,Yoga,Meditation
784.836,0.364,Y1_med_rr,Yoga,Meditation
785.212,0.376,Y1_med_rr,Yoga,Meditation
785.596,0.384,Y1_med_rr,Yoga,Meditation
785.98,0.384,Y1_med_rr,Yoga,Meditation
786.348,0.368,Y1_med_rr,Yoga,Meditation
786.696,0.348,Y1_med_rr,Yoga,Meditation
787.016,0.32,Y1_med_rr,Yoga,Meditation
787.328,0.312,Y1_med_rr,Yoga,Meditation
787.632,0.304,Y1_med_rr,Yoga,Meditation
787.928,0.296,Y1_med_rr,Yoga,Meditation
788.216,0.288,Y1_med_rr,Yoga,Meditation
788.504,0.288,Y1_med_rr,Yoga,Meditation
788.78,0.276,Y1_med_rr,Yoga,Meditation
789.06,0.28,Y1_med_rr,Yoga,Meditation
789.352,0.292,Y1_med_rr,Yoga,Meditation
789.664,0.312,Y1_med_rr,Yoga,Meditation
789.972,0.308,Y1_med_rr,Yoga,Meditation
790.288,0.316,Y1_med_rr,Yoga,Meditation
790.584,0.296,Y1_med_rr,Yoga,Meditation
790.88,0.296,Y1_med_rr,Yoga,Meditation
791.184,0.304,Y1_med_rr,Yoga,Meditation
791.5,0.316,Y1_med_rr,Yoga,Meditation
791.816,0.316,Y1_med_rr,Yoga,Meditation
792.14,0.324,Y1_med_rr,Yoga,Meditation
792.468,0.328,Y1_med_rr,Yoga,Meditation
792.792,0.324,Y1_med_rr,Yoga,Meditation
793.112,0.32,Y1_med_rr,Yoga,Meditation
793.432,0.32,Y1_med_rr,Yoga,Meditation
793.756,0.324,Y1_med_rr,Yoga,Meditation
794.072,0.316,Y1_med_rr,Yoga,Meditation
794.388,0.316,Y1_med_rr,Yoga,Meditation
794.7,0.312,Y1_med_rr,Yoga,Meditation
795.008,0.308,Y1_med_rr,Yoga,Meditation
795.312,0.304,Y1_med_rr,Yoga,Meditation
795.616,0.304,Y1_med_rr,Yoga,Meditation
795.92,0.304,Y1_med_rr,Yoga,Meditation
796.232,0.312,Y1_med_rr,Yoga,Meditation
796.544,0.312,Y1_med_rr,Yoga,Meditation
796.844,0.3,Y1_med_rr,Yoga,Meditation
797.148,0.304,Y1_med_rr,Yoga,Meditation
797.444,0.296,Y1_med_rr,Yoga,Meditation
797.732,0.288,Y1_med_rr,Yoga,Meditation
798.02,0.288,Y1_med_rr,Yoga,Meditation
798.308,0.288,Y1_med_rr,Yoga,Meditation
798.592,0.284,Y1_med_rr,Yoga,Meditation
798.876,0.284,Y1_med_rr,Yoga,Meditation
799.156,0.28,Y1_med_rr,Yoga,Meditation
799.444,0.288,Y1_med_rr,Yoga,Meditation
799.728,0.284,Y1_med_rr,Yoga,Meditation
800.016,0.288,Y1_med_rr,Yoga,Meditation
800.316,0.3,Y1_med_rr,Yoga,Meditation
800.628,0.312,Y1_med_rr,Yoga,Meditation
800.948,0.32,Y1_med_rr,Yoga,Meditation
801.276,0.328,Y1_med_rr,Yoga,Meditation
801.604,0.328,Y1_med_rr,Yoga,Meditation
801.948,0.344,Y1_med_rr,Yoga,Meditation
802.3,0.352,Y1_med_rr,Yoga,Meditation
802.664,0.364,Y1_med_rr,Yoga,Meditation
803.024,0.36,Y1_med_rr,Yoga,Meditation
803.368,0.344,Y1_med_rr,Yoga,Meditation
803.7,0.332,Y1_med_rr,Yoga,Meditation
804.02,0.32,Y1_med_rr,Yoga,Meditation
804.324,0.304,Y1_med_rr,Yoga,Meditation
804.628,0.304,Y1_med_rr,Yoga,Meditation
804.92,0.292,Y1_med_rr,Yoga,Meditation
805.208,0.288,Y1_med_rr,Yoga,Meditation
805.488,0.28,Y1_med_rr,Yoga,Meditation
805.764,0.276,Y1_med_rr,Yoga,Meditation
806.036,0.272,Y1_med_rr,Yoga,Meditation
806.308,0.272,Y1_med_rr,Yoga,Meditation
806.58,0.272,Y1_med_rr,Yoga,Meditation
806.86,0.28,Y1_med_rr,Yoga,Meditation
807.152,0.292,Y1_med_rr,Yoga,Meditation
807.468,0.316,Y1_med_rr,Yoga,Meditation
807.796,0.328,Y1_med_rr,Yoga,Meditation
808.144,0.348,Y1_med_rr,Yoga,Meditation
808.496,0.352,Y1_med_rr,Yoga,Meditation
808.852,0.356,Y1_med_rr,Yoga,Meditation
809.216,0.364,Y1_med_rr,Yoga,Meditation
809.596,0.38,Y1_med_rr,Yoga,Meditation
809.98,0.384,Y1_med_rr,Yoga,Meditation
810.376,0.396,Y1_med_rr,Yoga,Meditation
810.756,0.38,Y1_med_rr,Yoga,Meditation
811.124,0.368,Y1_med_rr,Yoga,Meditation
811.48,0.356,Y1_med_rr,Yoga,Meditation
811.816,0.336,Y1_med_rr,Yoga,Meditation
812.14,0.324,Y1_med_rr,Yoga,Meditation
812.46,0.32,Y1_med_rr,Yoga,Meditation
812.768,0.308,Y1_med_rr,Yoga,Meditation
813.068,0.3,Y1_med_rr,Yoga,Meditation
813.36,0.292,Y1_med_rr,Yoga,Meditation
813.648,0.288,Y1_med_rr,Yoga,Meditation
813.932,0.284,Y1_med_rr,Yoga,Meditation
814.212,0.28,Y1_med_rr,Yoga,Meditation
814.488,0.276,Y1_med_rr,Yoga,Meditation
814.764,0.276,Y1_med_rr,Yoga,Meditation
815.048,0.284,Y1_med_rr,Yoga,Meditation
815.348,0.3,Y1_med_rr,Yoga,Meditation
815.696,0.348,Y1_med_rr,Yoga,Meditation
816.064,0.368,Y1_med_rr,Yoga,Meditation
816.452,0.388,Y1_med_rr,Yoga,Meditation
816.84,0.388,Y1_med_rr,Yoga,Meditation
817.236,0.396,Y1_med_rr,Yoga,Meditation
817.628,0.392,Y1_med_rr,Yoga,Meditation
818.024,0.396,Y1_med_rr,Yoga,Meditation
818.436,0.412,Y1_med_rr,Yoga,Meditation
818.86,0.424,Y1_med_rr,Yoga,Meditation
819.276,0.416,Y1_med_rr,Yoga,Meditation
819.68,0.404,Y1_med_rr,Yoga,Meditation
820.076,0.396,Y1_med_rr,Yoga,Meditation
820.452,0.376,Y1_med_rr,Yoga,Meditation
820.82,0.368,Y1_med_rr,Yoga,Meditation
821.168,0.348,Y1_med_rr,Yoga,Meditation
821.496,0.328,Y1_med_rr,Yoga,Meditation
821.824,0.328,Y1_med_rr,Yoga,Meditation
822.136,0.312,Y1_med_rr,Yoga,Meditation
822.44,0.304,Y1_med_rr,Yoga,Meditation
822.74,0.3,Y1_med_rr,Yoga,Meditation
823.032,0.292,Y1_med_rr,Yoga,Meditation
823.324,0.292,Y1_med_rr,Yoga,Meditation
823.616,0.292,Y1_med_rr,Yoga,Meditation
823.908,0.292,Y1_med_rr,Yoga,Meditation
824.208,0.3,Y1_med_rr,Yoga,Meditation
824.52,0.312,Y1_med_rr,Yoga,Meditation
824.864,0.344,Y1_med_rr,Yoga,Meditation
825.204,0.34,Y1_med_rr,Yoga,Meditation
825.592,0.388,Y1_med_rr,Yoga,Meditation
825.96,0.368,Y1_med_rr,Yoga,Meditation
826.344,0.384,Y1_med_rr,Yoga,Meditation
826.72,0.376,Y1_med_rr,Yoga,Meditation
827.084,0.364,Y1_med_rr,Yoga,Meditation
827.44,0.356,Y1_med_rr,Yoga,Meditation
827.796,0.356,Y1_med_rr,Yoga,Meditation
828.152,0.356,Y1_med_rr,Yoga,Meditation
828.496,0.344,Y1_med_rr,Yoga,Meditation
828.836,0.34,Y1_med_rr,Yoga,Meditation
829.168,0.332,Y1_med_rr,Yoga,Meditation
829.492,0.324,Y1_med_rr,Yoga,Meditation
829.812,0.32,Y1_med_rr,Yoga,Meditation
830.124,0.312,Y1_med_rr,Yoga,Meditation
830.436,0.312,Y1_med_rr,Yoga,Meditation
830.736,0.3,Y1_med_rr,Yoga,Meditation
831.036,0.3,Y1_med_rr,Yoga,Meditation
831.332,0.296,Y1_med_rr,Yoga,Meditation
831.624,0.292,Y1_med_rr,Yoga,Meditation
831.912,0.288,Y1_med_rr,Yoga,Meditation
832.204,0.292,Y1_med_rr,Yoga,Meditation
832.504,0.3,Y1_med_rr,Yoga,Meditation
832.816,0.312,Y1_med_rr,Yoga,Meditation
833.144,0.328,Y1_med_rr,Yoga,Meditation
833.48,0.336,Y1_med_rr,Yoga,Meditation
833.816,0.336,Y1_med_rr,Yoga,Meditation
834.16,0.344,Y1_med_rr,Yoga,Meditation
834.5,0.34,Y1_med_rr,Yoga,Meditation
834.844,0.344,Y1_med_rr,Yoga,Meditation
835.18,0.336,Y1_med_rr,Yoga,Meditation
835.52,0.34,Y1_med_rr,Yoga,Meditation
835.86,0.34,Y1_med_rr,Yoga,Meditation
836.192,0.332,Y1_med_rr,Yoga,Meditation
836.516,0.324,Y1_med_rr,Yoga,Meditation
836.832,0.316,Y1_med_rr,Yoga,Meditation
837.148,0.316,Y1_med_rr,Yoga,Meditation
837.452,0.304,Y1_med_rr,Yoga,Meditation
837.752,0.3,Y1_med_rr,Yoga,Meditation
838.04,0.288,Y1_med_rr,Yoga,Meditation
838.32,0.28,Y1_med_rr,Yoga,Meditation
838.604,0.284,Y1_med_rr,Yoga,Meditation
838.876,0.272,Y1_med_rr,Yoga,Meditation
839.144,0.268,Y1_med_rr,Yoga,Meditation
839.416,0.272,Y1_med_rr,Yoga,Meditation
839.684,0.268,Y1_med_rr,Yoga,Meditation
839.948,0.264,Y1_med_rr,Yoga,Meditation
840.216,0.268,Y1_med_rr,Yoga,Meditation
840.492,0.276,Y1_med_rr,Yoga,Meditation
840.772,0.28,Y1_med_rr,Yoga,Meditation
841.06,0.288,Y1_med_rr,Yoga,Meditation
841.352,0.292,Y1_med_rr,Yoga,Meditation
841.652,0.3,Y1_med_rr,Yoga,Meditation
841.956,0.304,Y1_med_rr,Yoga,Meditation
842.264,0.308,Y1_med_rr,Yoga,Meditation
842.58,0.316,Y1_med_rr,Yoga,Meditation
842.888,0.308,Y1_med_rr,Yoga,Meditation
843.2,0.312,Y1_med_rr,Yoga,Meditation
843.504,0.304,Y1_med_rr,Yoga,Meditation
843.808,0.304,Y1_med_rr,Yoga,Meditation
844.116,0.308,Y1_med_rr,Yoga,Meditation
844.424,0.308,Y1_med_rr,Yoga,Meditation
844.732,0.308,Y1_med_rr,Yoga,Meditation
845.032,0.3,Y1_med_rr,Yoga,Meditation
845.336,0.304,Y1_med_rr,Yoga,Meditation
845.632,0.296,Y1_med_rr,Yoga,Meditation
845.924,0.292,Y1_med_rr,Yoga,Meditation
846.216,0.292,Y1_med_rr,Yoga,Meditation
846.5,0.284,Y1_med_rr,Yoga,Meditation
846.784,0.284,Y1_med_rr,Yoga,Meditation
847.064,0.28,Y1_med_rr,Yoga,Meditation
847.344,0.28,Y1_med_rr,Yoga,Meditation
847.632,0.288,Y1_med_rr,Yoga,Meditation
847.92,0.288,Y1_med_rr,Yoga,Meditation
848.22,0.3,Y1_med_rr,Yoga,Meditation
848.528,0.308,Y1_med_rr,Yoga,Meditation
848.856,0.328,Y1_med_rr,Yoga,Meditation
849.184,0.328,Y1_med_rr,Yoga,Meditation
849.528,0.344,Y1_med_rr,Yoga,Meditation
849.876,0.348,Y1_med_rr,Yoga,Meditation
850.216,0.34,Y1_med_rr,Yoga,Meditation
850.552,0.336,Y1_med_rr,Yoga,Meditation
850.888,0.336,Y1_med_rr,Yoga,Meditation
851.216,0.328,Y1_med_rr,Yoga,Meditation
851.548,0.332,Y1_med_rr,Yoga,Meditation
851.88,0.332,Y1_med_rr,Yoga,Meditation
852.2,0.32,Y1_med_rr,Yoga,Meditation
852.516,0.316,Y1_med_rr,Yoga,Meditation
852.824,0.308,Y1_med_rr,Yoga,Meditation
853.128,0.304,Y1_med_rr,Yoga,Meditation
853.428,0.3,Y1_med_rr,Yoga,Meditation
853.72,0.292,Y1_med_rr,Yoga,Meditation
854.012,0.292,Y1_med_rr,Yoga,Meditation
854.296,0.284,Y1_med_rr,Yoga,Meditation
854.576,0.28,Y1_med_rr,Yoga,Meditation
854.856,0.28,Y1_med_rr,Yoga,Meditation
855.132,0.276,Y1_med_rr,Yoga,Meditation
855.408,0.276,Y1_med_rr,Yoga,Meditation
855.68,0.272,Y1_med_rr,Yoga,Meditation
855.956,0.276,Y1_med_rr,Yoga,Meditation
856.24,0.284,Y1_med_rr,Yoga,Meditation
856.536,0.296,Y1_med_rr,Yoga,Meditation
856.848,0.312,Y1_med_rr,Yoga,Meditation
857.196,0.348,Y1_med_rr,Yoga,Meditation
857.544,0.348,Y1_med_rr,Yoga,Meditation
857.904,0.36,Y1_med_rr,Yoga,Meditation
858.264,0.36,Y1_med_rr,Yoga,Meditation
858.62,0.356,Y1_med_rr,Yoga,Meditation
858.98,0.36,Y1_med_rr,Yoga,Meditation
859.336,0.356,Y1_med_rr,Yoga,Meditation
859.688,0.352,Y1_med_rr,Yoga,Meditation
860.032,0.344,Y1_med_rr,Yoga,Meditation
860.372,0.34,Y1_med_rr,Yoga,Meditation
860.704,0.332,Y1_med_rr,Yoga,Meditation
861.02,0.316,Y1_med_rr,Yoga,Meditation
861.332,0.312,Y1_med_rr,Yoga,Meditation
861.632,0.3,Y1_med_rr,Yoga,Meditation
861.924,0.292,Y1_med_rr,Yoga,Meditation
862.212,0.288,Y1_med_rr,Yoga,Meditation
862.496,0.284,Y1_med_rr,Yoga,Meditation
862.776,0.28,Y1_med_rr,Yoga,Meditation
863.052,0.276,Y1_med_rr,Yoga,Meditation
863.324,0.272,Y1_med_rr,Yoga,Meditation
863.592,0.268,Y1_med_rr,Yoga,Meditation
863.86,0.268,Y1_med_rr,Yoga,Meditation
864.132,0.272,Y1_med_rr,Yoga,Meditation
864.416,0.284,Y1_med_rr,Yoga,Meditation
864.704,0.288,Y1_med_rr,Yoga,Meditation
865.012,0.308,Y1_med_rr,Yoga,Meditation
865.332,0.32,Y1_med_rr,Yoga,Meditation
865.668,0.336,Y1_med_rr,Yoga,Meditation
866.012,0.344,Y1_med_rr,Yoga,Meditation
866.364,0.352,Y1_med_rr,Yoga,Meditation
866.72,0.356,Y1_med_rr,Yoga,Meditation
867.076,0.356,Y1_med_rr,Yoga,Meditation
867.424,0.348,Y1_med_rr,Yoga,Meditation
867.76,0.336,Y1_med_rr,Yoga,Meditation
868.088,0.328,Y1_med_rr,Yoga,Meditation
868.408,0.32,Y1_med_rr,Yoga,Meditation
868.724,0.316,Y1_med_rr,Yoga,Meditation
869.032,0.308,Y1_med_rr,Yoga,Meditation
869.332,0.3,Y1_med_rr,Yoga,Meditation
869.624,0.292,Y1_med_rr,Yoga,Meditation
869.912,0.288,Y1_med_rr,Yoga,Meditation
870.188,0.276,Y1_med_rr,Yoga,Meditation
870.468,0.28,Y1_med_rr,Yoga,Meditation
870.74,0.272,Y1_med_rr,Yoga,Meditation
871.024,0.284,Y1_med_rr,Yoga,Meditation
871.32,0.296,Y1_med_rr,Yoga,Meditation
871.652,0.332,Y1_med_rr,Yoga,Meditation
872.008,0.356,Y1_med_rr,Yoga,Meditation
872.38,0.372,Y1_med_rr,Yoga,Meditation
872.772,0.392,Y1_med_rr,Yoga,Meditation
873.136,0.364,Y1_med_rr,Yoga,Meditation
873.516,0.38,Y1_med_rr,Yoga,Meditation
873.888,0.372,Y1_med_rr,Yoga,Meditation
874.252,0.364,Y1_med_rr,Yoga,Meditation
874.6,0.348,Y1_med_rr,Yoga,Meditation
874.944,0.344,Y1_med_rr,Yoga,Meditation
875.276,0.332,Y1_med_rr,Yoga,Meditation
875.596,0.32,Y1_med_rr,Yoga,Meditation
875.916,0.32,Y1_med_rr,Yoga,Meditation
876.236,0.32,Y1_med_rr,Yoga,Meditation
876.544,0.308,Y1_med_rr,Yoga,Meditation
876.848,0.304,Y1_med_rr,Yoga,Meditation
877.148,0.3,Y1_med_rr,Yoga,Meditation
877.44,0.292,Y1_med_rr,Yoga,Meditation
877.728,0.288,Y1_med_rr,Yoga,Meditation
878.016,0.288,Y1_med_rr,Yoga,Meditation
878.292,0.276,Y1_med_rr,Yoga,Meditation
878.564,0.272,Y1_med_rr,Yoga,Meditation
878.84,0.276,Y1_med_rr,Yoga,Meditation
879.108,0.268,Y1_med_rr,Yoga,Meditation
879.384,0.276,Y1_med_rr,Yoga,Meditation
879.66,0.276,Y1_med_rr,Yoga,Meditation
879.932,0.272,Y1_med_rr,Yoga,Meditation
880.204,0.272,Y1_med_rr,Yoga,Meditation
880.484,0.28,Y1_med_rr,Yoga,Meditation
880.768,0.284,Y1_med_rr,Yoga,Meditation
881.056,0.288,Y1_med_rr,Yoga,Meditation
881.36,0.304,Y1_med_rr,Yoga,Meditation
881.664,0.304,Y1_med_rr,Yoga,Meditation
881.976,0.312,Y1_med_rr,Yoga,Meditation
882.296,0.32,Y1_med_rr,Yoga,Meditation
882.62,0.324,Y1_med_rr,Yoga,Meditation
882.94,0.32,Y1_med_rr,Yoga,Meditation
883.252,0.312,Y1_med_rr,Yoga,Meditation
883.564,0.312,Y1_med_rr,Yoga,Meditation
883.876,0.312,Y1_med_rr,Yoga,Meditation
884.188,0.312,Y1_med_rr,Yoga,Meditation
884.504,0.316,Y1_med_rr,Yoga,Meditation
884.812,0.308,Y1_med_rr,Yoga,Meditation
885.116,0.304,Y1_med_rr,Yoga,Meditation
885.408,0.292,Y1_med_rr,Yoga,Meditation
885.696,0.288,Y1_med_rr,Yoga,Meditation
885.98,0.284,Y1_med_rr,Yoga,Meditation
886.26,0.28,Y1_med_rr,Yoga,Meditation
886.544,0.284,Y1_med_rr,Yoga,Meditation
886.82,0.276,Y1_med_rr,Yoga,Meditation
887.096,0.276,Y1_med_rr,Yoga,Meditation
887.368,0.272,Y1_med_rr,Yoga,Meditation
887.644,0.276,Y1_med_rr,Yoga,Meditation
887.916,0.272,Y1_med_rr,Yoga,Meditation
888.192,0.276,Y1_med_rr,Yoga,Meditation
888.464,0.272,Y1_med_rr,Yoga,Meditation
888.74,0.276,Y1_med_rr,Yoga,Meditation
889.016,0.276,Y1_med_rr,Yoga,Meditation
889.296,0.28,Y1_med_rr,Yoga,Meditation
889.58,0.284,Y1_med_rr,Yoga,Meditation
889.872,0.292,Y1_med_rr,Yoga,Meditation
890.172,0.3,Y1_med_rr,Yoga,Meditation
890.472,0.3,Y1_med_rr,Yoga,Meditation
890.776,0.304,Y1_med_rr,Yoga,Meditation
891.08,0.304,Y1_med_rr,Yoga,Meditation
891.384,0.304,Y1_med_rr,Yoga,Meditation
891.684,0.3,Y1_med_rr,Yoga,Meditation
891.984,0.3,Y1_med_rr,Yoga,Meditation
892.276,0.292,Y1_med_rr,Yoga,Meditation
892.568,0.292,Y1_med_rr,Yoga,Meditation
892.856,0.288,Y1_med_rr,Yoga,Meditation
893.14,0.284,Y1_med_rr,Yoga,Meditation
893.42,0.28,Y1_med_rr,Yoga,Meditation
893.696,0.276,Y1_med_rr,Yoga,Meditation
893.972,0.276,Y1_med_rr,Yoga,Meditation
894.252,0.28,Y1_med_rr,Yoga,Meditation
894.532,0.28,Y1_med_rr,Yoga,Meditation
894.808,0.276,Y1_med_rr,Yoga,Meditation
895.084,0.276,Y1_med_rr,Yoga,Meditation
895.356,0.272,Y1_med_rr,Yoga,Meditation
895.636,0.28,Y1_med_rr,Yoga,Meditation
895.912,0.276,Y1_med_rr,Yoga,Meditation
896.188,0.276,Y1_med_rr,Yoga,Meditation
896.468,0.28,Y1_med_rr,Yoga,Meditation
896.74,0.272,Y1_med_rr,Yoga,Meditation
897.016,0.276,Y1_med_rr,Yoga,Meditation
897.292,0.276,Y1_med_rr,Yoga,Meditation
897.576,0.284,Y1_med_rr,Yoga,Meditation
897.86,0.284,Y1_med_rr,Yoga,Meditation
898.152,0.292,Y1_med_rr,Yoga,Meditation
898.448,0.296,Y1_med_rr,Yoga,Meditation
898.752,0.304,Y1_med_rr,Yoga,Meditation
899.056,0.304,Y1_med_rr,Yoga,Meditation
899.364,0.308,Y1_med_rr,Yoga,Meditation
899.672,0.308,Y1_med_rr,Yoga,Meditation
899.984,0.312,Y1_med_rr,Yoga,Meditation
900.292,0.308,Y1_med_rr,Yoga,Meditation
900.6,0.308,Y1_med_rr,Yoga,Meditation
900.9,0.3,Y1_med_rr,Yoga,Meditation
901.196,0.296,Y1_med_rr,Yoga,Meditation
901.492,0.296,Y1_med_rr,Yoga,Meditation
901.78,0.288,Y1_med_rr,Yoga,Meditation
902.072,0.292,Y1_med_rr,Yoga,Meditation
902.356,0.284,Y1_med_rr,Yoga,Meditation
902.64,0.284,Y1_med_rr,Yoga,Meditation
902.924,0.284,Y1_med_rr,Yoga,Meditation
903.2,0.276,Y1_med_rr,Yoga,Meditation
903.476,0.276,Y1_med_rr,Yoga,Meditation
903.748,0.272,Y1_med_rr,Yoga,Meditation
904.02,0.272,Y1_med_rr,Yoga,Meditation
904.288,0.268,Y1_med_rr,Yoga,Meditation
904.556,0.268,Y1_med_rr,Yoga,Meditation
904.82,0.264,Y1_med_rr,Yoga,Meditation
905.088,0.268,Y1_med_rr,Yoga,Meditation
905.36,0.272,Y1_med_rr,Yoga,Meditation
905.632,0.272,Y1_med_rr,Yoga,Meditation
905.912,0.28,Y1_med_rr,Yoga,Meditation
906.2,0.288,Y1_med_rr,Yoga,Meditation
906.492,0.292,Y1_med_rr,Yoga,Meditation
906.796,0.304,Y1_med_rr,Yoga,Meditation
907.116,0.32,Y1_med_rr,Yoga,Meditation
907.432,0.316,Y1_med_rr,Yoga,Meditation
907.756,0.324,Y1_med_rr,Yoga,Meditation
908.072,0.316,Y1_med_rr,Yoga,Meditation
908.384,0.312,Y1_med_rr,Yoga,Meditation
908.696,0.312,Y1_med_rr,Yoga,Meditation
909.012,0.316,Y1_med_rr,Yoga,Meditation
909.332,0.32,Y1_med_rr,Yoga,Meditation
909.64,0.308,Y1_med_rr,Yoga,Meditation
909.944,0.304,Y1_med_rr,Yoga,Meditation
910.244,0.3,Y1_med_rr,Yoga,Meditation
910.54,0.296,Y1_med_rr,Yoga,Meditation
910.824,0.284,Y1_med_rr,Yoga,Meditation
911.108,0.284,Y1_med_rr,Yoga,Meditation
911.384,0.276,Y1_med_rr,Yoga,Meditation
911.656,0.272,Y1_med_rr,Yoga,Meditation
911.924,0.268,Y1_med_rr,Yoga,Meditation
912.192,0.268,Y1_med_rr,Yoga,Meditation
912.456,0.264,Y1_med_rr,Yoga,Meditation
912.72,0.264,Y1_med_rr,Yoga,Meditation
912.976,0.256,Y1_med_rr,Yoga,Meditation
913.236,0.26,Y1_med_rr,Yoga,Meditation
913.496,0.26,Y1_med_rr,Yoga,Meditation
913.756,0.26,Y1_med_rr,Yoga,Meditation
914.028,0.272,Y1_med_rr,Yoga,Meditation
914.316,0.288,Y1_med_rr,Yoga,Meditation
914.624,0.308,Y1_med_rr,Yoga,Meditation
914.948,0.324,Y1_med_rr,Yoga,Meditation
915.276,0.328,Y1_med_rr,Yoga,Meditation
915.608,0.332,Y1_med_rr,Yoga,Meditation
915.94,0.332,Y1_med_rr,Yoga,Meditation
916.26,0.32,Y1_med_rr,Yoga,Meditation
916.572,0.312,Y1_med_rr,Yoga,Meditation
916.88,0.308,Y1_med_rr,Yoga,Meditation
917.188,0.308,Y1_med_rr,Yoga,Meditation
917.5,0.312,Y1_med_rr,Yoga,Meditation
917.808,0.308,Y1_med_rr,Yoga,Meditation
918.116,0.308,Y1_med_rr,Yoga,Meditation
918.432,0.316,Y1_med_rr,Yoga,Meditation
918.74,0.308,Y1_med_rr,Yoga,Meditation
919.04,0.3,Y1_med_rr,Yoga,Meditation
919.336,0.296,Y1_med_rr,Yoga,Meditation
919.628,0.292,Y1_med_rr,Yoga,Meditation
919.912,0.284,Y1_med_rr,Yoga,Meditation
920.188,0.276,Y1_med_rr,Yoga,Meditation
920.464,0.276,Y1_med_rr,Yoga,Meditation
920.744,0.28,Y1_med_rr,Yoga,Meditation
921.012,0.268,Y1_med_rr,Yoga,Meditation
921.276,0.264,Y1_med_rr,Yoga,Meditation
921.54,0.264,Y1_med_rr,Yoga,Meditation
921.804,0.264,Y1_med_rr,Yoga,Meditation
922.08,0.276,Y1_med_rr,Yoga,Meditation
922.372,0.292,Y1_med_rr,Yoga,Meditation
922.708,0.336,Y1_med_rr,Yoga,Meditation
923.068,0.36,Y1_med_rr,Yoga,Meditation
923.432,0.364,Y1_med_rr,Yoga,Meditation
923.804,0.372,Y1_med_rr,Yoga,Meditation
924.176,0.372,Y1_med_rr,Yoga,Meditation
924.548,0.372,Y1_med_rr,Yoga,Meditation
924.908,0.36,Y1_med_rr,Yoga,Meditation
925.264,0.356,Y1_med_rr,Yoga,Meditation
925.616,0.352,Y1_med_rr,Yoga,Meditation
925.964,0.348,Y1_med_rr,Yoga,Meditation
926.3,0.336,Y1_med_rr,Yoga,Meditation
926.64,0.34,Y1_med_rr,Yoga,Meditation
926.968,0.328,Y1_med_rr,Yoga,Meditation
927.288,0.32,Y1_med_rr,Yoga,Meditation
927.592,0.304,Y1_med_rr,Yoga,Meditation
927.892,0.3,Y1_med_rr,Yoga,Meditation
928.18,0.288,Y1_med_rr,Yoga,Meditation
928.46,0.28,Y1_med_rr,Yoga,Meditation
928.736,0.276,Y1_med_rr,Yoga,Meditation
929.008,0.272,Y1_med_rr,Yoga,Meditation
929.28,0.272,Y1_med_rr,Yoga,Meditation
929.548,0.268,Y1_med_rr,Yoga,Meditation
929.816,0.268,Y1_med_rr,Yoga,Meditation
930.084,0.268,Y1_med_rr,Yoga,Meditation
930.356,0.272,Y1_med_rr,Yoga,Meditation
930.632,0.276,Y1_med_rr,Yoga,Meditation
930.92,0.288,Y1_med_rr,Yoga,Meditation
931.212,0.292,Y1_med_rr,Yoga,Meditation
931.512,0.3,Y1_med_rr,Yoga,Meditation
931.82,0.308,Y1_med_rr,Yoga,Meditation
932.132,0.312,Y1_med_rr,Yoga,Meditation
932.452,0.32,Y1_med_rr,Yoga,Meditation
932.768,0.316,Y1_med_rr,Yoga,Meditation
933.088,0.32,Y1_med_rr,Yoga,Meditation
933.412,0.324,Y1_med_rr,Yoga,Meditation
933.736,0.324,Y1_med_rr,Yoga,Meditation
934.064,0.328,Y1_med_rr,Yoga,Meditation
934.38,0.316,Y1_med_rr,Yoga,Meditation
934.696,0.316,Y1_med_rr,Yoga,Meditation
935.008,0.312,Y1_med_rr,Yoga,Meditation
935.304,0.296,Y1_med_rr,Yoga,Meditation
935.596,0.292,Y1_med_rr,Yoga,Meditation
935.88,0.284,Y1_med_rr,Yoga,Meditation
936.156,0.276,Y1_med_rr,Yoga,Meditation
936.432,0.276,Y1_med_rr,Yoga,Meditation
936.704,0.272,Y1_med_rr,Yoga,Meditation
936.972,0.268,Y1_med_rr,Yoga,Meditation
937.24,0.268,Y1_med_rr,Yoga,Meditation
937.512,0.272,Y1_med_rr,Yoga,Meditation
937.784,0.272,Y1_med_rr,Yoga,Meditation
938.064,0.28,Y1_med_rr,Yoga,Meditation
938.372,0.308,Y1_med_rr,Yoga,Meditation
938.708,0.336,Y1_med_rr,Yoga,Meditation
939.044,0.336,Y1_med_rr,Yoga,Meditation
939.392,0.348,Y1_med_rr,Yoga,Meditation
939.744,0.352,Y1_med_rr,Yoga,Meditation
940.084,0.34,Y1_med_rr,Yoga,Meditation
940.436,0.352,Y1_med_rr,Yoga,Meditation
940.788,0.352,Y1_med_rr,Yoga,Meditation
941.144,0.356,Y1_med_rr,Yoga,Meditation
941.488,0.344,Y1_med_rr,Yoga,Meditation
941.82,0.332,Y1_med_rr,Yoga,Meditation
942.148,0.328,Y1_med_rr,Yoga,Meditation
942.468,0.32,Y1_med_rr,Yoga,Meditation
942.772,0.304,Y1_med_rr,Yoga,Meditation
943.076,0.304,Y1_med_rr,Yoga,Meditation
943.368,0.292,Y1_med_rr,Yoga,Meditation
943.656,0.288,Y1_med_rr,Yoga,Meditation
943.936,0.28,Y1_med_rr,Yoga,Meditation
944.216,0.28,Y1_med_rr,Yoga,Meditation
944.492,0.276,Y1_med_rr,Yoga,Meditation
944.764,0.272,Y1_med_rr,Yoga,Meditation
945.036,0.272,Y1_med_rr,Yoga,Meditation
945.312,0.276,Y1_med_rr,Yoga,Meditation
945.596,0.284,Y1_med_rr,Yoga,Meditation
945.892,0.296,Y1_med_rr,Yoga,Meditation
946.2,0.308,Y1_med_rr,Yoga,Meditation
946.516,0.316,Y1_med_rr,Yoga,Meditation
946.84,0.324,Y1_med_rr,Yoga,Meditation
947.168,0.328,Y1_med_rr,Yoga,Meditation
947.512,0.344,Y1_med_rr,Yoga,Meditation
947.86,0.348,Y1_med_rr,Yoga,Meditation
948.208,0.348,Y1_med_rr,Yoga,Meditation
948.556,0.348,Y1_med_rr,Yoga,Meditation
948.888,0.332,Y1_med_rr,Yoga,Meditation
949.212,0.324,Y1_med_rr,Yoga,Meditation
949.528,0.316,Y1_med_rr,Yoga,Meditation
949.836,0.308,Y1_med_rr,Yoga,Meditation
950.14,0.304,Y1_med_rr,Yoga,Meditation
950.432,0.292,Y1_med_rr,Yoga,Meditation
950.72,0.288,Y1_med_rr,Yoga,Meditation
951.0,0.28,Y1_med_rr,Yoga,Meditation
951.276,0.276,Y1_med_rr,Yoga,Meditation
951.552,0.276,Y1_med_rr,Yoga,Meditation
951.828,0.276,Y1_med_rr,Yoga,Meditation
952.108,0.28,Y1_med_rr,Yoga,Meditation
952.4,0.292,Y1_med_rr,Yoga,Meditation
952.696,0.296,Y1_med_rr,Yoga,Meditation
953.008,0.312,Y1_med_rr,Yoga,Meditation
953.32,0.312,Y1_med_rr,Yoga,Meditation
953.632,0.312,Y1_med_rr,Yoga,Meditation
953.944,0.312,Y1_med_rr,Yoga,Meditation
954.252,0.308,Y1_med_rr,Yoga,Meditation
954.572,0.32,Y1_med_rr,Yoga,Meditation
954.892,0.32,Y1_med_rr,Yoga,Meditation
955.216,0.324,Y1_med_rr,Yoga,Meditation
955.552,0.336,Y1_med_rr,Yoga,Meditation
955.872,0.32,Y1_med_rr,Yoga,Meditation
956.184,0.312,Y1_med_rr,Yoga,Meditation
956.488,0.304,Y1_med_rr,Yoga,Meditation
956.784,0.296,Y1_med_rr,Yoga,Meditation
957.072,0.288,Y1_med_rr,Yoga,Meditation
957.356,0.284,Y1_med_rr,Yoga,Meditation
957.632,0.276,Y1_med_rr,Yoga,Meditation
957.908,0.276,Y1_med_rr,Yoga,Meditation
958.176,0.268,Y1_med_rr,Yoga,Meditation
958.44,0.264,Y1_med_rr,Yoga,Meditation
958.7,0.26,Y1_med_rr,Yoga,Meditation
958.96,0.26,Y1_med_rr,Yoga,Meditation
959.22,0.26,Y1_med_rr,Yoga,Meditation
959.48,0.26,Y1_med_rr,Yoga,Meditation
959.748,0.268,Y1_med_rr,Yoga,Meditation
960.036,0.288,Y1_med_rr,Yoga,Meditation
960.34,0.304,Y1_med_rr,Yoga,Meditation
960.68,0.34,Y1_med_rr,Yoga,Meditation
961.028,0.348,Y1_med_rr,Yoga,Meditation
961.376,0.348,Y1_med_rr,Yoga,Meditation
961.696,0.32,Y1_med_rr,Yoga,Meditation
962.012,0.316,Y1_med_rr,Yoga,Meditation
962.324,0.312,Y1_med_rr,Yoga,Meditation
962.636,0.312,Y1_med_rr,Yoga,Meditation
962.956,0.32,Y1_med_rr,Yoga,Meditation
963.272,0.316,Y1_med_rr,Yoga,Meditation
963.592,0.32,Y1_med_rr,Yoga,Meditation
963.908,0.316,Y1_med_rr,Yoga,Meditation
964.224,0.316,Y1_med_rr,Yoga,Meditation
964.536,0.312,Y1_med_rr,Yoga,Meditation
964.84,0.304,Y1_med_rr,Yoga,Meditation
965.128,0.288,Y1_med_rr,Yoga,Meditation
965.416,0.288,Y1_med_rr,Yoga,Meditation
965.696,0.28,Y1_med_rr,Yoga,Meditation
965.964,0.268,Y1_med_rr,Yoga,Meditation
966.236,0.272,Y1_med_rr,Yoga,Meditation
966.496,0.26,Y1_med_rr,Yoga,Meditation
966.756,0.26,Y1_med_rr,Yoga,Meditation
967.016,0.26,Y1_med_rr,Yoga,Meditation
967.268,0.252,Y1_med_rr,Yoga,Meditation
967.528,0.26,Y1_med_rr,Yoga,Meditation
967.788,0.26,Y1_med_rr,Yoga,Meditation
968.056,0.268,Y1_med_rr,Yoga,Meditation
968.344,0.288,Y1_med_rr,Yoga,Meditation
968.632,0.288,Y1_med_rr,Yoga,Meditation
968.928,0.296,Y1_med_rr,Yoga,Meditation
969.232,0.304,Y1_med_rr,Yoga,Meditation
969.54,0.308,Y1_med_rr,Yoga,Meditation
969.844,0.304,Y1_med_rr,Yoga,Meditation
970.152,0.308,Y1_med_rr,Yoga,Meditation
970.46,0.308,Y1_med_rr,Yoga,Meditation
970.776,0.316,Y1_med_rr,Yoga,Meditation
971.096,0.32,Y1_med_rr,Yoga,Meditation
971.42,0.324,Y1_med_rr,Yoga,Meditation
971.752,0.332,Y1_med_rr,Yoga,Meditation
972.072,0.32,Y1_med_rr,Yoga,Meditation
972.396,0.324,Y1_med_rr,Yoga,Meditation
972.708,0.312,Y1_med_rr,Yoga,Meditation
973.016,0.308,Y1_med_rr,Yoga,Meditation
973.312,0.296,Y1_med_rr,Yoga,Meditation
973.6,0.288,Y1_med_rr,Yoga,Meditation
973.884,0.284,Y1_med_rr,Yoga,Meditation
974.164,0.28,Y1_med_rr,Yoga,Meditation
974.444,0.28,Y1_med_rr,Yoga,Meditation
974.728,0.284,Y1_med_rr,Yoga,Meditation
975.012,0.284,Y1_med_rr,Yoga,Meditation
975.3,0.288,Y1_med_rr,Yoga,Meditation
975.6,0.3,Y1_med_rr,Yoga,Meditation
975.9,0.3,Y1_med_rr,Yoga,Meditation
976.2,0.3,Y1_med_rr,Yoga,Meditation
976.504,0.304,Y1_med_rr,Yoga,Meditation
976.812,0.308,Y1_med_rr,Yoga,Meditation
977.116,0.304,Y1_med_rr,Yoga,Meditation
977.42,0.304,Y1_med_rr,Yoga,Meditation
977.724,0.304,Y1_med_rr,Yoga,Meditation
978.028,0.304,Y1_med_rr,Yoga,Meditation
978.328,0.3,Y1_med_rr,Yoga,Meditation
978.624,0.296,Y1_med_rr,Yoga,Meditation
978.916,0.292,Y1_med_rr,Yoga,Meditation
979.2,0.284,Y1_med_rr,Yoga,Meditation
979.484,0.284,Y1_med_rr,Yoga,Meditation
979.76,0.276,Y1_med_rr,Yoga,Meditation
980.032,0.272,Y1_med_rr,Yoga,Meditation
980.304,0.272,Y1_med_rr,Yoga,Meditation
980.568,0.264,Y1_med_rr,Yoga,Meditation
980.84,0.272,Y1_med_rr,Yoga,Meditation
981.1,0.26,Y1_med_rr,Yoga,Meditation
981.364,0.264,Y1_med_rr,Yoga,Meditation
981.632,0.268,Y1_med_rr,Yoga,Meditation
981.904,0.272,Y1_med_rr,Yoga,Meditation
982.188,0.284,Y1_med_rr,Yoga,Meditation
