Time,RR_Interval,Subject,Group,State
670.94,0.492,Y3_pre_rr,Yoga,Pre-Meditation
671.456,0.516,Y3_pre_rr,Yoga,Pre-Meditation
671.968,0.512,Y3_pre_rr,Yoga,Pre-Meditation
672.448,0.48,Y3_pre_rr,Yoga,Pre-Meditation
672.944,0.496,Y3_pre_rr,Yoga,Pre-Meditation
673.452,0.508,Y3_pre_rr,Yoga,Pre-Meditation
673.908,0.456,Y3_pre_rr,Yoga,Pre-Meditation
674.38,0.472,Y3_pre_rr,Yoga,Pre-Meditation
674.844,0.464,Y3_pre_rr,Yoga,Pre-Meditation
675.276,0.432,Y3_pre_rr,Yoga,Pre-Meditation
675.716,0.44,Y3_pre_rr,Yoga,Pre-Meditation
676.184,0.468,Y3_pre_rr,Yoga,Pre-Meditation
676.612,0.428,Y3_pre_rr,Yoga,Pre-Meditation
677.06,0.448,Y3_pre_rr,Yoga,Pre-Meditation
677.548,0.488,Y3_pre_rr,Yoga,Pre-Meditation
678.072,0.524,Y3_pre_rr,Yoga,Pre-Meditation
678.576,0.504,Y3_pre_rr,Yoga,Pre-Meditation
679.096,0.52,Y3_pre_rr,Yoga,Pre-Meditation
679.628,0.532,Y3_pre_rr,Yoga,Pre-Meditation
680.088,0.46,Y3_pre_rr,Yoga,Pre-Meditation
680.552,0.464,Y3_pre_rr,Yoga,Pre-Meditation
681.0,0.448,Y3_pre_rr,Yoga,Pre-Meditation
681.432,0.432,Y3_pre_rr,Yoga,Pre-Meditation
681.9,0.468,Y3_pre_rr,Yoga,Pre-Meditation
682.4,0.5,Y3_pre_rr,Yoga,Pre-Meditation
682.868,0.468,Y3_pre_rr,Yoga,Pre-Meditation
683.364,0.496,Y3_pre_rr,Yoga,Pre-Meditation
683.868,0.504,Y3_pre_rr,Yoga,Pre-Meditation
684.344,0.476,Y3_pre_rr,Yoga,Pre-Meditation
684.856,0.512,Y3_pre_rr,Yoga,Pre-Meditation
685.392,0.536,Y3_pre_rr,Yoga,Pre-Meditation
685.86,0.468,Y3_pre_rr,Yoga,Pre-Meditation
686.344,0.484,Y3_pre_rr,Yoga,Pre-Meditation
686.812,0.468,Y3_pre_rr,Yoga,Pre-Meditation
687.256,0.444,Y3_pre_rr,Yoga,Pre-Meditation
687.72,0.464,Y3_pre_rr,Yoga,Pre-Meditation
688.216,0.496,Y3_pre_rr,Yoga,Pre-Meditation
688.672,0.456,Y3_pre_rr,Yoga,Pre-Meditation
689.14,0.468,Y3_pre_rr,Yoga,Pre-Meditation
689.62,0.48,Y3_pre_rr,Yoga,Pre-Meditation
690.1,0.48,Y3_pre_rr,Yoga,Pre-Meditation
690.596,0.496,Y3_pre_rr,Yoga,Pre-Meditation
691.096,0.5,Y3_pre_rr,Yoga,Pre-Meditation
691.568,0.472,Y3_pre_rr,Yoga,Pre-Meditation
692.044,0.476,Y3_pre_rr,Yoga,Pre-Meditation
692.488,0.444,Y3_pre_rr,Yoga,Pre-Meditation
692.916,0.428,Y3_pre_rr,Yoga,Pre-Meditation
693.34,0.424,Y3_pre_rr,Yoga,Pre-Meditation
693.772,0.432,Y3_pre_rr,Yoga,Pre-Meditation
694.18,0.408,Y3_pre_rr,Yoga,Pre-Meditation
694.596,0.416,Y3_pre_rr,Yoga,Pre-Meditation
695.02,0.424,Y3_pre_rr,Yoga,Pre-Meditation
695.416,0.396,Y3_pre_rr,Yoga,Pre-Meditation
695.836,0.42,Y3_pre_rr,Yoga,Pre-Meditation
696.252,0.416,Y3_pre_rr,Yoga,Pre-Meditation
696.68,0.428,Y3_pre_rr,Yoga,Pre-Meditation
697.168,0.488,Y3_pre_rr,Yoga,Pre-Meditation
697.712,0.544,Y3_pre_rr,Yoga,Pre-Meditation
698.212,0.5,Y3_pre_rr,Yoga,Pre-Meditation
698.728,0.516,Y3_pre_rr,Yoga,Pre-Meditation
699.192,0.464,Y3_pre_rr,Yoga,Pre-Meditation
699.664,0.472,Y3_pre_rr,Yoga,Pre-Meditation
700.144,0.48,Y3_pre_rr,Yoga,Pre-Meditation
700.588,0.444,Y3_pre_rr,Yoga,Pre-Meditation
701.068,0.48,Y3_pre_rr,Yoga,Pre-Meditation
701.532,0.464,Y3_pre_rr,Yoga,Pre-Meditation
702.0,0.468,Y3_pre_rr,Yoga,Pre-Meditation
702.476,0.476,Y3_pre_rr,Yoga,Pre-Meditation
702.912,0.436,Y3_pre_rr,Yoga,Pre-Meditation
703.368,0.456,Y3_pre_rr,Yoga,Pre-Meditation
703.8,0.432,Y3_pre_rr,Yoga,Pre-Meditation
704.22,0.42,Y3_pre_rr,Yoga,Pre-Meditation
704.656,0.436,Y3_pre_rr,Yoga,Pre-Meditation
705.104,0.448,Y3_pre_rr,Yoga,Pre-Meditation
705.576,0.472,Y3_pre_rr,Yoga,Pre-Meditation
706.04,0.464,Y3_pre_rr,Yoga,Pre-Meditation
706.516,0.476,Y3_pre_rr,Yoga,Pre-Meditation
706.98,0.464,Y3_pre_rr,Yoga,Pre-Meditation
707.448,0.468,Y3_pre_rr,Yoga,Pre-Meditation
707.94,0.492,Y3_pre_rr,Yoga,Pre-Meditation
708.472,0.532,Y3_pre_rr,Yoga,Pre-Meditation
708.968,0.496,Y3_pre_rr,Yoga,Pre-Meditation
709.488,0.52,Y3_pre_rr,Yoga,Pre-Meditation
709.996,0.508,Y3_pre_rr,Yoga,Pre-Meditation
710.488,0.492,Y3_pre_rr,Yoga,Pre-Meditation
710.988,0.5,Y3_pre_rr,Yoga,Pre-Meditation
711.492,0.504,Y3_pre_rr,Yoga,Pre-Meditation
711.984,0.492,Y3_pre_rr,Yoga,Pre-Meditation
712.492,0.508,Y3_pre_rr,Yoga,Pre-Meditation
712.96,0.468,Y3_pre_rr,Yoga,Pre-Meditation
713.436,0.476,Y3_pre_rr,Yoga,Pre-Meditation
713.932,0.496,Y3_pre_rr,Yoga,Pre-Meditation
714.408,0.476,Y3_pre_rr,Yoga,Pre-Meditation
714.888,0.48,Y3_pre_rr,Yoga,Pre-Meditation
715.384,0.496,Y3_pre_rr,Yoga,Pre-Meditation
715.828,0.444,Y3_pre_rr,Yoga,Pre-Meditation
716.276,0.448,Y3_pre_rr,Yoga,Pre-Meditation
716.724,0.448,Y3_pre_rr,Yoga,Pre-Meditation
717.184,0.46,Y3_pre_rr,Yoga,Pre-Meditation
717.668,0.484,Y3_pre_rr,Yoga,Pre-Meditation
718.192,0.524,Y3_pre_rr,Yoga,Pre-Meditation
718.692,0.5,Y3_pre_rr,Yoga,Pre-Meditation
719.204,0.512,Y3_pre_rr,Yoga,Pre-Meditation
719.732,0.528,Y3_pre_rr,Yoga,Pre-Meditation
720.224,0.492,Y3_pre_rr,Yoga,Pre-Meditation
720.692,0.468,Y3_pre_rr,Yoga,Pre-Meditation
721.152,0.46,Y3_pre_rr,Yoga,Pre-Meditation
721.564,0.412,Y3_pre_rr,Yoga,Pre-Meditation
722.0,0.436,Y3_pre_rr,Yoga,Pre-Meditation
722.464,0.464,Y3_pre_rr,Yoga,Pre-Meditation
722.936,0.472,Y3_pre_rr,Yoga,Pre-Meditation
723.428,0.492,Y3_pre_rr,Yoga,Pre-Meditation
723.916,0.488,Y3_pre_rr,Yoga,Pre-Meditation
724.372,0.456,Y3_pre_rr,Yoga,Pre-Meditation
724.84,0.468,Y3_pre_rr,Yoga,Pre-Meditation
725.308,0.468,Y3_pre_rr,Yoga,Pre-Meditation
725.76,0.452,Y3_pre_rr,Yoga,Pre-Meditation
726.224,0.464,Y3_pre_rr,Yoga,Pre-Meditation
726.688,0.464,Y3_pre_rr,Yoga,Pre-Meditation
727.14,0.452,Y3_pre_rr,Yoga,Pre-Meditation
727.628,0.488,Y3_pre_rr,Yoga,Pre-Meditation
728.144,0.516,Y3_pre_rr,Yoga,Pre-Meditation
728.652,0.508,Y3_pre_rr,Yoga,Pre-Meditation
729.176,0.524,Y3_pre_rr,Yoga,Pre-Meditation
729.7,0.524,Y3_pre_rr,Yoga,Pre-Meditation
730.136,0.436,Y3_pre_rr,Yoga,Pre-Meditation
730.584,0.448,Y3_pre_rr,Yoga,Pre-Meditation
731.024,0.44,Y3_pre_rr,Yoga,Pre-Meditation
731.488,0.464,Y3_pre_rr,Yoga,Pre-Meditation
731.96,0.472,Y3_pre_rr,Yoga,Pre-Meditation
732.48,0.52,Y3_pre_rr,Yoga,Pre-Meditation
733.016,0.536,Y3_pre_rr,Yoga,Pre-Meditation
733.504,0.488,Y3_pre_rr,Yoga,Pre-Meditation
734.0,0.496,Y3_pre_rr,Yoga,Pre-Meditation
734.492,0.492,Y3_pre_rr,Yoga,Pre-Meditation
734.936,0.444,Y3_pre_rr,Yoga,Pre-Meditation
735.36,0.424,Y3_pre_rr,Yoga,Pre-Meditation
735.804,0.444,Y3_pre_rr,Yoga,Pre-Meditation
736.284,0.48,Y3_pre_rr,Yoga,Pre-Meditation
736.804,0.52,Y3_pre_rr,Yoga,Pre-Meditation
737.324,0.52,Y3_pre_rr,Yoga,Pre-Meditation
737.808,0.484,Y3_pre_rr,Yoga,Pre-Meditation
738.336,0.528,Y3_pre_rr,Yoga,Pre-Meditation
738.876,0.54,Y3_pre_rr,Yoga,Pre-Meditation
739.364,0.488,Y3_pre_rr,Yoga,Pre-Meditation
739.868,0.504,Y3_pre_rr,Yoga,Pre-Meditation
740.4,0.532,Y3_pre_rr,Yoga,Pre-Meditation
740.904,0.504,Y3_pre_rr,Yoga,Pre-Meditation
741.408,0.504,Y3_pre_rr,Yoga,Pre-Meditation
741.912,0.504,Y3_pre_rr,Yoga,Pre-Meditation
742.384,0.472,Y3_pre_rr,Yoga,Pre-Meditation
742.844,0.46,Y3_pre_rr,Yoga,Pre-Meditation
743.316,0.472,Y3_pre_rr,Yoga,Pre-Meditation
743.78,0.464,Y3_pre_rr,Yoga,Pre-Meditation
744.3,0.52,Y3_pre_rr,Yoga,Pre-Meditation
744.872,0.572,Y3_pre_rr,Yoga,Pre-Meditation
745.368,0.496,Y3_pre_rr,Yoga,Pre-Meditation
745.836,0.468,Y3_pre_rr,Yoga,Pre-Meditation
746.268,0.432,Y3_pre_rr,Yoga,Pre-Meditation
746.664,0.396,Y3_pre_rr,Yoga,Pre-Meditation
747.064,0.4,Y3_pre_rr,Yoga,Pre-Meditation
747.46,0.396,Y3_pre_rr,Yoga,Pre-Meditation
747.852,0.392,Y3_pre_rr,Yoga,Pre-Meditation
748.256,0.404,Y3_pre_rr,Yoga,Pre-Meditation
748.672,0.416,Y3_pre_rr,Yoga,Pre-Meditation
749.072,0.4,Y3_pre_rr,Yoga,Pre-Meditation
749.468,0.396,Y3_pre_rr,Yoga,Pre-Meditation
749.868,0.4,Y3_pre_rr,Yoga,Pre-Meditation
750.284,0.416,Y3_pre_rr,Yoga,Pre-Meditation
750.752,0.468,Y3_pre_rr,Yoga,Pre-Meditation
751.196,0.444,Y3_pre_rr,Yoga,Pre-Meditation
751.672,0.476,Y3_pre_rr,Yoga,Pre-Meditation
752.172,0.5,Y3_pre_rr,Yoga,Pre-Meditation
752.688,0.516,Y3_pre_rr,Yoga,Pre-Meditation
753.18,0.492,Y3_pre_rr,Yoga,Pre-Meditation
753.684,0.504,Y3_pre_rr,Yoga,Pre-Meditation
754.188,0.504,Y3_pre_rr,Yoga,Pre-Meditation
754.664,0.476,Y3_pre_rr,Yoga,Pre-Meditation
755.156,0.492,Y3_pre_rr,Yoga,Pre-Meditation
755.648,0.492,Y3_pre_rr,Yoga,Pre-Meditation
756.084,0.436,Y3_pre_rr,Yoga,Pre-Meditation
756.512,0.428,Y3_pre_rr,Yoga,Pre-Meditation
756.96,0.448,Y3_pre_rr,Yoga,Pre-Meditation
757.444,0.484,Y3_pre_rr,Yoga,Pre-Meditation
757.924,0.48,Y3_pre_rr,Yoga,Pre-Meditation
758.432,0.508,Y3_pre_rr,Yoga,Pre-Meditation
758.956,0.524,Y3_pre_rr,Yoga,Pre-Meditation
759.456,0.5,Y3_pre_rr,Yoga,Pre-Meditation
759.96,0.504,Y3_pre_rr,Yoga,Pre-Meditation
760.48,0.52,Y3_pre_rr,Yoga,Pre-Meditation
760.944,0.464,Y3_pre_rr,Yoga,Pre-Meditation
761.412,0.468,Y3_pre_rr,Yoga,Pre-Meditation
761.9,0.488,Y3_pre_rr,Yoga,Pre-Meditation
762.376,0.476,Y3_pre_rr,Yoga,Pre-Meditation
762.852,0.476,Y3_pre_rr,Yoga,Pre-Meditation
763.336,0.484,Y3_pre_rr,Yoga,Pre-Meditation
763.804,0.468,Y3_pre_rr,Yoga,Pre-Meditation
764.268,0.464,Y3_pre_rr,Yoga,Pre-Meditation
764.748,0.48,Y3_pre_rr,Yoga,Pre-Meditation
765.244,0.496,Y3_pre_rr,Yoga,Pre-Meditation
765.708,0.464,Y3_pre_rr,Yoga,Pre-Meditation
766.208,0.5,Y3_pre_rr,Yoga,Pre-Meditation
766.712,0.504,Y3_pre_rr,Yoga,Pre-Meditation
767.188,0.476,Y3_pre_rr,Yoga,Pre-Meditation
767.688,0.5,Y3_pre_rr,Yoga,Pre-Meditation
768.188,0.5,Y3_pre_rr,Yoga,Pre-Meditation
768.644,0.456,Y3_pre_rr,Yoga,Pre-Meditation
769.124,0.48,Y3_pre_rr,Yoga,Pre-Meditation
769.628,0.504,Y3_pre_rr,Yoga,Pre-Meditation
770.092,0.464,Y3_pre_rr,Yoga,Pre-Meditation
770.576,0.484,Y3_pre_rr,Yoga,Pre-Meditation
771.06,0.484,Y3_pre_rr,Yoga,Pre-Meditation
771.504,0.444,Y3_pre_rr,Yoga,Pre-Meditation
771.956,0.452,Y3_pre_rr,Yoga,Pre-Meditation
772.428,0.472,Y3_pre_rr,Yoga,Pre-Meditation
772.96,0.532,Y3_pre_rr,Yoga,Pre-Meditation
773.46,0.5,Y3_pre_rr,Yoga,Pre-Meditation
773.984,0.524,Y3_pre_rr,Yoga,Pre-Meditation
774.524,0.54,Y3_pre_rr,Yoga,Pre-Meditation
775.028,0.504,Y3_pre_rr,Yoga,Pre-Meditation
775.528,0.5,Y3_pre_rr,Yoga,Pre-Meditation
776.032,0.504,Y3_pre_rr,Yoga,Pre-Meditation
776.544,0.512,Y3_pre_rr,Yoga,Pre-Meditation
777.096,0.552,Y3_pre_rr,Yoga,Pre-Meditation
777.652,0.556,Y3_pre_rr,Yoga,Pre-Meditation
778.128,0.476,Y3_pre_rr,Yoga,Pre-Meditation
778.616,0.488,Y3_pre_rr,Yoga,Pre-Meditation
779.116,0.5,Y3_pre_rr,Yoga,Pre-Meditation
779.564,0.448,Y3_pre_rr,Yoga,Pre-Meditation
780.024,0.46,Y3_pre_rr,Yoga,Pre-Meditation
780.48,0.456,Y3_pre_rr,Yoga,Pre-Meditation
780.912,0.432,Y3_pre_rr,Yoga,Pre-Meditation
781.368,0.456,Y3_pre_rr,Yoga,Pre-Meditation
781.856,0.488,Y3_pre_rr,Yoga,Pre-Meditation
782.32,0.464,Y3_pre_rr,Yoga,Pre-Meditation
782.792,0.472,Y3_pre_rr,Yoga,Pre-Meditation
783.264,0.472,Y3_pre_rr,Yoga,Pre-Meditation
783.724,0.46,Y3_pre_rr,Yoga,Pre-Meditation
784.164,0.44,Y3_pre_rr,Yoga,Pre-Meditation
784.62,0.456,Y3_pre_rr,Yoga,Pre-Meditation
785.072,0.452,Y3_pre_rr,Yoga,Pre-Meditation
785.5,0.428,Y3_pre_rr,Yoga,Pre-Meditation
785.948,0.448,Y3_pre_rr,Yoga,Pre-Meditation
786.38,0.432,Y3_pre_rr,Yoga,Pre-Meditation
786.784,0.404,Y3_pre_rr,Yoga,Pre-Meditation
787.204,0.42,Y3_pre_rr,Yoga,Pre-Meditation
787.648,0.444,Y3_pre_rr,Yoga,Pre-Meditation
788.116,0.468,Y3_pre_rr,Yoga,Pre-Meditation
788.612,0.496,Y3_pre_rr,Yoga,Pre-Meditation
789.128,0.516,Y3_pre_rr,Yoga,Pre-Meditation
789.6,0.472,Y3_pre_rr,Yoga,Pre-Meditation
790.132,0.532,Y3_pre_rr,Yoga,Pre-Meditation
790.7,0.568,Y3_pre_rr,Yoga,Pre-Meditation
791.22,0.52,Y3_pre_rr,Yoga,Pre-Meditation
791.772,0.552,Y3_pre_rr,Yoga,Pre-Meditation
792.312,0.54,Y3_pre_rr,Yoga,Pre-Meditation
792.812,0.5,Y3_pre_rr,Yoga,Pre-Meditation
793.324,0.512,Y3_pre_rr,Yoga,Pre-Meditation
793.816,0.492,Y3_pre_rr,Yoga,Pre-Meditation
794.288,0.472,Y3_pre_rr,Yoga,Pre-Meditation
794.768,0.48,Y3_pre_rr,Yoga,Pre-Meditation
795.248,0.48,Y3_pre_rr,Yoga,Pre-Meditation
795.696,0.448,Y3_pre_rr,Yoga,Pre-Meditation
796.184,0.488,Y3_pre_rr,Yoga,Pre-Meditation
796.684,0.5,Y3_pre_rr,Yoga,Pre-Meditation
797.148,0.464,Y3_pre_rr,Yoga,Pre-Meditation
797.656,0.508,Y3_pre_rr,Yoga,Pre-Meditation
798.188,0.532,Y3_pre_rr,Yoga,Pre-Meditation
798.656,0.468,Y3_pre_rr,Yoga,Pre-Meditation
799.16,0.504,Y3_pre_rr,Yoga,Pre-Meditation
799.668,0.508,Y3_pre_rr,Yoga,Pre-Meditation
800.14,0.472,Y3_pre_rr,Yoga,Pre-Meditation
800.688,0.548,Y3_pre_rr,Yoga,Pre-Meditation
801.264,0.576,Y3_pre_rr,Yoga,Pre-Meditation
801.776,0.512,Y3_pre_rr,Yoga,Pre-Meditation
802.312,0.536,Y3_pre_rr,Yoga,Pre-Meditation
802.848,0.536,Y3_pre_rr,Yoga,Pre-Meditation
803.328,0.48,Y3_pre_rr,Yoga,Pre-Meditation
803.812,0.484,Y3_pre_rr,Yoga,Pre-Meditation
804.296,0.484,Y3_pre_rr,Yoga,Pre-Meditation
804.764,0.468,Y3_pre_rr,Yoga,Pre-Meditation
805.268,0.504,Y3_pre_rr,Yoga,Pre-Meditation
805.812,0.544,Y3_pre_rr,Yoga,Pre-Meditation
806.3,0.488,Y3_pre_rr,Yoga,Pre-Meditation
806.82,0.52,Y3_pre_rr,Yoga,Pre-Meditation
807.344,0.524,Y3_pre_rr,Yoga,Pre-Meditation
807.824,0.48,Y3_pre_rr,Yoga,Pre-Meditation
808.272,0.448,Y3_pre_rr,Yoga,Pre-Meditation
808.684,0.412,Y3_pre_rr,Yoga,Pre-Meditation
809.092,0.408,Y3_pre_rr,Yoga,Pre-Meditation
809.548,0.456,Y3_pre_rr,Yoga,Pre-Meditation
810.048,0.5,Y3_pre_rr,Yoga,Pre-Meditation
810.524,0.476,Y3_pre_rr,Yoga,Pre-Meditation
810.96,0.436,Y3_pre_rr,Yoga,Pre-Meditation
811.388,0.428,Y3_pre_rr,Yoga,Pre-Meditation
811.836,0.448,Y3_pre_rr,Yoga,Pre-Meditation
812.264,0.428,Y3_pre_rr,Yoga,Pre-Meditation
812.692,0.428,Y3_pre_rr,Yoga,Pre-Meditation
813.116,0.424,Y3_pre_rr,Yoga,Pre-Meditation
813.532,0.416,Y3_pre_rr,Yoga,Pre-Meditation
813.928,0.396,Y3_pre_rr,Yoga,Pre-Meditation
814.344,0.416,Y3_pre_rr,Yoga,Pre-Meditation
814.756,0.412,Y3_pre_rr,Yoga,Pre-Meditation
815.212,0.456,Y3_pre_rr,Yoga,Pre-Meditation
815.648,0.436,Y3_pre_rr,Yoga,Pre-Meditation
816.096,0.448,Y3_pre_rr,Yoga,Pre-Meditation
816.588,0.492,Y3_pre_rr,Yoga,Pre-Meditation
817.092,0.504,Y3_pre_rr,Yoga,Pre-Meditation
817.584,0.492,Y3_pre_rr,Yoga,Pre-Meditation
818.084,0.5,Y3_pre_rr,Yoga,Pre-Meditation
818.588,0.504,Y3_pre_rr,Yoga,Pre-Meditation
819.096,0.508,Y3_pre_rr,Yoga,Pre-Meditation
819.568,0.472,Y3_pre_rr,Yoga,Pre-Meditation
820.072,0.504,Y3_pre_rr,Yoga,Pre-Meditation
820.58,0.508,Y3_pre_rr,Yoga,Pre-Meditation
821.056,0.476,Y3_pre_rr,Yoga,Pre-Meditation
821.544,0.488,Y3_pre_rr,Yoga,Pre-Meditation
822.044,0.5,Y3_pre_rr,Yoga,Pre-Meditation
822.544,0.5,Y3_pre_rr,Yoga,Pre-Meditation
823.02,0.476,Y3_pre_rr,Yoga,Pre-Meditation
823.492,0.472,Y3_pre_rr,Yoga,Pre-Meditation
823.984,0.492,Y3_pre_rr,Yoga,Pre-Meditation
824.468,0.484,Y3_pre_rr,Yoga,Pre-Meditation
824.948,0.48,Y3_pre_rr,Yoga,Pre-Meditation
825.452,0.504,Y3_pre_rr,Yoga,Pre-Meditation
825.952,0.5,Y3_pre_rr,Yoga,Pre-Meditation
826.444,0.492,Y3_pre_rr,Yoga,Pre-Meditation
826.932,0.488,Y3_pre_rr,Yoga,Pre-Meditation
827.384,0.452,Y3_pre_rr,Yoga,Pre-Meditation
827.84,0.456,Y3_pre_rr,Yoga,Pre-Meditation
828.288,0.448,Y3_pre_rr,Yoga,Pre-Meditation
828.74,0.452,Y3_pre_rr,Yoga,Pre-Meditation
829.172,0.432,Y3_pre_rr,Yoga,Pre-Meditation
829.612,0.44,Y3_pre_rr,Yoga,Pre-Meditation
830.096,0.484,Y3_pre_rr,Yoga,Pre-Meditation
830.564,0.468,Y3_pre_rr,Yoga,Pre-Meditation
831.024,0.46,Y3_pre_rr,Yoga,Pre-Meditation
831.508,0.484,Y3_pre_rr,Yoga,Pre-Meditation
831.98,0.472,Y3_pre_rr,Yoga,Pre-Meditation
832.436,0.456,Y3_pre_rr,Yoga,Pre-Meditation
832.916,0.48,Y3_pre_rr,Yoga,Pre-Meditation
833.38,0.464,Y3_pre_rr,Yoga,Pre-Meditation
833.836,0.456,Y3_pre_rr,Yoga,Pre-Meditation
834.312,0.476,Y3_pre_rr,Yoga,Pre-Meditation
834.808,0.496,Y3_pre_rr,Yoga,Pre-Meditation
835.26,0.452,Y3_pre_rr,Yoga,Pre-Meditation
835.72,0.46,Y3_pre_rr,Yoga,Pre-Meditation
836.188,0.468,Y3_pre_rr,Yoga,Pre-Meditation
836.612,0.424,Y3_pre_rr,Yoga,Pre-Meditation
837.032,0.42,Y3_pre_rr,Yoga,Pre-Meditation
837.46,0.428,Y3_pre_rr,Yoga,Pre-Meditation
837.88,0.42,Y3_pre_rr,Yoga,Pre-Meditation
838.292,0.412,Y3_pre_rr,Yoga,Pre-Meditation
838.74,0.448,Y3_pre_rr,Yoga,Pre-Meditation
839.184,0.444,Y3_pre_rr,Yoga,Pre-Meditation
839.604,0.42,Y3_pre_rr,Yoga,Pre-Meditation
840.016,0.412,Y3_pre_rr,Yoga,Pre-Meditation
840.444,0.428,Y3_pre_rr,Yoga,Pre-Meditation
840.876,0.432,Y3_pre_rr,Yoga,Pre-Meditation
841.316,0.44,Y3_pre_rr,Yoga,Pre-Meditation
841.8,0.484,Y3_pre_rr,Yoga,Pre-Meditation
842.328,0.528,Y3_pre_rr,Yoga,Pre-Meditation
842.888,0.56,Y3_pre_rr,Yoga,Pre-Meditation
843.396,0.508,Y3_pre_rr,Yoga,Pre-Meditation
843.904,0.508,Y3_pre_rr,Yoga,Pre-Meditation
844.364,0.46,Y3_pre_rr,Yoga,Pre-Meditation
844.788,0.424,Y3_pre_rr,Yoga,Pre-Meditation
845.228,0.44,Y3_pre_rr,Yoga,Pre-Meditation
845.672,0.444,Y3_pre_rr,Yoga,Pre-Meditation
846.108,0.436,Y3_pre_rr,Yoga,Pre-Meditation
846.528,0.42,Y3_pre_rr,Yoga,Pre-Meditation
846.92,0.392,Y3_pre_rr,Yoga,Pre-Meditation
847.32,0.4,Y3_pre_rr,Yoga,Pre-Meditation
847.72,0.4,Y3_pre_rr,Yoga,Pre-Meditation
848.108,0.388,Y3_pre_rr,Yoga,Pre-Meditation
848.492,0.384,Y3_pre_rr,Yoga,Pre-Meditation
848.876,0.384,Y3_pre_rr,Yoga,Pre-Meditation
849.26,0.384,Y3_pre_rr,Yoga,Pre-Meditation
849.636,0.376,Y3_pre_rr,Yoga,Pre-Meditation
850.004,0.368,Y3_pre_rr,Yoga,Pre-Meditation
850.36,0.356,Y3_pre_rr,Yoga,Pre-Meditation
850.712,0.352,Y3_pre_rr,Yoga,Pre-Meditation
851.088,0.376,Y3_pre_rr,Yoga,Pre-Meditation
851.472,0.384,Y3_pre_rr,Yoga,Pre-Meditation
851.936,0.464,Y3_pre_rr,Yoga,Pre-Meditation
852.428,0.492,Y3_pre_rr,Yoga,Pre-Meditation
852.936,0.508,Y3_pre_rr,Yoga,Pre-Meditation
853.388,0.452,Y3_pre_rr,Yoga,Pre-Meditation
853.868,0.48,Y3_pre_rr,Yoga,Pre-Meditation
854.364,0.496,Y3_pre_rr,Yoga,Pre-Meditation
854.824,0.46,Y3_pre_rr,Yoga,Pre-Meditation
855.276,0.452,Y3_pre_rr,Yoga,Pre-Meditation
855.744,0.468,Y3_pre_rr,Yoga,Pre-Meditation
856.212,0.468,Y3_pre_rr,Yoga,Pre-Meditation
856.668,0.456,Y3_pre_rr,Yoga,Pre-Meditation
857.128,0.46,Y3_pre_rr,Yoga,Pre-Meditation
857.608,0.48,Y3_pre_rr,Yoga,Pre-Meditation
858.096,0.488,Y3_pre_rr,Yoga,Pre-Meditation
858.576,0.48,Y3_pre_rr,Yoga,Pre-Meditation
859.096,0.52,Y3_pre_rr,Yoga,Pre-Meditation
859.62,0.524,Y3_pre_rr,Yoga,Pre-Meditation
860.12,0.5,Y3_pre_rr,Yoga,Pre-Meditation
860.628,0.508,Y3_pre_rr,Yoga,Pre-Meditation
861.128,0.5,Y3_pre_rr,Yoga,Pre-Meditation
861.6,0.472,Y3_pre_rr,Yoga,Pre-Meditation
862.096,0.496,Y3_pre_rr,Yoga,Pre-Meditation
862.604,0.508,Y3_pre_rr,Yoga,Pre-Meditation
863.068,0.464,Y3_pre_rr,Yoga,Pre-Meditation
863.54,0.472,Y3_pre_rr,Yoga,Pre-Meditation
864.012,0.472,Y3_pre_rr,Yoga,Pre-Meditation
864.46,0.448,Y3_pre_rr,Yoga,Pre-Meditation
864.936,0.476,Y3_pre_rr,Yoga,Pre-Meditation
865.428,0.492,Y3_pre_rr,Yoga,Pre-Meditation
865.864,0.436,Y3_pre_rr,Yoga,Pre-Meditation
866.328,0.464,Y3_pre_rr,Yoga,Pre-Meditation
866.8,0.472,Y3_pre_rr,Yoga,Pre-Meditation
867.24,0.44,Y3_pre_rr,Yoga,Pre-Meditation
867.732,0.492,Y3_pre_rr,Yoga,Pre-Meditation
868.212,0.48,Y3_pre_rr,Yoga,Pre-Meditation
868.64,0.428,Y3_pre_rr,Yoga,Pre-Meditation
869.092,0.452,Y3_pre_rr,Yoga,Pre-Meditation
869.536,0.444,Y3_pre_rr,Yoga,Pre-Meditation
869.964,0.428,Y3_pre_rr,Yoga,Pre-Meditation
870.408,0.444,Y3_pre_rr,Yoga,Pre-Meditation
870.864,0.456,Y3_pre_rr,Yoga,Pre-Meditation
871.284,0.42,Y3_pre_rr,Yoga,Pre-Meditation
871.72,0.436,Y3_pre_rr,Yoga,Pre-Meditation
872.168,0.448,Y3_pre_rr,Yoga,Pre-Meditation
872.632,0.464,Y3_pre_rr,Yoga,Pre-Meditation
873.088,0.456,Y3_pre_rr,Yoga,Pre-Meditation
873.576,0.488,Y3_pre_rr,Yoga,Pre-Meditation
874.068,0.492,Y3_pre_rr,Yoga,Pre-Meditation
874.508,0.44,Y3_pre_rr,Yoga,Pre-Meditation
874.976,0.468,Y3_pre_rr,Yoga,Pre-Meditation
875.432,0.456,Y3_pre_rr,Yoga,Pre-Meditation
875.848,0.416,Y3_pre_rr,Yoga,Pre-Meditation
876.288,0.44,Y3_pre_rr,Yoga,Pre-Meditation
876.728,0.44,Y3_pre_rr,Yoga,Pre-Meditation
877.152,0.424,Y3_pre_rr,Yoga,Pre-Meditation
877.616,0.464,Y3_pre_rr,Yoga,Pre-Meditation
878.108,0.492,Y3_pre_rr,Yoga,Pre-Meditation
878.556,0.448,Y3_pre_rr,Yoga,Pre-Meditation
879.02,0.464,Y3_pre_rr,Yoga,Pre-Meditation
879.5,0.48,Y3_pre_rr,Yoga,Pre-Meditation
879.956,0.456,Y3_pre_rr,Yoga,Pre-Meditation
880.408,0.452,Y3_pre_rr,Yoga,Pre-Meditation
880.872,0.464,Y3_pre_rr,Yoga,Pre-Meditation
881.348,0.476,Y3_pre_rr,Yoga,Pre-Meditation
881.788,0.44,Y3_pre_rr,Yoga,Pre-Meditation
882.244,0.456,Y3_pre_rr,Yoga,Pre-Meditation
882.692,0.448,Y3_pre_rr,Yoga,Pre-Meditation
883.104,0.412,Y3_pre_rr,Yoga,Pre-Meditation
883.496,0.392,Y3_pre_rr,Yoga,Pre-Meditation
883.9,0.404,Y3_pre_rr,Yoga,Pre-Meditation
884.332,0.432,Y3_pre_rr,Yoga,Pre-Meditation
884.816,0.484,Y3_pre_rr,Yoga,Pre-Meditation
885.308,0.492,Y3_pre_rr,Yoga,Pre-Meditation
885.756,0.448,Y3_pre_rr,Yoga,Pre-Meditation
886.22,0.464,Y3_pre_rr,Yoga,Pre-Meditation
886.692,0.472,Y3_pre_rr,Yoga,Pre-Meditation
887.18,0.488,Y3_pre_rr,Yoga,Pre-Meditation
887.624,0.444,Y3_pre_rr,Yoga,Pre-Meditation
888.076,0.452,Y3_pre_rr,Yoga,Pre-Meditation
888.556,0.48,Y3_pre_rr,Yoga,Pre-Meditation
889.036,0.48,Y3_pre_rr,Yoga,Pre-Meditation
889.492,0.456,Y3_pre_rr,Yoga,Pre-Meditation
889.964,0.472,Y3_pre_rr,Yoga,Pre-Meditation
890.444,0.48,Y3_pre_rr,Yoga,Pre-Meditation
890.888,0.444,Y3_pre_rr,Yoga,Pre-Meditation
891.368,0.48,Y3_pre_rr,Yoga,Pre-Meditation
891.884,0.516,Y3_pre_rr,Yoga,Pre-Meditation
892.348,0.464,Y3_pre_rr,Yoga,Pre-Meditation
892.84,0.492,Y3_pre_rr,Yoga,Pre-Meditation
893.328,0.488,Y3_pre_rr,Yoga,Pre-Meditation
893.78,0.452,Y3_pre_rr,Yoga,Pre-Meditation
894.26,0.48,Y3_pre_rr,Yoga,Pre-Meditation
894.74,0.48,Y3_pre_rr,Yoga,Pre-Meditation
895.188,0.448,Y3_pre_rr,Yoga,Pre-Meditation
895.644,0.456,Y3_pre_rr,Yoga,Pre-Meditation
896.072,0.428,Y3_pre_rr,Yoga,Pre-Meditation
896.476,0.404,Y3_pre_rr,Yoga,Pre-Meditation
896.908,0.432,Y3_pre_rr,Yoga,Pre-Meditation
897.312,0.404,Y3_pre_rr,Yoga,Pre-Meditation
897.72,0.408,Y3_pre_rr,Yoga,Pre-Meditation
898.124,0.404,Y3_pre_rr,Yoga,Pre-Meditation
898.548,0.424,Y3_pre_rr,Yoga,Pre-Meditation
898.98,0.432,Y3_pre_rr,Yoga,Pre-Meditation
899.396,0.416,Y3_pre_rr,Yoga,Pre-Meditation
899.824,0.428,Y3_pre_rr,Yoga,Pre-Meditation
900.244,0.42,Y3_pre_rr,Yoga,Pre-Meditation
900.68,0.436,Y3_pre_rr,Yoga,Pre-Meditation
901.108,0.428,Y3_pre_rr,Yoga,Pre-Meditation
901.568,0.46,Y3_pre_rr,Yoga,Pre-Meditation
902.052,0.484,Y3_pre_rr,Yoga,Pre-Meditation
902.508,0.456,Y3_pre_rr,Yoga,Pre-Meditation
902.968,0.46,Y3_pre_rr,Yoga,Pre-Meditation
903.448,0.48,Y3_pre_rr,Yoga,Pre-Meditation
903.928,0.48,Y3_pre_rr,Yoga,Pre-Meditation
904.388,0.46,Y3_pre_rr,Yoga,Pre-Meditation
904.876,0.488,Y3_pre_rr,Yoga,Pre-Meditation
905.38,0.504,Y3_pre_rr,Yoga,Pre-Meditation
905.852,0.472,Y3_pre_rr,Yoga,Pre-Meditation
906.348,0.496,Y3_pre_rr,Yoga,Pre-Meditation
906.868,0.52,Y3_pre_rr,Yoga,Pre-Meditation
907.36,0.492,Y3_pre_rr,Yoga,Pre-Meditation
907.856,0.496,Y3_pre_rr,Yoga,Pre-Meditation
908.364,0.508,Y3_pre_rr,Yoga,Pre-Meditation
908.82,0.456,Y3_pre_rr,Yoga,Pre-Meditation
909.276,0.456,Y3_pre_rr,Yoga,Pre-Meditation
909.74,0.464,Y3_pre_rr,Yoga,Pre-Meditation
910.2,0.46,Y3_pre_rr,Yoga,Pre-Meditation
910.66,0.46,Y3_pre_rr,Yoga,Pre-Meditation
911.132,0.472,Y3_pre_rr,Yoga,Pre-Meditation
911.636,0.504,Y3_pre_rr,Yoga,Pre-Meditation
912.1,0.464,Y3_pre_rr,Yoga,Pre-Meditation
912.572,0.472,Y3_pre_rr,Yoga,Pre-Meditation
913.056,0.484,Y3_pre_rr,Yoga,Pre-Meditation
913.528,0.472,Y3_pre_rr,Yoga,Pre-Meditation
913.968,0.44,Y3_pre_rr,Yoga,Pre-Meditation
914.428,0.46,Y3_pre_rr,Yoga,Pre-Meditation
914.908,0.48,Y3_pre_rr,Yoga,Pre-Meditation
915.356,0.448,Y3_pre_rr,Yoga,Pre-Meditation
915.82,0.464,Y3_pre_rr,Yoga,Pre-Meditation
916.304,0.484,Y3_pre_rr,Yoga,Pre-Meditation
916.784,0.48,Y3_pre_rr,Yoga,Pre-Meditation
917.272,0.488,Y3_pre_rr,Yoga,Pre-Meditation
917.78,0.508,Y3_pre_rr,Yoga,Pre-Meditation
918.264,0.484,Y3_pre_rr,Yoga,Pre-Meditation
918.736,0.472,Y3_pre_rr,Yoga,Pre-Meditation
919.224,0.488,Y3_pre_rr,Yoga,Pre-Meditation
919.732,0.508,Y3_pre_rr,Yoga,Pre-Meditation
920.204,0.472,Y3_pre_rr,Yoga,Pre-Meditation
920.664,0.46,Y3_pre_rr,Yoga,Pre-Meditation
921.144,0.48,Y3_pre_rr,Yoga,Pre-Meditation
921.62,0.476,Y3_pre_rr,Yoga,Pre-Meditation
922.08,0.46,Y3_pre_rr,Yoga,Pre-Meditation
922.56,0.48,Y3_pre_rr,Yoga,Pre-Meditation
923.08,0.52,Y3_pre_rr,Yoga,Pre-Meditation
923.568,0.488,Y3_pre_rr,Yoga,Pre-Meditation
924.088,0.52,Y3_pre_rr,Yoga,Pre-Meditation
924.596,0.508,Y3_pre_rr,Yoga,Pre-Meditation
925.068,0.472,Y3_pre_rr,Yoga,Pre-Meditation
925.548,0.48,Y3_pre_rr,Yoga,Pre-Meditation
926.032,0.484,Y3_pre_rr,Yoga,Pre-Meditation
926.524,0.492,Y3_pre_rr,Yoga,Pre-Meditation
926.988,0.464,Y3_pre_rr,Yoga,Pre-Meditation
927.456,0.468,Y3_pre_rr,Yoga,Pre-Meditation
927.932,0.476,Y3_pre_rr,Yoga,Pre-Meditation
928.388,0.456,Y3_pre_rr,Yoga,Pre-Meditation
928.872,0.484,Y3_pre_rr,Yoga,Pre-Meditation
929.372,0.5,Y3_pre_rr,Yoga,Pre-Meditation
929.832,0.46,Y3_pre_rr,Yoga,Pre-Meditation
930.304,0.472,Y3_pre_rr,Yoga,Pre-Meditation
930.776,0.472,Y3_pre_rr,Yoga,Pre-Meditation
931.248,0.472,Y3_pre_rr,Yoga,Pre-Meditation
931.708,0.46,Y3_pre_rr,Yoga,Pre-Meditation
932.18,0.472,Y3_pre_rr,Yoga,Pre-Meditation
932.636,0.456,Y3_pre_rr,Yoga,Pre-Meditation
933.088,0.452,Y3_pre_rr,Yoga,Pre-Meditation
933.552,0.464,Y3_pre_rr,Yoga,Pre-Meditation
934.036,0.484,Y3_pre_rr,Yoga,Pre-Meditation
934.488,0.452,Y3_pre_rr,Yoga,Pre-Meditation
934.972,0.484,Y3_pre_rr,Yoga,Pre-Meditation
935.436,0.464,Y3_pre_rr,Yoga,Pre-Meditation
935.86,0.424,Y3_pre_rr,Yoga,Pre-Meditation
936.288,0.428,Y3_pre_rr,Yoga,Pre-Meditation
936.696,0.408,Y3_pre_rr,Yoga,Pre-Meditation
937.092,0.396,Y3_pre_rr,Yoga,Pre-Meditation
937.48,0.388,Y3_pre_rr,Yoga,Pre-Meditation
937.92,0.44,Y3_pre_rr,Yoga,Pre-Meditation
938.344,0.424,Y3_pre_rr,Yoga,Pre-Meditation
938.764,0.42,Y3_pre_rr,Yoga,Pre-Meditation
939.184,0.42,Y3_pre_rr,Yoga,Pre-Meditation
939.58,0.396,Y3_pre_rr,Yoga,Pre-Meditation
939.96,0.38,Y3_pre_rr,Yoga,Pre-Meditation
940.34,0.38,Y3_pre_rr,Yoga,Pre-Meditation
940.716,0.376,Y3_pre_rr,Yoga,Pre-Meditation
941.088,0.372,Y3_pre_rr,Yoga,Pre-Meditation
941.444,0.356,Y3_pre_rr,Yoga,Pre-Meditation
941.816,0.372,Y3_pre_rr,Yoga,Pre-Meditation
942.188,0.372,Y3_pre_rr,Yoga,Pre-Meditation
942.588,0.4,Y3_pre_rr,Yoga,Pre-Meditation
943.012,0.424,Y3_pre_rr,Yoga,Pre-Meditation
943.452,0.44,Y3_pre_rr,Yoga,Pre-Meditation
943.908,0.456,Y3_pre_rr,Yoga,Pre-Meditation
944.388,0.48,Y3_pre_rr,Yoga,Pre-Meditation
944.84,0.452,Y3_pre_rr,Yoga,Pre-Meditation
945.312,0.472,Y3_pre_rr,Yoga,Pre-Meditation
945.784,0.472,Y3_pre_rr,Yoga,Pre-Meditation
946.228,0.444,Y3_pre_rr,Yoga,Pre-Meditation
946.68,0.452,Y3_pre_rr,Yoga,Pre-Meditation
947.136,0.456,Y3_pre_rr,Yoga,Pre-Meditation
947.572,0.436,Y3_pre_rr,Yoga,Pre-Meditation
948.012,0.44,Y3_pre_rr,Yoga,Pre-Meditation
948.444,0.432,Y3_pre_rr,Yoga,Pre-Meditation
948.888,0.444,Y3_pre_rr,Yoga,Pre-Meditation
949.312,0.424,Y3_pre_rr,Yoga,Pre-Meditation
949.76,0.448,Y3_pre_rr,Yoga,Pre-Meditation
950.216,0.456,Y3_pre_rr,Yoga,Pre-Meditation
950.656,0.44,Y3_pre_rr,Yoga,Pre-Meditation
951.104,0.448,Y3_pre_rr,Yoga,Pre-Meditation
951.548,0.444,Y3_pre_rr,Yoga,Pre-Meditation
952.004,0.456,Y3_pre_rr,Yoga,Pre-Meditation
952.448,0.444,Y3_pre_rr,Yoga,Pre-Meditation
952.908,0.46,Y3_pre_rr,Yoga,Pre-Meditation
953.42,0.512,Y3_pre_rr,Yoga,Pre-Meditation
953.9,0.48,Y3_pre_rr,Yoga,Pre-Meditation
954.384,0.484,Y3_pre_rr,Yoga,Pre-Meditation
954.872,0.488,Y3_pre_rr,Yoga,Pre-Meditation
955.316,0.444,Y3_pre_rr,Yoga,Pre-Meditation
955.76,0.444,Y3_pre_rr,Yoga,Pre-Meditation
956.208,0.448,Y3_pre_rr,Yoga,Pre-Meditation
956.652,0.444,Y3_pre_rr,Yoga,Pre-Meditation
957.12,0.468,Y3_pre_rr,Yoga,Pre-Meditation
957.604,0.484,Y3_pre_rr,Yoga,Pre-Meditation
958.06,0.456,Y3_pre_rr,Yoga,Pre-Meditation
958.508,0.448,Y3_pre_rr,Yoga,Pre-Meditation
958.972,0.464,Y3_pre_rr,Yoga,Pre-Meditation
959.456,0.484,Y3_pre_rr,Yoga,Pre-Meditation
959.912,0.456,Y3_pre_rr,Yoga,Pre-Meditation
960.376,0.464,Y3_pre_rr,Yoga,Pre-Meditation
960.852,0.476,Y3_pre_rr,Yoga,Pre-Meditation
961.304,0.452,Y3_pre_rr,Yoga,Pre-Meditation
961.772,0.468,Y3_pre_rr,Yoga,Pre-Meditation
962.252,0.48,Y3_pre_rr,Yoga,Pre-Meditation
962.688,0.436,Y3_pre_rr,Yoga,Pre-Meditation
963.128,0.44,Y3_pre_rr,Yoga,Pre-Meditation
963.584,0.456,Y3_pre_rr,Yoga,Pre-Meditation
964.052,0.468,Y3_pre_rr,Yoga,Pre-Meditation
964.488,0.436,Y3_pre_rr,Yoga,Pre-Meditation
964.956,0.468,Y3_pre_rr,Yoga,Pre-Meditation
965.44,0.484,Y3_pre_rr,Yoga,Pre-Meditation
965.908,0.468,Y3_pre_rr,Yoga,Pre-Meditation
966.376,0.468,Y3_pre_rr,Yoga,Pre-Meditation
966.876,0.5,Y3_pre_rr,Yoga,Pre-Meditation
967.332,0.456,Y3_pre_rr,Yoga,Pre-Meditation
967.78,0.448,Y3_pre_rr,Yoga,Pre-Meditation
968.228,0.448,Y3_pre_rr,Yoga,Pre-Meditation
968.648,0.42,Y3_pre_rr,Yoga,Pre-Meditation
969.072,0.424,Y3_pre_rr,Yoga,Pre-Meditation
969.508,0.436,Y3_pre_rr,Yoga,Pre-Meditation
969.928,0.42,Y3_pre_rr,Yoga,Pre-Meditation
970.332,0.404,Y3_pre_rr,Yoga,Pre-Meditation
970.76,0.428,Y3_pre_rr,Yoga,Pre-Meditation
971.172,0.412,Y3_pre_rr,Yoga,Pre-Meditation
971.608,0.436,Y3_pre_rr,Yoga,Pre-Meditation
972.036,0.428,Y3_pre_rr,Yoga,Pre-Meditation
972.452,0.416,Y3_pre_rr,Yoga,Pre-Meditation
972.872,0.42,Y3_pre_rr,Yoga,Pre-Meditation
973.312,0.44,Y3_pre_rr,Yoga,Pre-Meditation
973.772,0.46,Y3_pre_rr,Yoga,Pre-Meditation
974.24,0.468,Y3_pre_rr,Yoga,Pre-Meditation
974.68,0.44,Y3_pre_rr,Yoga,Pre-Meditation
975.128,0.448,Y3_pre_rr,Yoga,Pre-Meditation
975.588,0.46,Y3_pre_rr,Yoga,Pre-Meditation
976.052,0.464,Y3_pre_rr,Yoga,Pre-Meditation
976.488,0.436,Y3_pre_rr,Yoga,Pre-Meditation
976.9,0.412,Y3_pre_rr,Yoga,Pre-Meditation
977.324,0.424,Y3_pre_rr,Yoga,Pre-Meditation
977.776,0.452,Y3_pre_rr,Yoga,Pre-Meditation
978.22,0.444,Y3_pre_rr,Yoga,Pre-Meditation
978.672,0.452,Y3_pre_rr,Yoga,Pre-Meditation
979.156,0.484,Y3_pre_rr,Yoga,Pre-Meditation
979.66,0.504,Y3_pre_rr,Yoga,Pre-Meditation
980.136,0.476,Y3_pre_rr,Yoga,Pre-Meditation
980.608,0.472,Y3_pre_rr,Yoga,Pre-Meditation
981.088,0.48,Y3_pre_rr,Yoga,Pre-Meditation
981.552,0.464,Y3_pre_rr,Yoga,Pre-Meditation
982.0,0.448,Y3_pre_rr,Yoga,Pre-Meditation
982.464,0.464,Y3_pre_rr,Yoga,Pre-Meditation
982.968,0.504,Y3_pre_rr,Yoga,Pre-Meditation
983.48,0.512,Y3_pre_rr,Yoga,Pre-Meditation
983.944,0.464,Y3_pre_rr,Yoga,Pre-Meditation
984.416,0.472,Y3_pre_rr,Yoga,Pre-Meditation
984.904,0.488,Y3_pre_rr,Yoga,Pre-Meditation
985.388,0.484,Y3_pre_rr,Yoga,Pre-Meditation
985.828,0.44,Y3_pre_rr,Yoga,Pre-Meditation
986.292,0.464,Y3_pre_rr,Yoga,Pre-Meditation
986.756,0.464,Y3_pre_rr,Yoga,Pre-Meditation
987.228,0.472,Y3_pre_rr,Yoga,Pre-Meditation
987.684,0.456,Y3_pre_rr,Yoga,Pre-Meditation
988.172,0.488,Y3_pre_rr,Yoga,Pre-Meditation
988.672,0.5,Y3_pre_rr,Yoga,Pre-Meditation
989.136,0.464,Y3_pre_rr,Yoga,Pre-Meditation
989.624,0.488,Y3_pre_rr,Yoga,Pre-Meditation
990.124,0.5,Y3_pre_rr,Yoga,Pre-Meditation
990.588,0.464,Y3_pre_rr,Yoga,Pre-Meditation
991.064,0.476,Y3_pre_rr,Yoga,Pre-Meditation
991.544,0.48,Y3_pre_rr,Yoga,Pre-Meditation
991.98,0.436,Y3_pre_rr,Yoga,Pre-Meditation
992.42,0.44,Y3_pre_rr,Yoga,Pre-Meditation
992.864,0.444,Y3_pre_rr,Yoga,Pre-Meditation
993.288,0.424,Y3_pre_rr,Yoga,Pre-Meditation
993.7,0.412,Y3_pre_rr,Yoga,Pre-Meditation
994.116,0.416,Y3_pre_rr,Yoga,Pre-Meditation
994.54,0.424,Y3_pre_rr,Yoga,Pre-Meditation
994.948,0.408,Y3_pre_rr,Yoga,Pre-Meditation
995.344,0.396,Y3_pre_rr,Yoga,Pre-Meditation
995.74,0.396,Y3_pre_rr,Yoga,Pre-Meditation
996.148,0.408,Y3_pre_rr,Yoga,Pre-Meditation
996.556,0.408,Y3_pre_rr,Yoga,Pre-Meditation
996.948,0.392,Y3_pre_rr,Yoga,Pre-Meditation
997.356,0.408,Y3_pre_rr,Yoga,Pre-Meditation
997.76,0.404,Y3_pre_rr,Yoga,Pre-Meditation
998.156,0.396,Y3_pre_rr,Yoga,Pre-Meditation
998.564,0.408,Y3_pre_rr,Yoga,Pre-Meditation
998.996,0.432,Y3_pre_rr,Yoga,Pre-Meditation
999.448,0.452,Y3_pre_rr,Yoga,Pre-Meditation
999.892,0.444,Y3_pre_rr,Yoga,Pre-Meditation
1000.38,0.488,Y3_pre_rr,Yoga,Pre-Meditation
1000.888,0.508,Y3_pre_rr,Yoga,Pre-Meditation
1001.352,0.464,Y3_pre_rr,Yoga,Pre-Meditation
1001.82,0.468,Y3_pre_rr,Yoga,Pre-Meditation
1002.276,0.456,Y3_pre_rr,Yoga,Pre-Meditation
1002.724,0.448,Y3_pre_rr,Yoga,Pre-Meditation
1003.16,0.436,Y3_pre_rr,Yoga,Pre-Meditation
1003.628,0.468,Y3_pre_rr,Yoga,Pre-Meditation
1004.136,0.508,Y3_pre_rr,Yoga,Pre-Meditation
1004.612,0.476,Y3_pre_rr,Yoga,Pre-Meditation
