Time,RR_Interval,Subject,Group,State
337.344,0.48,Y2_pre_rr,Yoga,Pre-Meditation
337.796,0.452,Y2_pre_rr,Yoga,Pre-Meditation
338.26,0.464,Y2_pre_rr,Yoga,Pre-Meditation
338.748,0.488,Y2_pre_rr,Yoga,Pre-Meditation
339.24,0.492,Y2_pre_rr,Yoga,Pre-Meditation
339.74,0.5,Y2_pre_rr,Yoga,Pre-Meditation
340.24,0.5,Y2_pre_rr,Yoga,Pre-Meditation
340.736,0.496,Y2_pre_rr,Yoga,Pre-Meditation
341.212,0.476,Y2_pre_rr,Yoga,Pre-Meditation
341.684,0.472,Y2_pre_rr,Yoga,Pre-Meditation
342.164,0.48,Y2_pre_rr,Yoga,Pre-Meditation
342.632,0.468,Y2_pre_rr,Yoga,Pre-Meditation
343.108,0.476,Y2_pre_rr,Yoga,Pre-Meditation
343.608,0.5,Y2_pre_rr,Yoga,Pre-Meditation
344.128,0.52,Y2_pre_rr,Yoga,Pre-Meditation
344.624,0.496,Y2_pre_rr,Yoga,Pre-Meditation
345.124,0.5,Y2_pre_rr,Yoga,Pre-Meditation
345.624,0.5,Y2_pre_rr,Yoga,Pre-Meditation
346.092,0.468,Y2_pre_rr,Yoga,Pre-Meditation
346.572,0.48,Y2_pre_rr,Yoga,Pre-Meditation
347.084,0.512,Y2_pre_rr,Yoga,Pre-Meditation
347.592,0.508,Y2_pre_rr,Yoga,Pre-Meditation
348.076,0.484,Y2_pre_rr,Yoga,Pre-Meditation
348.564,0.488,Y2_pre_rr,Yoga,Pre-Meditation
349.06,0.496,Y2_pre_rr,Yoga,Pre-Meditation
349.52,0.46,Y2_pre_rr,Yoga,Pre-Meditation
349.988,0.468,Y2_pre_rr,Yoga,Pre-Meditation
350.468,0.48,Y2_pre_rr,Yoga,Pre-Meditation
350.932,0.464,Y2_pre_rr,Yoga,Pre-Meditation
351.4,0.468,Y2_pre_rr,Yoga,Pre-Meditation
351.88,0.48,Y2_pre_rr,Yoga,Pre-Meditation
352.352,0.472,Y2_pre_rr,Yoga,Pre-Meditation
352.832,0.48,Y2_pre_rr,Yoga,Pre-Meditation
353.312,0.48,Y2_pre_rr,Yoga,Pre-Meditation
353.772,0.46,Y2_pre_rr,Yoga,Pre-Meditation
354.216,0.444,Y2_pre_rr,Yoga,Pre-Meditation
354.668,0.452,Y2_pre_rr,Yoga,Pre-Meditation
355.128,0.46,Y2_pre_rr,Yoga,Pre-Meditation
355.58,0.452,Y2_pre_rr,Yoga,Pre-Meditation
356.056,0.476,Y2_pre_rr,Yoga,Pre-Meditation
356.548,0.492,Y2_pre_rr,Yoga,Pre-Meditation
357.012,0.464,Y2_pre_rr,Yoga,Pre-Meditation
357.484,0.472,Y2_pre_rr,Yoga,Pre-Meditation
357.98,0.496,Y2_pre_rr,Yoga,Pre-Meditation
358.472,0.492,Y2_pre_rr,Yoga,Pre-Meditation
358.952,0.48,Y2_pre_rr,Yoga,Pre-Meditation
359.44,0.488,Y2_pre_rr,Yoga,Pre-Meditation
359.924,0.484,Y2_pre_rr,Yoga,Pre-Meditation
360.38,0.456,Y2_pre_rr,Yoga,Pre-Meditation
360.86,0.48,Y2_pre_rr,Yoga,Pre-Meditation
361.348,0.488,Y2_pre_rr,Yoga,Pre-Meditation
361.836,0.488,Y2_pre_rr,Yoga,Pre-Meditation
362.332,0.496,Y2_pre_rr,Yoga,Pre-Meditation
362.828,0.496,Y2_pre_rr,Yoga,Pre-Meditation
363.324,0.496,Y2_pre_rr,Yoga,Pre-Meditation
363.804,0.48,Y2_pre_rr,Yoga,Pre-Meditation
364.284,0.48,Y2_pre_rr,Yoga,Pre-Meditation
364.756,0.472,Y2_pre_rr,Yoga,Pre-Meditation
365.188,0.432,Y2_pre_rr,Yoga,Pre-Meditation
365.624,0.436,Y2_pre_rr,Yoga,Pre-Meditation
366.056,0.432,Y2_pre_rr,Yoga,Pre-Meditation
366.448,0.392,Y2_pre_rr,Yoga,Pre-Meditation
366.848,0.4,Y2_pre_rr,Yoga,Pre-Meditation
367.256,0.408,Y2_pre_rr,Yoga,Pre-Meditation
367.704,0.448,Y2_pre_rr,Yoga,Pre-Meditation
368.136,0.432,Y2_pre_rr,Yoga,Pre-Meditation
368.576,0.44,Y2_pre_rr,Yoga,Pre-Meditation
369.016,0.44,Y2_pre_rr,Yoga,Pre-Meditation
369.484,0.468,Y2_pre_rr,Yoga,Pre-Meditation
369.956,0.472,Y2_pre_rr,Yoga,Pre-Meditation
370.444,0.488,Y2_pre_rr,Yoga,Pre-Meditation
370.96,0.516,Y2_pre_rr,Yoga,Pre-Meditation
371.472,0.512,Y2_pre_rr,Yoga,Pre-Meditation
371.96,0.488,Y2_pre_rr,Yoga,Pre-Meditation
372.424,0.464,Y2_pre_rr,Yoga,Pre-Meditation
372.888,0.464,Y2_pre_rr,Yoga,Pre-Meditation
373.344,0.456,Y2_pre_rr,Yoga,Pre-Meditation
373.792,0.448,Y2_pre_rr,Yoga,Pre-Meditation
374.264,0.472,Y2_pre_rr,Yoga,Pre-Meditation
374.748,0.484,Y2_pre_rr,Yoga,Pre-Meditation
375.232,0.484,Y2_pre_rr,Yoga,Pre-Meditation
375.72,0.488,Y2_pre_rr,Yoga,Pre-Meditation
376.208,0.488,Y2_pre_rr,Yoga,Pre-Meditation
376.684,0.476,Y2_pre_rr,Yoga,Pre-Meditation
377.168,0.484,Y2_pre_rr,Yoga,Pre-Meditation
377.656,0.488,Y2_pre_rr,Yoga,Pre-Meditation
378.148,0.492,Y2_pre_rr,Yoga,Pre-Meditation
378.612,0.464,Y2_pre_rr,Yoga,Pre-Meditation
379.092,0.48,Y2_pre_rr,Yoga,Pre-Meditation
379.576,0.484,Y2_pre_rr,Yoga,Pre-Meditation
380.04,0.464,Y2_pre_rr,Yoga,Pre-Meditation
380.532,0.492,Y2_pre_rr,Yoga,Pre-Meditation
381.028,0.496,Y2_pre_rr,Yoga,Pre-Meditation
381.5,0.472,Y2_pre_rr,Yoga,Pre-Meditation
381.992,0.492,Y2_pre_rr,Yoga,Pre-Meditation
382.492,0.5,Y2_pre_rr,Yoga,Pre-Meditation
382.976,0.484,Y2_pre_rr,Yoga,Pre-Meditation
383.464,0.488,Y2_pre_rr,Yoga,Pre-Meditation
383.96,0.496,Y2_pre_rr,Yoga,Pre-Meditation
384.436,0.476,Y2_pre_rr,Yoga,Pre-Meditation
384.884,0.448,Y2_pre_rr,Yoga,Pre-Meditation
385.324,0.44,Y2_pre_rr,Yoga,Pre-Meditation
385.784,0.46,Y2_pre_rr,Yoga,Pre-Meditation
386.232,0.448,Y2_pre_rr,Yoga,Pre-Meditation
386.696,0.464,Y2_pre_rr,Yoga,Pre-Meditation
387.196,0.5,Y2_pre_rr,Yoga,Pre-Meditation
387.688,0.492,Y2_pre_rr,Yoga,Pre-Meditation
388.188,0.5,Y2_pre_rr,Yoga,Pre-Meditation
388.68,0.492,Y2_pre_rr,Yoga,Pre-Meditation
389.16,0.48,Y2_pre_rr,Yoga,Pre-Meditation
389.616,0.456,Y2_pre_rr,Yoga,Pre-Meditation
390.084,0.468,Y2_pre_rr,Yoga,Pre-Meditation
390.568,0.484,Y2_pre_rr,Yoga,Pre-Meditation
391.028,0.46,Y2_pre_rr,Yoga,Pre-Meditation
391.504,0.476,Y2_pre_rr,Yoga,Pre-Meditation
392.0,0.496,Y2_pre_rr,Yoga,Pre-Meditation
392.496,0.496,Y2_pre_rr,Yoga,Pre-Meditation
392.968,0.472,Y2_pre_rr,Yoga,Pre-Meditation
393.456,0.488,Y2_pre_rr,Yoga,Pre-Meditation
393.956,0.5,Y2_pre_rr,Yoga,Pre-Meditation
394.42,0.464,Y2_pre_rr,Yoga,Pre-Meditation
394.892,0.472,Y2_pre_rr,Yoga,Pre-Meditation
395.372,0.48,Y2_pre_rr,Yoga,Pre-Meditation
395.836,0.464,Y2_pre_rr,Yoga,Pre-Meditation
396.292,0.456,Y2_pre_rr,Yoga,Pre-Meditation
396.776,0.484,Y2_pre_rr,Yoga,Pre-Meditation
397.26,0.484,Y2_pre_rr,Yoga,Pre-Meditation
397.72,0.46,Y2_pre_rr,Yoga,Pre-Meditation
398.196,0.476,Y2_pre_rr,Yoga,Pre-Meditation
398.688,0.492,Y2_pre_rr,Yoga,Pre-Meditation
399.172,0.484,Y2_pre_rr,Yoga,Pre-Meditation
399.672,0.5,Y2_pre_rr,Yoga,Pre-Meditation
400.18,0.508,Y2_pre_rr,Yoga,Pre-Meditation
400.672,0.492,Y2_pre_rr,Yoga,Pre-Meditation
401.132,0.46,Y2_pre_rr,Yoga,Pre-Meditation
401.6,0.468,Y2_pre_rr,Yoga,Pre-Meditation
402.068,0.468,Y2_pre_rr,Yoga,Pre-Meditation
402.516,0.448,Y2_pre_rr,Yoga,Pre-Meditation
402.976,0.46,Y2_pre_rr,Yoga,Pre-Meditation
403.476,0.5,Y2_pre_rr,Yoga,Pre-Meditation
403.976,0.5,Y2_pre_rr,Yoga,Pre-Meditation
404.46,0.484,Y2_pre_rr,Yoga,Pre-Meditation
404.956,0.496,Y2_pre_rr,Yoga,Pre-Meditation
405.456,0.5,Y2_pre_rr,Yoga,Pre-Meditation
405.936,0.48,Y2_pre_rr,Yoga,Pre-Meditation
406.4,0.464,Y2_pre_rr,Yoga,Pre-Meditation
406.88,0.48,Y2_pre_rr,Yoga,Pre-Meditation
407.384,0.504,Y2_pre_rr,Yoga,Pre-Meditation
407.868,0.484,Y2_pre_rr,Yoga,Pre-Meditation
408.38,0.512,Y2_pre_rr,Yoga,Pre-Meditation
408.908,0.528,Y2_pre_rr,Yoga,Pre-Meditation
409.412,0.504,Y2_pre_rr,Yoga,Pre-Meditation
409.868,0.456,Y2_pre_rr,Yoga,Pre-Meditation
410.328,0.46,Y2_pre_rr,Yoga,Pre-Meditation
410.808,0.48,Y2_pre_rr,Yoga,Pre-Meditation
411.28,0.472,Y2_pre_rr,Yoga,Pre-Meditation
411.76,0.48,Y2_pre_rr,Yoga,Pre-Meditation
412.236,0.476,Y2_pre_rr,Yoga,Pre-Meditation
412.712,0.476,Y2_pre_rr,Yoga,Pre-Meditation
413.16,0.448,Y2_pre_rr,Yoga,Pre-Meditation
413.636,0.476,Y2_pre_rr,Yoga,Pre-Meditation
414.14,0.504,Y2_pre_rr,Yoga,Pre-Meditation
414.632,0.492,Y2_pre_rr,Yoga,Pre-Meditation
415.136,0.504,Y2_pre_rr,Yoga,Pre-Meditation
415.636,0.5,Y2_pre_rr,Yoga,Pre-Meditation
416.104,0.468,Y2_pre_rr,Yoga,Pre-Meditation
416.544,0.44,Y2_pre_rr,Yoga,Pre-Meditation
416.988,0.444,Y2_pre_rr,Yoga,Pre-Meditation
417.44,0.452,Y2_pre_rr,Yoga,Pre-Meditation
417.884,0.444,Y2_pre_rr,Yoga,Pre-Meditation
418.336,0.452,Y2_pre_rr,Yoga,Pre-Meditation
418.812,0.476,Y2_pre_rr,Yoga,Pre-Meditation
419.3,0.488,Y2_pre_rr,Yoga,Pre-Meditation
419.768,0.468,Y2_pre_rr,Yoga,Pre-Meditation
420.252,0.484,Y2_pre_rr,Yoga,Pre-Meditation
420.744,0.492,Y2_pre_rr,Yoga,Pre-Meditation
421.208,0.464,Y2_pre_rr,Yoga,Pre-Meditation
421.668,0.46,Y2_pre_rr,Yoga,Pre-Meditation
422.144,0.476,Y2_pre_rr,Yoga,Pre-Meditation
422.62,0.476,Y2_pre_rr,Yoga,Pre-Meditation
423.076,0.456,Y2_pre_rr,Yoga,Pre-Meditation
423.552,0.476,Y2_pre_rr,Yoga,Pre-Meditation
424.032,0.48,Y2_pre_rr,Yoga,Pre-Meditation
424.492,0.46,Y2_pre_rr,Yoga,Pre-Meditation
424.976,0.484,Y2_pre_rr,Yoga,Pre-Meditation
425.468,0.492,Y2_pre_rr,Yoga,Pre-Meditation
425.956,0.488,Y2_pre_rr,Yoga,Pre-Meditation
426.412,0.456,Y2_pre_rr,Yoga,Pre-Meditation
426.876,0.464,Y2_pre_rr,Yoga,Pre-Meditation
427.34,0.464,Y2_pre_rr,Yoga,Pre-Meditation
427.788,0.448,Y2_pre_rr,Yoga,Pre-Meditation
428.244,0.456,Y2_pre_rr,Yoga,Pre-Meditation
428.72,0.476,Y2_pre_rr,Yoga,Pre-Meditation
429.188,0.468,Y2_pre_rr,Yoga,Pre-Meditation
429.64,0.452,Y2_pre_rr,Yoga,Pre-Meditation
430.112,0.472,Y2_pre_rr,Yoga,Pre-Meditation
430.596,0.484,Y2_pre_rr,Yoga,Pre-Meditation
431.056,0.46,Y2_pre_rr,Yoga,Pre-Meditation
431.532,0.476,Y2_pre_rr,Yoga,Pre-Meditation
432.02,0.488,Y2_pre_rr,Yoga,Pre-Meditation
432.488,0.468,Y2_pre_rr,Yoga,Pre-Meditation
432.932,0.444,Y2_pre_rr,Yoga,Pre-Meditation
433.38,0.448,Y2_pre_rr,Yoga,Pre-Meditation
433.828,0.448,Y2_pre_rr,Yoga,Pre-Meditation
434.244,0.416,Y2_pre_rr,Yoga,Pre-Meditation
434.676,0.432,Y2_pre_rr,Yoga,Pre-Meditation
435.14,0.464,Y2_pre_rr,Yoga,Pre-Meditation
435.632,0.492,Y2_pre_rr,Yoga,Pre-Meditation
436.124,0.492,Y2_pre_rr,Yoga,Pre-Meditation
436.656,0.532,Y2_pre_rr,Yoga,Pre-Meditation
437.192,0.536,Y2_pre_rr,Yoga,Pre-Meditation
437.704,0.512,Y2_pre_rr,Yoga,Pre-Meditation
438.192,0.488,Y2_pre_rr,Yoga,Pre-Meditation
438.684,0.492,Y2_pre_rr,Yoga,Pre-Meditation
439.16,0.476,Y2_pre_rr,Yoga,Pre-Meditation
439.616,0.456,Y2_pre_rr,Yoga,Pre-Meditation
440.08,0.464,Y2_pre_rr,Yoga,Pre-Meditation
440.56,0.48,Y2_pre_rr,Yoga,Pre-Meditation
441.02,0.46,Y2_pre_rr,Yoga,Pre-Meditation
441.5,0.48,Y2_pre_rr,Yoga,Pre-Meditation
441.988,0.488,Y2_pre_rr,Yoga,Pre-Meditation
442.468,0.48,Y2_pre_rr,Yoga,Pre-Meditation
442.928,0.46,Y2_pre_rr,Yoga,Pre-Meditation
443.4,0.472,Y2_pre_rr,Yoga,Pre-Meditation
443.872,0.472,Y2_pre_rr,Yoga,Pre-Meditation
444.32,0.448,Y2_pre_rr,Yoga,Pre-Meditation
444.768,0.448,Y2_pre_rr,Yoga,Pre-Meditation
445.228,0.46,Y2_pre_rr,Yoga,Pre-Meditation
445.692,0.464,Y2_pre_rr,Yoga,Pre-Meditation
446.148,0.456,Y2_pre_rr,Yoga,Pre-Meditation
446.636,0.488,Y2_pre_rr,Yoga,Pre-Meditation
447.148,0.512,Y2_pre_rr,Yoga,Pre-Meditation
447.644,0.496,Y2_pre_rr,Yoga,Pre-Meditation
448.124,0.48,Y2_pre_rr,Yoga,Pre-Meditation
448.604,0.48,Y2_pre_rr,Yoga,Pre-Meditation
449.064,0.46,Y2_pre_rr,Yoga,Pre-Meditation
449.504,0.44,Y2_pre_rr,Yoga,Pre-Meditation
449.964,0.46,Y2_pre_rr,Yoga,Pre-Meditation
450.452,0.488,Y2_pre_rr,Yoga,Pre-Meditation
450.912,0.46,Y2_pre_rr,Yoga,Pre-Meditation
451.396,0.484,Y2_pre_rr,Yoga,Pre-Meditation
451.9,0.504,Y2_pre_rr,Yoga,Pre-Meditation
452.392,0.492,Y2_pre_rr,Yoga,Pre-Meditation
452.86,0.468,Y2_pre_rr,Yoga,Pre-Meditation
453.344,0.484,Y2_pre_rr,Yoga,Pre-Meditation
453.832,0.488,Y2_pre_rr,Yoga,Pre-Meditation
454.292,0.46,Y2_pre_rr,Yoga,Pre-Meditation
454.76,0.468,Y2_pre_rr,Yoga,Pre-Meditation
455.232,0.472,Y2_pre_rr,Yoga,Pre-Meditation
455.7,0.468,Y2_pre_rr,Yoga,Pre-Meditation
456.156,0.456,Y2_pre_rr,Yoga,Pre-Meditation
456.636,0.48,Y2_pre_rr,Yoga,Pre-Meditation
457.144,0.508,Y2_pre_rr,Yoga,Pre-Meditation
457.62,0.476,Y2_pre_rr,Yoga,Pre-Meditation
458.108,0.488,Y2_pre_rr,Yoga,Pre-Meditation
458.592,0.484,Y2_pre_rr,Yoga,Pre-Meditation
459.052,0.46,Y2_pre_rr,Yoga,Pre-Meditation
459.504,0.452,Y2_pre_rr,Yoga,Pre-Meditation
459.98,0.476,Y2_pre_rr,Yoga,Pre-Meditation
460.472,0.492,Y2_pre_rr,Yoga,Pre-Meditation
460.928,0.456,Y2_pre_rr,Yoga,Pre-Meditation
461.4,0.472,Y2_pre_rr,Yoga,Pre-Meditation
461.892,0.492,Y2_pre_rr,Yoga,Pre-Meditation
462.384,0.492,Y2_pre_rr,Yoga,Pre-Meditation
462.864,0.48,Y2_pre_rr,Yoga,Pre-Meditation
463.36,0.496,Y2_pre_rr,Yoga,Pre-Meditation
463.856,0.496,Y2_pre_rr,Yoga,Pre-Meditation
464.328,0.472,Y2_pre_rr,Yoga,Pre-Meditation
464.792,0.464,Y2_pre_rr,Yoga,Pre-Meditation
465.252,0.46,Y2_pre_rr,Yoga,Pre-Meditation
465.7,0.448,Y2_pre_rr,Yoga,Pre-Meditation
466.132,0.432,Y2_pre_rr,Yoga,Pre-Meditation
466.596,0.464,Y2_pre_rr,Yoga,Pre-Meditation
467.1,0.504,Y2_pre_rr,Yoga,Pre-Meditation
467.604,0.504,Y2_pre_rr,Yoga,Pre-Meditation
468.112,0.508,Y2_pre_rr,Yoga,Pre-Meditation
468.624,0.512,Y2_pre_rr,Yoga,Pre-Meditation
469.112,0.488,Y2_pre_rr,Yoga,Pre-Meditation
469.552,0.44,Y2_pre_rr,Yoga,Pre-Meditation
469.992,0.44,Y2_pre_rr,Yoga,Pre-Meditation
470.44,0.448,Y2_pre_rr,Yoga,Pre-Meditation
470.896,0.456,Y2_pre_rr,Yoga,Pre-Meditation
471.336,0.44,Y2_pre_rr,Yoga,Pre-Meditation
471.808,0.472,Y2_pre_rr,Yoga,Pre-Meditation
472.296,0.488,Y2_pre_rr,Yoga,Pre-Meditation
472.772,0.476,Y2_pre_rr,Yoga,Pre-Meditation
473.24,0.468,Y2_pre_rr,Yoga,Pre-Meditation
473.716,0.476,Y2_pre_rr,Yoga,Pre-Meditation
474.18,0.464,Y2_pre_rr,Yoga,Pre-Meditation
474.628,0.448,Y2_pre_rr,Yoga,Pre-Meditation
475.088,0.46,Y2_pre_rr,Yoga,Pre-Meditation
475.568,0.48,Y2_pre_rr,Yoga,Pre-Meditation
476.02,0.452,Y2_pre_rr,Yoga,Pre-Meditation
476.492,0.472,Y2_pre_rr,Yoga,Pre-Meditation
476.976,0.484,Y2_pre_rr,Yoga,Pre-Meditation
477.468,0.492,Y2_pre_rr,Yoga,Pre-Meditation
477.94,0.472,Y2_pre_rr,Yoga,Pre-Meditation
478.428,0.488,Y2_pre_rr,Yoga,Pre-Meditation
478.92,0.492,Y2_pre_rr,Yoga,Pre-Meditation
479.38,0.46,Y2_pre_rr,Yoga,Pre-Meditation
479.848,0.468,Y2_pre_rr,Yoga,Pre-Meditation
480.316,0.468,Y2_pre_rr,Yoga,Pre-Meditation
480.752,0.436,Y2_pre_rr,Yoga,Pre-Meditation
481.168,0.416,Y2_pre_rr,Yoga,Pre-Meditation
481.592,0.424,Y2_pre_rr,Yoga,Pre-Meditation
482.024,0.432,Y2_pre_rr,Yoga,Pre-Meditation
482.436,0.412,Y2_pre_rr,Yoga,Pre-Meditation
482.844,0.408,Y2_pre_rr,Yoga,Pre-Meditation
483.26,0.416,Y2_pre_rr,Yoga,Pre-Meditation
483.664,0.404,Y2_pre_rr,Yoga,Pre-Meditation
484.024,0.36,Y2_pre_rr,Yoga,Pre-Meditation
484.392,0.368,Y2_pre_rr,Yoga,Pre-Meditation
484.748,0.356,Y2_pre_rr,Yoga,Pre-Meditation
485.104,0.356,Y2_pre_rr,Yoga,Pre-Meditation
485.456,0.352,Y2_pre_rr,Yoga,Pre-Meditation
485.812,0.356,Y2_pre_rr,Yoga,Pre-Meditation
486.164,0.352,Y2_pre_rr,Yoga,Pre-Meditation
486.508,0.344,Y2_pre_rr,Yoga,Pre-Meditation
486.848,0.34,Y2_pre_rr,Yoga,Pre-Meditation
487.188,0.34,Y2_pre_rr,Yoga,Pre-Meditation
487.532,0.344,Y2_pre_rr,Yoga,Pre-Meditation
487.872,0.34,Y2_pre_rr,Yoga,Pre-Meditation
488.216,0.344,Y2_pre_rr,Yoga,Pre-Meditation
488.568,0.352,Y2_pre_rr,Yoga,Pre-Meditation
488.928,0.36,Y2_pre_rr,Yoga,Pre-Meditation
489.284,0.356,Y2_pre_rr,Yoga,Pre-Meditation
489.636,0.352,Y2_pre_rr,Yoga,Pre-Meditation
489.996,0.36,Y2_pre_rr,Yoga,Pre-Meditation
490.36,0.364,Y2_pre_rr,Yoga,Pre-Meditation
490.736,0.376,Y2_pre_rr,Yoga,Pre-Meditation
491.104,0.368,Y2_pre_rr,Yoga,Pre-Meditation
491.488,0.384,Y2_pre_rr,Yoga,Pre-Meditation
491.896,0.408,Y2_pre_rr,Yoga,Pre-Meditation
492.344,0.448,Y2_pre_rr,Yoga,Pre-Meditation
492.776,0.432,Y2_pre_rr,Yoga,Pre-Meditation
493.224,0.448,Y2_pre_rr,Yoga,Pre-Meditation
493.668,0.444,Y2_pre_rr,Yoga,Pre-Meditation
494.1,0.432,Y2_pre_rr,Yoga,Pre-Meditation
494.512,0.412,Y2_pre_rr,Yoga,Pre-Meditation
494.94,0.428,Y2_pre_rr,Yoga,Pre-Meditation
495.376,0.436,Y2_pre_rr,Yoga,Pre-Meditation
495.836,0.46,Y2_pre_rr,Yoga,Pre-Meditation
496.336,0.5,Y2_pre_rr,Yoga,Pre-Meditation
496.836,0.5,Y2_pre_rr,Yoga,Pre-Meditation
497.312,0.476,Y2_pre_rr,Yoga,Pre-Meditation
497.772,0.46,Y2_pre_rr,Yoga,Pre-Meditation
498.248,0.476,Y2_pre_rr,Yoga,Pre-Meditation
498.724,0.476,Y2_pre_rr,Yoga,Pre-Meditation
499.16,0.436,Y2_pre_rr,Yoga,Pre-Meditation
499.604,0.444,Y2_pre_rr,Yoga,Pre-Meditation
500.064,0.46,Y2_pre_rr,Yoga,Pre-Meditation
500.52,0.456,Y2_pre_rr,Yoga,Pre-Meditation
500.964,0.444,Y2_pre_rr,Yoga,Pre-Meditation
501.436,0.472,Y2_pre_rr,Yoga,Pre-Meditation
501.9,0.464,Y2_pre_rr,Yoga,Pre-Meditation
502.324,0.424,Y2_pre_rr,Yoga,Pre-Meditation
502.748,0.424,Y2_pre_rr,Yoga,Pre-Meditation
503.18,0.432,Y2_pre_rr,Yoga,Pre-Meditation
503.604,0.424,Y2_pre_rr,Yoga,Pre-Meditation
504.02,0.416,Y2_pre_rr,Yoga,Pre-Meditation
504.46,0.44,Y2_pre_rr,Yoga,Pre-Meditation
504.916,0.456,Y2_pre_rr,Yoga,Pre-Meditation
505.372,0.456,Y2_pre_rr,Yoga,Pre-Meditation
505.84,0.468,Y2_pre_rr,Yoga,Pre-Meditation
506.32,0.48,Y2_pre_rr,Yoga,Pre-Meditation
506.792,0.472,Y2_pre_rr,Yoga,Pre-Meditation
507.252,0.46,Y2_pre_rr,Yoga,Pre-Meditation
507.712,0.46,Y2_pre_rr,Yoga,Pre-Meditation
508.16,0.448,Y2_pre_rr,Yoga,Pre-Meditation
508.596,0.436,Y2_pre_rr,Yoga,Pre-Meditation
509.04,0.444,Y2_pre_rr,Yoga,Pre-Meditation
509.48,0.44,Y2_pre_rr,Yoga,Pre-Meditation
509.904,0.424,Y2_pre_rr,Yoga,Pre-Meditation
510.34,0.436,Y2_pre_rr,Yoga,Pre-Meditation
510.8,0.46,Y2_pre_rr,Yoga,Pre-Meditation
511.272,0.472,Y2_pre_rr,Yoga,Pre-Meditation
511.736,0.464,Y2_pre_rr,Yoga,Pre-Meditation
512.224,0.488,Y2_pre_rr,Yoga,Pre-Meditation
512.716,0.492,Y2_pre_rr,Yoga,Pre-Meditation
513.18,0.464,Y2_pre_rr,Yoga,Pre-Meditation
513.644,0.464,Y2_pre_rr,Yoga,Pre-Meditation
514.128,0.484,Y2_pre_rr,Yoga,Pre-Meditation
514.604,0.476,Y2_pre_rr,Yoga,Pre-Meditation
515.06,0.456,Y2_pre_rr,Yoga,Pre-Meditation
515.52,0.46,Y2_pre_rr,Yoga,Pre-Meditation
515.98,0.46,Y2_pre_rr,Yoga,Pre-Meditation
516.464,0.484,Y2_pre_rr,Yoga,Pre-Meditation
516.928,0.464,Y2_pre_rr,Yoga,Pre-Meditation
517.408,0.48,Y2_pre_rr,Yoga,Pre-Meditation
517.896,0.488,Y2_pre_rr,Yoga,Pre-Meditation
518.348,0.452,Y2_pre_rr,Yoga,Pre-Meditation
518.812,0.464,Y2_pre_rr,Yoga,Pre-Meditation
519.276,0.464,Y2_pre_rr,Yoga,Pre-Meditation
519.72,0.444,Y2_pre_rr,Yoga,Pre-Meditation
520.18,0.46,Y2_pre_rr,Yoga,Pre-Meditation
520.644,0.464,Y2_pre_rr,Yoga,Pre-Meditation
521.116,0.472,Y2_pre_rr,Yoga,Pre-Meditation
521.572,0.456,Y2_pre_rr,Yoga,Pre-Meditation
522.04,0.468,Y2_pre_rr,Yoga,Pre-Meditation
522.508,0.468,Y2_pre_rr,Yoga,Pre-Meditation
522.936,0.428,Y2_pre_rr,Yoga,Pre-Meditation
523.384,0.448,Y2_pre_rr,Yoga,Pre-Meditation
523.844,0.46,Y2_pre_rr,Yoga,Pre-Meditation
524.3,0.456,Y2_pre_rr,Yoga,Pre-Meditation
524.756,0.456,Y2_pre_rr,Yoga,Pre-Meditation
525.22,0.464,Y2_pre_rr,Yoga,Pre-Meditation
525.684,0.464,Y2_pre_rr,Yoga,Pre-Meditation
526.124,0.44,Y2_pre_rr,Yoga,Pre-Meditation
526.568,0.444,Y2_pre_rr,Yoga,Pre-Meditation
527.012,0.444,Y2_pre_rr,Yoga,Pre-Meditation
527.452,0.44,Y2_pre_rr,Yoga,Pre-Meditation
527.876,0.424,Y2_pre_rr,Yoga,Pre-Meditation
528.324,0.448,Y2_pre_rr,Yoga,Pre-Meditation
528.78,0.456,Y2_pre_rr,Yoga,Pre-Meditation
529.228,0.448,Y2_pre_rr,Yoga,Pre-Meditation
529.684,0.456,Y2_pre_rr,Yoga,Pre-Meditation
530.156,0.472,Y2_pre_rr,Yoga,Pre-Meditation
530.624,0.468,Y2_pre_rr,Yoga,Pre-Meditation
531.072,0.448,Y2_pre_rr,Yoga,Pre-Meditation
531.532,0.46,Y2_pre_rr,Yoga,Pre-Meditation
532.008,0.476,Y2_pre_rr,Yoga,Pre-Meditation
532.468,0.46,Y2_pre_rr,Yoga,Pre-Meditation
532.932,0.464,Y2_pre_rr,Yoga,Pre-Meditation
533.404,0.472,Y2_pre_rr,Yoga,Pre-Meditation
533.876,0.472,Y2_pre_rr,Yoga,Pre-Meditation
534.324,0.448,Y2_pre_rr,Yoga,Pre-Meditation
534.8,0.476,Y2_pre_rr,Yoga,Pre-Meditation
535.284,0.484,Y2_pre_rr,Yoga,Pre-Meditation
535.736,0.452,Y2_pre_rr,Yoga,Pre-Meditation
536.188,0.452,Y2_pre_rr,Yoga,Pre-Meditation
536.648,0.46,Y2_pre_rr,Yoga,Pre-Meditation
537.092,0.444,Y2_pre_rr,Yoga,Pre-Meditation
537.528,0.436,Y2_pre_rr,Yoga,Pre-Meditation
537.984,0.456,Y2_pre_rr,Yoga,Pre-Meditation
538.444,0.46,Y2_pre_rr,Yoga,Pre-Meditation
538.884,0.44,Y2_pre_rr,Yoga,Pre-Meditation
539.328,0.444,Y2_pre_rr,Yoga,Pre-Meditation
539.796,0.468,Y2_pre_rr,Yoga,Pre-Meditation
540.244,0.448,Y2_pre_rr,Yoga,Pre-Meditation
540.696,0.452,Y2_pre_rr,Yoga,Pre-Meditation
541.172,0.476,Y2_pre_rr,Yoga,Pre-Meditation
541.628,0.456,Y2_pre_rr,Yoga,Pre-Meditation
542.064,0.436,Y2_pre_rr,Yoga,Pre-Meditation
542.524,0.46,Y2_pre_rr,Yoga,Pre-Meditation
542.996,0.472,Y2_pre_rr,Yoga,Pre-Meditation
543.448,0.452,Y2_pre_rr,Yoga,Pre-Meditation
543.912,0.464,Y2_pre_rr,Yoga,Pre-Meditation
544.376,0.464,Y2_pre_rr,Yoga,Pre-Meditation
544.812,0.436,Y2_pre_rr,Yoga,Pre-Meditation
545.232,0.42,Y2_pre_rr,Yoga,Pre-Meditation
545.676,0.444,Y2_pre_rr,Yoga,Pre-Meditation
546.132,0.456,Y2_pre_rr,Yoga,Pre-Meditation
546.576,0.444,Y2_pre_rr,Yoga,Pre-Meditation
547.04,0.464,Y2_pre_rr,Yoga,Pre-Meditation
547.52,0.48,Y2_pre_rr,Yoga,Pre-Meditation
547.992,0.472,Y2_pre_rr,Yoga,Pre-Meditation
548.464,0.472,Y2_pre_rr,Yoga,Pre-Meditation
548.956,0.492,Y2_pre_rr,Yoga,Pre-Meditation
549.436,0.48,Y2_pre_rr,Yoga,Pre-Meditation
549.876,0.44,Y2_pre_rr,Yoga,Pre-Meditation
550.324,0.448,Y2_pre_rr,Yoga,Pre-Meditation
550.764,0.44,Y2_pre_rr,Yoga,Pre-Meditation
551.196,0.432,Y2_pre_rr,Yoga,Pre-Meditation
551.632,0.436,Y2_pre_rr,Yoga,Pre-Meditation
552.096,0.464,Y2_pre_rr,Yoga,Pre-Meditation
552.564,0.468,Y2_pre_rr,Yoga,Pre-Meditation
553.004,0.44,Y2_pre_rr,Yoga,Pre-Meditation
553.48,0.476,Y2_pre_rr,Yoga,Pre-Meditation
553.968,0.488,Y2_pre_rr,Yoga,Pre-Meditation
554.424,0.456,Y2_pre_rr,Yoga,Pre-Meditation
554.88,0.456,Y2_pre_rr,Yoga,Pre-Meditation
555.328,0.448,Y2_pre_rr,Yoga,Pre-Meditation
555.744,0.416,Y2_pre_rr,Yoga,Pre-Meditation
556.144,0.4,Y2_pre_rr,Yoga,Pre-Meditation
556.54,0.396,Y2_pre_rr,Yoga,Pre-Meditation
556.912,0.372,Y2_pre_rr,Yoga,Pre-Meditation
557.268,0.356,Y2_pre_rr,Yoga,Pre-Meditation
557.624,0.356,Y2_pre_rr,Yoga,Pre-Meditation
557.968,0.344,Y2_pre_rr,Yoga,Pre-Meditation
558.304,0.336,Y2_pre_rr,Yoga,Pre-Meditation
558.64,0.336,Y2_pre_rr,Yoga,Pre-Meditation
558.972,0.332,Y2_pre_rr,Yoga,Pre-Meditation
559.3,0.328,Y2_pre_rr,Yoga,Pre-Meditation
559.624,0.324,Y2_pre_rr,Yoga,Pre-Meditation
559.948,0.324,Y2_pre_rr,Yoga,Pre-Meditation
560.284,0.336,Y2_pre_rr,Yoga,Pre-Meditation
560.628,0.344,Y2_pre_rr,Yoga,Pre-Meditation
561.004,0.376,Y2_pre_rr,Yoga,Pre-Meditation
561.396,0.392,Y2_pre_rr,Yoga,Pre-Meditation
561.8,0.404,Y2_pre_rr,Yoga,Pre-Meditation
562.192,0.392,Y2_pre_rr,Yoga,Pre-Meditation
562.556,0.364,Y2_pre_rr,Yoga,Pre-Meditation
562.924,0.368,Y2_pre_rr,Yoga,Pre-Meditation
563.292,0.368,Y2_pre_rr,Yoga,Pre-Meditation
563.672,0.38,Y2_pre_rr,Yoga,Pre-Meditation
564.04,0.368,Y2_pre_rr,Yoga,Pre-Meditation
564.408,0.368,Y2_pre_rr,Yoga,Pre-Meditation
564.796,0.388,Y2_pre_rr,Yoga,Pre-Meditation
565.216,0.42,Y2_pre_rr,Yoga,Pre-Meditation
565.644,0.428,Y2_pre_rr,Yoga,Pre-Meditation
566.04,0.396,Y2_pre_rr,Yoga,Pre-Meditation
566.448,0.408,Y2_pre_rr,Yoga,Pre-Meditation
566.86,0.412,Y2_pre_rr,Yoga,Pre-Meditation
567.292,0.432,Y2_pre_rr,Yoga,Pre-Meditation
567.716,0.424,Y2_pre_rr,Yoga,Pre-Meditation
568.132,0.416,Y2_pre_rr,Yoga,Pre-Meditation
568.568,0.436,Y2_pre_rr,Yoga,Pre-Meditation
569.012,0.444,Y2_pre_rr,Yoga,Pre-Meditation
569.468,0.456,Y2_pre_rr,Yoga,Pre-Meditation
569.9,0.432,Y2_pre_rr,Yoga,Pre-Meditation
570.324,0.424,Y2_pre_rr,Yoga,Pre-Meditation
570.76,0.436,Y2_pre_rr,Yoga,Pre-Meditation
571.2,0.44,Y2_pre_rr,Yoga,Pre-Meditation
571.608,0.408,Y2_pre_rr,Yoga,Pre-Meditation
572.032,0.424,Y2_pre_rr,Yoga,Pre-Meditation
572.472,0.44,Y2_pre_rr,Yoga,Pre-Meditation
572.928,0.456,Y2_pre_rr,Yoga,Pre-Meditation
573.372,0.444,Y2_pre_rr,Yoga,Pre-Meditation
573.84,0.468,Y2_pre_rr,Yoga,Pre-Meditation
574.324,0.484,Y2_pre_rr,Yoga,Pre-Meditation
574.808,0.484,Y2_pre_rr,Yoga,Pre-Meditation
575.276,0.468,Y2_pre_rr,Yoga,Pre-Meditation
575.744,0.468,Y2_pre_rr,Yoga,Pre-Meditation
576.22,0.476,Y2_pre_rr,Yoga,Pre-Meditation
576.684,0.464,Y2_pre_rr,Yoga,Pre-Meditation
577.144,0.46,Y2_pre_rr,Yoga,Pre-Meditation
577.616,0.472,Y2_pre_rr,Yoga,Pre-Meditation
578.096,0.48,Y2_pre_rr,Yoga,Pre-Meditation
578.556,0.46,Y2_pre_rr,Yoga,Pre-Meditation
579.028,0.472,Y2_pre_rr,Yoga,Pre-Meditation
579.508,0.48,Y2_pre_rr,Yoga,Pre-Meditation
579.972,0.464,Y2_pre_rr,Yoga,Pre-Meditation
580.42,0.448,Y2_pre_rr,Yoga,Pre-Meditation
580.868,0.448,Y2_pre_rr,Yoga,Pre-Meditation
581.324,0.456,Y2_pre_rr,Yoga,Pre-Meditation
581.776,0.452,Y2_pre_rr,Yoga,Pre-Meditation
582.228,0.452,Y2_pre_rr,Yoga,Pre-Meditation
582.712,0.484,Y2_pre_rr,Yoga,Pre-Meditation
583.212,0.5,Y2_pre_rr,Yoga,Pre-Meditation
583.672,0.46,Y2_pre_rr,Yoga,Pre-Meditation
584.128,0.456,Y2_pre_rr,Yoga,Pre-Meditation
584.56,0.432,Y2_pre_rr,Yoga,Pre-Meditation
584.976,0.416,Y2_pre_rr,Yoga,Pre-Meditation
585.364,0.388,Y2_pre_rr,Yoga,Pre-Meditation
585.76,0.396,Y2_pre_rr,Yoga,Pre-Meditation
586.192,0.432,Y2_pre_rr,Yoga,Pre-Meditation
586.7,0.508,Y2_pre_rr,Yoga,Pre-Meditation
587.22,0.52,Y2_pre_rr,Yoga,Pre-Meditation
587.744,0.524,Y2_pre_rr,Yoga,Pre-Meditation
588.252,0.508,Y2_pre_rr,Yoga,Pre-Meditation
588.74,0.488,Y2_pre_rr,Yoga,Pre-Meditation
589.192,0.452,Y2_pre_rr,Yoga,Pre-Meditation
589.644,0.452,Y2_pre_rr,Yoga,Pre-Meditation
590.096,0.452,Y2_pre_rr,Yoga,Pre-Meditation
590.54,0.444,Y2_pre_rr,Yoga,Pre-Meditation
590.984,0.444,Y2_pre_rr,Yoga,Pre-Meditation
591.452,0.468,Y2_pre_rr,Yoga,Pre-Meditation
591.92,0.468,Y2_pre_rr,Yoga,Pre-Meditation
592.364,0.444,Y2_pre_rr,Yoga,Pre-Meditation
592.828,0.464,Y2_pre_rr,Yoga,Pre-Meditation
593.316,0.488,Y2_pre_rr,Yoga,Pre-Meditation
593.8,0.484,Y2_pre_rr,Yoga,Pre-Meditation
594.268,0.468,Y2_pre_rr,Yoga,Pre-Meditation
594.748,0.48,Y2_pre_rr,Yoga,Pre-Meditation
595.22,0.472,Y2_pre_rr,Yoga,Pre-Meditation
595.672,0.452,Y2_pre_rr,Yoga,Pre-Meditation
596.108,0.436,Y2_pre_rr,Yoga,Pre-Meditation
596.556,0.448,Y2_pre_rr,Yoga,Pre-Meditation
597.028,0.472,Y2_pre_rr,Yoga,Pre-Meditation
597.504,0.476,Y2_pre_rr,Yoga,Pre-Meditation
597.972,0.468,Y2_pre_rr,Yoga,Pre-Meditation
598.44,0.468,Y2_pre_rr,Yoga,Pre-Meditation
598.912,0.472,Y2_pre_rr,Yoga,Pre-Meditation
599.368,0.456,Y2_pre_rr,Yoga,Pre-Meditation
599.82,0.452,Y2_pre_rr,Yoga,Pre-Meditation
600.284,0.464,Y2_pre_rr,Yoga,Pre-Meditation
600.756,0.472,Y2_pre_rr,Yoga,Pre-Meditation
601.204,0.448,Y2_pre_rr,Yoga,Pre-Meditation
601.68,0.476,Y2_pre_rr,Yoga,Pre-Meditation
602.172,0.492,Y2_pre_rr,Yoga,Pre-Meditation
602.66,0.488,Y2_pre_rr,Yoga,Pre-Meditation
603.116,0.456,Y2_pre_rr,Yoga,Pre-Meditation
603.584,0.468,Y2_pre_rr,Yoga,Pre-Meditation
604.072,0.488,Y2_pre_rr,Yoga,Pre-Meditation
604.56,0.488,Y2_pre_rr,Yoga,Pre-Meditation
605.032,0.472,Y2_pre_rr,Yoga,Pre-Meditation
605.516,0.484,Y2_pre_rr,Yoga,Pre-Meditation
605.996,0.48,Y2_pre_rr,Yoga,Pre-Meditation
606.456,0.46,Y2_pre_rr,Yoga,Pre-Meditation
606.948,0.492,Y2_pre_rr,Yoga,Pre-Meditation
607.476,0.528,Y2_pre_rr,Yoga,Pre-Meditation
608.0,0.524,Y2_pre_rr,Yoga,Pre-Meditation
608.496,0.496,Y2_pre_rr,Yoga,Pre-Meditation
608.984,0.488,Y2_pre_rr,Yoga,Pre-Meditation
609.468,0.484,Y2_pre_rr,Yoga,Pre-Meditation
609.916,0.448,Y2_pre_rr,Yoga,Pre-Meditation
610.364,0.448,Y2_pre_rr,Yoga,Pre-Meditation
610.836,0.472,Y2_pre_rr,Yoga,Pre-Meditation
611.32,0.484,Y2_pre_rr,Yoga,Pre-Meditation
611.792,0.472,Y2_pre_rr,Yoga,Pre-Meditation
612.292,0.5,Y2_pre_rr,Yoga,Pre-Meditation
612.796,0.504,Y2_pre_rr,Yoga,Pre-Meditation
613.28,0.484,Y2_pre_rr,Yoga,Pre-Meditation
613.764,0.484,Y2_pre_rr,Yoga,Pre-Meditation
614.244,0.48,Y2_pre_rr,Yoga,Pre-Meditation
614.696,0.452,Y2_pre_rr,Yoga,Pre-Meditation
615.164,0.468,Y2_pre_rr,Yoga,Pre-Meditation
615.652,0.488,Y2_pre_rr,Yoga,Pre-Meditation
616.156,0.504,Y2_pre_rr,Yoga,Pre-Meditation
616.636,0.48,Y2_pre_rr,Yoga,Pre-Meditation
617.124,0.488,Y2_pre_rr,Yoga,Pre-Meditation
617.616,0.492,Y2_pre_rr,Yoga,Pre-Meditation
618.08,0.464,Y2_pre_rr,Yoga,Pre-Meditation
618.552,0.472,Y2_pre_rr,Yoga,Pre-Meditation
619.048,0.496,Y2_pre_rr,Yoga,Pre-Meditation
619.54,0.492,Y2_pre_rr,Yoga,Pre-Meditation
620.02,0.48,Y2_pre_rr,Yoga,Pre-Meditation
620.508,0.488,Y2_pre_rr,Yoga,Pre-Meditation
620.992,0.484,Y2_pre_rr,Yoga,Pre-Meditation
621.456,0.464,Y2_pre_rr,Yoga,Pre-Meditation
621.904,0.448,Y2_pre_rr,Yoga,Pre-Meditation
622.356,0.452,Y2_pre_rr,Yoga,Pre-Meditation
622.836,0.48,Y2_pre_rr,Yoga,Pre-Meditation
623.308,0.472,Y2_pre_rr,Yoga,Pre-Meditation
623.78,0.472,Y2_pre_rr,Yoga,Pre-Meditation
624.24,0.46,Y2_pre_rr,Yoga,Pre-Meditation
624.68,0.44,Y2_pre_rr,Yoga,Pre-Meditation
625.092,0.412,Y2_pre_rr,Yoga,Pre-Meditation
625.512,0.42,Y2_pre_rr,Yoga,Pre-Meditation
625.936,0.424,Y2_pre_rr,Yoga,Pre-Meditation
626.376,0.44,Y2_pre_rr,Yoga,Pre-Meditation
626.836,0.46,Y2_pre_rr,Yoga,Pre-Meditation
627.328,0.492,Y2_pre_rr,Yoga,Pre-Meditation
627.82,0.492,Y2_pre_rr,Yoga,Pre-Meditation
628.28,0.46,Y2_pre_rr,Yoga,Pre-Meditation
628.744,0.464,Y2_pre_rr,Yoga,Pre-Meditation
629.172,0.428,Y2_pre_rr,Yoga,Pre-Meditation
629.564,0.392,Y2_pre_rr,Yoga,Pre-Meditation
629.94,0.376,Y2_pre_rr,Yoga,Pre-Meditation
630.304,0.364,Y2_pre_rr,Yoga,Pre-Meditation
630.668,0.364,Y2_pre_rr,Yoga,Pre-Meditation
631.024,0.356,Y2_pre_rr,Yoga,Pre-Meditation
631.384,0.36,Y2_pre_rr,Yoga,Pre-Meditation
631.776,0.392,Y2_pre_rr,Yoga,Pre-Meditation
632.252,0.476,Y2_pre_rr,Yoga,Pre-Meditation
632.752,0.5,Y2_pre_rr,Yoga,Pre-Meditation
633.208,0.456,Y2_pre_rr,Yoga,Pre-Meditation
633.648,0.44,Y2_pre_rr,Yoga,Pre-Meditation
634.06,0.412,Y2_pre_rr,Yoga,Pre-Meditation
634.456,0.396,Y2_pre_rr,Yoga,Pre-Meditation
634.84,0.384,Y2_pre_rr,Yoga,Pre-Meditation
635.228,0.388,Y2_pre_rr,Yoga,Pre-Meditation
635.64,0.412,Y2_pre_rr,Yoga,Pre-Meditation
636.064,0.424,Y2_pre_rr,Yoga,Pre-Meditation
636.488,0.424,Y2_pre_rr,Yoga,Pre-Meditation
636.944,0.456,Y2_pre_rr,Yoga,Pre-Meditation
637.424,0.48,Y2_pre_rr,Yoga,Pre-Meditation
637.9,0.476,Y2_pre_rr,Yoga,Pre-Meditation
638.38,0.48,Y2_pre_rr,Yoga,Pre-Meditation
638.86,0.48,Y2_pre_rr,Yoga,Pre-Meditation
639.324,0.464,Y2_pre_rr,Yoga,Pre-Meditation
639.768,0.444,Y2_pre_rr,Yoga,Pre-Meditation
640.216,0.448,Y2_pre_rr,Yoga,Pre-Meditation
640.668,0.452,Y2_pre_rr,Yoga,Pre-Meditation
641.112,0.444,Y2_pre_rr,Yoga,Pre-Meditation
641.532,0.42,Y2_pre_rr,Yoga,Pre-Meditation
641.956,0.424,Y2_pre_rr,Yoga,Pre-Meditation
642.412,0.456,Y2_pre_rr,Yoga,Pre-Meditation
642.876,0.464,Y2_pre_rr,Yoga,Pre-Meditation
643.356,0.48,Y2_pre_rr,Yoga,Pre-Meditation
643.864,0.508,Y2_pre_rr,Yoga,Pre-Meditation
644.364,0.5,Y2_pre_rr,Yoga,Pre-Meditation
644.832,0.468,Y2_pre_rr,Yoga,Pre-Meditation
645.308,0.476,Y2_pre_rr,Yoga,Pre-Meditation
645.788,0.48,Y2_pre_rr,Yoga,Pre-Meditation
646.24,0.452,Y2_pre_rr,Yoga,Pre-Meditation
646.704,0.464,Y2_pre_rr,Yoga,Pre-Meditation
647.18,0.476,Y2_pre_rr,Yoga,Pre-Meditation
647.652,0.472,Y2_pre_rr,Yoga,Pre-Meditation
648.124,0.472,Y2_pre_rr,Yoga,Pre-Meditation
648.6,0.476,Y2_pre_rr,Yoga,Pre-Meditation
649.052,0.452,Y2_pre_rr,Yoga,Pre-Meditation
649.512,0.46,Y2_pre_rr,Yoga,Pre-Meditation
649.984,0.472,Y2_pre_rr,Yoga,Pre-Meditation
650.464,0.48,Y2_pre_rr,Yoga,Pre-Meditation
650.916,0.452,Y2_pre_rr,Yoga,Pre-Meditation
651.38,0.464,Y2_pre_rr,Yoga,Pre-Meditation
651.856,0.476,Y2_pre_rr,Yoga,Pre-Meditation
652.32,0.464,Y2_pre_rr,Yoga,Pre-Meditation
652.788,0.468,Y2_pre_rr,Yoga,Pre-Meditation
653.268,0.48,Y2_pre_rr,Yoga,Pre-Meditation
653.736,0.468,Y2_pre_rr,Yoga,Pre-Meditation
654.188,0.452,Y2_pre_rr,Yoga,Pre-Meditation
654.656,0.468,Y2_pre_rr,Yoga,Pre-Meditation
655.132,0.476,Y2_pre_rr,Yoga,Pre-Meditation
655.576,0.444,Y2_pre_rr,Yoga,Pre-Meditation
656.048,0.472,Y2_pre_rr,Yoga,Pre-Meditation
656.528,0.48,Y2_pre_rr,Yoga,Pre-Meditation
656.988,0.46,Y2_pre_rr,Yoga,Pre-Meditation
657.46,0.472,Y2_pre_rr,Yoga,Pre-Meditation
657.948,0.488,Y2_pre_rr,Yoga,Pre-Meditation
658.436,0.488,Y2_pre_rr,Yoga,Pre-Meditation
658.896,0.46,Y2_pre_rr,Yoga,Pre-Meditation
659.364,0.468,Y2_pre_rr,Yoga,Pre-Meditation
659.84,0.476,Y2_pre_rr,Yoga,Pre-Meditation
660.288,0.448,Y2_pre_rr,Yoga,Pre-Meditation
660.744,0.456,Y2_pre_rr,Yoga,Pre-Meditation
661.216,0.472,Y2_pre_rr,Yoga,Pre-Meditation
661.688,0.472,Y2_pre_rr,Yoga,Pre-Meditation
662.144,0.456,Y2_pre_rr,Yoga,Pre-Meditation
662.612,0.468,Y2_pre_rr,Yoga,Pre-Meditation
663.096,0.484,Y2_pre_rr,Yoga,Pre-Meditation
663.576,0.48,Y2_pre_rr,Yoga,Pre-Meditation
664.052,0.476,Y2_pre_rr,Yoga,Pre-Meditation
664.532,0.48,Y2_pre_rr,Yoga,Pre-Meditation
665.012,0.48,Y2_pre_rr,Yoga,Pre-Meditation
665.456,0.444,Y2_pre_rr,Yoga,Pre-Meditation
665.916,0.46,Y2_pre_rr,Yoga,Pre-Meditation
666.4,0.484,Y2_pre_rr,Yoga,Pre-Meditation
666.868,0.468,Y2_pre_rr,Yoga,Pre-Meditation
667.332,0.464,Y2_pre_rr,Yoga,Pre-Meditation
667.816,0.484,Y2_pre_rr,Yoga,Pre-Meditation
668.304,0.488,Y2_pre_rr,Yoga,Pre-Meditation
668.748,0.444,Y2_pre_rr,Yoga,Pre-Meditation
669.196,0.448,Y2_pre_rr,Yoga,Pre-Meditation
669.64,0.444,Y2_pre_rr,Yoga,Pre-Meditation
670.068,0.428,Y2_pre_rr,Yoga,Pre-Meditation
670.492,0.424,Y2_pre_rr,Yoga,Pre-Meditation
670.944,0.452,Y2_pre_rr,Yoga,Pre-Meditation
671.432,0.488,Y2_pre_rr,Yoga,Pre-Meditation
671.916,0.484,Y2_pre_rr,Yoga,Pre-Meditation
672.396,0.48,Y2_pre_rr,Yoga,Pre-Meditation
