Time,RR_Interval,Subject,Group,State
1118.664,0.34,Y3_med_rr,Yoga,Meditation
1119.02,0.356,Y3_med_rr,Yoga,Meditation
1119.416,0.396,Y3_med_rr,Yoga,Meditation
1119.892,0.476,Y3_med_rr,Yoga,Meditation
1120.332,0.44,Y3_med_rr,Yoga,Meditation
1120.788,0.456,Y3_med_rr,Yoga,Meditation
1121.228,0.44,Y3_med_rr,Yoga,Meditation
1121.636,0.408,Y3_med_rr,Yoga,Meditation
1122.024,0.388,Y3_med_rr,Yoga,Meditation
1122.384,0.36,Y3_med_rr,Yoga,Meditation
1122.732,0.348,Y3_med_rr,Yoga,Meditation
1123.072,0.34,Y3_med_rr,Yoga,Meditation
1123.4,0.328,Y3_med_rr,Yoga,Meditation
1123.724,0.324,Y3_med_rr,Yoga,Meditation
1124.064,0.34,Y3_med_rr,Yoga,Meditation
1124.428,0.364,Y3_med_rr,Yoga,Meditation
1124.792,0.364,Y3_med_rr,Yoga,Meditation
1125.148,0.356,Y3_med_rr,Yoga,Meditation
1125.496,0.348,Y3_med_rr,Yoga,Meditation
1125.84,0.344,Y3_med_rr,Yoga,Meditation
1126.184,0.344,Y3_med_rr,Yoga,Meditation
1126.516,0.332,Y3_med_rr,Yoga,Meditation
1126.848,0.332,Y3_med_rr,Yoga,Meditation
1127.168,0.32,Y3_med_rr,Yoga,Meditation
1127.472,0.304,Y3_med_rr,Yoga,Meditation
1127.788,0.316,Y3_med_rr,Yoga,Meditation
1128.112,0.324,Y3_med_rr,Yoga,Meditation
1128.508,0.396,Y3_med_rr,Yoga,Meditation
1128.916,0.408,Y3_med_rr,Yoga,Meditation
1129.324,0.408,Y3_med_rr,Yoga,Meditation
1129.724,0.4,Y3_med_rr,Yoga,Meditation
1130.112,0.388,Y3_med_rr,Yoga,Meditation
1130.484,0.372,Y3_med_rr,Yoga,Meditation
1130.84,0.356,Y3_med_rr,Yoga,Meditation
1131.18,0.34,Y3_med_rr,Yoga,Meditation
1131.508,0.328,Y3_med_rr,Yoga,Meditation
1131.832,0.324,Y3_med_rr,Yoga,Meditation
1132.152,0.32,Y3_med_rr,Yoga,Meditation
1132.48,0.328,Y3_med_rr,Yoga,Meditation
1132.816,0.336,Y3_med_rr,Yoga,Meditation
1133.184,0.368,Y3_med_rr,Yoga,Meditation
1133.604,0.42,Y3_med_rr,Yoga,Meditation
1134.048,0.444,Y3_med_rr,Yoga,Meditation
1134.496,0.448,Y3_med_rr,Yoga,Meditation
1134.936,0.44,Y3_med_rr,Yoga,Meditation
1135.352,0.416,Y3_med_rr,Yoga,Meditation
1135.74,0.388,Y3_med_rr,Yoga,Meditation
1136.104,0.364,Y3_med_rr,Yoga,Meditation
1136.44,0.336,Y3_med_rr,Yoga,Meditation
1136.768,0.328,Y3_med_rr,Yoga,Meditation
1137.088,0.32,Y3_med_rr,Yoga,Meditation
1137.404,0.316,Y3_med_rr,Yoga,Meditation
1137.728,0.324,Y3_med_rr,Yoga,Meditation
1138.076,0.348,Y3_med_rr,Yoga,Meditation
1138.452,0.376,Y3_med_rr,Yoga,Meditation
1138.88,0.428,Y3_med_rr,Yoga,Meditation
1139.352,0.472,Y3_med_rr,Yoga,Meditation
1139.808,0.456,Y3_med_rr,Yoga,Meditation
1140.264,0.456,Y3_med_rr,Yoga,Meditation
1140.692,0.428,Y3_med_rr,Yoga,Meditation
1141.08,0.388,Y3_med_rr,Yoga,Meditation
1141.444,0.364,Y3_med_rr,Yoga,Meditation
1141.784,0.34,Y3_med_rr,Yoga,Meditation
1142.112,0.328,Y3_med_rr,Yoga,Meditation
1142.432,0.32,Y3_med_rr,Yoga,Meditation
1142.748,0.316,Y3_med_rr,Yoga,Meditation
1143.076,0.328,Y3_med_rr,Yoga,Meditation
1143.452,0.376,Y3_med_rr,Yoga,Meditation
1143.86,0.408,Y3_med_rr,Yoga,Meditation
1144.264,0.404,Y3_med_rr,Yoga,Meditation
1144.672,0.408,Y3_med_rr,Yoga,Meditation
1145.052,0.38,Y3_med_rr,Yoga,Meditation
1145.428,0.376,Y3_med_rr,Yoga,Meditation
1145.788,0.36,Y3_med_rr,Yoga,Meditation
1146.132,0.344,Y3_med_rr,Yoga,Meditation
1146.468,0.336,Y3_med_rr,Yoga,Meditation
1146.8,0.332,Y3_med_rr,Yoga,Meditation
1147.14,0.34,Y3_med_rr,Yoga,Meditation
1147.528,0.388,Y3_med_rr,Yoga,Meditation
1147.92,0.392,Y3_med_rr,Yoga,Meditation
1148.332,0.412,Y3_med_rr,Yoga,Meditation
1148.736,0.404,Y3_med_rr,Yoga,Meditation
1149.144,0.408,Y3_med_rr,Yoga,Meditation
1149.52,0.376,Y3_med_rr,Yoga,Meditation
1149.884,0.364,Y3_med_rr,Yoga,Meditation
1150.236,0.352,Y3_med_rr,Yoga,Meditation
1150.572,0.336,Y3_med_rr,Yoga,Meditation
1150.896,0.324,Y3_med_rr,Yoga,Meditation
1151.22,0.324,Y3_med_rr,Yoga,Meditation
1151.536,0.316,Y3_med_rr,Yoga,Meditation
1151.892,0.356,Y3_med_rr,Yoga,Meditation
1152.34,0.448,Y3_med_rr,Yoga,Meditation
1152.748,0.408,Y3_med_rr,Yoga,Meditation
1153.16,0.412,Y3_med_rr,Yoga,Meditation
1153.572,0.412,Y3_med_rr,Yoga,Meditation
1153.952,0.38,Y3_med_rr,Yoga,Meditation
1154.316,0.364,Y3_med_rr,Yoga,Meditation
1154.668,0.352,Y3_med_rr,Yoga,Meditation
1155.012,0.344,Y3_med_rr,Yoga,Meditation
1155.344,0.332,Y3_med_rr,Yoga,Meditation
1155.676,0.332,Y3_med_rr,Yoga,Meditation
1156.024,0.348,Y3_med_rr,Yoga,Meditation
1156.388,0.364,Y3_med_rr,Yoga,Meditation
1156.756,0.368,Y3_med_rr,Yoga,Meditation
1157.188,0.432,Y3_med_rr,Yoga,Meditation
1157.58,0.392,Y3_med_rr,Yoga,Meditation
1157.96,0.38,Y3_med_rr,Yoga,Meditation
1158.328,0.368,Y3_med_rr,Yoga,Meditation
1158.708,0.38,Y3_med_rr,Yoga,Meditation
1159.076,0.368,Y3_med_rr,Yoga,Meditation
1159.424,0.348,Y3_med_rr,Yoga,Meditation
1159.76,0.336,Y3_med_rr,Yoga,Meditation
1160.084,0.324,Y3_med_rr,Yoga,Meditation
1160.4,0.316,Y3_med_rr,Yoga,Meditation
1160.712,0.312,Y3_med_rr,Yoga,Meditation
1161.032,0.32,Y3_med_rr,Yoga,Meditation
1161.356,0.324,Y3_med_rr,Yoga,Meditation
1161.708,0.352,Y3_med_rr,Yoga,Meditation
1162.108,0.4,Y3_med_rr,Yoga,Meditation
1162.568,0.46,Y3_med_rr,Yoga,Meditation
1163.0,0.432,Y3_med_rr,Yoga,Meditation
1163.444,0.444,Y3_med_rr,Yoga,Meditation
1163.868,0.424,Y3_med_rr,Yoga,Meditation
1164.252,0.384,Y3_med_rr,Yoga,Meditation
1164.604,0.352,Y3_med_rr,Yoga,Meditation
1164.94,0.336,Y3_med_rr,Yoga,Meditation
1165.256,0.316,Y3_med_rr,Yoga,Meditation
1165.564,0.308,Y3_med_rr,Yoga,Meditation
1165.876,0.312,Y3_med_rr,Yoga,Meditation
1166.196,0.32,Y3_med_rr,Yoga,Meditation
1166.536,0.34,Y3_med_rr,Yoga,Meditation
1166.904,0.368,Y3_med_rr,Yoga,Meditation
1167.328,0.424,Y3_med_rr,Yoga,Meditation
1167.768,0.44,Y3_med_rr,Yoga,Meditation
1168.208,0.44,Y3_med_rr,Yoga,Meditation
1168.684,0.476,Y3_med_rr,Yoga,Meditation
1169.14,0.456,Y3_med_rr,Yoga,Meditation
1169.584,0.444,Y3_med_rr,Yoga,Meditation
1169.988,0.404,Y3_med_rr,Yoga,Meditation
1170.368,0.38,Y3_med_rr,Yoga,Meditation
1170.724,0.356,Y3_med_rr,Yoga,Meditation
1171.068,0.344,Y3_med_rr,Yoga,Meditation
1171.404,0.336,Y3_med_rr,Yoga,Meditation
1171.728,0.324,Y3_med_rr,Yoga,Meditation
1172.048,0.32,Y3_med_rr,Yoga,Meditation
1172.376,0.328,Y3_med_rr,Yoga,Meditation
1172.736,0.36,Y3_med_rr,Yoga,Meditation
1173.124,0.388,Y3_med_rr,Yoga,Meditation
1173.524,0.4,Y3_med_rr,Yoga,Meditation
1173.916,0.392,Y3_med_rr,Yoga,Meditation
1174.3,0.384,Y3_med_rr,Yoga,Meditation
1174.672,0.372,Y3_med_rr,Yoga,Meditation
1175.032,0.36,Y3_med_rr,Yoga,Meditation
1175.372,0.34,Y3_med_rr,Yoga,Meditation
1175.7,0.328,Y3_med_rr,Yoga,Meditation
1176.02,0.32,Y3_med_rr,Yoga,Meditation
1176.34,0.32,Y3_med_rr,Yoga,Meditation
1176.664,0.324,Y3_med_rr,Yoga,Meditation
1177.02,0.356,Y3_med_rr,Yoga,Meditation
1177.412,0.392,Y3_med_rr,Yoga,Meditation
1177.876,0.464,Y3_med_rr,Yoga,Meditation
1178.352,0.476,Y3_med_rr,Yoga,Meditation
1178.82,0.468,Y3_med_rr,Yoga,Meditation
1179.268,0.448,Y3_med_rr,Yoga,Meditation
1179.676,0.408,Y3_med_rr,Yoga,Meditation
1180.06,0.384,Y3_med_rr,Yoga,Meditation
1180.416,0.356,Y3_med_rr,Yoga,Meditation
1180.756,0.34,Y3_med_rr,Yoga,Meditation
1181.096,0.34,Y3_med_rr,Yoga,Meditation
1181.436,0.34,Y3_med_rr,Yoga,Meditation
1181.8,0.364,Y3_med_rr,Yoga,Meditation
1182.248,0.448,Y3_med_rr,Yoga,Meditation
1182.72,0.472,Y3_med_rr,Yoga,Meditation
1183.192,0.472,Y3_med_rr,Yoga,Meditation
1183.648,0.456,Y3_med_rr,Yoga,Meditation
1184.072,0.424,Y3_med_rr,Yoga,Meditation
1184.468,0.396,Y3_med_rr,Yoga,Meditation
1184.844,0.376,Y3_med_rr,Yoga,Meditation
1185.2,0.356,Y3_med_rr,Yoga,Meditation
1185.532,0.332,Y3_med_rr,Yoga,Meditation
1185.856,0.324,Y3_med_rr,Yoga,Meditation
1186.18,0.324,Y3_med_rr,Yoga,Meditation
1186.512,0.332,Y3_med_rr,Yoga,Meditation
1186.872,0.36,Y3_med_rr,Yoga,Meditation
1187.284,0.412,Y3_med_rr,Yoga,Meditation
1187.744,0.46,Y3_med_rr,Yoga,Meditation
1188.248,0.504,Y3_med_rr,Yoga,Meditation
1188.748,0.5,Y3_med_rr,Yoga,Meditation
1189.212,0.464,Y3_med_rr,Yoga,Meditation
1189.652,0.44,Y3_med_rr,Yoga,Meditation
1190.048,0.396,Y3_med_rr,Yoga,Meditation
1190.42,0.372,Y3_med_rr,Yoga,Meditation
1190.78,0.36,Y3_med_rr,Yoga,Meditation
1191.132,0.352,Y3_med_rr,Yoga,Meditation
1191.476,0.344,Y3_med_rr,Yoga,Meditation
1191.84,0.364,Y3_med_rr,Yoga,Meditation
1192.232,0.392,Y3_med_rr,Yoga,Meditation
1192.64,0.408,Y3_med_rr,Yoga,Meditation
1193.028,0.388,Y3_med_rr,Yoga,Meditation
1193.4,0.372,Y3_med_rr,Yoga,Meditation
1193.756,0.356,Y3_med_rr,Yoga,Meditation
1194.1,0.344,Y3_med_rr,Yoga,Meditation
1194.428,0.328,Y3_med_rr,Yoga,Meditation
1194.756,0.328,Y3_med_rr,Yoga,Meditation
1195.072,0.316,Y3_med_rr,Yoga,Meditation
1195.4,0.328,Y3_med_rr,Yoga,Meditation
1195.756,0.356,Y3_med_rr,Yoga,Meditation
1196.2,0.444,Y3_med_rr,Yoga,Meditation
1196.624,0.424,Y3_med_rr,Yoga,Meditation
1197.06,0.436,Y3_med_rr,Yoga,Meditation
1197.464,0.404,Y3_med_rr,Yoga,Meditation
1197.852,0.388,Y3_med_rr,Yoga,Meditation
1198.22,0.368,Y3_med_rr,Yoga,Meditation
1198.568,0.348,Y3_med_rr,Yoga,Meditation
1198.896,0.328,Y3_med_rr,Yoga,Meditation
1199.216,0.32,Y3_med_rr,Yoga,Meditation
1199.54,0.324,Y3_med_rr,Yoga,Meditation
1199.872,0.332,Y3_med_rr,Yoga,Meditation
1200.256,0.384,Y3_med_rr,Yoga,Meditation
1200.708,0.452,Y3_med_rr,Yoga,Meditation
1201.16,0.452,Y3_med_rr,Yoga,Meditation
1201.608,0.448,Y3_med_rr,Yoga,Meditation
1202.02,0.412,Y3_med_rr,Yoga,Meditation
1202.412,0.392,Y3_med_rr,Yoga,Meditation
1202.776,0.364,Y3_med_rr,Yoga,Meditation
1203.124,0.348,Y3_med_rr,Yoga,Meditation
1203.468,0.344,Y3_med_rr,Yoga,Meditation
1203.792,0.324,Y3_med_rr,Yoga,Meditation
1204.116,0.324,Y3_med_rr,Yoga,Meditation
1204.44,0.324,Y3_med_rr,Yoga,Meditation
1204.768,0.328,Y3_med_rr,Yoga,Meditation
1205.1,0.332,Y3_med_rr,Yoga,Meditation
1205.452,0.352,Y3_med_rr,Yoga,Meditation
1205.908,0.456,Y3_med_rr,Yoga,Meditation
1206.368,0.46,Y3_med_rr,Yoga,Meditation
1206.82,0.452,Y3_med_rr,Yoga,Meditation
1207.268,0.448,Y3_med_rr,Yoga,Meditation
1207.688,0.42,Y3_med_rr,Yoga,Meditation
1208.088,0.4,Y3_med_rr,Yoga,Meditation
1208.46,0.372,Y3_med_rr,Yoga,Meditation
1208.808,0.348,Y3_med_rr,Yoga,Meditation
1209.148,0.34,Y3_med_rr,Yoga,Meditation
1209.476,0.328,Y3_med_rr,Yoga,Meditation
1209.808,0.332,Y3_med_rr,Yoga,Meditation
1210.164,0.356,Y3_med_rr,Yoga,Meditation
1210.556,0.392,Y3_med_rr,Yoga,Meditation
1211.06,0.504,Y3_med_rr,Yoga,Meditation
1211.532,0.472,Y3_med_rr,Yoga,Meditation
1212.016,0.484,Y3_med_rr,Yoga,Meditation
1212.472,0.456,Y3_med_rr,Yoga,Meditation
1212.888,0.416,Y3_med_rr,Yoga,Meditation
1213.28,0.392,Y3_med_rr,Yoga,Meditation
1213.648,0.368,Y3_med_rr,Yoga,Meditation
1213.996,0.348,Y3_med_rr,Yoga,Meditation
1214.336,0.34,Y3_med_rr,Yoga,Meditation
1214.676,0.34,Y3_med_rr,Yoga,Meditation
1215.024,0.348,Y3_med_rr,Yoga,Meditation
1215.424,0.4,Y3_med_rr,Yoga,Meditation
1215.892,0.468,Y3_med_rr,Yoga,Meditation
1216.36,0.468,Y3_med_rr,Yoga,Meditation
1216.828,0.468,Y3_med_rr,Yoga,Meditation
1217.268,0.44,Y3_med_rr,Yoga,Meditation
1217.684,0.416,Y3_med_rr,Yoga,Meditation
1218.068,0.384,Y3_med_rr,Yoga,Meditation
1218.432,0.364,Y3_med_rr,Yoga,Meditation
1218.78,0.348,Y3_med_rr,Yoga,Meditation
1219.116,0.336,Y3_med_rr,Yoga,Meditation
1219.448,0.332,Y3_med_rr,Yoga,Meditation
1219.788,0.34,Y3_med_rr,Yoga,Meditation
1220.14,0.352,Y3_med_rr,Yoga,Meditation
1220.54,0.4,Y3_med_rr,Yoga,Meditation
1220.964,0.424,Y3_med_rr,Yoga,Meditation
1221.368,0.404,Y3_med_rr,Yoga,Meditation
1221.76,0.392,Y3_med_rr,Yoga,Meditation
1222.124,0.364,Y3_med_rr,Yoga,Meditation
1222.476,0.352,Y3_med_rr,Yoga,Meditation
1222.82,0.344,Y3_med_rr,Yoga,Meditation
1223.152,0.332,Y3_med_rr,Yoga,Meditation
1223.48,0.328,Y3_med_rr,Yoga,Meditation
1223.816,0.336,Y3_med_rr,Yoga,Meditation
1224.188,0.372,Y3_med_rr,Yoga,Meditation
1224.624,0.436,Y3_med_rr,Yoga,Meditation
1225.052,0.428,Y3_med_rr,Yoga,Meditation
1225.488,0.436,Y3_med_rr,Yoga,Meditation
1225.904,0.416,Y3_med_rr,Yoga,Meditation
1226.296,0.392,Y3_med_rr,Yoga,Meditation
1226.664,0.368,Y3_med_rr,Yoga,Meditation
1227.008,0.344,Y3_med_rr,Yoga,Meditation
1227.348,0.34,Y3_med_rr,Yoga,Meditation
1227.66,0.312,Y3_med_rr,Yoga,Meditation
1227.968,0.308,Y3_med_rr,Yoga,Meditation
1228.276,0.308,Y3_med_rr,Yoga,Meditation
1228.592,0.316,Y3_med_rr,Yoga,Meditation
1228.928,0.336,Y3_med_rr,Yoga,Meditation
1229.296,0.368,Y3_med_rr,Yoga,Meditation
1229.72,0.424,Y3_med_rr,Yoga,Meditation
1230.188,0.468,Y3_med_rr,Yoga,Meditation
1230.68,0.492,Y3_med_rr,Yoga,Meditation
1231.172,0.492,Y3_med_rr,Yoga,Meditation
1231.648,0.476,Y3_med_rr,Yoga,Meditation
1232.112,0.464,Y3_med_rr,Yoga,Meditation
1232.532,0.42,Y3_med_rr,Yoga,Meditation
1232.912,0.38,Y3_med_rr,Yoga,Meditation
1233.28,0.368,Y3_med_rr,Yoga,Meditation
1233.616,0.336,Y3_med_rr,Yoga,Meditation
1233.956,0.34,Y3_med_rr,Yoga,Meditation
1234.3,0.344,Y3_med_rr,Yoga,Meditation
1234.688,0.388,Y3_med_rr,Yoga,Meditation
1235.156,0.468,Y3_med_rr,Yoga,Meditation
1235.604,0.448,Y3_med_rr,Yoga,Meditation
1236.048,0.444,Y3_med_rr,Yoga,Meditation
1236.484,0.436,Y3_med_rr,Yoga,Meditation
1236.892,0.408,Y3_med_rr,Yoga,Meditation
1237.268,0.376,Y3_med_rr,Yoga,Meditation
1237.628,0.36,Y3_med_rr,Yoga,Meditation
1237.972,0.344,Y3_med_rr,Yoga,Meditation
1238.32,0.348,Y3_med_rr,Yoga,Meditation
1238.668,0.348,Y3_med_rr,Yoga,Meditation
1239.044,0.376,Y3_med_rr,Yoga,Meditation
1239.472,0.428,Y3_med_rr,Yoga,Meditation
1239.948,0.476,Y3_med_rr,Yoga,Meditation
1240.404,0.456,Y3_med_rr,Yoga,Meditation
1240.836,0.432,Y3_med_rr,Yoga,Meditation
1241.236,0.4,Y3_med_rr,Yoga,Meditation
1241.608,0.372,Y3_med_rr,Yoga,Meditation
1241.972,0.364,Y3_med_rr,Yoga,Meditation
1242.328,0.356,Y3_med_rr,Yoga,Meditation
1242.664,0.336,Y3_med_rr,Yoga,Meditation
1242.996,0.332,Y3_med_rr,Yoga,Meditation
1243.352,0.356,Y3_med_rr,Yoga,Meditation
1243.716,0.364,Y3_med_rr,Yoga,Meditation
1244.08,0.364,Y3_med_rr,Yoga,Meditation
1244.42,0.34,Y3_med_rr,Yoga,Meditation
1244.756,0.336,Y3_med_rr,Yoga,Meditation
1245.088,0.332,Y3_med_rr,Yoga,Meditation
1245.424,0.336,Y3_med_rr,Yoga,Meditation
1245.776,0.352,Y3_med_rr,Yoga,Meditation
1246.184,0.408,Y3_med_rr,Yoga,Meditation
1246.604,0.42,Y3_med_rr,Yoga,Meditation
1247.024,0.42,Y3_med_rr,Yoga,Meditation
1247.428,0.404,Y3_med_rr,Yoga,Meditation
1247.812,0.384,Y3_med_rr,Yoga,Meditation
1248.18,0.368,Y3_med_rr,Yoga,Meditation
1248.532,0.352,Y3_med_rr,Yoga,Meditation
1248.872,0.34,Y3_med_rr,Yoga,Meditation
1249.204,0.332,Y3_med_rr,Yoga,Meditation
1249.54,0.336,Y3_med_rr,Yoga,Meditation
1249.884,0.344,Y3_med_rr,Yoga,Meditation
1250.284,0.4,Y3_med_rr,Yoga,Meditation
1250.792,0.508,Y3_med_rr,Yoga,Meditation
1251.256,0.464,Y3_med_rr,Yoga,Meditation
1251.716,0.46,Y3_med_rr,Yoga,Meditation
1252.136,0.42,Y3_med_rr,Yoga,Meditation
1252.544,0.408,Y3_med_rr,Yoga,Meditation
1252.92,0.376,Y3_med_rr,Yoga,Meditation
1253.284,0.364,Y3_med_rr,Yoga,Meditation
1253.64,0.356,Y3_med_rr,Yoga,Meditation
1253.984,0.344,Y3_med_rr,Yoga,Meditation
1254.332,0.348,Y3_med_rr,Yoga,Meditation
1254.72,0.388,Y3_med_rr,Yoga,Meditation
1255.144,0.424,Y3_med_rr,Yoga,Meditation
1255.56,0.416,Y3_med_rr,Yoga,Meditation
1255.968,0.408,Y3_med_rr,Yoga,Meditation
1256.34,0.372,Y3_med_rr,Yoga,Meditation
1256.7,0.36,Y3_med_rr,Yoga,Meditation
1257.056,0.356,Y3_med_rr,Yoga,Meditation
1257.404,0.348,Y3_med_rr,Yoga,Meditation
1257.744,0.34,Y3_med_rr,Yoga,Meditation
1258.088,0.344,Y3_med_rr,Yoga,Meditation
1258.456,0.368,Y3_med_rr,Yoga,Meditation
1258.908,0.452,Y3_med_rr,Yoga,Meditation
1259.38,0.472,Y3_med_rr,Yoga,Meditation
1259.848,0.468,Y3_med_rr,Yoga,Meditation
1260.296,0.448,Y3_med_rr,Yoga,Meditation
1260.712,0.416,Y3_med_rr,Yoga,Meditation
1261.108,0.396,Y3_med_rr,Yoga,Meditation
1261.48,0.372,Y3_med_rr,Yoga,Meditation
1261.836,0.356,Y3_med_rr,Yoga,Meditation
1262.176,0.34,Y3_med_rr,Yoga,Meditation
1262.508,0.332,Y3_med_rr,Yoga,Meditation
1262.836,0.328,Y3_med_rr,Yoga,Meditation
1263.172,0.336,Y3_med_rr,Yoga,Meditation
1263.524,0.352,Y3_med_rr,Yoga,Meditation
1263.896,0.372,Y3_med_rr,Yoga,Meditation
1264.288,0.392,Y3_med_rr,Yoga,Meditation
1264.66,0.372,Y3_med_rr,Yoga,Meditation
1265.012,0.352,Y3_med_rr,Yoga,Meditation
1265.364,0.352,Y3_med_rr,Yoga,Meditation
1265.712,0.348,Y3_med_rr,Yoga,Meditation
1266.08,0.368,Y3_med_rr,Yoga,Meditation
1266.436,0.356,Y3_med_rr,Yoga,Meditation
1266.796,0.36,Y3_med_rr,Yoga,Meditation
1267.148,0.352,Y3_med_rr,Yoga,Meditation
1267.504,0.356,Y3_med_rr,Yoga,Meditation
1267.86,0.356,Y3_med_rr,Yoga,Meditation
1268.236,0.376,Y3_med_rr,Yoga,Meditation
1268.616,0.38,Y3_med_rr,Yoga,Meditation
1268.98,0.364,Y3_med_rr,Yoga,Meditation
1269.368,0.388,Y3_med_rr,Yoga,Meditation
1269.756,0.388,Y3_med_rr,Yoga,Meditation
1270.148,0.392,Y3_med_rr,Yoga,Meditation
1270.532,0.384,Y3_med_rr,Yoga,Meditation
1270.9,0.368,Y3_med_rr,Yoga,Meditation
1271.252,0.352,Y3_med_rr,Yoga,Meditation
1271.6,0.348,Y3_med_rr,Yoga,Meditation
1271.92,0.32,Y3_med_rr,Yoga,Meditation
1272.248,0.328,Y3_med_rr,Yoga,Meditation
1272.552,0.304,Y3_med_rr,Yoga,Meditation
1272.864,0.312,Y3_med_rr,Yoga,Meditation
1273.18,0.316,Y3_med_rr,Yoga,Meditation
1273.52,0.34,Y3_med_rr,Yoga,Meditation
1273.944,0.424,Y3_med_rr,Yoga,Meditation
1274.388,0.444,Y3_med_rr,Yoga,Meditation
1274.832,0.444,Y3_med_rr,Yoga,Meditation
1275.28,0.448,Y3_med_rr,Yoga,Meditation
1275.716,0.436,Y3_med_rr,Yoga,Meditation
1276.116,0.4,Y3_med_rr,Yoga,Meditation
1276.496,0.38,Y3_med_rr,Yoga,Meditation
1276.86,0.364,Y3_med_rr,Yoga,Meditation
1277.216,0.356,Y3_med_rr,Yoga,Meditation
1277.568,0.352,Y3_med_rr,Yoga,Meditation
1277.932,0.364,Y3_med_rr,Yoga,Meditation
1278.324,0.392,Y3_med_rr,Yoga,Meditation
1278.728,0.404,Y3_med_rr,Yoga,Meditation
1279.128,0.4,Y3_med_rr,Yoga,Meditation
1279.516,0.388,Y3_med_rr,Yoga,Meditation
1279.884,0.368,Y3_med_rr,Yoga,Meditation
1280.24,0.356,Y3_med_rr,Yoga,Meditation
1280.576,0.336,Y3_med_rr,Yoga,Meditation
1280.9,0.324,Y3_med_rr,Yoga,Meditation
1281.228,0.328,Y3_med_rr,Yoga,Meditation
1281.54,0.312,Y3_med_rr,Yoga,Meditation
1281.864,0.324,Y3_med_rr,Yoga,Meditation
1282.216,0.352,Y3_med_rr,Yoga,Meditation
1282.604,0.388,Y3_med_rr,Yoga,Meditation
1283.06,0.456,Y3_med_rr,Yoga,Meditation
1283.528,0.468,Y3_med_rr,Yoga,Meditation
1283.984,0.456,Y3_med_rr,Yoga,Meditation
1284.42,0.436,Y3_med_rr,Yoga,Meditation
1284.824,0.404,Y3_med_rr,Yoga,Meditation
1285.188,0.364,Y3_med_rr,Yoga,Meditation
1285.564,0.376,Y3_med_rr,Yoga,Meditation
1285.916,0.352,Y3_med_rr,Yoga,Meditation
1286.26,0.344,Y3_med_rr,Yoga,Meditation
1286.608,0.348,Y3_med_rr,Yoga,Meditation
1287.0,0.392,Y3_med_rr,Yoga,Meditation
1287.408,0.408,Y3_med_rr,Yoga,Meditation
1287.808,0.4,Y3_med_rr,Yoga,Meditation
1288.188,0.38,Y3_med_rr,Yoga,Meditation
1288.552,0.364,Y3_med_rr,Yoga,Meditation
1288.892,0.34,Y3_med_rr,Yoga,Meditation
1289.228,0.336,Y3_med_rr,Yoga,Meditation
1289.556,0.328,Y3_med_rr,Yoga,Meditation
1289.888,0.332,Y3_med_rr,Yoga,Meditation
1290.28,0.392,Y3_med_rr,Yoga,Meditation
1290.708,0.428,Y3_med_rr,Yoga,Meditation
1291.152,0.444,Y3_med_rr,Yoga,Meditation
1291.58,0.428,Y3_med_rr,Yoga,Meditation
1291.984,0.404,Y3_med_rr,Yoga,Meditation
1292.368,0.384,Y3_med_rr,Yoga,Meditation
1292.744,0.376,Y3_med_rr,Yoga,Meditation
1293.112,0.368,Y3_med_rr,Yoga,Meditation
1293.476,0.364,Y3_med_rr,Yoga,Meditation
1293.88,0.404,Y3_med_rr,Yoga,Meditation
1294.344,0.464,Y3_med_rr,Yoga,Meditation
1294.804,0.46,Y3_med_rr,Yoga,Meditation
1295.252,0.448,Y3_med_rr,Yoga,Meditation
1295.668,0.416,Y3_med_rr,Yoga,Meditation
1296.064,0.396,Y3_med_rr,Yoga,Meditation
1296.44,0.376,Y3_med_rr,Yoga,Meditation
1296.796,0.356,Y3_med_rr,Yoga,Meditation
1297.144,0.348,Y3_med_rr,Yoga,Meditation
1297.488,0.344,Y3_med_rr,Yoga,Meditation
1297.836,0.348,Y3_med_rr,Yoga,Meditation
1298.2,0.364,Y3_med_rr,Yoga,Meditation
1298.608,0.408,Y3_med_rr,Yoga,Meditation
1299.1,0.492,Y3_med_rr,Yoga,Meditation
1299.584,0.484,Y3_med_rr,Yoga,Meditation
1300.064,0.48,Y3_med_rr,Yoga,Meditation
1300.52,0.456,Y3_med_rr,Yoga,Meditation
1300.94,0.42,Y3_med_rr,Yoga,Meditation
1301.34,0.4,Y3_med_rr,Yoga,Meditation
1301.7,0.36,Y3_med_rr,Yoga,Meditation
1302.06,0.36,Y3_med_rr,Yoga,Meditation
1302.404,0.344,Y3_med_rr,Yoga,Meditation
1302.74,0.336,Y3_med_rr,Yoga,Meditation
1303.088,0.348,Y3_med_rr,Yoga,Meditation
1303.464,0.376,Y3_med_rr,Yoga,Meditation
1303.888,0.424,Y3_med_rr,Yoga,Meditation
1304.336,0.448,Y3_med_rr,Yoga,Meditation
1304.768,0.432,Y3_med_rr,Yoga,Meditation
1305.18,0.412,Y3_med_rr,Yoga,Meditation
1305.572,0.392,Y3_med_rr,Yoga,Meditation
1305.944,0.372,Y3_med_rr,Yoga,Meditation
1306.292,0.348,Y3_med_rr,Yoga,Meditation
1306.632,0.34,Y3_med_rr,Yoga,Meditation
1306.964,0.332,Y3_med_rr,Yoga,Meditation
1307.292,0.328,Y3_med_rr,Yoga,Meditation
1307.624,0.332,Y3_med_rr,Yoga,Meditation
1308.016,0.392,Y3_med_rr,Yoga,Meditation
1308.44,0.424,Y3_med_rr,Yoga,Meditation
1308.88,0.44,Y3_med_rr,Yoga,Meditation
1309.316,0.436,Y3_med_rr,Yoga,Meditation
1309.732,0.416,Y3_med_rr,Yoga,Meditation
1310.128,0.396,Y3_med_rr,Yoga,Meditation
1310.508,0.38,Y3_med_rr,Yoga,Meditation
1310.872,0.364,Y3_med_rr,Yoga,Meditation
1311.236,0.364,Y3_med_rr,Yoga,Meditation
1311.588,0.352,Y3_med_rr,Yoga,Meditation
1311.948,0.36,Y3_med_rr,Yoga,Meditation
1312.328,0.38,Y3_med_rr,Yoga,Meditation
1312.792,0.464,Y3_med_rr,Yoga,Meditation
1313.236,0.444,Y3_med_rr,Yoga,Meditation
1313.692,0.456,Y3_med_rr,Yoga,Meditation
1314.12,0.428,Y3_med_rr,Yoga,Meditation
1314.52,0.4,Y3_med_rr,Yoga,Meditation
1314.9,0.38,Y3_med_rr,Yoga,Meditation
1315.256,0.356,Y3_med_rr,Yoga,Meditation
1315.596,0.34,Y3_med_rr,Yoga,Meditation
1315.928,0.332,Y3_med_rr,Yoga,Meditation
1316.256,0.328,Y3_med_rr,Yoga,Meditation
1316.596,0.34,Y3_med_rr,Yoga,Meditation
1316.948,0.352,Y3_med_rr,Yoga,Meditation
1317.364,0.416,Y3_med_rr,Yoga,Meditation
1317.816,0.452,Y3_med_rr,Yoga,Meditation
1318.268,0.452,Y3_med_rr,Yoga,Meditation
1318.72,0.452,Y3_med_rr,Yoga,Meditation
1319.144,0.424,Y3_med_rr,Yoga,Meditation
1319.544,0.4,Y3_med_rr,Yoga,Meditation
1319.924,0.38,Y3_med_rr,Yoga,Meditation
1320.288,0.364,Y3_med_rr,Yoga,Meditation
1320.64,0.352,Y3_med_rr,Yoga,Meditation
1320.988,0.348,Y3_med_rr,Yoga,Meditation
1321.336,0.348,Y3_med_rr,Yoga,Meditation
1321.7,0.364,Y3_med_rr,Yoga,Meditation
1322.096,0.396,Y3_med_rr,Yoga,Meditation
1322.536,0.44,Y3_med_rr,Yoga,Meditation
1322.968,0.432,Y3_med_rr,Yoga,Meditation
1323.388,0.42,Y3_med_rr,Yoga,Meditation
1323.788,0.4,Y3_med_rr,Yoga,Meditation
1324.164,0.376,Y3_med_rr,Yoga,Meditation
1324.52,0.356,Y3_med_rr,Yoga,Meditation
1324.86,0.34,Y3_med_rr,Yoga,Meditation
1325.192,0.332,Y3_med_rr,Yoga,Meditation
1325.528,0.336,Y3_med_rr,Yoga,Meditation
1325.864,0.336,Y3_med_rr,Yoga,Meditation
1326.224,0.36,Y3_med_rr,Yoga,Meditation
1326.612,0.388,Y3_med_rr,Yoga,Meditation
1327.004,0.392,Y3_med_rr,Yoga,Meditation
1327.396,0.392,Y3_med_rr,Yoga,Meditation
1327.776,0.38,Y3_med_rr,Yoga,Meditation
1328.132,0.356,Y3_med_rr,Yoga,Meditation
1328.484,0.352,Y3_med_rr,Yoga,Meditation
1328.832,0.348,Y3_med_rr,Yoga,Meditation
1329.156,0.324,Y3_med_rr,Yoga,Meditation
1329.488,0.332,Y3_med_rr,Yoga,Meditation
1329.816,0.328,Y3_med_rr,Yoga,Meditation
1330.164,0.348,Y3_med_rr,Yoga,Meditation
1330.548,0.384,Y3_med_rr,Yoga,Meditation
1330.964,0.416,Y3_med_rr,Yoga,Meditation
1331.38,0.416,Y3_med_rr,Yoga,Meditation
1331.796,0.416,Y3_med_rr,Yoga,Meditation
1332.184,0.388,Y3_med_rr,Yoga,Meditation
1332.548,0.364,Y3_med_rr,Yoga,Meditation
1332.904,0.356,Y3_med_rr,Yoga,Meditation
1333.248,0.344,Y3_med_rr,Yoga,Meditation
1333.564,0.316,Y3_med_rr,Yoga,Meditation
1333.892,0.328,Y3_med_rr,Yoga,Meditation
1334.216,0.324,Y3_med_rr,Yoga,Meditation
1334.54,0.324,Y3_med_rr,Yoga,Meditation
1334.916,0.376,Y3_med_rr,Yoga,Meditation
1335.352,0.436,Y3_med_rr,Yoga,Meditation
1335.784,0.432,Y3_med_rr,Yoga,Meditation
1336.22,0.436,Y3_med_rr,Yoga,Meditation
1336.636,0.416,Y3_med_rr,Yoga,Meditation
1337.036,0.4,Y3_med_rr,Yoga,Meditation
1337.4,0.364,Y3_med_rr,Yoga,Meditation
1337.752,0.352,Y3_med_rr,Yoga,Meditation
1338.092,0.34,Y3_med_rr,Yoga,Meditation
1338.44,0.348,Y3_med_rr,Yoga,Meditation
1338.824,0.384,Y3_med_rr,Yoga,Meditation
1339.252,0.428,Y3_med_rr,Yoga,Meditation
1339.68,0.428,Y3_med_rr,Yoga,Meditation
1340.104,0.424,Y3_med_rr,Yoga,Meditation
1340.516,0.412,Y3_med_rr,Yoga,Meditation
1340.896,0.38,Y3_med_rr,Yoga,Meditation
1341.268,0.372,Y3_med_rr,Yoga,Meditation
1341.628,0.36,Y3_med_rr,Yoga,Meditation
1341.98,0.352,Y3_med_rr,Yoga,Meditation
1342.348,0.368,Y3_med_rr,Yoga,Meditation
1342.792,0.444,Y3_med_rr,Yoga,Meditation
1343.24,0.448,Y3_med_rr,Yoga,Meditation
1343.684,0.444,Y3_med_rr,Yoga,Meditation
1344.112,0.428,Y3_med_rr,Yoga,Meditation
1344.512,0.4,Y3_med_rr,Yoga,Meditation
1344.896,0.384,Y3_med_rr,Yoga,Meditation
1345.252,0.356,Y3_med_rr,Yoga,Meditation
1345.592,0.34,Y3_med_rr,Yoga,Meditation
1345.916,0.324,Y3_med_rr,Yoga,Meditation
1346.24,0.324,Y3_med_rr,Yoga,Meditation
1346.556,0.316,Y3_med_rr,Yoga,Meditation
1346.888,0.332,Y3_med_rr,Yoga,Meditation
1347.256,0.368,Y3_med_rr,Yoga,Meditation
1347.696,0.44,Y3_med_rr,Yoga,Meditation
1348.128,0.432,Y3_med_rr,Yoga,Meditation
1348.568,0.44,Y3_med_rr,Yoga,Meditation
1348.988,0.42,Y3_med_rr,Yoga,Meditation
1349.404,0.416,Y3_med_rr,Yoga,Meditation
1349.792,0.388,Y3_med_rr,Yoga,Meditation
1350.164,0.372,Y3_med_rr,Yoga,Meditation
1350.516,0.352,Y3_med_rr,Yoga,Meditation
1350.86,0.344,Y3_med_rr,Yoga,Meditation
1351.192,0.332,Y3_med_rr,Yoga,Meditation
1351.508,0.316,Y3_med_rr,Yoga,Meditation
1351.824,0.316,Y3_med_rr,Yoga,Meditation
1352.136,0.312,Y3_med_rr,Yoga,Meditation
1352.464,0.328,Y3_med_rr,Yoga,Meditation
1352.824,0.36,Y3_med_rr,Yoga,Meditation
1353.264,0.44,Y3_med_rr,Yoga,Meditation
1353.704,0.44,Y3_med_rr,Yoga,Meditation
1354.16,0.456,Y3_med_rr,Yoga,Meditation
1354.604,0.444,Y3_med_rr,Yoga,Meditation
1355.032,0.428,Y3_med_rr,Yoga,Meditation
1355.44,0.408,Y3_med_rr,Yoga,Meditation
1355.824,0.384,Y3_med_rr,Yoga,Meditation
1356.188,0.364,Y3_med_rr,Yoga,Meditation
1356.54,0.352,Y3_med_rr,Yoga,Meditation
1356.876,0.336,Y3_med_rr,Yoga,Meditation
1357.216,0.34,Y3_med_rr,Yoga,Meditation
1357.56,0.344,Y3_med_rr,Yoga,Meditation
1357.924,0.364,Y3_med_rr,Yoga,Meditation
1358.344,0.42,Y3_med_rr,Yoga,Meditation
1358.78,0.436,Y3_med_rr,Yoga,Meditation
1359.216,0.436,Y3_med_rr,Yoga,Meditation
1359.652,0.436,Y3_med_rr,Yoga,Meditation
1360.068,0.416,Y3_med_rr,Yoga,Meditation
1360.46,0.392,Y3_med_rr,Yoga,Meditation
1360.828,0.368,Y3_med_rr,Yoga,Meditation
1361.176,0.348,Y3_med_rr,Yoga,Meditation
1361.52,0.344,Y3_med_rr,Yoga,Meditation
1361.856,0.336,Y3_med_rr,Yoga,Meditation
1362.172,0.316,Y3_med_rr,Yoga,Meditation
1362.5,0.328,Y3_med_rr,Yoga,Meditation
1362.852,0.352,Y3_med_rr,Yoga,Meditation
1363.26,0.408,Y3_med_rr,Yoga,Meditation
1363.704,0.444,Y3_med_rr,Yoga,Meditation
1364.148,0.444,Y3_med_rr,Yoga,Meditation
1364.6,0.452,Y3_med_rr,Yoga,Meditation
1365.032,0.432,Y3_med_rr,Yoga,Meditation
1365.444,0.412,Y3_med_rr,Yoga,Meditation
1365.824,0.38,Y3_med_rr,Yoga,Meditation
1366.188,0.364,Y3_med_rr,Yoga,Meditation
1366.544,0.356,Y3_med_rr,Yoga,Meditation
1366.884,0.34,Y3_med_rr,Yoga,Meditation
1367.22,0.336,Y3_med_rr,Yoga,Meditation
1367.568,0.348,Y3_med_rr,Yoga,Meditation
1367.92,0.352,Y3_med_rr,Yoga,Meditation
1368.32,0.4,Y3_med_rr,Yoga,Meditation
1368.792,0.472,Y3_med_rr,Yoga,Meditation
1369.272,0.48,Y3_med_rr,Yoga,Meditation
1369.72,0.448,Y3_med_rr,Yoga,Meditation
1370.152,0.432,Y3_med_rr,Yoga,Meditation
1370.56,0.408,Y3_med_rr,Yoga,Meditation
1370.948,0.388,Y3_med_rr,Yoga,Meditation
1371.312,0.364,Y3_med_rr,Yoga,Meditation
1371.668,0.356,Y3_med_rr,Yoga,Meditation
1372.008,0.34,Y3_med_rr,Yoga,Meditation
1372.352,0.344,Y3_med_rr,Yoga,Meditation
1372.7,0.348,Y3_med_rr,Yoga,Meditation
1373.08,0.38,Y3_med_rr,Yoga,Meditation
1373.532,0.452,Y3_med_rr,Yoga,Meditation
1373.98,0.448,Y3_med_rr,Yoga,Meditation
1374.416,0.436,Y3_med_rr,Yoga,Meditation
1374.82,0.404,Y3_med_rr,Yoga,Meditation
1375.196,0.376,Y3_med_rr,Yoga,Meditation
1375.568,0.372,Y3_med_rr,Yoga,Meditation
1375.936,0.368,Y3_med_rr,Yoga,Meditation
1376.288,0.352,Y3_med_rr,Yoga,Meditation
1376.636,0.348,Y3_med_rr,Yoga,Meditation
1377.0,0.364,Y3_med_rr,Yoga,Meditation
1377.4,0.4,Y3_med_rr,Yoga,Meditation
1377.836,0.436,Y3_med_rr,Yoga,Meditation
1378.28,0.444,Y3_med_rr,Yoga,Meditation
1378.704,0.424,Y3_med_rr,Yoga,Meditation
1379.108,0.404,Y3_med_rr,Yoga,Meditation
1379.496,0.388,Y3_med_rr,Yoga,Meditation
1379.856,0.36,Y3_med_rr,Yoga,Meditation
1380.212,0.356,Y3_med_rr,Yoga,Meditation
1380.56,0.348,Y3_med_rr,Yoga,Meditation
1380.9,0.34,Y3_med_rr,Yoga,Meditation
1381.248,0.348,Y3_med_rr,Yoga,Meditation
1381.62,0.372,Y3_med_rr,Yoga,Meditation
1382.02,0.4,Y3_med_rr,Yoga,Meditation
1382.44,0.42,Y3_med_rr,Yoga,Meditation
1382.924,0.484,Y3_med_rr,Yoga,Meditation
1383.352,0.428,Y3_med_rr,Yoga,Meditation
1383.756,0.404,Y3_med_rr,Yoga,Meditation
1384.144,0.388,Y3_med_rr,Yoga,Meditation
1384.512,0.368,Y3_med_rr,Yoga,Meditation
1384.872,0.36,Y3_med_rr,Yoga,Meditation
1385.232,0.36,Y3_med_rr,Yoga,Meditation
1385.584,0.352,Y3_med_rr,Yoga,Meditation
1385.928,0.344,Y3_med_rr,Yoga,Meditation
1386.284,0.356,Y3_med_rr,Yoga,Meditation
1386.648,0.364,Y3_med_rr,Yoga,Meditation
1387.044,0.396,Y3_med_rr,Yoga,Meditation
1387.48,0.436,Y3_med_rr,Yoga,Meditation
1387.94,0.46,Y3_med_rr,Yoga,Meditation
1388.384,0.444,Y3_med_rr,Yoga,Meditation
1388.816,0.432,Y3_med_rr,Yoga,Meditation
1389.216,0.4,Y3_med_rr,Yoga,Meditation
1389.596,0.38,Y3_med_rr,Yoga,Meditation
1389.952,0.356,Y3_med_rr,Yoga,Meditation
1390.3,0.348,Y3_med_rr,Yoga,Meditation
1390.64,0.34,Y3_med_rr,Yoga,Meditation
1390.968,0.328,Y3_med_rr,Yoga,Meditation
1391.312,0.344,Y3_med_rr,Yoga,Meditation
1391.696,0.384,Y3_med_rr,Yoga,Meditation
1392.176,0.48,Y3_med_rr,Yoga,Meditation
1392.652,0.476,Y3_med_rr,Yoga,Meditation
1393.136,0.484,Y3_med_rr,Yoga,Meditation
1393.612,0.476,Y3_med_rr,Yoga,Meditation
1394.044,0.432,Y3_med_rr,Yoga,Meditation
1394.452,0.408,Y3_med_rr,Yoga,Meditation
1394.832,0.38,Y3_med_rr,Yoga,Meditation
1395.192,0.36,Y3_med_rr,Yoga,Meditation
1395.54,0.348,Y3_med_rr,Yoga,Meditation
1395.884,0.344,Y3_med_rr,Yoga,Meditation
1396.228,0.344,Y3_med_rr,Yoga,Meditation
1396.612,0.384,Y3_med_rr,Yoga,Meditation
1397.024,0.412,Y3_med_rr,Yoga,Meditation
1397.484,0.46,Y3_med_rr,Yoga,Meditation
1397.88,0.396,Y3_med_rr,Yoga,Meditation
1398.292,0.412,Y3_med_rr,Yoga,Meditation
1398.664,0.372,Y3_med_rr,Yoga,Meditation
1399.028,0.364,Y3_med_rr,Yoga,Meditation
1399.384,0.356,Y3_med_rr,Yoga,Meditation
1399.736,0.352,Y3_med_rr,Yoga,Meditation
1400.1,0.364,Y3_med_rr,Yoga,Meditation
1400.48,0.38,Y3_med_rr,Yoga,Meditation
1400.868,0.388,Y3_med_rr,Yoga,Meditation
1401.256,0.388,Y3_med_rr,Yoga,Meditation
1401.636,0.38,Y3_med_rr,Yoga,Meditation
1402.0,0.364,Y3_med_rr,Yoga,Meditation
1402.344,0.344,Y3_med_rr,Yoga,Meditation
1402.684,0.34,Y3_med_rr,Yoga,Meditation
1403.012,0.328,Y3_med_rr,Yoga,Meditation
1403.34,0.328,Y3_med_rr,Yoga,Meditation
1403.68,0.34,Y3_med_rr,Yoga,Meditation
1404.048,0.368,Y3_med_rr,Yoga,Meditation
1404.488,0.44,Y3_med_rr,Yoga,Meditation
1404.928,0.44,Y3_med_rr,Yoga,Meditation
1405.376,0.448,Y3_med_rr,Yoga,Meditation
1405.8,0.424,Y3_med_rr,Yoga,Meditation
1406.212,0.412,Y3_med_rr,Yoga,Meditation
1406.6,0.388,Y3_med_rr,Yoga,Meditation
1406.976,0.376,Y3_med_rr,Yoga,Meditation
1407.336,0.36,Y3_med_rr,Yoga,Meditation
1407.692,0.356,Y3_med_rr,Yoga,Meditation
1408.044,0.352,Y3_med_rr,Yoga,Meditation
1408.42,0.376,Y3_med_rr,Yoga,Meditation
1408.84,0.42,Y3_med_rr,Yoga,Meditation
1409.276,0.436,Y3_med_rr,Yoga,Meditation
1409.708,0.432,Y3_med_rr,Yoga,Meditation
1410.152,0.444,Y3_med_rr,Yoga,Meditation
1410.56,0.408,Y3_med_rr,Yoga,Meditation
1410.944,0.384,Y3_med_rr,Yoga,Meditation
1411.312,0.368,Y3_med_rr,Yoga,Meditation
1411.664,0.352,Y3_med_rr,Yoga,Meditation
1412.008,0.344,Y3_med_rr,Yoga,Meditation
1412.348,0.34,Y3_med_rr,Yoga,Meditation
1412.692,0.344,Y3_med_rr,Yoga,Meditation
1413.064,0.372,Y3_med_rr,Yoga,Meditation
1413.48,0.416,Y3_med_rr,Yoga,Meditation
1413.916,0.436,Y3_med_rr,Yoga,Meditation
1414.344,0.428,Y3_med_rr,Yoga,Meditation
1414.748,0.404,Y3_med_rr,Yoga,Meditation
1415.136,0.388,Y3_med_rr,Yoga,Meditation
1415.508,0.372,Y3_med_rr,Yoga,Meditation
1415.868,0.36,Y3_med_rr,Yoga,Meditation
1416.22,0.352,Y3_med_rr,Yoga,Meditation
1416.568,0.348,Y3_med_rr,Yoga,Meditation
1416.912,0.344,Y3_med_rr,Yoga,Meditation
1417.292,0.38,Y3_med_rr,Yoga,Meditation
1417.684,0.392,Y3_med_rr,Yoga,Meditation
1418.076,0.392,Y3_med_rr,Yoga,Meditation
1418.448,0.372,Y3_med_rr,Yoga,Meditation
1418.816,0.368,Y3_med_rr,Yoga,Meditation
1419.16,0.344,Y3_med_rr,Yoga,Meditation
1419.5,0.34,Y3_med_rr,Yoga,Meditation
1419.824,0.324,Y3_med_rr,Yoga,Meditation
1420.14,0.316,Y3_med_rr,Yoga,Meditation
1420.46,0.32,Y3_med_rr,Yoga,Meditation
1420.788,0.328,Y3_med_rr,Yoga,Meditation
1421.124,0.336,Y3_med_rr,Yoga,Meditation
1421.52,0.396,Y3_med_rr,Yoga,Meditation
1422.04,0.52,Y3_med_rr,Yoga,Meditation
1422.532,0.492,Y3_med_rr,Yoga,Meditation
1423.008,0.476,Y3_med_rr,Yoga,Meditation
1423.456,0.448,Y3_med_rr,Yoga,Meditation
1423.872,0.416,Y3_med_rr,Yoga,Meditation
1424.26,0.388,Y3_med_rr,Yoga,Meditation
1424.628,0.368,Y3_med_rr,Yoga,Meditation
1424.992,0.364,Y3_med_rr,Yoga,Meditation
1425.348,0.356,Y3_med_rr,Yoga,Meditation
1425.72,0.372,Y3_med_rr,Yoga,Meditation
1426.128,0.408,Y3_med_rr,Yoga,Meditation
1426.572,0.444,Y3_med_rr,Yoga,Meditation
1427.028,0.456,Y3_med_rr,Yoga,Meditation
1427.472,0.444,Y3_med_rr,Yoga,Meditation
1427.9,0.428,Y3_med_rr,Yoga,Meditation
1428.3,0.4,Y3_med_rr,Yoga,Meditation
1428.684,0.384,Y3_med_rr,Yoga,Meditation
1429.052,0.368,Y3_med_rr,Yoga,Meditation
1429.4,0.348,Y3_med_rr,Yoga,Meditation
1429.74,0.34,Y3_med_rr,Yoga,Meditation
1430.076,0.336,Y3_med_rr,Yoga,Meditation
1430.408,0.332,Y3_med_rr,Yoga,Meditation
1430.748,0.34,Y3_med_rr,Yoga,Meditation
1431.108,0.36,Y3_med_rr,Yoga,Meditation
1431.548,0.44,Y3_med_rr,Yoga,Meditation
1432.04,0.492,Y3_med_rr,Yoga,Meditation
1432.528,0.488,Y3_med_rr,Yoga,Meditation
1433.004,0.476,Y3_med_rr,Yoga,Meditation
1433.448,0.444,Y3_med_rr,Yoga,Meditation
1433.852,0.404,Y3_med_rr,Yoga,Meditation
1434.224,0.372,Y3_med_rr,Yoga,Meditation
1434.592,0.368,Y3_med_rr,Yoga,Meditation
1434.952,0.36,Y3_med_rr,Yoga,Meditation
1435.3,0.348,Y3_med_rr,Yoga,Meditation
1435.668,0.368,Y3_med_rr,Yoga,Meditation
1436.096,0.428,Y3_med_rr,Yoga,Meditation
1436.528,0.432,Y3_med_rr,Yoga,Meditation
1436.964,0.436,Y3_med_rr,Yoga,Meditation
1437.388,0.424,Y3_med_rr,Yoga,Meditation
1437.788,0.4,Y3_med_rr,Yoga,Meditation
1438.168,0.38,Y3_med_rr,Yoga,Meditation
1438.532,0.364,Y3_med_rr,Yoga,Meditation
1438.884,0.352,Y3_med_rr,Yoga,Meditation
1439.228,0.344,Y3_med_rr,Yoga,Meditation
1439.568,0.34,Y3_med_rr,Yoga,Meditation
1439.904,0.336,Y3_med_rr,Yoga,Meditation
1440.256,0.352,Y3_med_rr,Yoga,Meditation
1440.62,0.364,Y3_med_rr,Yoga,Meditation
1441.056,0.436,Y3_med_rr,Yoga,Meditation
1441.572,0.516,Y3_med_rr,Yoga,Meditation
1442.056,0.484,Y3_med_rr,Yoga,Meditation
1442.54,0.484,Y3_med_rr,Yoga,Meditation
1442.996,0.456,Y3_med_rr,Yoga,Meditation
1443.424,0.428,Y3_med_rr,Yoga,Meditation
1443.808,0.384,Y3_med_rr,Yoga,Meditation
1444.176,0.368,Y3_med_rr,Yoga,Meditation
1444.524,0.348,Y3_med_rr,Yoga,Meditation
1444.864,0.34,Y3_med_rr,Yoga,Meditation
1445.212,0.348,Y3_med_rr,Yoga,Meditation
1445.568,0.356,Y3_med_rr,Yoga,Meditation
1445.952,0.384,Y3_med_rr,Yoga,Meditation
1446.372,0.42,Y3_med_rr,Yoga,Meditation
1446.856,0.484,Y3_med_rr,Yoga,Meditation
1447.316,0.46,Y3_med_rr,Yoga,Meditation
1447.78,0.464,Y3_med_rr,Yoga,Meditation
1448.212,0.432,Y3_med_rr,Yoga,Meditation
1448.624,0.412,Y3_med_rr,Yoga,Meditation
1449.008,0.384,Y3_med_rr,Yoga,Meditation
1449.372,0.364,Y3_med_rr,Yoga,Meditation
1449.724,0.352,Y3_med_rr,Yoga,Meditation
1450.064,0.34,Y3_med_rr,Yoga,Meditation
1450.404,0.34,Y3_med_rr,Yoga,Meditation
1450.732,0.328,Y3_med_rr,Yoga,Meditation
1451.068,0.336,Y3_med_rr,Yoga,Meditation
1451.424,0.356,Y3_med_rr,Yoga,Meditation
1451.812,0.388,Y3_med_rr,Yoga,Meditation
1452.304,0.492,Y3_med_rr,Yoga,Meditation
1452.784,0.48,Y3_med_rr,Yoga,Meditation
1453.252,0.468,Y3_med_rr,Yoga,Meditation
1453.716,0.464,Y3_med_rr,Yoga,Meditation
1454.152,0.436,Y3_med_rr,Yoga,Meditation
1454.56,0.408,Y3_med_rr,Yoga,Meditation
1454.956,0.396,Y3_med_rr,Yoga,Meditation
1455.324,0.368,Y3_med_rr,Yoga,Meditation
1455.684,0.36,Y3_med_rr,Yoga,Meditation
1456.028,0.344,Y3_med_rr,Yoga,Meditation
1456.364,0.336,Y3_med_rr,Yoga,Meditation
1456.7,0.336,Y3_med_rr,Yoga,Meditation
1457.052,0.352,Y3_med_rr,Yoga,Meditation
1457.436,0.384,Y3_med_rr,Yoga,Meditation
1457.844,0.408,Y3_med_rr,Yoga,Meditation
1458.304,0.46,Y3_med_rr,Yoga,Meditation
1458.772,0.468,Y3_med_rr,Yoga,Meditation
1459.24,0.468,Y3_med_rr,Yoga,Meditation
1459.7,0.46,Y3_med_rr,Yoga,Meditation
1460.128,0.428,Y3_med_rr,Yoga,Meditation
1460.52,0.392,Y3_med_rr,Yoga,Meditation
1460.888,0.368,Y3_med_rr,Yoga,Meditation
1461.244,0.356,Y3_med_rr,Yoga,Meditation
1461.592,0.348,Y3_med_rr,Yoga,Meditation
1461.944,0.352,Y3_med_rr,Yoga,Meditation
1462.324,0.38,Y3_med_rr,Yoga,Meditation
1462.756,0.432,Y3_med_rr,Yoga,Meditation
1463.184,0.428,Y3_med_rr,Yoga,Meditation
1463.604,0.42,Y3_med_rr,Yoga,Meditation
1463.996,0.392,Y3_med_rr,Yoga,Meditation
1464.376,0.38,Y3_med_rr,Yoga,Meditation
1464.74,0.364,Y3_med_rr,Yoga,Meditation
1465.088,0.348,Y3_med_rr,Yoga,Meditation
1465.424,0.336,Y3_med_rr,Yoga,Meditation
1465.764,0.34,Y3_med_rr,Yoga,Meditation
1466.108,0.344,Y3_med_rr,Yoga,Meditation
1466.484,0.376,Y3_med_rr,Yoga,Meditation
