Time,HeartRate,Subject,Group,State
1309.469,66.8151,Y3_pre_hrv,Yoga,Pre-Meditation
1310.43,62.435,Y3_pre_hrv,Yoga,Pre-Meditation
1311.438,59.5238,Y3_pre_hrv,Yoga,Pre-Meditation
1312.438,60.0,Y3_pre_hrv,Yoga,Pre-Meditation
1313.375,63.9659,Y3_pre_hrv,Yoga,Pre-Meditation
1314.344,61.9195,Y3_pre_hrv,Yoga,Pre-Meditation
1315.336,60.4839,Y3_pre_hrv,Yoga,Pre-Meditation
1316.227,67.3401,Y3_pre_hrv,Yoga,Pre-Meditation
1317.148,65.0759,Y3_pre_hrv,Yoga,Pre-Meditation
1318.055,66.2252,Y3_pre_hrv,Yoga,Pre-Meditation
1318.898,71.09,Y3_pre_hrv,Yoga,Pre-Meditation
1319.758,69.8487,Y3_pre_hrv,Yoga,Pre-Meditation
1320.672,65.6455,Y3_pre_hrv,Yoga,Pre-Meditation
1321.508,71.7703,Y3_pre_hrv,Yoga,Pre-Meditation
1322.383,68.5714,Y3_pre_hrv,Yoga,Pre-Meditation
1323.336,62.9591,Y3_pre_hrv,Yoga,Pre-Meditation
1324.359,58.651,Y3_pre_hrv,Yoga,Pre-Meditation
1325.344,60.9756,Y3_pre_hrv,Yoga,Pre-Meditation
1326.359,59.0551,Y3_pre_hrv,Yoga,Pre-Meditation
1327.398,57.7478,Y3_pre_hrv,Yoga,Pre-Meditation
1328.297,66.8151,Y3_pre_hrv,Yoga,Pre-Meditation
1329.203,66.2252,Y3_pre_hrv,Yoga,Pre-Meditation
1330.078,68.5714,Y3_pre_hrv,Yoga,Pre-Meditation
1330.922,71.09,Y3_pre_hrv,Yoga,Pre-Meditation
1331.836,65.6455,Y3_pre_hrv,Yoga,Pre-Meditation
1332.812,61.4125,Y3_pre_hrv,Yoga,Pre-Meditation
1333.727,65.6455,Y3_pre_hrv,Yoga,Pre-Meditation
1334.695,61.9195,Y3_pre_hrv,Yoga,Pre-Meditation
1335.68,60.9756,Y3_pre_hrv,Yoga,Pre-Meditation
1336.609,64.5161,Y3_pre_hrv,Yoga,Pre-Meditation
1337.609,60.0,Y3_pre_hrv,Yoga,Pre-Meditation
1338.656,57.3066,Y3_pre_hrv,Yoga,Pre-Meditation
1339.57,65.6455,Y3_pre_hrv,Yoga,Pre-Meditation
1340.516,63.4921,Y3_pre_hrv,Yoga,Pre-Meditation
1341.43,65.6455,Y3_pre_hrv,Yoga,Pre-Meditation
1342.297,69.2042,Y3_pre_hrv,Yoga,Pre-Meditation
1343.203,66.2252,Y3_pre_hrv,Yoga,Pre-Meditation
1344.172,61.9195,Y3_pre_hrv,Yoga,Pre-Meditation
1345.062,67.3401,Y3_pre_hrv,Yoga,Pre-Meditation
1345.977,65.6455,Y3_pre_hrv,Yoga,Pre-Meditation
1346.914,63.9659,Y3_pre_hrv,Yoga,Pre-Meditation
1347.852,63.9659,Y3_pre_hrv,Yoga,Pre-Meditation
1348.82,61.9195,Y3_pre_hrv,Yoga,Pre-Meditation
1349.797,61.4125,Y3_pre_hrv,Yoga,Pre-Meditation
1350.719,65.0759,Y3_pre_hrv,Yoga,Pre-Meditation
1351.648,64.5161,Y3_pre_hrv,Yoga,Pre-Meditation
1352.516,69.2042,Y3_pre_hrv,Yoga,Pre-Meditation
1353.352,71.7703,Y3_pre_hrv,Yoga,Pre-Meditation
1354.18,72.4638,Y3_pre_hrv,Yoga,Pre-Meditation
1355.023,71.09,Y3_pre_hrv,Yoga,Pre-Meditation
1355.82,75.2823,Y3_pre_hrv,Yoga,Pre-Meditation
1356.633,73.8916,Y3_pre_hrv,Yoga,Pre-Meditation
1357.461,72.4638,Y3_pre_hrv,Yoga,Pre-Meditation
1358.234,77.6197,Y3_pre_hrv,Yoga,Pre-Meditation
1359.055,73.1707,Y3_pre_hrv,Yoga,Pre-Meditation
1359.867,73.8916,Y3_pre_hrv,Yoga,Pre-Meditation
1360.703,71.7703,Y3_pre_hrv,Yoga,Pre-Meditation
1361.656,62.9591,Y3_pre_hrv,Yoga,Pre-Meditation
1362.719,56.4972,Y3_pre_hrv,Yoga,Pre-Meditation
1363.695,61.4125,Y3_pre_hrv,Yoga,Pre-Meditation
1364.703,59.5238,Y3_pre_hrv,Yoga,Pre-Meditation
1365.609,66.2252,Y3_pre_hrv,Yoga,Pre-Meditation
1366.531,65.0759,Y3_pre_hrv,Yoga,Pre-Meditation
1367.469,63.9659,Y3_pre_hrv,Yoga,Pre-Meditation
1368.336,69.2042,Y3_pre_hrv,Yoga,Pre-Meditation
1369.273,63.9659,Y3_pre_hrv,Yoga,Pre-Meditation
1370.18,66.2252,Y3_pre_hrv,Yoga,Pre-Meditation
1371.094,65.6455,Y3_pre_hrv,Yoga,Pre-Meditation
1372.023,64.5161,Y3_pre_hrv,Yoga,Pre-Meditation
1372.875,70.4225,Y3_pre_hrv,Yoga,Pre-Meditation
1373.766,67.3401,Y3_pre_hrv,Yoga,Pre-Meditation
1374.609,71.09,Y3_pre_hrv,Yoga,Pre-Meditation
1375.43,73.1707,Y3_pre_hrv,Yoga,Pre-Meditation
1376.281,70.4225,Y3_pre_hrv,Yoga,Pre-Meditation
1377.156,68.5714,Y3_pre_hrv,Yoga,Pre-Meditation
1378.078,65.0759,Y3_pre_hrv,Yoga,Pre-Meditation
1378.984,66.2252,Y3_pre_hrv,Yoga,Pre-Meditation
1379.914,64.5161,Y3_pre_hrv,Yoga,Pre-Meditation
1380.82,66.2252,Y3_pre_hrv,Yoga,Pre-Meditation
1381.734,65.6455,Y3_pre_hrv,Yoga,Pre-Meditation
1382.695,62.435,Y3_pre_hrv,Yoga,Pre-Meditation
1383.734,57.7478,Y3_pre_hrv,Yoga,Pre-Meditation
1384.703,61.9195,Y3_pre_hrv,Yoga,Pre-Meditation
1385.719,59.0551,Y3_pre_hrv,Yoga,Pre-Meditation
1386.711,60.4839,Y3_pre_hrv,Yoga,Pre-Meditation
1387.672,62.435,Y3_pre_hrv,Yoga,Pre-Meditation
1388.648,61.4125,Y3_pre_hrv,Yoga,Pre-Meditation
1389.633,60.9756,Y3_pre_hrv,Yoga,Pre-Meditation
1390.594,62.435,Y3_pre_hrv,Yoga,Pre-Meditation
1391.586,60.4839,Y3_pre_hrv,Yoga,Pre-Meditation
1392.5,65.6455,Y3_pre_hrv,Yoga,Pre-Meditation
1393.43,64.5161,Y3_pre_hrv,Yoga,Pre-Meditation
1394.398,61.9195,Y3_pre_hrv,Yoga,Pre-Meditation
1395.328,64.5161,Y3_pre_hrv,Yoga,Pre-Meditation
1396.266,63.9659,Y3_pre_hrv,Yoga,Pre-Meditation
1397.234,61.9195,Y3_pre_hrv,Yoga,Pre-Meditation
1398.102,69.2042,Y3_pre_hrv,Yoga,Pre-Meditation
1398.977,68.5714,Y3_pre_hrv,Yoga,Pre-Meditation
1399.852,68.5714,Y3_pre_hrv,Yoga,Pre-Meditation
1400.75,66.8151,Y3_pre_hrv,Yoga,Pre-Meditation
1401.695,63.4921,Y3_pre_hrv,Yoga,Pre-Meditation
1402.719,58.651,Y3_pre_hrv,Yoga,Pre-Meditation
1403.695,61.4125,Y3_pre_hrv,Yoga,Pre-Meditation
1404.695,60.0,Y3_pre_hrv,Yoga,Pre-Meditation
1405.727,58.1959,Y3_pre_hrv,Yoga,Pre-Meditation
1406.688,62.435,Y3_pre_hrv,Yoga,Pre-Meditation
1407.602,65.6455,Y3_pre_hrv,Yoga,Pre-Meditation
1408.5,66.8151,Y3_pre_hrv,Yoga,Pre-Meditation
1409.305,74.5342,Y3_pre_hrv,Yoga,Pre-Meditation
1410.156,70.4225,Y3_pre_hrv,Yoga,Pre-Meditation
1411.062,66.2252,Y3_pre_hrv,Yoga,Pre-Meditation
1411.984,65.0759,Y3_pre_hrv,Yoga,Pre-Meditation
1412.945,62.435,Y3_pre_hrv,Yoga,Pre-Meditation
1413.898,62.9591,Y3_pre_hrv,Yoga,Pre-Meditation
1414.789,67.3401,Y3_pre_hrv,Yoga,Pre-Meditation
1415.703,65.6455,Y3_pre_hrv,Yoga,Pre-Meditation
1416.617,65.6455,Y3_pre_hrv,Yoga,Pre-Meditation
1417.5,67.9502,Y3_pre_hrv,Yoga,Pre-Meditation
1418.406,66.2252,Y3_pre_hrv,Yoga,Pre-Meditation
1419.312,66.2252,Y3_pre_hrv,Yoga,Pre-Meditation
1420.195,67.9502,Y3_pre_hrv,Yoga,Pre-Meditation
1421.148,62.9591,Y3_pre_hrv,Yoga,Pre-Meditation
1422.156,59.5238,Y3_pre_hrv,Yoga,Pre-Meditation
1423.148,60.4839,Y3_pre_hrv,Yoga,Pre-Meditation
1424.172,58.651,Y3_pre_hrv,Yoga,Pre-Meditation
1425.195,58.651,Y3_pre_hrv,Yoga,Pre-Meditation
1426.047,70.4225,Y3_pre_hrv,Yoga,Pre-Meditation
1426.922,68.5714,Y3_pre_hrv,Yoga,Pre-Meditation
1427.781,69.8487,Y3_pre_hrv,Yoga,Pre-Meditation
1428.688,66.2252,Y3_pre_hrv,Yoga,Pre-Meditation
1429.609,65.0759,Y3_pre_hrv,Yoga,Pre-Meditation
1430.625,59.0551,Y3_pre_hrv,Yoga,Pre-Meditation
1431.672,57.3066,Y3_pre_hrv,Yoga,Pre-Meditation
1432.625,62.9591,Y3_pre_hrv,Yoga,Pre-Meditation
1433.594,61.9195,Y3_pre_hrv,Yoga,Pre-Meditation
1434.555,62.435,Y3_pre_hrv,Yoga,Pre-Meditation
1435.422,69.2042,Y3_pre_hrv,Yoga,Pre-Meditation
1436.25,72.4638,Y3_pre_hrv,Yoga,Pre-Meditation
1437.117,69.2042,Y3_pre_hrv,Yoga,Pre-Meditation
1438.055,63.9659,Y3_pre_hrv,Yoga,Pre-Meditation
1439.07,59.0551,Y3_pre_hrv,Yoga,Pre-Meditation
1440.086,59.0551,Y3_pre_hrv,Yoga,Pre-Meditation
1441.031,63.4921,Y3_pre_hrv,Yoga,Pre-Meditation
1442.062,58.1959,Y3_pre_hrv,Yoga,Pre-Meditation
1443.117,56.872,Y3_pre_hrv,Yoga,Pre-Meditation
1444.07,62.9591,Y3_pre_hrv,Yoga,Pre-Meditation
1445.055,60.9756,Y3_pre_hrv,Yoga,Pre-Meditation
1446.094,57.7478,Y3_pre_hrv,Yoga,Pre-Meditation
1447.078,60.9756,Y3_pre_hrv,Yoga,Pre-Meditation
1448.062,60.9756,Y3_pre_hrv,Yoga,Pre-Meditation
1449.047,60.9756,Y3_pre_hrv,Yoga,Pre-Meditation
1449.969,65.0759,Y3_pre_hrv,Yoga,Pre-Meditation
1450.867,66.8151,Y3_pre_hrv,Yoga,Pre-Meditation
1451.789,65.0759,Y3_pre_hrv,Yoga,Pre-Meditation
1452.695,66.2252,Y3_pre_hrv,Yoga,Pre-Meditation
1453.711,59.0551,Y3_pre_hrv,Yoga,Pre-Meditation
1454.828,53.7153,Y3_pre_hrv,Yoga,Pre-Meditation
1455.797,61.9195,Y3_pre_hrv,Yoga,Pre-Meditation
1456.711,65.6455,Y3_pre_hrv,Yoga,Pre-Meditation
1457.555,71.09,Y3_pre_hrv,Yoga,Pre-Meditation
1458.328,77.6197,Y3_pre_hrv,Yoga,Pre-Meditation
1459.109,76.8246,Y3_pre_hrv,Yoga,Pre-Meditation
1459.883,77.6197,Y3_pre_hrv,Yoga,Pre-Meditation
1460.648,78.329,Y3_pre_hrv,Yoga,Pre-Meditation
1461.438,76.0456,Y3_pre_hrv,Yoga,Pre-Meditation
1462.25,73.8916,Y3_pre_hrv,Yoga,Pre-Meditation
1463.031,76.8246,Y3_pre_hrv,Yoga,Pre-Meditation
1463.805,77.6197,Y3_pre_hrv,Yoga,Pre-Meditation
1464.586,76.8246,Y3_pre_hrv,Yoga,Pre-Meditation
1465.398,73.8916,Y3_pre_hrv,Yoga,Pre-Meditation
1466.312,65.6455,Y3_pre_hrv,Yoga,Pre-Meditation
1467.18,69.2042,Y3_pre_hrv,Yoga,Pre-Meditation
1468.109,64.5161,Y3_pre_hrv,Yoga,Pre-Meditation
1469.086,61.4125,Y3_pre_hrv,Yoga,Pre-Meditation
1470.094,59.5238,Y3_pre_hrv,Yoga,Pre-Meditation
1471.055,62.435,Y3_pre_hrv,Yoga,Pre-Meditation
1472.039,60.9756,Y3_pre_hrv,Yoga,Pre-Meditation
1473.023,60.9756,Y3_pre_hrv,Yoga,Pre-Meditation
1473.953,64.5161,Y3_pre_hrv,Yoga,Pre-Meditation
1474.914,62.435,Y3_pre_hrv,Yoga,Pre-Meditation
1475.875,62.435,Y3_pre_hrv,Yoga,Pre-Meditation
1476.727,70.4225,Y3_pre_hrv,Yoga,Pre-Meditation
1477.562,71.7703,Y3_pre_hrv,Yoga,Pre-Meditation
1478.438,68.5714,Y3_pre_hrv,Yoga,Pre-Meditation
1479.383,63.4921,Y3_pre_hrv,Yoga,Pre-Meditation
1480.32,63.9659,Y3_pre_hrv,Yoga,Pre-Meditation
1481.312,60.4839,Y3_pre_hrv,Yoga,Pre-Meditation
1482.336,58.651,Y3_pre_hrv,Yoga,Pre-Meditation
1483.312,61.4125,Y3_pre_hrv,Yoga,Pre-Meditation
1484.297,60.9756,Y3_pre_hrv,Yoga,Pre-Meditation
1485.312,59.0551,Y3_pre_hrv,Yoga,Pre-Meditation
1486.219,66.2252,Y3_pre_hrv,Yoga,Pre-Meditation
1487.133,65.6455,Y3_pre_hrv,Yoga,Pre-Meditation
1488.086,62.9591,Y3_pre_hrv,Yoga,Pre-Meditation
1489.016,64.5161,Y3_pre_hrv,Yoga,Pre-Meditation
1489.945,64.5161,Y3_pre_hrv,Yoga,Pre-Meditation
1490.891,63.4921,Y3_pre_hrv,Yoga,Pre-Meditation
1491.805,65.6455,Y3_pre_hrv,Yoga,Pre-Meditation
1492.711,66.2252,Y3_pre_hrv,Yoga,Pre-Meditation
1493.648,63.9659,Y3_pre_hrv,Yoga,Pre-Meditation
1494.617,61.9195,Y3_pre_hrv,Yoga,Pre-Meditation
1495.523,66.2252,Y3_pre_hrv,Yoga,Pre-Meditation
1496.5,61.4125,Y3_pre_hrv,Yoga,Pre-Meditation
1497.484,60.9756,Y3_pre_hrv,Yoga,Pre-Meditation
1498.414,64.5161,Y3_pre_hrv,Yoga,Pre-Meditation
1499.391,61.4125,Y3_pre_hrv,Yoga,Pre-Meditation
1500.367,61.4125,Y3_pre_hrv,Yoga,Pre-Meditation
1501.258,67.3401,Y3_pre_hrv,Yoga,Pre-Meditation
1502.195,63.9659,Y3_pre_hrv,Yoga,Pre-Meditation
1503.18,60.9756,Y3_pre_hrv,Yoga,Pre-Meditation
1504.086,66.2252,Y3_pre_hrv,Yoga,Pre-Meditation
1505.031,63.4921,Y3_pre_hrv,Yoga,Pre-Meditation
1505.977,63.4921,Y3_pre_hrv,Yoga,Pre-Meditation
1506.844,69.2042,Y3_pre_hrv,Yoga,Pre-Meditation
1507.727,67.9502,Y3_pre_hrv,Yoga,Pre-Meditation
1508.648,65.0759,Y3_pre_hrv,Yoga,Pre-Meditation
1509.688,57.7478,Y3_pre_hrv,Yoga,Pre-Meditation
1510.664,61.4125,Y3_pre_hrv,Yoga,Pre-Meditation
1511.688,58.651,Y3_pre_hrv,Yoga,Pre-Meditation
1512.742,56.872,Y3_pre_hrv,Yoga,Pre-Meditation
1513.727,60.9756,Y3_pre_hrv,Yoga,Pre-Meditation
1514.703,61.4125,Y3_pre_hrv,Yoga,Pre-Meditation
1515.688,60.9756,Y3_pre_hrv,Yoga,Pre-Meditation
1516.688,60.0,Y3_pre_hrv,Yoga,Pre-Meditation
1517.766,55.6586,Y3_pre_hrv,Yoga,Pre-Meditation
1518.852,55.2486,Y3_pre_hrv,Yoga,Pre-Meditation
1519.781,64.5161,Y3_pre_hrv,Yoga,Pre-Meditation
1520.734,62.9591,Y3_pre_hrv,Yoga,Pre-Meditation
1521.711,61.4125,Y3_pre_hrv,Yoga,Pre-Meditation
1522.586,68.5714,Y3_pre_hrv,Yoga,Pre-Meditation
1523.484,66.8151,Y3_pre_hrv,Yoga,Pre-Meditation
1524.375,67.3401,Y3_pre_hrv,Yoga,Pre-Meditation
1525.219,71.09,Y3_pre_hrv,Yoga,Pre-Meditation
1526.109,67.3401,Y3_pre_hrv,Yoga,Pre-Meditation
1527.062,62.9591,Y3_pre_hrv,Yoga,Pre-Meditation
1527.969,66.2252,Y3_pre_hrv,Yoga,Pre-Meditation
1528.891,65.0759,Y3_pre_hrv,Yoga,Pre-Meditation
1529.812,65.0759,Y3_pre_hrv,Yoga,Pre-Meditation
1530.711,66.8151,Y3_pre_hrv,Yoga,Pre-Meditation
1531.57,69.8487,Y3_pre_hrv,Yoga,Pre-Meditation
1532.461,67.3401,Y3_pre_hrv,Yoga,Pre-Meditation
1533.344,67.9502,Y3_pre_hrv,Yoga,Pre-Meditation
1534.18,71.7703,Y3_pre_hrv,Yoga,Pre-Meditation
1535.055,68.5714,Y3_pre_hrv,Yoga,Pre-Meditation
1535.898,71.09,Y3_pre_hrv,Yoga,Pre-Meditation
1536.688,76.0456,Y3_pre_hrv,Yoga,Pre-Meditation
1537.508,73.1707,Y3_pre_hrv,Yoga,Pre-Meditation
1538.375,69.2042,Y3_pre_hrv,Yoga,Pre-Meditation
1539.289,65.6455,Y3_pre_hrv,Yoga,Pre-Meditation
1540.258,61.9195,Y3_pre_hrv,Yoga,Pre-Meditation
1541.266,59.5238,Y3_pre_hrv,Yoga,Pre-Meditation
1542.188,65.0759,Y3_pre_hrv,Yoga,Pre-Meditation
1543.227,57.7478,Y3_pre_hrv,Yoga,Pre-Meditation
1544.336,54.1028,Y3_pre_hrv,Yoga,Pre-Meditation
1545.352,59.0551,Y3_pre_hrv,Yoga,Pre-Meditation
1546.43,55.6586,Y3_pre_hrv,Yoga,Pre-Meditation
1547.484,56.872,Y3_pre_hrv,Yoga,Pre-Meditation
1548.461,61.4125,Y3_pre_hrv,Yoga,Pre-Meditation
1549.461,60.0,Y3_pre_hrv,Yoga,Pre-Meditation
1550.422,62.435,Y3_pre_hrv,Yoga,Pre-Meditation
1551.344,65.0759,Y3_pre_hrv,Yoga,Pre-Meditation
1552.281,63.9659,Y3_pre_hrv,Yoga,Pre-Meditation
1553.219,63.9659,Y3_pre_hrv,Yoga,Pre-Meditation
1554.094,68.5714,Y3_pre_hrv,Yoga,Pre-Meditation
1555.047,62.9591,Y3_pre_hrv,Yoga,Pre-Meditation
1556.023,61.4125,Y3_pre_hrv,Yoga,Pre-Meditation
1556.93,66.2252,Y3_pre_hrv,Yoga,Pre-Meditation
1557.922,60.4839,Y3_pre_hrv,Yoga,Pre-Meditation
1558.961,57.7478,Y3_pre_hrv,Yoga,Pre-Meditation
1559.875,65.6455,Y3_pre_hrv,Yoga,Pre-Meditation
1560.859,60.9756,Y3_pre_hrv,Yoga,Pre-Meditation
1561.852,60.4839,Y3_pre_hrv,Yoga,Pre-Meditation
1562.773,65.0759,Y3_pre_hrv,Yoga,Pre-Meditation
1563.844,56.0748,Y3_pre_hrv,Yoga,Pre-Meditation
1564.969,53.3333,Y3_pre_hrv,Yoga,Pre-Meditation
1565.969,60.0,Y3_pre_hrv,Yoga,Pre-Meditation
1567.016,57.3066,Y3_pre_hrv,Yoga,Pre-Meditation
1568.062,57.3066,Y3_pre_hrv,Yoga,Pre-Meditation
1569.0,63.9659,Y3_pre_hrv,Yoga,Pre-Meditation
1569.945,63.4921,Y3_pre_hrv,Yoga,Pre-Meditation
1570.891,63.4921,Y3_pre_hrv,Yoga,Pre-Meditation
1571.805,65.6455,Y3_pre_hrv,Yoga,Pre-Meditation
1572.789,60.9756,Y3_pre_hrv,Yoga,Pre-Meditation
1573.852,56.4972,Y3_pre_hrv,Yoga,Pre-Meditation
1574.805,62.9591,Y3_pre_hrv,Yoga,Pre-Meditation
1575.82,59.0551,Y3_pre_hrv,Yoga,Pre-Meditation
1576.844,58.651,Y3_pre_hrv,Yoga,Pre-Meditation
1577.781,63.9659,Y3_pre_hrv,Yoga,Pre-Meditation
1578.656,68.5714,Y3_pre_hrv,Yoga,Pre-Meditation
1579.461,74.5342,Y3_pre_hrv,Yoga,Pre-Meditation
1580.258,75.2823,Y3_pre_hrv,Yoga,Pre-Meditation
1581.148,67.3401,Y3_pre_hrv,Yoga,Pre-Meditation
1582.125,61.4125,Y3_pre_hrv,Yoga,Pre-Meditation
1583.055,64.5161,Y3_pre_hrv,Yoga,Pre-Meditation
1583.906,70.4225,Y3_pre_hrv,Yoga,Pre-Meditation
1584.742,71.7703,Y3_pre_hrv,Yoga,Pre-Meditation
1585.617,68.5714,Y3_pre_hrv,Yoga,Pre-Meditation
1586.453,71.7703,Y3_pre_hrv,Yoga,Pre-Meditation
1587.289,71.7703,Y3_pre_hrv,Yoga,Pre-Meditation
1588.117,72.4638,Y3_pre_hrv,Yoga,Pre-Meditation
1588.93,73.8916,Y3_pre_hrv,Yoga,Pre-Meditation
1589.703,77.6197,Y3_pre_hrv,Yoga,Pre-Meditation
1590.516,73.8916,Y3_pre_hrv,Yoga,Pre-Meditation
1591.32,74.5342,Y3_pre_hrv,Yoga,Pre-Meditation
1592.211,67.3401,Y3_pre_hrv,Yoga,Pre-Meditation
1593.062,70.4225,Y3_pre_hrv,Yoga,Pre-Meditation
1593.938,68.5714,Y3_pre_hrv,Yoga,Pre-Meditation
1594.898,62.435,Y3_pre_hrv,Yoga,Pre-Meditation
1595.883,60.9756,Y3_pre_hrv,Yoga,Pre-Meditation
1596.844,62.435,Y3_pre_hrv,Yoga,Pre-Meditation
1597.82,61.4125,Y3_pre_hrv,Yoga,Pre-Meditation
1598.805,60.9756,Y3_pre_hrv,Yoga,Pre-Meditation
1599.797,60.4839,Y3_pre_hrv,Yoga,Pre-Meditation
1600.719,65.0759,Y3_pre_hrv,Yoga,Pre-Meditation
1601.703,60.9756,Y3_pre_hrv,Yoga,Pre-Meditation
1602.695,60.4839,Y3_pre_hrv,Yoga,Pre-Meditation
1603.625,64.5161,Y3_pre_hrv,Yoga,Pre-Meditation
1604.578,62.9591,Y3_pre_hrv,Yoga,Pre-Meditation
1605.555,61.4125,Y3_pre_hrv,Yoga,Pre-Meditation
1606.531,61.4125,Y3_pre_hrv,Yoga,Pre-Meditation
1607.461,64.5161,Y3_pre_hrv,Yoga,Pre-Meditation
1608.383,65.0759,Y3_pre_hrv,Yoga,Pre-Meditation
1609.344,62.435,Y3_pre_hrv,Yoga,Pre-Meditation
1610.289,63.4921,Y3_pre_hrv,Yoga,Pre-Meditation
1611.227,63.9659,Y3_pre_hrv,Yoga,Pre-Meditation
1612.211,60.9756,Y3_pre_hrv,Yoga,Pre-Meditation
1613.188,61.4125,Y3_pre_hrv,Yoga,Pre-Meditation
1614.148,62.435,Y3_pre_hrv,Yoga,Pre-Meditation
1615.102,62.9591,Y3_pre_hrv,Yoga,Pre-Meditation
1615.984,67.9502,Y3_pre_hrv,Yoga,Pre-Meditation
1616.875,67.3401,Y3_pre_hrv,Yoga,Pre-Meditation
1617.75,68.5714,Y3_pre_hrv,Yoga,Pre-Meditation
1618.633,67.9502,Y3_pre_hrv,Yoga,Pre-Meditation
1619.477,71.09,Y3_pre_hrv,Yoga,Pre-Meditation
1620.336,69.8487,Y3_pre_hrv,Yoga,Pre-Meditation
1621.281,63.4921,Y3_pre_hrv,Yoga,Pre-Meditation
1622.195,65.6455,Y3_pre_hrv,Yoga,Pre-Meditation
1623.094,66.8151,Y3_pre_hrv,Yoga,Pre-Meditation
1624.039,63.4921,Y3_pre_hrv,Yoga,Pre-Meditation
1624.961,65.0759,Y3_pre_hrv,Yoga,Pre-Meditation
1625.852,67.3401,Y3_pre_hrv,Yoga,Pre-Meditation
1626.789,63.9659,Y3_pre_hrv,Yoga,Pre-Meditation
1627.695,66.2252,Y3_pre_hrv,Yoga,Pre-Meditation
1628.586,67.3401,Y3_pre_hrv,Yoga,Pre-Meditation
1629.516,64.5161,Y3_pre_hrv,Yoga,Pre-Meditation
1630.484,61.9195,Y3_pre_hrv,Yoga,Pre-Meditation
1631.367,67.9502,Y3_pre_hrv,Yoga,Pre-Meditation
1632.266,66.8151,Y3_pre_hrv,Yoga,Pre-Meditation
1633.18,65.6455,Y3_pre_hrv,Yoga,Pre-Meditation
1634.008,72.4638,Y3_pre_hrv,Yoga,Pre-Meditation
1634.828,73.1707,Y3_pre_hrv,Yoga,Pre-Meditation
1635.664,71.7703,Y3_pre_hrv,Yoga,Pre-Meditation
1636.484,73.1707,Y3_pre_hrv,Yoga,Pre-Meditation
1637.289,74.5342,Y3_pre_hrv,Yoga,Pre-Meditation
1638.164,68.5714,Y3_pre_hrv,Yoga,Pre-Meditation
1639.031,69.2042,Y3_pre_hrv,Yoga,Pre-Meditation
1639.852,73.1707,Y3_pre_hrv,Yoga,Pre-Meditation
1640.656,74.5342,Y3_pre_hrv,Yoga,Pre-Meditation
1641.492,71.7703,Y3_pre_hrv,Yoga,Pre-Meditation
1642.336,71.09,Y3_pre_hrv,Yoga,Pre-Meditation
1643.195,69.8487,Y3_pre_hrv,Yoga,Pre-Meditation
1644.141,63.4921,Y3_pre_hrv,Yoga,Pre-Meditation
1645.172,58.1959,Y3_pre_hrv,Yoga,Pre-Meditation
1646.266,54.8446,Y3_pre_hrv,Yoga,Pre-Meditation
1647.258,60.4839,Y3_pre_hrv,Yoga,Pre-Meditation
1648.25,60.4839,Y3_pre_hrv,Yoga,Pre-Meditation
1649.148,66.8151,Y3_pre_hrv,Yoga,Pre-Meditation
1649.977,72.4638,Y3_pre_hrv,Yoga,Pre-Meditation
1650.836,69.8487,Y3_pre_hrv,Yoga,Pre-Meditation
1651.703,69.2042,Y3_pre_hrv,Yoga,Pre-Meditation
1652.555,70.4225,Y3_pre_hrv,Yoga,Pre-Meditation
1653.375,73.1707,Y3_pre_hrv,Yoga,Pre-Meditation
1654.141,78.329,Y3_pre_hrv,Yoga,Pre-Meditation
1654.922,76.8246,Y3_pre_hrv,Yoga,Pre-Meditation
1655.703,76.8246,Y3_pre_hrv,Yoga,Pre-Meditation
1656.461,79.1557,Y3_pre_hrv,Yoga,Pre-Meditation
1657.211,80.0,Y3_pre_hrv,Yoga,Pre-Meditation
1657.961,80.0,Y3_pre_hrv,Yoga,Pre-Meditation
1658.711,80.0,Y3_pre_hrv,Yoga,Pre-Meditation
1659.445,81.7439,Y3_pre_hrv,Yoga,Pre-Meditation
1660.164,83.4492,Y3_pre_hrv,Yoga,Pre-Meditation
1660.859,86.3309,Y3_pre_hrv,Yoga,Pre-Meditation
1661.547,87.2093,Y3_pre_hrv,Yoga,Pre-Meditation
1662.281,81.7439,Y3_pre_hrv,Yoga,Pre-Meditation
1663.031,80.0,Y3_pre_hrv,Yoga,Pre-Meditation
1663.938,66.2252,Y3_pre_hrv,Yoga,Pre-Meditation
1664.898,62.435,Y3_pre_hrv,Yoga,Pre-Meditation
1665.891,60.4839,Y3_pre_hrv,Yoga,Pre-Meditation
1666.773,67.9502,Y3_pre_hrv,Yoga,Pre-Meditation
1667.711,63.9659,Y3_pre_hrv,Yoga,Pre-Meditation
1668.68,61.9195,Y3_pre_hrv,Yoga,Pre-Meditation
1669.578,66.8151,Y3_pre_hrv,Yoga,Pre-Meditation
1670.461,67.9502,Y3_pre_hrv,Yoga,Pre-Meditation
1671.375,65.6455,Y3_pre_hrv,Yoga,Pre-Meditation
1672.289,65.6455,Y3_pre_hrv,Yoga,Pre-Meditation
1673.18,67.3401,Y3_pre_hrv,Yoga,Pre-Meditation
1674.078,66.8151,Y3_pre_hrv,Yoga,Pre-Meditation
1675.016,63.9659,Y3_pre_hrv,Yoga,Pre-Meditation
1675.969,62.9591,Y3_pre_hrv,Yoga,Pre-Meditation
1676.906,63.9659,Y3_pre_hrv,Yoga,Pre-Meditation
1677.922,59.0551,Y3_pre_hrv,Yoga,Pre-Meditation
1678.945,58.651,Y3_pre_hrv,Yoga,Pre-Meditation
1679.922,61.4125,Y3_pre_hrv,Yoga,Pre-Meditation
1680.914,60.4839,Y3_pre_hrv,Yoga,Pre-Meditation
1681.891,61.4125,Y3_pre_hrv,Yoga,Pre-Meditation
1682.812,65.0759,Y3_pre_hrv,Yoga,Pre-Meditation
1683.781,61.9195,Y3_pre_hrv,Yoga,Pre-Meditation
1684.773,60.4839,Y3_pre_hrv,Yoga,Pre-Meditation
1685.68,66.2252,Y3_pre_hrv,Yoga,Pre-Meditation
1686.602,65.0759,Y3_pre_hrv,Yoga,Pre-Meditation
1687.523,65.0759,Y3_pre_hrv,Yoga,Pre-Meditation
1688.398,68.5714,Y3_pre_hrv,Yoga,Pre-Meditation
1689.328,64.5161,Y3_pre_hrv,Yoga,Pre-Meditation
1690.289,62.435,Y3_pre_hrv,Yoga,Pre-Meditation
1691.141,70.4225,Y3_pre_hrv,Yoga,Pre-Meditation
1692.047,66.2252,Y3_pre_hrv,Yoga,Pre-Meditation
1692.969,65.0759,Y3_pre_hrv,Yoga,Pre-Meditation
1693.828,69.8487,Y3_pre_hrv,Yoga,Pre-Meditation
1694.789,62.435,Y3_pre_hrv,Yoga,Pre-Meditation
1695.727,63.9659,Y3_pre_hrv,Yoga,Pre-Meditation
1696.562,71.7703,Y3_pre_hrv,Yoga,Pre-Meditation
1697.445,67.9502,Y3_pre_hrv,Yoga,Pre-Meditation
1698.312,69.2042,Y3_pre_hrv,Yoga,Pre-Meditation
1699.148,71.7703,Y3_pre_hrv,Yoga,Pre-Meditation
1700.016,69.2042,Y3_pre_hrv,Yoga,Pre-Meditation
1700.906,67.3401,Y3_pre_hrv,Yoga,Pre-Meditation
1701.727,73.1707,Y3_pre_hrv,Yoga,Pre-Meditation
1702.578,70.4225,Y3_pre_hrv,Yoga,Pre-Meditation
1703.453,68.5714,Y3_pre_hrv,Yoga,Pre-Meditation
1704.359,66.2252,Y3_pre_hrv,Yoga,Pre-Meditation
1705.25,67.3401,Y3_pre_hrv,Yoga,Pre-Meditation
1706.203,62.9591,Y3_pre_hrv,Yoga,Pre-Meditation
1707.164,62.435,Y3_pre_hrv,Yoga,Pre-Meditation
1708.023,69.8487,Y3_pre_hrv,Yoga,Pre-Meditation
1708.938,65.6455,Y3_pre_hrv,Yoga,Pre-Meditation
1709.828,67.3401,Y3_pre_hrv,Yoga,Pre-Meditation
1710.641,73.8916,Y3_pre_hrv,Yoga,Pre-Meditation
1711.5,69.8487,Y3_pre_hrv,Yoga,Pre-Meditation
1712.359,69.8487,Y3_pre_hrv,Yoga,Pre-Meditation
1713.188,72.4638,Y3_pre_hrv,Yoga,Pre-Meditation
1714.094,66.2252,Y3_pre_hrv,Yoga,Pre-Meditation
1715.055,62.435,Y3_pre_hrv,Yoga,Pre-Meditation
1715.93,68.5714,Y3_pre_hrv,Yoga,Pre-Meditation
1716.836,66.2252,Y3_pre_hrv,Yoga,Pre-Meditation
1717.773,63.9659,Y3_pre_hrv,Yoga,Pre-Meditation
1718.664,67.3401,Y3_pre_hrv,Yoga,Pre-Meditation
1719.547,67.9502,Y3_pre_hrv,Yoga,Pre-Meditation
1720.453,66.2252,Y3_pre_hrv,Yoga,Pre-Meditation
1721.383,64.5161,Y3_pre_hrv,Yoga,Pre-Meditation
1722.242,69.8487,Y3_pre_hrv,Yoga,Pre-Meditation
1723.133,67.3401,Y3_pre_hrv,Yoga,Pre-Meditation
1724.008,68.5714,Y3_pre_hrv,Yoga,Pre-Meditation
1724.812,74.5342,Y3_pre_hrv,Yoga,Pre-Meditation
1725.578,78.329,Y3_pre_hrv,Yoga,Pre-Meditation
1726.367,76.0456,Y3_pre_hrv,Yoga,Pre-Meditation
1727.211,71.09,Y3_pre_hrv,Yoga,Pre-Meditation
1728.156,63.4921,Y3_pre_hrv,Yoga,Pre-Meditation
1729.117,62.435,Y3_pre_hrv,Yoga,Pre-Meditation
1729.992,68.5714,Y3_pre_hrv,Yoga,Pre-Meditation
1730.898,66.2252,Y3_pre_hrv,Yoga,Pre-Meditation
1731.82,65.0759,Y3_pre_hrv,Yoga,Pre-Meditation
1732.773,62.9591,Y3_pre_hrv,Yoga,Pre-Meditation
1733.641,69.2042,Y3_pre_hrv,Yoga,Pre-Meditation
1734.523,67.9502,Y3_pre_hrv,Yoga,Pre-Meditation
1735.461,63.9659,Y3_pre_hrv,Yoga,Pre-Meditation
1736.398,63.9659,Y3_pre_hrv,Yoga,Pre-Meditation
1737.289,67.3401,Y3_pre_hrv,Yoga,Pre-Meditation
1738.211,65.0759,Y3_pre_hrv,Yoga,Pre-Meditation
1739.148,63.9659,Y3_pre_hrv,Yoga,Pre-Meditation
1740.016,69.2042,Y3_pre_hrv,Yoga,Pre-Meditation
1740.953,63.9659,Y3_pre_hrv,Yoga,Pre-Meditation
1741.961,59.5238,Y3_pre_hrv,Yoga,Pre-Meditation
1742.867,66.2252,Y3_pre_hrv,Yoga,Pre-Meditation
1743.828,62.435,Y3_pre_hrv,Yoga,Pre-Meditation
1744.781,62.9591,Y3_pre_hrv,Yoga,Pre-Meditation
1745.664,67.9502,Y3_pre_hrv,Yoga,Pre-Meditation
1746.602,63.9659,Y3_pre_hrv,Yoga,Pre-Meditation
1747.539,63.9659,Y3_pre_hrv,Yoga,Pre-Meditation
1748.414,68.5714,Y3_pre_hrv,Yoga,Pre-Meditation
1749.305,67.3401,Y3_pre_hrv,Yoga,Pre-Meditation
1750.141,71.7703,Y3_pre_hrv,Yoga,Pre-Meditation
1750.93,76.0456,Y3_pre_hrv,Yoga,Pre-Meditation
1751.773,71.09,Y3_pre_hrv,Yoga,Pre-Meditation
1752.562,76.0456,Y3_pre_hrv,Yoga,Pre-Meditation
1753.359,75.2823,Y3_pre_hrv,Yoga,Pre-Meditation
1754.148,76.0456,Y3_pre_hrv,Yoga,Pre-Meditation
1754.977,72.4638,Y3_pre_hrv,Yoga,Pre-Meditation
1755.82,71.09,Y3_pre_hrv,Yoga,Pre-Meditation
1756.633,73.8916,Y3_pre_hrv,Yoga,Pre-Meditation
1757.469,71.7703,Y3_pre_hrv,Yoga,Pre-Meditation
1758.289,73.1707,Y3_pre_hrv,Yoga,Pre-Meditation
1759.141,70.4225,Y3_pre_hrv,Yoga,Pre-Meditation
1759.977,71.7703,Y3_pre_hrv,Yoga,Pre-Meditation
1760.875,66.8151,Y3_pre_hrv,Yoga,Pre-Meditation
1761.82,63.4921,Y3_pre_hrv,Yoga,Pre-Meditation
1762.711,67.3401,Y3_pre_hrv,Yoga,Pre-Meditation
1763.609,66.8151,Y3_pre_hrv,Yoga,Pre-Meditation
1764.547,63.9659,Y3_pre_hrv,Yoga,Pre-Meditation
1765.484,63.9659,Y3_pre_hrv,Yoga,Pre-Meditation
1766.383,66.8151,Y3_pre_hrv,Yoga,Pre-Meditation
1767.336,62.9591,Y3_pre_hrv,Yoga,Pre-Meditation
1768.32,60.9756,Y3_pre_hrv,Yoga,Pre-Meditation
1769.242,65.0759,Y3_pre_hrv,Yoga,Pre-Meditation
1770.211,61.9195,Y3_pre_hrv,Yoga,Pre-Meditation
1771.227,59.0551,Y3_pre_hrv,Yoga,Pre-Meditation
1772.188,62.435,Y3_pre_hrv,Yoga,Pre-Meditation
1773.156,61.9195,Y3_pre_hrv,Yoga,Pre-Meditation
1774.148,60.4839,Y3_pre_hrv,Yoga,Pre-Meditation
1775.039,67.3401,Y3_pre_hrv,Yoga,Pre-Meditation
1775.93,67.3401,Y3_pre_hrv,Yoga,Pre-Meditation
1776.836,66.2252,Y3_pre_hrv,Yoga,Pre-Meditation
1777.734,66.8151,Y3_pre_hrv,Yoga,Pre-Meditation
1778.633,66.8151,Y3_pre_hrv,Yoga,Pre-Meditation
1779.555,65.0759,Y3_pre_hrv,Yoga,Pre-Meditation
1780.539,60.9756,Y3_pre_hrv,Yoga,Pre-Meditation
1781.445,66.2252,Y3_pre_hrv,Yoga,Pre-Meditation
1782.367,65.0759,Y3_pre_hrv,Yoga,Pre-Meditation
1783.312,63.4921,Y3_pre_hrv,Yoga,Pre-Meditation
1784.234,65.0759,Y3_pre_hrv,Yoga,Pre-Meditation
1785.094,69.8487,Y3_pre_hrv,Yoga,Pre-Meditation
1785.992,66.8151,Y3_pre_hrv,Yoga,Pre-Meditation
1786.93,63.9659,Y3_pre_hrv,Yoga,Pre-Meditation
1787.805,68.5714,Y3_pre_hrv,Yoga,Pre-Meditation
1788.711,66.2252,Y3_pre_hrv,Yoga,Pre-Meditation
1789.656,63.4921,Y3_pre_hrv,Yoga,Pre-Meditation
1790.594,63.9659,Y3_pre_hrv,Yoga,Pre-Meditation
1791.547,62.9591,Y3_pre_hrv,Yoga,Pre-Meditation
1792.539,60.4839,Y3_pre_hrv,Yoga,Pre-Meditation
1793.484,63.4921,Y3_pre_hrv,Yoga,Pre-Meditation
1794.406,65.0759,Y3_pre_hrv,Yoga,Pre-Meditation
1795.359,62.9591,Y3_pre_hrv,Yoga,Pre-Meditation
1796.352,60.4839,Y3_pre_hrv,Yoga,Pre-Meditation
1797.273,65.0759,Y3_pre_hrv,Yoga,Pre-Meditation
1798.172,66.8151,Y3_pre_hrv,Yoga,Pre-Meditation
1799.109,63.9659,Y3_pre_hrv,Yoga,Pre-Meditation
1800.039,64.5161,Y3_pre_hrv,Yoga,Pre-Meditation
1800.938,66.8151,Y3_pre_hrv,Yoga,Pre-Meditation
1801.875,63.9659,Y3_pre_hrv,Yoga,Pre-Meditation
1802.891,59.0551,Y3_pre_hrv,Yoga,Pre-Meditation
1803.844,62.9591,Y3_pre_hrv,Yoga,Pre-Meditation
1804.859,59.0551,Y3_pre_hrv,Yoga,Pre-Meditation
1805.852,60.4839,Y3_pre_hrv,Yoga,Pre-Meditation
1806.773,65.0759,Y3_pre_hrv,Yoga,Pre-Meditation
1807.711,63.9659,Y3_pre_hrv,Yoga,Pre-Meditation
1808.656,63.4921,Y3_pre_hrv,Yoga,Pre-Meditation
1809.617,62.435,Y3_pre_hrv,Yoga,Pre-Meditation
1810.523,66.2252,Y3_pre_hrv,Yoga,Pre-Meditation
1811.438,65.6455,Y3_pre_hrv,Yoga,Pre-Meditation
1812.367,64.5161,Y3_pre_hrv,Yoga,Pre-Meditation
1813.258,67.3401,Y3_pre_hrv,Yoga,Pre-Meditation
1814.203,63.4921,Y3_pre_hrv,Yoga,Pre-Meditation
1815.18,61.4125,Y3_pre_hrv,Yoga,Pre-Meditation
1816.078,66.8151,Y3_pre_hrv,Yoga,Pre-Meditation
1817.0,65.0759,Y3_pre_hrv,Yoga,Pre-Meditation
1817.922,65.0759,Y3_pre_hrv,Yoga,Pre-Meditation
1818.844,65.0759,Y3_pre_hrv,Yoga,Pre-Meditation
1819.742,66.8151,Y3_pre_hrv,Yoga,Pre-Meditation
1820.664,65.0759,Y3_pre_hrv,Yoga,Pre-Meditation
1821.555,67.3401,Y3_pre_hrv,Yoga,Pre-Meditation
1822.438,67.9502,Y3_pre_hrv,Yoga,Pre-Meditation
1823.344,66.2252,Y3_pre_hrv,Yoga,Pre-Meditation
1824.289,63.4921,Y3_pre_hrv,Yoga,Pre-Meditation
1825.172,67.9502,Y3_pre_hrv,Yoga,Pre-Meditation
1826.117,63.4921,Y3_pre_hrv,Yoga,Pre-Meditation
1827.023,66.2252,Y3_pre_hrv,Yoga,Pre-Meditation
1827.852,72.4638,Y3_pre_hrv,Yoga,Pre-Meditation
1828.688,71.7703,Y3_pre_hrv,Yoga,Pre-Meditation
1829.484,75.2823,Y3_pre_hrv,Yoga,Pre-Meditation
1830.258,77.6197,Y3_pre_hrv,Yoga,Pre-Meditation
1831.016,79.1557,Y3_pre_hrv,Yoga,Pre-Meditation
1831.875,69.8487,Y3_pre_hrv,Yoga,Pre-Meditation
1832.703,72.4638,Y3_pre_hrv,Yoga,Pre-Meditation
1833.523,73.1707,Y3_pre_hrv,Yoga,Pre-Meditation
1834.344,73.1707,Y3_pre_hrv,Yoga,Pre-Meditation
1835.117,77.6197,Y3_pre_hrv,Yoga,Pre-Meditation
1835.859,80.8625,Y3_pre_hrv,Yoga,Pre-Meditation
1836.602,80.8625,Y3_pre_hrv,Yoga,Pre-Meditation
1837.336,81.7439,Y3_pre_hrv,Yoga,Pre-Meditation
1838.062,82.5309,Y3_pre_hrv,Yoga,Pre-Meditation
1838.758,86.3309,Y3_pre_hrv,Yoga,Pre-Meditation
1839.484,82.5309,Y3_pre_hrv,Yoga,Pre-Meditation
1840.211,82.5309,Y3_pre_hrv,Yoga,Pre-Meditation
1840.992,76.8246,Y3_pre_hrv,Yoga,Pre-Meditation
1841.82,72.4638,Y3_pre_hrv,Yoga,Pre-Meditation
1842.68,69.8487,Y3_pre_hrv,Yoga,Pre-Meditation
1843.57,67.3401,Y3_pre_hrv,Yoga,Pre-Meditation
1844.508,63.9659,Y3_pre_hrv,Yoga,Pre-Meditation
1845.391,67.9502,Y3_pre_hrv,Yoga,Pre-Meditation
1846.312,65.0759,Y3_pre_hrv,Yoga,Pre-Meditation
1847.234,65.0759,Y3_pre_hrv,Yoga,Pre-Meditation
1848.102,69.2042,Y3_pre_hrv,Yoga,Pre-Meditation
1848.984,67.9502,Y3_pre_hrv,Yoga,Pre-Meditation
1849.875,67.3401,Y3_pre_hrv,Yoga,Pre-Meditation
1850.727,70.4225,Y3_pre_hrv,Yoga,Pre-Meditation
1851.586,69.8487,Y3_pre_hrv,Yoga,Pre-Meditation
1852.43,71.09,Y3_pre_hrv,Yoga,Pre-Meditation
1853.297,69.2042,Y3_pre_hrv,Yoga,Pre-Meditation
1854.125,72.4638,Y3_pre_hrv,Yoga,Pre-Meditation
1855.0,68.5714,Y3_pre_hrv,Yoga,Pre-Meditation
1855.891,67.3401,Y3_pre_hrv,Yoga,Pre-Meditation
1856.75,69.8487,Y3_pre_hrv,Yoga,Pre-Meditation
1857.625,68.5714,Y3_pre_hrv,Yoga,Pre-Meditation
1858.492,69.2042,Y3_pre_hrv,Yoga,Pre-Meditation
1859.383,67.3401,Y3_pre_hrv,Yoga,Pre-Meditation
1860.25,69.2042,Y3_pre_hrv,Yoga,Pre-Meditation
1861.148,66.8151,Y3_pre_hrv,Yoga,Pre-Meditation
1862.148,60.0,Y3_pre_hrv,Yoga,Pre-Meditation
1863.086,63.9659,Y3_pre_hrv,Yoga,Pre-Meditation
1864.031,63.4921,Y3_pre_hrv,Yoga,Pre-Meditation
1864.984,62.9591,Y3_pre_hrv,Yoga,Pre-Meditation
1865.852,69.2042,Y3_pre_hrv,Yoga,Pre-Meditation
1866.719,69.2042,Y3_pre_hrv,Yoga,Pre-Meditation
1867.594,68.5714,Y3_pre_hrv,Yoga,Pre-Meditation
1868.461,69.2042,Y3_pre_hrv,Yoga,Pre-Meditation
1869.375,65.6455,Y3_pre_hrv,Yoga,Pre-Meditation
1870.32,63.4921,Y3_pre_hrv,Yoga,Pre-Meditation
1871.211,67.3401,Y3_pre_hrv,Yoga,Pre-Meditation
1872.086,68.5714,Y3_pre_hrv,Yoga,Pre-Meditation
1872.992,66.2252,Y3_pre_hrv,Yoga,Pre-Meditation
1873.938,63.4921,Y3_pre_hrv,Yoga,Pre-Meditation
1874.828,67.3401,Y3_pre_hrv,Yoga,Pre-Meditation
1875.734,66.2252,Y3_pre_hrv,Yoga,Pre-Meditation
1876.664,64.5161,Y3_pre_hrv,Yoga,Pre-Meditation
1877.547,67.9502,Y3_pre_hrv,Yoga,Pre-Meditation
1878.461,65.6455,Y3_pre_hrv,Yoga,Pre-Meditation
1879.398,63.9659,Y3_pre_hrv,Yoga,Pre-Meditation
1880.25,70.4225,Y3_pre_hrv,Yoga,Pre-Meditation
1881.109,69.8487,Y3_pre_hrv,Yoga,Pre-Meditation
1882.0,67.3401,Y3_pre_hrv,Yoga,Pre-Meditation
1882.914,65.6455,Y3_pre_hrv,Yoga,Pre-Meditation
1883.766,70.4225,Y3_pre_hrv,Yoga,Pre-Meditation
1884.68,65.6455,Y3_pre_hrv,Yoga,Pre-Meditation
1885.625,63.4921,Y3_pre_hrv,Yoga,Pre-Meditation
1886.539,65.6455,Y3_pre_hrv,Yoga,Pre-Meditation
1887.453,65.6455,Y3_pre_hrv,Yoga,Pre-Meditation
1888.43,61.4125,Y3_pre_hrv,Yoga,Pre-Meditation
1889.32,67.3401,Y3_pre_hrv,Yoga,Pre-Meditation
1890.195,68.5714,Y3_pre_hrv,Yoga,Pre-Meditation
1891.07,68.5714,Y3_pre_hrv,Yoga,Pre-Meditation
1891.891,73.1707,Y3_pre_hrv,Yoga,Pre-Meditation
1892.719,72.4638,Y3_pre_hrv,Yoga,Pre-Meditation
1893.57,70.4225,Y3_pre_hrv,Yoga,Pre-Meditation
1894.391,73.1707,Y3_pre_hrv,Yoga,Pre-Meditation
1895.18,76.0456,Y3_pre_hrv,Yoga,Pre-Meditation
1896.016,71.7703,Y3_pre_hrv,Yoga,Pre-Meditation
1896.82,74.5342,Y3_pre_hrv,Yoga,Pre-Meditation
1897.672,70.4225,Y3_pre_hrv,Yoga,Pre-Meditation
1898.508,71.7703,Y3_pre_hrv,Yoga,Pre-Meditation
1899.32,73.8916,Y3_pre_hrv,Yoga,Pre-Meditation
1900.141,73.1707,Y3_pre_hrv,Yoga,Pre-Meditation
1901.0,69.8487,Y3_pre_hrv,Yoga,Pre-Meditation
1901.898,66.8151,Y3_pre_hrv,Yoga,Pre-Meditation
1902.812,65.6455,Y3_pre_hrv,Yoga,Pre-Meditation
1903.672,69.8487,Y3_pre_hrv,Yoga,Pre-Meditation
1904.547,68.5714,Y3_pre_hrv,Yoga,Pre-Meditation
1905.445,66.8151,Y3_pre_hrv,Yoga,Pre-Meditation
1906.352,66.2252,Y3_pre_hrv,Yoga,Pre-Meditation
1907.203,70.4225,Y3_pre_hrv,Yoga,Pre-Meditation
1908.008,74.5342,Y3_pre_hrv,Yoga,Pre-Meditation
1908.836,72.4638,Y3_pre_hrv,Yoga,Pre-Meditation
1909.719,67.9502,Y3_pre_hrv,Yoga,Pre-Meditation
1910.586,69.2042,Y3_pre_hrv,Yoga,Pre-Meditation
1911.469,67.9502,Y3_pre_hrv,Yoga,Pre-Meditation
1912.414,63.4921,Y3_pre_hrv,Yoga,Pre-Meditation
1913.398,60.9756,Y3_pre_hrv,Yoga,Pre-Meditation
1914.328,64.5161,Y3_pre_hrv,Yoga,Pre-Meditation
1915.25,65.0759,Y3_pre_hrv,Yoga,Pre-Meditation
1916.188,63.9659,Y3_pre_hrv,Yoga,Pre-Meditation
1917.094,66.2252,Y3_pre_hrv,Yoga,Pre-Meditation
1917.969,68.5714,Y3_pre_hrv,Yoga,Pre-Meditation
1918.875,66.2252,Y3_pre_hrv,Yoga,Pre-Meditation
1919.859,60.9756,Y3_pre_hrv,Yoga,Pre-Meditation
1920.859,60.0,Y3_pre_hrv,Yoga,Pre-Meditation
1921.766,66.2252,Y3_pre_hrv,Yoga,Pre-Meditation
1922.688,65.0759,Y3_pre_hrv,Yoga,Pre-Meditation
1923.641,62.9591,Y3_pre_hrv,Yoga,Pre-Meditation
1924.586,63.4921,Y3_pre_hrv,Yoga,Pre-Meditation
1925.445,69.8487,Y3_pre_hrv,Yoga,Pre-Meditation
1926.352,66.2252,Y3_pre_hrv,Yoga,Pre-Meditation
1927.258,66.2252,Y3_pre_hrv,Yoga,Pre-Meditation
1928.18,65.0759,Y3_pre_hrv,Yoga,Pre-Meditation
1929.07,67.3401,Y3_pre_hrv,Yoga,Pre-Meditation
1930.023,62.9591,Y3_pre_hrv,Yoga,Pre-Meditation
1931.0,61.4125,Y3_pre_hrv,Yoga,Pre-Meditation
1931.906,66.2252,Y3_pre_hrv,Yoga,Pre-Meditation
1932.859,62.9591,Y3_pre_hrv,Yoga,Pre-Meditation
1933.836,61.4125,Y3_pre_hrv,Yoga,Pre-Meditation
1934.742,66.2252,Y3_pre_hrv,Yoga,Pre-Meditation
1935.672,64.5161,Y3_pre_hrv,Yoga,Pre-Meditation
1936.609,63.9659,Y3_pre_hrv,Yoga,Pre-Meditation
1937.461,70.4225,Y3_pre_hrv,Yoga,Pre-Meditation
1938.32,69.8487,Y3_pre_hrv,Yoga,Pre-Meditation
1939.188,69.2042,Y3_pre_hrv,Yoga,Pre-Meditation
1940.016,72.4638,Y3_pre_hrv,Yoga,Pre-Meditation
1940.82,74.5342,Y3_pre_hrv,Yoga,Pre-Meditation
1941.633,73.8916,Y3_pre_hrv,Yoga,Pre-Meditation
1942.461,72.4638,Y3_pre_hrv,Yoga,Pre-Meditation
1943.258,75.2823,Y3_pre_hrv,Yoga,Pre-Meditation
1944.031,77.6197,Y3_pre_hrv,Yoga,Pre-Meditation
1944.805,77.6197,Y3_pre_hrv,Yoga,Pre-Meditation
1945.602,75.2823,Y3_pre_hrv,Yoga,Pre-Meditation
1946.398,75.2823,Y3_pre_hrv,Yoga,Pre-Meditation
1947.164,78.329,Y3_pre_hrv,Yoga,Pre-Meditation
1947.961,75.2823,Y3_pre_hrv,Yoga,Pre-Meditation
1948.75,76.0456,Y3_pre_hrv,Yoga,Pre-Meditation
1949.523,77.6197,Y3_pre_hrv,Yoga,Pre-Meditation
1950.32,75.2823,Y3_pre_hrv,Yoga,Pre-Meditation
1951.164,71.09,Y3_pre_hrv,Yoga,Pre-Meditation
1952.047,67.9502,Y3_pre_hrv,Yoga,Pre-Meditation
1952.914,69.2042,Y3_pre_hrv,Yoga,Pre-Meditation
1953.867,62.9591,Y3_pre_hrv,Yoga,Pre-Meditation
1954.859,60.4839,Y3_pre_hrv,Yoga,Pre-Meditation
1955.766,66.2252,Y3_pre_hrv,Yoga,Pre-Meditation
1956.68,65.6455,Y3_pre_hrv,Yoga,Pre-Meditation
1957.57,67.3401,Y3_pre_hrv,Yoga,Pre-Meditation
1958.445,68.5714,Y3_pre_hrv,Yoga,Pre-Meditation
1959.297,70.4225,Y3_pre_hrv,Yoga,Pre-Meditation
1960.211,65.6455,Y3_pre_hrv,Yoga,Pre-Meditation
1961.203,60.4839,Y3_pre_hrv,Yoga,Pre-Meditation
1962.133,64.5161,Y3_pre_hrv,Yoga,Pre-Meditation
2184.227,94.7867,Y3_med_hrv,Yoga,Meditation
2184.891,90.3614,Y3_med_hrv,Yoga,Meditation
2185.586,86.3309,Y3_med_hrv,Yoga,Meditation
2186.359,77.6197,Y3_med_hrv,Yoga,Meditation
2187.289,64.5161,Y3_med_hrv,Yoga,Meditation
2188.148,69.8487,Y3_med_hrv,Yoga,Meditation
2189.039,67.3401,Y3_med_hrv,Yoga,Meditation
2189.898,69.8487,Y3_med_hrv,Yoga,Meditation
2190.695,75.2823,Y3_med_hrv,Yoga,Meditation
2191.453,79.1557,Y3_med_hrv,Yoga,Meditation
2192.156,85.3485,Y3_med_hrv,Yoga,Meditation
2192.836,88.2353,Y3_med_hrv,Yoga,Meditation
2193.5,90.3614,Y3_med_hrv,Yoga,Meditation
2194.141,93.6037,Y3_med_hrv,Yoga,Meditation
2194.773,94.7867,Y3_med_hrv,Yoga,Meditation
2195.438,90.3614,Y3_med_hrv,Yoga,Meditation
2196.148,84.3882,Y3_med_hrv,Yoga,Meditation
2196.859,84.3882,Y3_med_hrv,Yoga,Meditation
2197.555,86.3309,Y3_med_hrv,Yoga,Meditation
2198.234,88.2353,Y3_med_hrv,Yoga,Meditation
2198.906,89.2857,Y3_med_hrv,Yoga,Meditation
2199.578,89.2857,Y3_med_hrv,Yoga,Meditation
2200.227,92.5926,Y3_med_hrv,Yoga,Meditation
2200.875,92.5926,Y3_med_hrv,Yoga,Meditation
2201.5,96.0,Y3_med_hrv,Yoga,Meditation
2202.094,101.01,Y3_med_hrv,Yoga,Meditation
2202.711,97.2447,Y3_med_hrv,Yoga,Meditation
2203.344,94.7867,Y3_med_hrv,Yoga,Meditation
2204.117,77.6197,Y3_med_hrv,Yoga,Meditation
2204.914,75.2823,Y3_med_hrv,Yoga,Meditation
2205.711,75.2823,Y3_med_hrv,Yoga,Meditation
2206.492,76.8246,Y3_med_hrv,Yoga,Meditation
2207.25,79.1557,Y3_med_hrv,Yoga,Meditation
2207.977,82.5309,Y3_med_hrv,Yoga,Meditation
2208.672,86.3309,Y3_med_hrv,Yoga,Meditation
2209.336,90.3614,Y3_med_hrv,Yoga,Meditation
2209.977,93.6037,Y3_med_hrv,Yoga,Meditation
2210.609,94.7867,Y3_med_hrv,Yoga,Meditation
2211.234,96.0,Y3_med_hrv,Yoga,Meditation
2211.875,93.6037,Y3_med_hrv,Yoga,Meditation
2212.531,91.4634,Y3_med_hrv,Yoga,Meditation
2213.25,83.4492,Y3_med_hrv,Yoga,Meditation
2214.07,73.1707,Y3_med_hrv,Yoga,Meditation
2214.938,69.2042,Y3_med_hrv,Yoga,Meditation
2215.812,68.5714,Y3_med_hrv,Yoga,Meditation
2216.672,69.8487,Y3_med_hrv,Yoga,Meditation
2217.484,73.8916,Y3_med_hrv,Yoga,Meditation
2218.242,79.1557,Y3_med_hrv,Yoga,Meditation
2218.953,84.3882,Y3_med_hrv,Yoga,Meditation
2219.609,91.4634,Y3_med_hrv,Yoga,Meditation
2220.25,93.6037,Y3_med_hrv,Yoga,Meditation
2220.875,96.0,Y3_med_hrv,Yoga,Meditation
2221.492,97.2447,Y3_med_hrv,Yoga,Meditation
2222.125,94.7867,Y3_med_hrv,Yoga,Meditation
2222.805,88.2353,Y3_med_hrv,Yoga,Meditation
2223.539,81.7439,Y3_med_hrv,Yoga,Meditation
2224.375,71.7703,Y3_med_hrv,Yoga,Meditation
2225.297,65.0759,Y3_med_hrv,Yoga,Meditation
2226.188,67.3401,Y3_med_hrv,Yoga,Meditation
2227.078,67.3401,Y3_med_hrv,Yoga,Meditation
2227.914,71.7703,Y3_med_hrv,Yoga,Meditation
2228.672,79.1557,Y3_med_hrv,Yoga,Meditation
2229.383,84.3882,Y3_med_hrv,Yoga,Meditation
2230.047,90.3614,Y3_med_hrv,Yoga,Meditation
2230.688,93.6037,Y3_med_hrv,Yoga,Meditation
2231.312,96.0,Y3_med_hrv,Yoga,Meditation
2231.93,97.2447,Y3_med_hrv,Yoga,Meditation
2232.57,93.6037,Y3_med_hrv,Yoga,Meditation
2233.305,81.7439,Y3_med_hrv,Yoga,Meditation
2234.102,75.2823,Y3_med_hrv,Yoga,Meditation
2234.891,76.0456,Y3_med_hrv,Yoga,Meditation
2235.688,75.2823,Y3_med_hrv,Yoga,Meditation
2236.43,80.8625,Y3_med_hrv,Yoga,Meditation
2237.164,81.7439,Y3_med_hrv,Yoga,Meditation
2237.867,85.3485,Y3_med_hrv,Yoga,Meditation
2238.539,89.2857,Y3_med_hrv,Yoga,Meditation
2239.195,91.4634,Y3_med_hrv,Yoga,Meditation
2239.844,92.5926,Y3_med_hrv,Yoga,Meditation
2240.508,90.3614,Y3_med_hrv,Yoga,Meditation
2241.266,79.1557,Y3_med_hrv,Yoga,Meditation
2242.031,78.329,Y3_med_hrv,Yoga,Meditation
2242.836,74.5342,Y3_med_hrv,Yoga,Meditation
2243.625,76.0456,Y3_med_hrv,Yoga,Meditation
2244.422,75.2823,Y3_med_hrv,Yoga,Meditation
2245.156,81.7439,Y3_med_hrv,Yoga,Meditation
2245.867,84.3882,Y3_med_hrv,Yoga,Meditation
2246.555,87.2093,Y3_med_hrv,Yoga,Meditation
2247.211,91.4634,Y3_med_hrv,Yoga,Meditation
2247.844,94.7867,Y3_med_hrv,Yoga,Meditation
2248.477,94.7867,Y3_med_hrv,Yoga,Meditation
2249.094,97.2447,Y3_med_hrv,Yoga,Meditation
2249.789,86.3309,Y3_med_hrv,Yoga,Meditation
2250.664,68.5714,Y3_med_hrv,Yoga,Meditation
2251.461,75.2823,Y3_med_hrv,Yoga,Meditation
2252.266,74.5342,Y3_med_hrv,Yoga,Meditation
2253.07,74.5342,Y3_med_hrv,Yoga,Meditation
2253.812,80.8625,Y3_med_hrv,Yoga,Meditation
2254.523,84.3882,Y3_med_hrv,Yoga,Meditation
2255.211,87.2093,Y3_med_hrv,Yoga,Meditation
2255.883,89.2857,Y3_med_hrv,Yoga,Meditation
2256.531,92.5926,Y3_med_hrv,Yoga,Meditation
2257.18,92.5926,Y3_med_hrv,Yoga,Meditation
2257.859,88.2353,Y3_med_hrv,Yoga,Meditation
2258.57,84.3882,Y3_med_hrv,Yoga,Meditation
2259.289,83.4492,Y3_med_hrv,Yoga,Meditation
2260.133,71.09,Y3_med_hrv,Yoga,Meditation
2260.898,78.329,Y3_med_hrv,Yoga,Meditation
2261.641,80.8625,Y3_med_hrv,Yoga,Meditation
2262.359,83.4492,Y3_med_hrv,Yoga,Meditation
2263.102,80.8625,Y3_med_hrv,Yoga,Meditation
2263.82,83.4492,Y3_med_hrv,Yoga,Meditation
2264.5,88.2353,Y3_med_hrv,Yoga,Meditation
2265.156,91.4634,Y3_med_hrv,Yoga,Meditation
2265.789,94.7867,Y3_med_hrv,Yoga,Meditation
2266.406,97.2447,Y3_med_hrv,Yoga,Meditation
2267.016,98.5222,Y3_med_hrv,Yoga,Meditation
2267.641,96.0,Y3_med_hrv,Yoga,Meditation
2268.273,94.7867,Y3_med_hrv,Yoga,Meditation
2268.961,87.2093,Y3_med_hrv,Yoga,Meditation
2269.742,76.8246,Y3_med_hrv,Yoga,Meditation
2270.641,66.8151,Y3_med_hrv,Yoga,Meditation
2271.484,71.09,Y3_med_hrv,Yoga,Meditation
2272.352,69.2042,Y3_med_hrv,Yoga,Meditation
2273.18,72.4638,Y3_med_hrv,Yoga,Meditation
2273.93,80.0,Y3_med_hrv,Yoga,Meditation
2274.617,87.2093,Y3_med_hrv,Yoga,Meditation
2275.273,91.4634,Y3_med_hrv,Yoga,Meditation
2275.891,97.2447,Y3_med_hrv,Yoga,Meditation
2276.492,99.6678,Y3_med_hrv,Yoga,Meditation
2277.102,98.5222,Y3_med_hrv,Yoga,Meditation
2277.727,96.0,Y3_med_hrv,Yoga,Meditation
2278.391,90.3614,Y3_med_hrv,Yoga,Meditation
2279.109,83.4492,Y3_med_hrv,Yoga,Meditation
2279.938,72.4638,Y3_med_hrv,Yoga,Meditation
2280.797,69.8487,Y3_med_hrv,Yoga,Meditation
2281.656,69.8487,Y3_med_hrv,Yoga,Meditation
2282.586,64.5161,Y3_med_hrv,Yoga,Meditation
2283.477,67.3401,Y3_med_hrv,Yoga,Meditation
2284.344,69.2042,Y3_med_hrv,Yoga,Meditation
2285.133,76.0456,Y3_med_hrv,Yoga,Meditation
2285.875,80.8625,Y3_med_hrv,Yoga,Meditation
2286.57,86.3309,Y3_med_hrv,Yoga,Meditation
2287.242,89.2857,Y3_med_hrv,Yoga,Meditation
2287.898,91.4634,Y3_med_hrv,Yoga,Meditation
2288.531,94.7867,Y3_med_hrv,Yoga,Meditation
2289.156,96.0,Y3_med_hrv,Yoga,Meditation
2289.797,93.6037,Y3_med_hrv,Yoga,Meditation
2290.5,85.3485,Y3_med_hrv,Yoga,Meditation
2291.258,79.1557,Y3_med_hrv,Yoga,Meditation
2292.039,76.8246,Y3_med_hrv,Yoga,Meditation
2292.805,78.329,Y3_med_hrv,Yoga,Meditation
2293.555,80.0,Y3_med_hrv,Yoga,Meditation
2294.281,82.5309,Y3_med_hrv,Yoga,Meditation
2294.984,85.3485,Y3_med_hrv,Yoga,Meditation
2295.648,90.3614,Y3_med_hrv,Yoga,Meditation
2296.289,93.6037,Y3_med_hrv,Yoga,Meditation
2296.914,96.0,Y3_med_hrv,Yoga,Meditation
2297.539,96.0,Y3_med_hrv,Yoga,Meditation
2298.172,94.7867,Y3_med_hrv,Yoga,Meditation
2298.867,86.3309,Y3_med_hrv,Yoga,Meditation
2299.633,78.329,Y3_med_hrv,Yoga,Meditation
2300.539,66.2252,Y3_med_hrv,Yoga,Meditation
2301.469,64.5161,Y3_med_hrv,Yoga,Meditation
2302.383,65.6455,Y3_med_hrv,Yoga,Meditation
2303.258,68.5714,Y3_med_hrv,Yoga,Meditation
2304.055,75.2823,Y3_med_hrv,Yoga,Meditation
2304.805,80.0,Y3_med_hrv,Yoga,Meditation
2305.5,86.3309,Y3_med_hrv,Yoga,Meditation
2306.164,90.3614,Y3_med_hrv,Yoga,Meditation
2306.828,90.3614,Y3_med_hrv,Yoga,Meditation
2307.492,90.3614,Y3_med_hrv,Yoga,Meditation
2308.203,84.3882,Y3_med_hrv,Yoga,Meditation
2309.078,68.5714,Y3_med_hrv,Yoga,Meditation
2310.0,65.0759,Y3_med_hrv,Yoga,Meditation
2310.922,65.0759,Y3_med_hrv,Yoga,Meditation
2311.812,67.3401,Y3_med_hrv,Yoga,Meditation
2312.641,72.4638,Y3_med_hrv,Yoga,Meditation
2313.414,77.6197,Y3_med_hrv,Yoga,Meditation
2314.148,81.7439,Y3_med_hrv,Yoga,Meditation
2314.844,86.3309,Y3_med_hrv,Yoga,Meditation
2315.492,92.5926,Y3_med_hrv,Yoga,Meditation
2316.125,94.7867,Y3_med_hrv,Yoga,Meditation
2316.758,94.7867,Y3_med_hrv,Yoga,Meditation
2317.406,92.5926,Y3_med_hrv,Yoga,Meditation
2318.109,85.3485,Y3_med_hrv,Yoga,Meditation
2318.914,74.5342,Y3_med_hrv,Yoga,Meditation
2319.812,66.8151,Y3_med_hrv,Yoga,Meditation
2320.797,60.9756,Y3_med_hrv,Yoga,Meditation
2321.773,61.4125,Y3_med_hrv,Yoga,Meditation
2322.68,66.2252,Y3_med_hrv,Yoga,Meditation
2323.539,69.8487,Y3_med_hrv,Yoga,Meditation
2324.312,77.6197,Y3_med_hrv,Yoga,Meditation
2325.039,82.5309,Y3_med_hrv,Yoga,Meditation
2325.742,85.3485,Y3_med_hrv,Yoga,Meditation
2326.43,87.2093,Y3_med_hrv,Yoga,Meditation
2327.102,89.2857,Y3_med_hrv,Yoga,Meditation
2327.812,84.3882,Y3_med_hrv,Yoga,Meditation
2328.578,78.329,Y3_med_hrv,Yoga,Meditation
2329.375,75.2823,Y3_med_hrv,Yoga,Meditation
2330.133,79.1557,Y3_med_hrv,Yoga,Meditation
2330.859,82.5309,Y3_med_hrv,Yoga,Meditation
2331.555,86.3309,Y3_med_hrv,Yoga,Meditation
2332.227,89.2857,Y3_med_hrv,Yoga,Meditation
2332.867,93.6037,Y3_med_hrv,Yoga,Meditation
2333.508,93.6037,Y3_med_hrv,Yoga,Meditation
2334.125,97.2447,Y3_med_hrv,Yoga,Meditation
2334.766,93.6037,Y3_med_hrv,Yoga,Meditation
2335.461,86.3309,Y3_med_hrv,Yoga,Meditation
2336.328,69.2042,Y3_med_hrv,Yoga,Meditation
2337.156,72.4638,Y3_med_hrv,Yoga,Meditation
2338.008,70.4225,Y3_med_hrv,Yoga,Meditation
2338.797,76.0456,Y3_med_hrv,Yoga,Meditation
2339.555,79.1557,Y3_med_hrv,Yoga,Meditation
2340.273,83.4492,Y3_med_hrv,Yoga,Meditation
2340.953,88.2353,Y3_med_hrv,Yoga,Meditation
2341.594,93.6037,Y3_med_hrv,Yoga,Meditation
2342.219,96.0,Y3_med_hrv,Yoga,Meditation
2342.852,94.7867,Y3_med_hrv,Yoga,Meditation
2343.5,92.5926,Y3_med_hrv,Yoga,Meditation
2344.25,80.0,Y3_med_hrv,Yoga,Meditation
2345.133,67.9502,Y3_med_hrv,Yoga,Meditation
2346.016,67.9502,Y3_med_hrv,Yoga,Meditation
2346.891,68.5714,Y3_med_hrv,Yoga,Meditation
2347.695,74.5342,Y3_med_hrv,Yoga,Meditation
2348.461,78.329,Y3_med_hrv,Yoga,Meditation
2349.172,84.3882,Y3_med_hrv,Yoga,Meditation
2349.852,88.2353,Y3_med_hrv,Yoga,Meditation
2350.523,89.2857,Y3_med_hrv,Yoga,Meditation
2351.156,94.7867,Y3_med_hrv,Yoga,Meditation
2351.789,94.7867,Y3_med_hrv,Yoga,Meditation
2352.422,94.7867,Y3_med_hrv,Yoga,Meditation
2353.062,93.6037,Y3_med_hrv,Yoga,Meditation
2353.711,92.5926,Y3_med_hrv,Yoga,Meditation
2354.398,87.2093,Y3_med_hrv,Yoga,Meditation
2355.289,67.3401,Y3_med_hrv,Yoga,Meditation
2356.188,66.8151,Y3_med_hrv,Yoga,Meditation
2357.07,67.9502,Y3_med_hrv,Yoga,Meditation
2357.945,68.5714,Y3_med_hrv,Yoga,Meditation
2358.766,73.1707,Y3_med_hrv,Yoga,Meditation
2359.547,76.8246,Y3_med_hrv,Yoga,Meditation
2360.273,82.5309,Y3_med_hrv,Yoga,Meditation
2360.953,88.2353,Y3_med_hrv,Yoga,Meditation
2361.617,90.3614,Y3_med_hrv,Yoga,Meditation
2362.258,93.6037,Y3_med_hrv,Yoga,Meditation
2362.906,92.5926,Y3_med_hrv,Yoga,Meditation
2363.602,86.3309,Y3_med_hrv,Yoga,Meditation
2364.367,78.329,Y3_med_hrv,Yoga,Meditation
2365.352,60.9756,Y3_med_hrv,Yoga,Meditation
2366.273,65.0759,Y3_med_hrv,Yoga,Meditation
2367.219,63.4921,Y3_med_hrv,Yoga,Meditation
2368.109,67.3401,Y3_med_hrv,Yoga,Meditation
2368.922,73.8916,Y3_med_hrv,Yoga,Meditation
2369.688,78.329,Y3_med_hrv,Yoga,Meditation
2370.406,83.4492,Y3_med_hrv,Yoga,Meditation
2371.086,88.2353,Y3_med_hrv,Yoga,Meditation
2371.75,90.3614,Y3_med_hrv,Yoga,Meditation
2372.414,90.3614,Y3_med_hrv,Yoga,Meditation
2373.094,88.2353,Y3_med_hrv,Yoga,Meditation
2373.875,76.8246,Y3_med_hrv,Yoga,Meditation
2374.789,65.6455,Y3_med_hrv,Yoga,Meditation
2375.703,65.6455,Y3_med_hrv,Yoga,Meditation
2376.617,65.6455,Y3_med_hrv,Yoga,Meditation
2377.477,69.8487,Y3_med_hrv,Yoga,Meditation
2378.289,73.8916,Y3_med_hrv,Yoga,Meditation
2379.039,80.0,Y3_med_hrv,Yoga,Meditation
2379.75,84.3882,Y3_med_hrv,Yoga,Meditation
2380.43,88.2353,Y3_med_hrv,Yoga,Meditation
2381.086,91.4634,Y3_med_hrv,Yoga,Meditation
2381.734,92.5926,Y3_med_hrv,Yoga,Meditation
2382.398,90.3614,Y3_med_hrv,Yoga,Meditation
2383.086,87.2093,Y3_med_hrv,Yoga,Meditation
2383.867,76.8246,Y3_med_hrv,Yoga,Meditation
2384.695,72.4638,Y3_med_hrv,Yoga,Meditation
2385.484,76.0456,Y3_med_hrv,Yoga,Meditation
2386.25,78.329,Y3_med_hrv,Yoga,Meditation
2386.961,84.3882,Y3_med_hrv,Yoga,Meditation
2387.648,87.2093,Y3_med_hrv,Yoga,Meditation
2388.32,89.2857,Y3_med_hrv,Yoga,Meditation
2388.969,92.5926,Y3_med_hrv,Yoga,Meditation
2389.609,93.6037,Y3_med_hrv,Yoga,Meditation
2390.266,91.4634,Y3_med_hrv,Yoga,Meditation
2390.992,82.5309,Y3_med_hrv,Yoga,Meditation
2391.844,70.4225,Y3_med_hrv,Yoga,Meditation
2392.68,71.7703,Y3_med_hrv,Yoga,Meditation
2393.531,70.4225,Y3_med_hrv,Yoga,Meditation
2394.344,73.8916,Y3_med_hrv,Yoga,Meditation
2395.109,78.329,Y3_med_hrv,Yoga,Meditation
2395.828,83.4492,Y3_med_hrv,Yoga,Meditation
2396.5,89.2857,Y3_med_hrv,Yoga,Meditation
2397.164,90.3614,Y3_med_hrv,Yoga,Meditation
2397.773,98.5222,Y3_med_hrv,Yoga,Meditation
2398.375,99.6678,Y3_med_hrv,Yoga,Meditation
2398.977,99.6678,Y3_med_hrv,Yoga,Meditation
2399.594,97.2447,Y3_med_hrv,Yoga,Meditation
2400.25,91.4634,Y3_med_hrv,Yoga,Meditation
2400.969,83.4492,Y3_med_hrv,Yoga,Meditation
2401.797,72.4638,Y3_med_hrv,Yoga,Meditation
2402.711,65.6455,Y3_med_hrv,Yoga,Meditation
2403.672,62.435,Y3_med_hrv,Yoga,Meditation
2404.633,62.435,Y3_med_hrv,Yoga,Meditation
2405.562,64.5161,Y3_med_hrv,Yoga,Meditation
2406.469,66.2252,Y3_med_hrv,Yoga,Meditation
2407.289,73.1707,Y3_med_hrv,Yoga,Meditation
2408.031,80.8625,Y3_med_hrv,Yoga,Meditation
2408.75,83.4492,Y3_med_hrv,Yoga,Meditation
2409.406,91.4634,Y3_med_hrv,Yoga,Meditation
2410.07,90.3614,Y3_med_hrv,Yoga,Meditation
2410.742,89.2857,Y3_med_hrv,Yoga,Meditation
2411.5,79.1557,Y3_med_hrv,Yoga,Meditation
2412.414,65.6455,Y3_med_hrv,Yoga,Meditation
2413.289,68.5714,Y3_med_hrv,Yoga,Meditation
2414.156,69.2042,Y3_med_hrv,Yoga,Meditation
2415.008,70.4225,Y3_med_hrv,Yoga,Meditation
2415.805,75.2823,Y3_med_hrv,Yoga,Meditation
2416.539,81.7439,Y3_med_hrv,Yoga,Meditation
2417.242,85.3485,Y3_med_hrv,Yoga,Meditation
2417.914,89.2857,Y3_med_hrv,Yoga,Meditation
2418.594,88.2353,Y3_med_hrv,Yoga,Meditation
2419.273,88.2353,Y3_med_hrv,Yoga,Meditation
2420.008,81.7439,Y3_med_hrv,Yoga,Meditation
2420.844,71.7703,Y3_med_hrv,Yoga,Meditation
2421.773,64.5161,Y3_med_hrv,Yoga,Meditation
2422.664,67.3401,Y3_med_hrv,Yoga,Meditation
2423.508,71.09,Y3_med_hrv,Yoga,Meditation
2424.289,76.8246,Y3_med_hrv,Yoga,Meditation
2425.016,82.5309,Y3_med_hrv,Yoga,Meditation
2425.727,84.3882,Y3_med_hrv,Yoga,Meditation
2426.422,86.3309,Y3_med_hrv,Yoga,Meditation
2427.078,91.4634,Y3_med_hrv,Yoga,Meditation
2427.727,92.5926,Y3_med_hrv,Yoga,Meditation
2428.422,86.3309,Y3_med_hrv,Yoga,Meditation
2429.133,84.3882,Y3_med_hrv,Yoga,Meditation
2429.844,84.3882,Y3_med_hrv,Yoga,Meditation
2430.508,90.3614,Y3_med_hrv,Yoga,Meditation
2431.164,91.4634,Y3_med_hrv,Yoga,Meditation
2431.812,92.5926,Y3_med_hrv,Yoga,Meditation
2432.469,91.4634,Y3_med_hrv,Yoga,Meditation
2433.156,87.2093,Y3_med_hrv,Yoga,Meditation
2433.953,75.2823,Y3_med_hrv,Yoga,Meditation
2434.773,73.1707,Y3_med_hrv,Yoga,Meditation
2435.594,73.1707,Y3_med_hrv,Yoga,Meditation
2436.383,76.0456,Y3_med_hrv,Yoga,Meditation
2437.133,80.0,Y3_med_hrv,Yoga,Meditation
2437.852,83.4492,Y3_med_hrv,Yoga,Meditation
2438.539,87.2093,Y3_med_hrv,Yoga,Meditation
2439.203,90.3614,Y3_med_hrv,Yoga,Meditation
2439.852,92.5926,Y3_med_hrv,Yoga,Meditation
2440.508,91.4634,Y3_med_hrv,Yoga,Meditation
2441.18,89.2857,Y3_med_hrv,Yoga,Meditation
2441.961,76.8246,Y3_med_hrv,Yoga,Meditation
2442.953,60.4839,Y3_med_hrv,Yoga,Meditation
2443.859,66.2252,Y3_med_hrv,Yoga,Meditation
2444.758,66.8151,Y3_med_hrv,Yoga,Meditation
2445.578,73.1707,Y3_med_hrv,Yoga,Meditation
2446.375,75.2823,Y3_med_hrv,Yoga,Meditation
2447.109,81.7439,Y3_med_hrv,Yoga,Meditation
2447.82,84.3882,Y3_med_hrv,Yoga,Meditation
2448.516,86.3309,Y3_med_hrv,Yoga,Meditation
2449.188,89.2857,Y3_med_hrv,Yoga,Meditation
2449.867,88.2353,Y3_med_hrv,Yoga,Meditation
2450.625,79.1557,Y3_med_hrv,Yoga,Meditation
2451.453,72.4638,Y3_med_hrv,Yoga,Meditation
2452.266,73.8916,Y3_med_hrv,Yoga,Meditation
2453.062,75.2823,Y3_med_hrv,Yoga,Meditation
2453.789,82.5309,Y3_med_hrv,Yoga,Meditation
2454.492,85.3485,Y3_med_hrv,Yoga,Meditation
2455.188,86.3309,Y3_med_hrv,Yoga,Meditation
2455.867,88.2353,Y3_med_hrv,Yoga,Meditation
2456.531,90.3614,Y3_med_hrv,Yoga,Meditation
2457.203,89.2857,Y3_med_hrv,Yoga,Meditation
2457.922,83.4492,Y3_med_hrv,Yoga,Meditation
2458.805,67.9502,Y3_med_hrv,Yoga,Meditation
2459.727,65.0759,Y3_med_hrv,Yoga,Meditation
2460.641,65.6455,Y3_med_hrv,Yoga,Meditation
2461.516,68.5714,Y3_med_hrv,Yoga,Meditation
2462.328,73.8916,Y3_med_hrv,Yoga,Meditation
2463.102,77.6197,Y3_med_hrv,Yoga,Meditation
2463.828,82.5309,Y3_med_hrv,Yoga,Meditation
2464.523,86.3309,Y3_med_hrv,Yoga,Meditation
2465.188,90.3614,Y3_med_hrv,Yoga,Meditation
2465.836,92.5926,Y3_med_hrv,Yoga,Meditation
2466.477,93.6037,Y3_med_hrv,Yoga,Meditation
2467.133,91.4634,Y3_med_hrv,Yoga,Meditation
2467.82,87.2093,Y3_med_hrv,Yoga,Meditation
2468.547,82.5309,Y3_med_hrv,Yoga,Meditation
2469.312,78.329,Y3_med_hrv,Yoga,Meditation
2470.039,82.5309,Y3_med_hrv,Yoga,Meditation
2470.727,87.2093,Y3_med_hrv,Yoga,Meditation
2471.414,87.2093,Y3_med_hrv,Yoga,Meditation
2472.094,88.2353,Y3_med_hrv,Yoga,Meditation
2472.812,83.4492,Y3_med_hrv,Yoga,Meditation
2473.508,86.3309,Y3_med_hrv,Yoga,Meditation
2474.211,85.3485,Y3_med_hrv,Yoga,Meditation
2474.898,87.2093,Y3_med_hrv,Yoga,Meditation
2475.594,86.3309,Y3_med_hrv,Yoga,Meditation
2476.289,86.3309,Y3_med_hrv,Yoga,Meditation
2477.023,81.7439,Y3_med_hrv,Yoga,Meditation
2477.766,80.8625,Y3_med_hrv,Yoga,Meditation
2478.477,84.3882,Y3_med_hrv,Yoga,Meditation
2479.234,79.1557,Y3_med_hrv,Yoga,Meditation
2479.992,79.1557,Y3_med_hrv,Yoga,Meditation
2480.758,78.329,Y3_med_hrv,Yoga,Meditation
2481.508,80.0,Y3_med_hrv,Yoga,Meditation
2482.227,83.4492,Y3_med_hrv,Yoga,Meditation
2482.914,87.2093,Y3_med_hrv,Yoga,Meditation
2483.594,88.2353,Y3_med_hrv,Yoga,Meditation
2484.219,96.0,Y3_med_hrv,Yoga,Meditation
2484.859,93.6037,Y3_med_hrv,Yoga,Meditation
2485.453,101.01,Y3_med_hrv,Yoga,Meditation
2486.062,98.5222,Y3_med_hrv,Yoga,Meditation
2486.68,97.2447,Y3_med_hrv,Yoga,Meditation
2487.344,90.3614,Y3_med_hrv,Yoga,Meditation
2488.172,72.4638,Y3_med_hrv,Yoga,Meditation
2489.039,69.2042,Y3_med_hrv,Yoga,Meditation
2489.906,69.2042,Y3_med_hrv,Yoga,Meditation
2490.781,68.5714,Y3_med_hrv,Yoga,Meditation
2491.633,70.4225,Y3_med_hrv,Yoga,Meditation
2492.414,76.8246,Y3_med_hrv,Yoga,Meditation
2493.156,80.8625,Y3_med_hrv,Yoga,Meditation
2493.867,84.3882,Y3_med_hrv,Yoga,Meditation
2494.562,86.3309,Y3_med_hrv,Yoga,Meditation
2495.25,87.2093,Y3_med_hrv,Yoga,Meditation
2495.961,84.3882,Y3_med_hrv,Yoga,Meditation
2496.727,78.329,Y3_med_hrv,Yoga,Meditation
2497.516,76.0456,Y3_med_hrv,Yoga,Meditation
2498.297,76.8246,Y3_med_hrv,Yoga,Meditation
2499.055,79.1557,Y3_med_hrv,Yoga,Meditation
2499.773,83.4492,Y3_med_hrv,Yoga,Meditation
2500.469,86.3309,Y3_med_hrv,Yoga,Meditation
2501.125,91.4634,Y3_med_hrv,Yoga,Meditation
2501.758,94.7867,Y3_med_hrv,Yoga,Meditation
2502.398,93.6037,Y3_med_hrv,Yoga,Meditation
2503.008,98.5222,Y3_med_hrv,Yoga,Meditation
2503.641,94.7867,Y3_med_hrv,Yoga,Meditation
2504.328,87.2093,Y3_med_hrv,Yoga,Meditation
2505.086,79.1557,Y3_med_hrv,Yoga,Meditation
2505.977,67.3401,Y3_med_hrv,Yoga,Meditation
2506.891,65.6455,Y3_med_hrv,Yoga,Meditation
2507.781,67.3401,Y3_med_hrv,Yoga,Meditation
2508.633,70.4225,Y3_med_hrv,Yoga,Meditation
2509.422,76.0456,Y3_med_hrv,Yoga,Meditation
2510.133,84.3882,Y3_med_hrv,Yoga,Meditation
2510.867,81.7439,Y3_med_hrv,Yoga,Meditation
2511.555,87.2093,Y3_med_hrv,Yoga,Meditation
2512.227,89.2857,Y3_med_hrv,Yoga,Meditation
2512.906,88.2353,Y3_med_hrv,Yoga,Meditation
2513.672,78.329,Y3_med_hrv,Yoga,Meditation
2514.469,75.2823,Y3_med_hrv,Yoga,Meditation
2515.25,76.8246,Y3_med_hrv,Yoga,Meditation
2515.992,80.8625,Y3_med_hrv,Yoga,Meditation
2516.703,84.3882,Y3_med_hrv,Yoga,Meditation
2517.367,90.3614,Y3_med_hrv,Yoga,Meditation
2518.023,91.4634,Y3_med_hrv,Yoga,Meditation
2518.664,93.6037,Y3_med_hrv,Yoga,Meditation
2519.312,92.5926,Y3_med_hrv,Yoga,Meditation
2520.078,78.329,Y3_med_hrv,Yoga,Meditation
2520.914,71.7703,Y3_med_hrv,Yoga,Meditation
2521.781,69.2042,Y3_med_hrv,Yoga,Meditation
2522.617,71.7703,Y3_med_hrv,Yoga,Meditation
2523.406,76.0456,Y3_med_hrv,Yoga,Meditation
2524.156,80.0,Y3_med_hrv,Yoga,Meditation
2524.891,81.7439,Y3_med_hrv,Yoga,Meditation
2525.609,83.4492,Y3_med_hrv,Yoga,Meditation
2526.32,84.3882,Y3_med_hrv,Yoga,Meditation
2527.109,76.0456,Y3_med_hrv,Yoga,Meditation
2528.016,66.2252,Y3_med_hrv,Yoga,Meditation
2528.914,66.8151,Y3_med_hrv,Yoga,Meditation
2529.789,68.5714,Y3_med_hrv,Yoga,Meditation
2530.602,73.8916,Y3_med_hrv,Yoga,Meditation
2531.375,77.6197,Y3_med_hrv,Yoga,Meditation
2532.109,81.7439,Y3_med_hrv,Yoga,Meditation
2532.805,86.3309,Y3_med_hrv,Yoga,Meditation
2533.484,88.2353,Y3_med_hrv,Yoga,Meditation
2534.156,89.2857,Y3_med_hrv,Yoga,Meditation
2534.836,88.2353,Y3_med_hrv,Yoga,Meditation
2535.547,84.3882,Y3_med_hrv,Yoga,Meditation
2536.344,75.2823,Y3_med_hrv,Yoga,Meditation
2537.305,62.435,Y3_med_hrv,Yoga,Meditation
2538.25,63.4921,Y3_med_hrv,Yoga,Meditation
2539.188,63.9659,Y3_med_hrv,Yoga,Meditation
2540.078,67.3401,Y3_med_hrv,Yoga,Meditation
2540.898,73.1707,Y3_med_hrv,Yoga,Meditation
2541.68,76.8246,Y3_med_hrv,Yoga,Meditation
2542.383,85.3485,Y3_med_hrv,Yoga,Meditation
2543.086,85.3485,Y3_med_hrv,Yoga,Meditation
2543.758,89.2857,Y3_med_hrv,Yoga,Meditation
2544.414,91.4634,Y3_med_hrv,Yoga,Meditation
2545.094,88.2353,Y3_med_hrv,Yoga,Meditation
2545.828,81.7439,Y3_med_hrv,Yoga,Meditation
2546.656,72.4638,Y3_med_hrv,Yoga,Meditation
2547.531,68.5714,Y3_med_hrv,Yoga,Meditation
2548.375,71.09,Y3_med_hrv,Yoga,Meditation
2549.18,74.5342,Y3_med_hrv,Yoga,Meditation
2549.945,78.329,Y3_med_hrv,Yoga,Meditation
2550.672,82.5309,Y3_med_hrv,Yoga,Meditation
2551.352,88.2353,Y3_med_hrv,Yoga,Meditation
2552.016,90.3614,Y3_med_hrv,Yoga,Meditation
2552.664,92.5926,Y3_med_hrv,Yoga,Meditation
2553.305,93.6037,Y3_med_hrv,Yoga,Meditation
2553.953,92.5926,Y3_med_hrv,Yoga,Meditation
2554.719,78.329,Y3_med_hrv,Yoga,Meditation
2555.547,72.4638,Y3_med_hrv,Yoga,Meditation
2556.406,69.8487,Y3_med_hrv,Yoga,Meditation
2557.258,70.4225,Y3_med_hrv,Yoga,Meditation
2558.07,73.8916,Y3_med_hrv,Yoga,Meditation
2558.844,77.6197,Y3_med_hrv,Yoga,Meditation
2559.586,80.8625,Y3_med_hrv,Yoga,Meditation
2560.297,84.3882,Y3_med_hrv,Yoga,Meditation
2561.008,84.3882,Y3_med_hrv,Yoga,Meditation
2561.695,87.2093,Y3_med_hrv,Yoga,Meditation
2562.398,85.3485,Y3_med_hrv,Yoga,Meditation
2563.141,80.8625,Y3_med_hrv,Yoga,Meditation
2564.047,66.2252,Y3_med_hrv,Yoga,Meditation
2564.914,69.2042,Y3_med_hrv,Yoga,Meditation
2565.805,67.3401,Y3_med_hrv,Yoga,Meditation
2566.641,71.7703,Y3_med_hrv,Yoga,Meditation
2567.422,76.8246,Y3_med_hrv,Yoga,Meditation
2568.164,80.8625,Y3_med_hrv,Yoga,Meditation
2568.859,86.3309,Y3_med_hrv,Yoga,Meditation
2569.523,90.3614,Y3_med_hrv,Yoga,Meditation
2570.172,92.5926,Y3_med_hrv,Yoga,Meditation
2570.812,93.6037,Y3_med_hrv,Yoga,Meditation
2571.477,90.3614,Y3_med_hrv,Yoga,Meditation
2572.164,87.2093,Y3_med_hrv,Yoga,Meditation
2572.977,73.8916,Y3_med_hrv,Yoga,Meditation
2573.859,67.9502,Y3_med_hrv,Yoga,Meditation
2574.742,67.9502,Y3_med_hrv,Yoga,Meditation
2575.625,67.9502,Y3_med_hrv,Yoga,Meditation
2576.453,72.4638,Y3_med_hrv,Yoga,Meditation
2577.234,76.8246,Y3_med_hrv,Yoga,Meditation
2577.977,80.8625,Y3_med_hrv,Yoga,Meditation
2578.688,84.3882,Y3_med_hrv,Yoga,Meditation
2579.375,87.2093,Y3_med_hrv,Yoga,Meditation
2580.055,88.2353,Y3_med_hrv,Yoga,Meditation
2580.734,88.2353,Y3_med_hrv,Yoga,Meditation
2581.445,84.3882,Y3_med_hrv,Yoga,Meditation
2582.219,77.6197,Y3_med_hrv,Yoga,Meditation
2583.078,69.8487,Y3_med_hrv,Yoga,Meditation
2583.922,71.09,Y3_med_hrv,Yoga,Meditation
2584.742,73.1707,Y3_med_hrv,Yoga,Meditation
2585.523,76.8246,Y3_med_hrv,Yoga,Meditation
2586.258,81.7439,Y3_med_hrv,Yoga,Meditation
2586.953,86.3309,Y3_med_hrv,Yoga,Meditation
2587.617,90.3614,Y3_med_hrv,Yoga,Meditation
2588.266,92.5926,Y3_med_hrv,Yoga,Meditation
2588.922,91.4634,Y3_med_hrv,Yoga,Meditation
2589.578,91.4634,Y3_med_hrv,Yoga,Meditation
2590.281,85.3485,Y3_med_hrv,Yoga,Meditation
2591.039,79.1557,Y3_med_hrv,Yoga,Meditation
2591.805,78.329,Y3_med_hrv,Yoga,Meditation
2592.57,78.329,Y3_med_hrv,Yoga,Meditation
2593.312,80.8625,Y3_med_hrv,Yoga,Meditation
2594.008,86.3309,Y3_med_hrv,Yoga,Meditation
2594.695,87.2093,Y3_med_hrv,Yoga,Meditation
2595.375,88.2353,Y3_med_hrv,Yoga,Meditation
2596.008,94.7867,Y3_med_hrv,Yoga,Meditation
2596.656,92.5926,Y3_med_hrv,Yoga,Meditation
2597.297,93.6037,Y3_med_hrv,Yoga,Meditation
2597.977,88.2353,Y3_med_hrv,Yoga,Meditation
2598.727,80.0,Y3_med_hrv,Yoga,Meditation
2599.539,73.8916,Y3_med_hrv,Yoga,Meditation
2600.352,73.8916,Y3_med_hrv,Yoga,Meditation
2601.164,73.8916,Y3_med_hrv,Yoga,Meditation
2601.922,79.1557,Y3_med_hrv,Yoga,Meditation
2602.633,84.3882,Y3_med_hrv,Yoga,Meditation
2603.328,86.3309,Y3_med_hrv,Yoga,Meditation
2604.0,89.2857,Y3_med_hrv,Yoga,Meditation
2604.617,97.2447,Y3_med_hrv,Yoga,Meditation
2605.258,93.6037,Y3_med_hrv,Yoga,Meditation
2605.891,94.7867,Y3_med_hrv,Yoga,Meditation
2606.523,94.7867,Y3_med_hrv,Yoga,Meditation
2607.258,81.7439,Y3_med_hrv,Yoga,Meditation
2608.109,70.4225,Y3_med_hrv,Yoga,Meditation
2608.953,71.09,Y3_med_hrv,Yoga,Meditation
2609.805,70.4225,Y3_med_hrv,Yoga,Meditation
2610.617,73.8916,Y3_med_hrv,Yoga,Meditation
2611.398,76.8246,Y3_med_hrv,Yoga,Meditation
2612.109,84.3882,Y3_med_hrv,Yoga,Meditation
2612.797,87.2093,Y3_med_hrv,Yoga,Meditation
2613.461,90.3614,Y3_med_hrv,Yoga,Meditation
2614.141,88.2353,Y3_med_hrv,Yoga,Meditation
2614.891,80.0,Y3_med_hrv,Yoga,Meditation
2615.727,71.7703,Y3_med_hrv,Yoga,Meditation
2616.562,71.7703,Y3_med_hrv,Yoga,Meditation
2617.391,72.4638,Y3_med_hrv,Yoga,Meditation
2618.195,74.5342,Y3_med_hrv,Yoga,Meditation
2618.938,80.8625,Y3_med_hrv,Yoga,Meditation
2619.664,82.5309,Y3_med_hrv,Yoga,Meditation
2620.367,85.3485,Y3_med_hrv,Yoga,Meditation
2621.055,87.2093,Y3_med_hrv,Yoga,Meditation
2621.773,83.4492,Y3_med_hrv,Yoga,Meditation
2622.641,69.2042,Y3_med_hrv,Yoga,Meditation
2623.516,68.5714,Y3_med_hrv,Yoga,Meditation
2624.383,69.2042,Y3_med_hrv,Yoga,Meditation
2625.219,71.7703,Y3_med_hrv,Yoga,Meditation
2626.0,76.8246,Y3_med_hrv,Yoga,Meditation
2626.75,80.0,Y3_med_hrv,Yoga,Meditation
2627.445,86.3309,Y3_med_hrv,Yoga,Meditation
2628.109,90.3614,Y3_med_hrv,Yoga,Meditation
2628.742,94.7867,Y3_med_hrv,Yoga,Meditation
2629.375,94.7867,Y3_med_hrv,Yoga,Meditation
2629.992,97.2447,Y3_med_hrv,Yoga,Meditation
2630.641,92.5926,Y3_med_hrv,Yoga,Meditation
2631.359,83.4492,Y3_med_hrv,Yoga,Meditation
2632.219,69.8487,Y3_med_hrv,Yoga,Meditation
2633.062,71.09,Y3_med_hrv,Yoga,Meditation
2633.922,69.8487,Y3_med_hrv,Yoga,Meditation
2634.742,73.1707,Y3_med_hrv,Yoga,Meditation
2635.555,73.8916,Y3_med_hrv,Yoga,Meditation
2636.312,79.1557,Y3_med_hrv,Yoga,Meditation
2637.039,82.5309,Y3_med_hrv,Yoga,Meditation
2637.727,87.2093,Y3_med_hrv,Yoga,Meditation
2638.398,89.2857,Y3_med_hrv,Yoga,Meditation
2639.047,92.5926,Y3_med_hrv,Yoga,Meditation
2639.664,97.2447,Y3_med_hrv,Yoga,Meditation
2640.281,97.2447,Y3_med_hrv,Yoga,Meditation
2640.891,98.5222,Y3_med_hrv,Yoga,Meditation
2641.531,93.6037,Y3_med_hrv,Yoga,Meditation
2642.234,85.3485,Y3_med_hrv,Yoga,Meditation
2643.094,69.8487,Y3_med_hrv,Yoga,Meditation
2643.953,69.8487,Y3_med_hrv,Yoga,Meditation
2644.844,67.3401,Y3_med_hrv,Yoga,Meditation
2645.711,69.2042,Y3_med_hrv,Yoga,Meditation
2646.547,71.7703,Y3_med_hrv,Yoga,Meditation
2647.344,75.2823,Y3_med_hrv,Yoga,Meditation
2648.094,80.0,Y3_med_hrv,Yoga,Meditation
2648.805,84.3882,Y3_med_hrv,Yoga,Meditation
2649.492,87.2093,Y3_med_hrv,Yoga,Meditation
2650.148,91.4634,Y3_med_hrv,Yoga,Meditation
2650.812,90.3614,Y3_med_hrv,Yoga,Meditation
2651.484,89.2857,Y3_med_hrv,Yoga,Meditation
2652.195,84.3882,Y3_med_hrv,Yoga,Meditation
2653.016,73.1707,Y3_med_hrv,Yoga,Meditation
2653.867,70.4225,Y3_med_hrv,Yoga,Meditation
2654.719,70.4225,Y3_med_hrv,Yoga,Meditation
2655.57,70.4225,Y3_med_hrv,Yoga,Meditation
2656.383,73.8916,Y3_med_hrv,Yoga,Meditation
2657.148,78.329,Y3_med_hrv,Yoga,Meditation
2657.867,83.4492,Y3_med_hrv,Yoga,Meditation
2658.547,88.2353,Y3_med_hrv,Yoga,Meditation
2659.219,89.2857,Y3_med_hrv,Yoga,Meditation
2659.875,91.4634,Y3_med_hrv,Yoga,Meditation
2660.492,97.2447,Y3_med_hrv,Yoga,Meditation
2661.133,93.6037,Y3_med_hrv,Yoga,Meditation
2661.82,87.2093,Y3_med_hrv,Yoga,Meditation
2662.617,75.2823,Y3_med_hrv,Yoga,Meditation
2663.484,69.2042,Y3_med_hrv,Yoga,Meditation
2664.352,69.2042,Y3_med_hrv,Yoga,Meditation
2665.234,67.9502,Y3_med_hrv,Yoga,Meditation
2666.078,71.09,Y3_med_hrv,Yoga,Meditation
2666.883,74.5342,Y3_med_hrv,Yoga,Meditation
2667.625,80.8625,Y3_med_hrv,Yoga,Meditation
2668.336,84.3882,Y3_med_hrv,Yoga,Meditation
2669.031,86.3309,Y3_med_hrv,Yoga,Meditation
2669.695,90.3614,Y3_med_hrv,Yoga,Meditation
2670.352,91.4634,Y3_med_hrv,Yoga,Meditation
2671.031,88.2353,Y3_med_hrv,Yoga,Meditation
2671.719,87.2093,Y3_med_hrv,Yoga,Meditation
2672.5,76.8246,Y3_med_hrv,Yoga,Meditation
2673.422,65.0759,Y3_med_hrv,Yoga,Meditation
2674.359,63.9659,Y3_med_hrv,Yoga,Meditation
2675.234,68.5714,Y3_med_hrv,Yoga,Meditation
2676.078,71.09,Y3_med_hrv,Yoga,Meditation
2676.875,75.2823,Y3_med_hrv,Yoga,Meditation
2677.633,79.1557,Y3_med_hrv,Yoga,Meditation
2678.344,84.3882,Y3_med_hrv,Yoga,Meditation
2679.039,86.3309,Y3_med_hrv,Yoga,Meditation
2679.703,90.3614,Y3_med_hrv,Yoga,Meditation
2680.375,89.2857,Y3_med_hrv,Yoga,Meditation
2681.055,88.2353,Y3_med_hrv,Yoga,Meditation
2681.797,80.8625,Y3_med_hrv,Yoga,Meditation
2682.68,67.9502,Y3_med_hrv,Yoga,Meditation
2683.555,68.5714,Y3_med_hrv,Yoga,Meditation
2684.406,70.4225,Y3_med_hrv,Yoga,Meditation
2685.195,76.0456,Y3_med_hrv,Yoga,Meditation
2685.93,81.7439,Y3_med_hrv,Yoga,Meditation
2686.656,82.5309,Y3_med_hrv,Yoga,Meditation
2687.375,83.4492,Y3_med_hrv,Yoga,Meditation
2688.062,87.2093,Y3_med_hrv,Yoga,Meditation
2688.742,88.2353,Y3_med_hrv,Yoga,Meditation
2689.453,84.3882,Y3_med_hrv,Yoga,Meditation
2690.234,76.8246,Y3_med_hrv,Yoga,Meditation
2691.086,70.4225,Y3_med_hrv,Yoga,Meditation
2691.953,69.2042,Y3_med_hrv,Yoga,Meditation
2692.781,72.4638,Y3_med_hrv,Yoga,Meditation
2693.57,76.0456,Y3_med_hrv,Yoga,Meditation
2694.328,79.1557,Y3_med_hrv,Yoga,Meditation
2695.031,85.3485,Y3_med_hrv,Yoga,Meditation
2695.727,86.3309,Y3_med_hrv,Yoga,Meditation
2696.406,88.2353,Y3_med_hrv,Yoga,Meditation
2697.07,90.3614,Y3_med_hrv,Yoga,Meditation
2697.75,88.2353,Y3_med_hrv,Yoga,Meditation
2698.477,82.5309,Y3_med_hrv,Yoga,Meditation
2699.258,76.8246,Y3_med_hrv,Yoga,Meditation
2700.078,73.1707,Y3_med_hrv,Yoga,Meditation
2701.023,63.4921,Y3_med_hrv,Yoga,Meditation
2701.859,71.7703,Y3_med_hrv,Yoga,Meditation
2702.648,76.0456,Y3_med_hrv,Yoga,Meditation
2703.406,79.1557,Y3_med_hrv,Yoga,Meditation
2704.125,83.4492,Y3_med_hrv,Yoga,Meditation
2704.828,85.3485,Y3_med_hrv,Yoga,Meditation
2705.531,85.3485,Y3_med_hrv,Yoga,Meditation
2706.219,87.2093,Y3_med_hrv,Yoga,Meditation
2706.891,89.2857,Y3_med_hrv,Yoga,Meditation
2707.586,86.3309,Y3_med_hrv,Yoga,Meditation
2708.297,84.3882,Y3_med_hrv,Yoga,Meditation
2709.07,77.6197,Y3_med_hrv,Yoga,Meditation
2709.922,70.4225,Y3_med_hrv,Yoga,Meditation
2710.82,66.8151,Y3_med_hrv,Yoga,Meditation
2711.688,69.2042,Y3_med_hrv,Yoga,Meditation
2712.531,71.09,Y3_med_hrv,Yoga,Meditation
2713.312,76.8246,Y3_med_hrv,Yoga,Meditation
2714.055,80.8625,Y3_med_hrv,Yoga,Meditation
2714.75,86.3309,Y3_med_hrv,Yoga,Meditation
2715.43,88.2353,Y3_med_hrv,Yoga,Meditation
2716.094,90.3614,Y3_med_hrv,Yoga,Meditation
2716.734,93.6037,Y3_med_hrv,Yoga,Meditation
2717.406,89.2857,Y3_med_hrv,Yoga,Meditation
2718.156,80.0,Y3_med_hrv,Yoga,Meditation
2719.094,63.9659,Y3_med_hrv,Yoga,Meditation
2720.023,64.5161,Y3_med_hrv,Yoga,Meditation
2720.969,63.4921,Y3_med_hrv,Yoga,Meditation
2721.898,64.5161,Y3_med_hrv,Yoga,Meditation
2722.742,71.09,Y3_med_hrv,Yoga,Meditation
2723.539,75.2823,Y3_med_hrv,Yoga,Meditation
2724.281,80.8625,Y3_med_hrv,Yoga,Meditation
2724.984,85.3485,Y3_med_hrv,Yoga,Meditation
2725.664,88.2353,Y3_med_hrv,Yoga,Meditation
2726.336,89.2857,Y3_med_hrv,Yoga,Meditation
2727.008,89.2857,Y3_med_hrv,Yoga,Meditation
2727.758,80.0,Y3_med_hrv,Yoga,Meditation
2728.562,74.5342,Y3_med_hrv,Yoga,Meditation
2729.461,66.8151,Y3_med_hrv,Yoga,Meditation
2730.234,77.6197,Y3_med_hrv,Yoga,Meditation
2731.039,74.5342,Y3_med_hrv,Yoga,Meditation
2731.766,82.5309,Y3_med_hrv,Yoga,Meditation
2732.477,84.3882,Y3_med_hrv,Yoga,Meditation
2733.172,86.3309,Y3_med_hrv,Yoga,Meditation
2733.859,87.2093,Y3_med_hrv,Yoga,Meditation
2734.57,84.3882,Y3_med_hrv,Yoga,Meditation
2735.312,80.8625,Y3_med_hrv,Yoga,Meditation
2736.07,79.1557,Y3_med_hrv,Yoga,Meditation
2736.828,79.1557,Y3_med_hrv,Yoga,Meditation
2737.57,80.8625,Y3_med_hrv,Yoga,Meditation
2738.281,84.3882,Y3_med_hrv,Yoga,Meditation
2738.953,89.2857,Y3_med_hrv,Yoga,Meditation
2739.617,90.3614,Y3_med_hrv,Yoga,Meditation
2740.258,93.6037,Y3_med_hrv,Yoga,Meditation
2740.898,93.6037,Y3_med_hrv,Yoga,Meditation
2741.562,90.3614,Y3_med_hrv,Yoga,Meditation
2742.281,83.4492,Y3_med_hrv,Yoga,Meditation
2743.141,69.8487,Y3_med_hrv,Yoga,Meditation
2744.0,69.8487,Y3_med_hrv,Yoga,Meditation
2744.875,68.5714,Y3_med_hrv,Yoga,Meditation
2745.703,72.4638,Y3_med_hrv,Yoga,Meditation
2746.508,74.5342,Y3_med_hrv,Yoga,Meditation
2747.266,79.1557,Y3_med_hrv,Yoga,Meditation
2748.0,81.7439,Y3_med_hrv,Yoga,Meditation
2748.703,85.3485,Y3_med_hrv,Yoga,Meditation
2749.398,86.3309,Y3_med_hrv,Yoga,Meditation
2750.086,87.2093,Y3_med_hrv,Yoga,Meditation
2750.82,81.7439,Y3_med_hrv,Yoga,Meditation
2751.641,73.1707,Y3_med_hrv,Yoga,Meditation
2752.492,70.4225,Y3_med_hrv,Yoga,Meditation
2753.336,71.09,Y3_med_hrv,Yoga,Meditation
2754.203,69.2042,Y3_med_hrv,Yoga,Meditation
2755.0,75.2823,Y3_med_hrv,Yoga,Meditation
2755.75,80.0,Y3_med_hrv,Yoga,Meditation
2756.469,83.4492,Y3_med_hrv,Yoga,Meditation
2757.156,87.2093,Y3_med_hrv,Yoga,Meditation
2757.828,89.2857,Y3_med_hrv,Yoga,Meditation
2758.492,90.3614,Y3_med_hrv,Yoga,Meditation
2759.164,89.2857,Y3_med_hrv,Yoga,Meditation
2759.891,82.5309,Y3_med_hrv,Yoga,Meditation
2760.703,73.8916,Y3_med_hrv,Yoga,Meditation
2761.555,70.4225,Y3_med_hrv,Yoga,Meditation
2762.391,71.7703,Y3_med_hrv,Yoga,Meditation
2763.18,76.0456,Y3_med_hrv,Yoga,Meditation
2763.938,79.1557,Y3_med_hrv,Yoga,Meditation
2764.664,82.5309,Y3_med_hrv,Yoga,Meditation
2765.367,85.3485,Y3_med_hrv,Yoga,Meditation
2766.055,87.2093,Y3_med_hrv,Yoga,Meditation
2766.734,88.2353,Y3_med_hrv,Yoga,Meditation
2767.406,89.2857,Y3_med_hrv,Yoga,Meditation
2768.148,80.8625,Y3_med_hrv,Yoga,Meditation
2768.914,78.329,Y3_med_hrv,Yoga,Meditation
2769.68,78.329,Y3_med_hrv,Yoga,Meditation
2770.406,82.5309,Y3_med_hrv,Yoga,Meditation
2771.125,83.4492,Y3_med_hrv,Yoga,Meditation
2771.797,89.2857,Y3_med_hrv,Yoga,Meditation
2772.461,90.3614,Y3_med_hrv,Yoga,Meditation
2773.094,94.7867,Y3_med_hrv,Yoga,Meditation
2773.711,97.2447,Y3_med_hrv,Yoga,Meditation
2774.336,96.0,Y3_med_hrv,Yoga,Meditation
2774.977,93.6037,Y3_med_hrv,Yoga,Meditation
2775.633,91.4634,Y3_med_hrv,Yoga,Meditation
2776.406,77.6197,Y3_med_hrv,Yoga,Meditation
2777.422,59.0551,Y3_med_hrv,Yoga,Meditation
2778.383,62.435,Y3_med_hrv,Yoga,Meditation
2779.312,64.5161,Y3_med_hrv,Yoga,Meditation
2780.188,68.5714,Y3_med_hrv,Yoga,Meditation
2781.0,73.8916,Y3_med_hrv,Yoga,Meditation
2781.758,79.1557,Y3_med_hrv,Yoga,Meditation
2782.477,83.4492,Y3_med_hrv,Yoga,Meditation
2783.188,84.3882,Y3_med_hrv,Yoga,Meditation
2783.883,86.3309,Y3_med_hrv,Yoga,Meditation
2784.609,82.5309,Y3_med_hrv,Yoga,Meditation
2785.406,75.2823,Y3_med_hrv,Yoga,Meditation
2786.273,69.2042,Y3_med_hrv,Yoga,Meditation
2787.164,67.3401,Y3_med_hrv,Yoga,Meditation
2788.031,69.2042,Y3_med_hrv,Yoga,Meditation
2788.867,71.7703,Y3_med_hrv,Yoga,Meditation
2789.648,76.8246,Y3_med_hrv,Yoga,Meditation
2790.398,80.0,Y3_med_hrv,Yoga,Meditation
2791.117,83.4492,Y3_med_hrv,Yoga,Meditation
2791.797,88.2353,Y3_med_hrv,Yoga,Meditation
2792.461,90.3614,Y3_med_hrv,Yoga,Meditation
2793.117,91.4634,Y3_med_hrv,Yoga,Meditation
2793.766,92.5926,Y3_med_hrv,Yoga,Meditation
2794.43,90.3614,Y3_med_hrv,Yoga,Meditation
2795.133,85.3485,Y3_med_hrv,Yoga,Meditation
2795.992,69.8487,Y3_med_hrv,Yoga,Meditation
2796.953,62.435,Y3_med_hrv,Yoga,Meditation
2797.906,62.9591,Y3_med_hrv,Yoga,Meditation
2798.836,64.5161,Y3_med_hrv,Yoga,Meditation
2799.703,69.2042,Y3_med_hrv,Yoga,Meditation
2800.492,76.0456,Y3_med_hrv,Yoga,Meditation
2801.219,82.5309,Y3_med_hrv,Yoga,Meditation
2801.938,83.4492,Y3_med_hrv,Yoga,Meditation
2802.641,85.3485,Y3_med_hrv,Yoga,Meditation
2803.32,88.2353,Y3_med_hrv,Yoga,Meditation
2804.039,83.4492,Y3_med_hrv,Yoga,Meditation
2804.875,71.7703,Y3_med_hrv,Yoga,Meditation
2805.719,71.09,Y3_med_hrv,Yoga,Meditation
2806.57,70.4225,Y3_med_hrv,Yoga,Meditation
2807.398,72.4638,Y3_med_hrv,Yoga,Meditation
2808.18,76.8246,Y3_med_hrv,Yoga,Meditation
2808.922,80.8625,Y3_med_hrv,Yoga,Meditation
2809.633,84.3882,Y3_med_hrv,Yoga,Meditation
2810.32,87.2093,Y3_med_hrv,Yoga,Meditation
2810.992,89.2857,Y3_med_hrv,Yoga,Meditation
2811.656,90.3614,Y3_med_hrv,Yoga,Meditation
2812.312,91.4634,Y3_med_hrv,Yoga,Meditation
2813.0,87.2093,Y3_med_hrv,Yoga,Meditation
2813.711,84.3882,Y3_med_hrv,Yoga,Meditation
2814.562,70.4225,Y3_med_hrv,Yoga,Meditation
2815.57,59.5238,Y3_med_hrv,Yoga,Meditation
2816.516,63.4921,Y3_med_hrv,Yoga,Meditation
2817.461,63.4921,Y3_med_hrv,Yoga,Meditation
2818.352,67.3401,Y3_med_hrv,Yoga,Meditation
2819.188,71.7703,Y3_med_hrv,Yoga,Meditation
2819.938,80.0,Y3_med_hrv,Yoga,Meditation
2820.656,83.4492,Y3_med_hrv,Yoga,Meditation
2821.336,88.2353,Y3_med_hrv,Yoga,Meditation
2822.0,90.3614,Y3_med_hrv,Yoga,Meditation
2822.68,88.2353,Y3_med_hrv,Yoga,Meditation
2823.375,86.3309,Y3_med_hrv,Yoga,Meditation
2824.125,80.0,Y3_med_hrv,Yoga,Meditation
2824.945,73.1707,Y3_med_hrv,Yoga,Meditation
2825.891,63.4921,Y3_med_hrv,Yoga,Meditation
2826.789,66.8151,Y3_med_hrv,Yoga,Meditation
2827.695,66.2252,Y3_med_hrv,Yoga,Meditation
2828.539,71.09,Y3_med_hrv,Yoga,Meditation
2829.344,74.5342,Y3_med_hrv,Yoga,Meditation
2830.094,80.0,Y3_med_hrv,Yoga,Meditation
2830.805,84.3882,Y3_med_hrv,Yoga,Meditation
2831.492,87.2093,Y3_med_hrv,Yoga,Meditation
2832.156,90.3614,Y3_med_hrv,Yoga,Meditation
2832.82,90.3614,Y3_med_hrv,Yoga,Meditation
2833.461,93.6037,Y3_med_hrv,Yoga,Meditation
2834.117,91.4634,Y3_med_hrv,Yoga,Meditation
2834.812,86.3309,Y3_med_hrv,Yoga,Meditation
2835.57,79.1557,Y3_med_hrv,Yoga,Meditation
2836.531,62.435,Y3_med_hrv,Yoga,Meditation
2837.469,63.9659,Y3_med_hrv,Yoga,Meditation
2838.383,65.6455,Y3_med_hrv,Yoga,Meditation
2839.289,66.2252,Y3_med_hrv,Yoga,Meditation
2840.141,70.4225,Y3_med_hrv,Yoga,Meditation
2840.938,75.2823,Y3_med_hrv,Yoga,Meditation
2841.711,77.6197,Y3_med_hrv,Yoga,Meditation
2842.43,83.4492,Y3_med_hrv,Yoga,Meditation
2843.133,85.3485,Y3_med_hrv,Yoga,Meditation
2843.805,89.2857,Y3_med_hrv,Yoga,Meditation
2844.461,91.4634,Y3_med_hrv,Yoga,Meditation
2845.117,91.4634,Y3_med_hrv,Yoga,Meditation
2845.805,87.2093,Y3_med_hrv,Yoga,Meditation
2846.555,80.0,Y3_med_hrv,Yoga,Meditation
2847.352,75.2823,Y3_med_hrv,Yoga,Meditation
2848.25,66.8151,Y3_med_hrv,Yoga,Meditation
2849.164,65.6455,Y3_med_hrv,Yoga,Meditation
2850.078,65.6455,Y3_med_hrv,Yoga,Meditation
2850.977,66.8151,Y3_med_hrv,Yoga,Meditation
2851.812,71.7703,Y3_med_hrv,Yoga,Meditation
2852.578,78.329,Y3_med_hrv,Yoga,Meditation
2853.297,83.4492,Y3_med_hrv,Yoga,Meditation
2853.992,86.3309,Y3_med_hrv,Yoga,Meditation
2854.672,88.2353,Y3_med_hrv,Yoga,Meditation
2855.359,87.2093,Y3_med_hrv,Yoga,Meditation
2856.102,80.8625,Y3_med_hrv,Yoga,Meditation
2856.945,71.09,Y3_med_hrv,Yoga,Meditation
2857.781,71.7703,Y3_med_hrv,Yoga,Meditation
2858.602,73.1707,Y3_med_hrv,Yoga,Meditation
2859.367,78.329,Y3_med_hrv,Yoga,Meditation
2860.109,80.8625,Y3_med_hrv,Yoga,Meditation
2860.82,84.3882,Y3_med_hrv,Yoga,Meditation
2861.5,88.2353,Y3_med_hrv,Yoga,Meditation
2862.156,91.4634,Y3_med_hrv,Yoga,Meditation
2862.82,90.3614,Y3_med_hrv,Yoga,Meditation
2863.492,89.2857,Y3_med_hrv,Yoga,Meditation
2864.227,81.7439,Y3_med_hrv,Yoga,Meditation
