Time,HeartRate,Subject,Group,State
657.938,65.0759,Y2_pre_hrv,Yoga,Pre-Meditation
658.875,63.9659,Y2_pre_hrv,Yoga,Pre-Meditation
659.758,67.9502,Y2_pre_hrv,Yoga,Pre-Meditation
660.664,66.2252,Y2_pre_hrv,Yoga,Pre-Meditation
661.617,62.9591,Y2_pre_hrv,Yoga,Pre-Meditation
662.578,62.435,Y2_pre_hrv,Yoga,Pre-Meditation
663.555,61.4125,Y2_pre_hrv,Yoga,Pre-Meditation
664.531,61.4125,Y2_pre_hrv,Yoga,Pre-Meditation
665.5,61.9195,Y2_pre_hrv,Yoga,Pre-Meditation
666.43,64.5161,Y2_pre_hrv,Yoga,Pre-Meditation
667.352,65.0759,Y2_pre_hrv,Yoga,Pre-Meditation
668.289,63.9659,Y2_pre_hrv,Yoga,Pre-Meditation
669.203,65.6455,Y2_pre_hrv,Yoga,Pre-Meditation
670.133,64.5161,Y2_pre_hrv,Yoga,Pre-Meditation
671.109,61.4125,Y2_pre_hrv,Yoga,Pre-Meditation
672.125,59.0551,Y2_pre_hrv,Yoga,Pre-Meditation
673.094,61.9195,Y2_pre_hrv,Yoga,Pre-Meditation
674.07,61.4125,Y2_pre_hrv,Yoga,Pre-Meditation
675.047,61.4125,Y2_pre_hrv,Yoga,Pre-Meditation
675.961,65.6455,Y2_pre_hrv,Yoga,Pre-Meditation
676.898,63.9659,Y2_pre_hrv,Yoga,Pre-Meditation
677.898,60.0,Y2_pre_hrv,Yoga,Pre-Meditation
678.891,60.4839,Y2_pre_hrv,Yoga,Pre-Meditation
679.836,63.4921,Y2_pre_hrv,Yoga,Pre-Meditation
680.789,62.9591,Y2_pre_hrv,Yoga,Pre-Meditation
681.758,61.9195,Y2_pre_hrv,Yoga,Pre-Meditation
682.656,66.8151,Y2_pre_hrv,Yoga,Pre-Meditation
683.57,65.6455,Y2_pre_hrv,Yoga,Pre-Meditation
684.508,63.9659,Y2_pre_hrv,Yoga,Pre-Meditation
685.414,66.2252,Y2_pre_hrv,Yoga,Pre-Meditation
686.328,65.6455,Y2_pre_hrv,Yoga,Pre-Meditation
687.266,63.9659,Y2_pre_hrv,Yoga,Pre-Meditation
688.188,65.0759,Y2_pre_hrv,Yoga,Pre-Meditation
689.125,63.9659,Y2_pre_hrv,Yoga,Pre-Meditation
690.062,63.9659,Y2_pre_hrv,Yoga,Pre-Meditation
690.961,66.8151,Y2_pre_hrv,Yoga,Pre-Meditation
691.828,69.2042,Y2_pre_hrv,Yoga,Pre-Meditation
692.711,67.9502,Y2_pre_hrv,Yoga,Pre-Meditation
693.609,66.8151,Y2_pre_hrv,Yoga,Pre-Meditation
694.492,67.9502,Y2_pre_hrv,Yoga,Pre-Meditation
695.422,64.5161,Y2_pre_hrv,Yoga,Pre-Meditation
696.383,62.435,Y2_pre_hrv,Yoga,Pre-Meditation
697.289,66.2252,Y2_pre_hrv,Yoga,Pre-Meditation
698.211,65.0759,Y2_pre_hrv,Yoga,Pre-Meditation
699.18,61.9195,Y2_pre_hrv,Yoga,Pre-Meditation
700.141,62.435,Y2_pre_hrv,Yoga,Pre-Meditation
701.078,63.9659,Y2_pre_hrv,Yoga,Pre-Meditation
702.031,62.9591,Y2_pre_hrv,Yoga,Pre-Meditation
702.977,63.4921,Y2_pre_hrv,Yoga,Pre-Meditation
703.867,67.3401,Y2_pre_hrv,Yoga,Pre-Meditation
704.805,63.9659,Y2_pre_hrv,Yoga,Pre-Meditation
705.758,62.9591,Y2_pre_hrv,Yoga,Pre-Meditation
706.711,62.9591,Y2_pre_hrv,Yoga,Pre-Meditation
707.68,61.9195,Y2_pre_hrv,Yoga,Pre-Meditation
708.648,61.9195,Y2_pre_hrv,Yoga,Pre-Meditation
709.617,61.9195,Y2_pre_hrv,Yoga,Pre-Meditation
710.555,63.9659,Y2_pre_hrv,Yoga,Pre-Meditation
711.492,63.9659,Y2_pre_hrv,Yoga,Pre-Meditation
712.414,65.0759,Y2_pre_hrv,Yoga,Pre-Meditation
713.258,71.09,Y2_pre_hrv,Yoga,Pre-Meditation
714.109,70.4225,Y2_pre_hrv,Yoga,Pre-Meditation
714.953,71.09,Y2_pre_hrv,Yoga,Pre-Meditation
715.719,78.329,Y2_pre_hrv,Yoga,Pre-Meditation
716.5,76.8246,Y2_pre_hrv,Yoga,Pre-Meditation
717.297,75.2823,Y2_pre_hrv,Yoga,Pre-Meditation
718.172,68.5714,Y2_pre_hrv,Yoga,Pre-Meditation
719.016,71.09,Y2_pre_hrv,Yoga,Pre-Meditation
719.875,69.8487,Y2_pre_hrv,Yoga,Pre-Meditation
720.734,69.8487,Y2_pre_hrv,Yoga,Pre-Meditation
721.648,65.6455,Y2_pre_hrv,Yoga,Pre-Meditation
722.57,65.0759,Y2_pre_hrv,Yoga,Pre-Meditation
723.523,62.9591,Y2_pre_hrv,Yoga,Pre-Meditation
724.531,59.5238,Y2_pre_hrv,Yoga,Pre-Meditation
725.531,60.0,Y2_pre_hrv,Yoga,Pre-Meditation
726.484,62.9591,Y2_pre_hrv,Yoga,Pre-Meditation
727.391,66.2252,Y2_pre_hrv,Yoga,Pre-Meditation
728.297,66.2252,Y2_pre_hrv,Yoga,Pre-Meditation
729.188,67.3401,Y2_pre_hrv,Yoga,Pre-Meditation
730.062,68.5714,Y2_pre_hrv,Yoga,Pre-Meditation
730.984,65.0759,Y2_pre_hrv,Yoga,Pre-Meditation
731.93,63.4921,Y2_pre_hrv,Yoga,Pre-Meditation
732.875,63.4921,Y2_pre_hrv,Yoga,Pre-Meditation
733.828,62.9591,Y2_pre_hrv,Yoga,Pre-Meditation
734.781,62.9591,Y2_pre_hrv,Yoga,Pre-Meditation
735.711,64.5161,Y2_pre_hrv,Yoga,Pre-Meditation
736.656,63.4921,Y2_pre_hrv,Yoga,Pre-Meditation
737.609,62.9591,Y2_pre_hrv,Yoga,Pre-Meditation
738.57,62.435,Y2_pre_hrv,Yoga,Pre-Meditation
739.477,66.2252,Y2_pre_hrv,Yoga,Pre-Meditation
740.414,63.9659,Y2_pre_hrv,Yoga,Pre-Meditation
741.359,63.4921,Y2_pre_hrv,Yoga,Pre-Meditation
742.266,66.2252,Y2_pre_hrv,Yoga,Pre-Meditation
743.227,62.435,Y2_pre_hrv,Yoga,Pre-Meditation
744.195,61.9195,Y2_pre_hrv,Yoga,Pre-Meditation
745.117,65.0759,Y2_pre_hrv,Yoga,Pre-Meditation
746.078,62.435,Y2_pre_hrv,Yoga,Pre-Meditation
747.055,61.4125,Y2_pre_hrv,Yoga,Pre-Meditation
748.0,63.4921,Y2_pre_hrv,Yoga,Pre-Meditation
748.953,62.9591,Y2_pre_hrv,Yoga,Pre-Meditation
749.922,61.9195,Y2_pre_hrv,Yoga,Pre-Meditation
750.852,64.5161,Y2_pre_hrv,Yoga,Pre-Meditation
751.727,68.5714,Y2_pre_hrv,Yoga,Pre-Meditation
752.586,69.8487,Y2_pre_hrv,Yoga,Pre-Meditation
753.484,66.8151,Y2_pre_hrv,Yoga,Pre-Meditation
754.359,68.5714,Y2_pre_hrv,Yoga,Pre-Meditation
755.266,66.2252,Y2_pre_hrv,Yoga,Pre-Meditation
756.242,61.4125,Y2_pre_hrv,Yoga,Pre-Meditation
757.203,62.435,Y2_pre_hrv,Yoga,Pre-Meditation
758.18,61.4125,Y2_pre_hrv,Yoga,Pre-Meditation
759.141,62.435,Y2_pre_hrv,Yoga,Pre-Meditation
760.078,63.9659,Y2_pre_hrv,Yoga,Pre-Meditation
760.969,67.3401,Y2_pre_hrv,Yoga,Pre-Meditation
761.883,65.6455,Y2_pre_hrv,Yoga,Pre-Meditation
762.828,63.4921,Y2_pre_hrv,Yoga,Pre-Meditation
763.727,66.8151,Y2_pre_hrv,Yoga,Pre-Meditation
764.656,64.5161,Y2_pre_hrv,Yoga,Pre-Meditation
765.625,61.9195,Y2_pre_hrv,Yoga,Pre-Meditation
766.594,61.9195,Y2_pre_hrv,Yoga,Pre-Meditation
767.516,65.0759,Y2_pre_hrv,Yoga,Pre-Meditation
768.469,62.9591,Y2_pre_hrv,Yoga,Pre-Meditation
769.445,61.4125,Y2_pre_hrv,Yoga,Pre-Meditation
770.352,66.2252,Y2_pre_hrv,Yoga,Pre-Meditation
771.273,65.0759,Y2_pre_hrv,Yoga,Pre-Meditation
772.211,63.9659,Y2_pre_hrv,Yoga,Pre-Meditation
773.117,66.2252,Y2_pre_hrv,Yoga,Pre-Meditation
774.008,67.3401,Y2_pre_hrv,Yoga,Pre-Meditation
774.953,63.4921,Y2_pre_hrv,Yoga,Pre-Meditation
775.898,63.4921,Y2_pre_hrv,Yoga,Pre-Meditation
776.797,66.8151,Y2_pre_hrv,Yoga,Pre-Meditation
777.727,64.5161,Y2_pre_hrv,Yoga,Pre-Meditation
778.688,62.435,Y2_pre_hrv,Yoga,Pre-Meditation
779.633,63.4921,Y2_pre_hrv,Yoga,Pre-Meditation
780.609,61.4125,Y2_pre_hrv,Yoga,Pre-Meditation
781.602,60.4839,Y2_pre_hrv,Yoga,Pre-Meditation
782.562,62.435,Y2_pre_hrv,Yoga,Pre-Meditation
783.461,66.8151,Y2_pre_hrv,Yoga,Pre-Meditation
784.375,65.6455,Y2_pre_hrv,Yoga,Pre-Meditation
785.289,65.6455,Y2_pre_hrv,Yoga,Pre-Meditation
786.164,68.5714,Y2_pre_hrv,Yoga,Pre-Meditation
787.062,66.8151,Y2_pre_hrv,Yoga,Pre-Meditation
788.039,61.4125,Y2_pre_hrv,Yoga,Pre-Meditation
789.016,61.4125,Y2_pre_hrv,Yoga,Pre-Meditation
789.961,63.4921,Y2_pre_hrv,Yoga,Pre-Meditation
790.93,61.9195,Y2_pre_hrv,Yoga,Pre-Meditation
791.906,61.4125,Y2_pre_hrv,Yoga,Pre-Meditation
792.844,63.9659,Y2_pre_hrv,Yoga,Pre-Meditation
793.75,66.2252,Y2_pre_hrv,Yoga,Pre-Meditation
794.688,63.9659,Y2_pre_hrv,Yoga,Pre-Meditation
795.672,60.9756,Y2_pre_hrv,Yoga,Pre-Meditation
796.617,63.4921,Y2_pre_hrv,Yoga,Pre-Meditation
797.617,60.0,Y2_pre_hrv,Yoga,Pre-Meditation
798.648,58.1959,Y2_pre_hrv,Yoga,Pre-Meditation
799.633,60.9756,Y2_pre_hrv,Yoga,Pre-Meditation
800.523,67.3401,Y2_pre_hrv,Yoga,Pre-Meditation
801.422,66.8151,Y2_pre_hrv,Yoga,Pre-Meditation
802.359,63.9659,Y2_pre_hrv,Yoga,Pre-Meditation
803.281,65.0759,Y2_pre_hrv,Yoga,Pre-Meditation
804.219,63.9659,Y2_pre_hrv,Yoga,Pre-Meditation
805.148,64.5161,Y2_pre_hrv,Yoga,Pre-Meditation
806.078,64.5161,Y2_pre_hrv,Yoga,Pre-Meditation
806.953,68.5714,Y2_pre_hrv,Yoga,Pre-Meditation
807.883,64.5161,Y2_pre_hrv,Yoga,Pre-Meditation
808.867,60.9756,Y2_pre_hrv,Yoga,Pre-Meditation
809.828,62.435,Y2_pre_hrv,Yoga,Pre-Meditation
810.812,60.9756,Y2_pre_hrv,Yoga,Pre-Meditation
811.789,61.4125,Y2_pre_hrv,Yoga,Pre-Meditation
812.703,65.6455,Y2_pre_hrv,Yoga,Pre-Meditation
813.562,69.8487,Y2_pre_hrv,Yoga,Pre-Meditation
814.43,69.2042,Y2_pre_hrv,Yoga,Pre-Meditation
815.312,67.9502,Y2_pre_hrv,Yoga,Pre-Meditation
816.18,69.2042,Y2_pre_hrv,Yoga,Pre-Meditation
817.062,67.9502,Y2_pre_hrv,Yoga,Pre-Meditation
817.992,64.5161,Y2_pre_hrv,Yoga,Pre-Meditation
818.945,62.9591,Y2_pre_hrv,Yoga,Pre-Meditation
819.859,65.6455,Y2_pre_hrv,Yoga,Pre-Meditation
820.805,63.4921,Y2_pre_hrv,Yoga,Pre-Meditation
821.766,62.435,Y2_pre_hrv,Yoga,Pre-Meditation
822.672,66.2252,Y2_pre_hrv,Yoga,Pre-Meditation
823.57,66.8151,Y2_pre_hrv,Yoga,Pre-Meditation
824.5,64.5161,Y2_pre_hrv,Yoga,Pre-Meditation
825.43,64.5161,Y2_pre_hrv,Yoga,Pre-Meditation
826.32,67.3401,Y2_pre_hrv,Yoga,Pre-Meditation
827.25,64.5161,Y2_pre_hrv,Yoga,Pre-Meditation
828.188,63.9659,Y2_pre_hrv,Yoga,Pre-Meditation
829.086,66.8151,Y2_pre_hrv,Yoga,Pre-Meditation
830.031,63.4921,Y2_pre_hrv,Yoga,Pre-Meditation
830.992,62.435,Y2_pre_hrv,Yoga,Pre-Meditation
831.945,62.9591,Y2_pre_hrv,Yoga,Pre-Meditation
832.836,67.3401,Y2_pre_hrv,Yoga,Pre-Meditation
833.742,66.2252,Y2_pre_hrv,Yoga,Pre-Meditation
834.648,66.2252,Y2_pre_hrv,Yoga,Pre-Meditation
835.523,68.5714,Y2_pre_hrv,Yoga,Pre-Meditation
836.414,67.3401,Y2_pre_hrv,Yoga,Pre-Meditation
837.344,64.5161,Y2_pre_hrv,Yoga,Pre-Meditation
838.258,65.6455,Y2_pre_hrv,Yoga,Pre-Meditation
839.141,67.9502,Y2_pre_hrv,Yoga,Pre-Meditation
840.062,65.0759,Y2_pre_hrv,Yoga,Pre-Meditation
841.008,63.4921,Y2_pre_hrv,Yoga,Pre-Meditation
841.906,66.8151,Y2_pre_hrv,Yoga,Pre-Meditation
842.836,64.5161,Y2_pre_hrv,Yoga,Pre-Meditation
843.789,62.9591,Y2_pre_hrv,Yoga,Pre-Meditation
844.703,65.6455,Y2_pre_hrv,Yoga,Pre-Meditation
845.57,69.2042,Y2_pre_hrv,Yoga,Pre-Meditation
846.445,68.5714,Y2_pre_hrv,Yoga,Pre-Meditation
847.32,68.5714,Y2_pre_hrv,Yoga,Pre-Meditation
848.133,73.8916,Y2_pre_hrv,Yoga,Pre-Meditation
848.977,71.09,Y2_pre_hrv,Yoga,Pre-Meditation
849.883,66.2252,Y2_pre_hrv,Yoga,Pre-Meditation
850.844,62.435,Y2_pre_hrv,Yoga,Pre-Meditation
851.805,62.435,Y2_pre_hrv,Yoga,Pre-Meditation
852.844,57.7478,Y2_pre_hrv,Yoga,Pre-Meditation
853.891,57.3066,Y2_pre_hrv,Yoga,Pre-Meditation
854.891,60.0,Y2_pre_hrv,Yoga,Pre-Meditation
855.844,62.9591,Y2_pre_hrv,Yoga,Pre-Meditation
856.805,62.435,Y2_pre_hrv,Yoga,Pre-Meditation
857.734,64.5161,Y2_pre_hrv,Yoga,Pre-Meditation
858.625,67.3401,Y2_pre_hrv,Yoga,Pre-Meditation
859.531,66.2252,Y2_pre_hrv,Yoga,Pre-Meditation
860.469,63.9659,Y2_pre_hrv,Yoga,Pre-Meditation
861.367,66.8151,Y2_pre_hrv,Yoga,Pre-Meditation
862.305,63.9659,Y2_pre_hrv,Yoga,Pre-Meditation
863.258,62.9591,Y2_pre_hrv,Yoga,Pre-Meditation
864.195,63.9659,Y2_pre_hrv,Yoga,Pre-Meditation
865.094,66.8151,Y2_pre_hrv,Yoga,Pre-Meditation
866.016,65.0759,Y2_pre_hrv,Yoga,Pre-Meditation
866.938,65.0759,Y2_pre_hrv,Yoga,Pre-Meditation
867.812,68.5714,Y2_pre_hrv,Yoga,Pre-Meditation
868.688,68.5714,Y2_pre_hrv,Yoga,Pre-Meditation
869.586,66.8151,Y2_pre_hrv,Yoga,Pre-Meditation
870.492,66.2252,Y2_pre_hrv,Yoga,Pre-Meditation
871.383,67.3401,Y2_pre_hrv,Yoga,Pre-Meditation
872.336,62.9591,Y2_pre_hrv,Yoga,Pre-Meditation
873.336,60.0,Y2_pre_hrv,Yoga,Pre-Meditation
874.305,61.9195,Y2_pre_hrv,Yoga,Pre-Meditation
875.242,63.9659,Y2_pre_hrv,Yoga,Pre-Meditation
876.18,63.9659,Y2_pre_hrv,Yoga,Pre-Meditation
877.078,66.8151,Y2_pre_hrv,Yoga,Pre-Meditation
877.938,69.8487,Y2_pre_hrv,Yoga,Pre-Meditation
878.836,66.8151,Y2_pre_hrv,Yoga,Pre-Meditation
879.789,62.9591,Y2_pre_hrv,Yoga,Pre-Meditation
880.688,66.8151,Y2_pre_hrv,Yoga,Pre-Meditation
881.633,63.4921,Y2_pre_hrv,Yoga,Pre-Meditation
882.617,60.9756,Y2_pre_hrv,Yoga,Pre-Meditation
883.578,62.435,Y2_pre_hrv,Yoga,Pre-Meditation
884.492,65.6455,Y2_pre_hrv,Yoga,Pre-Meditation
885.438,63.4921,Y2_pre_hrv,Yoga,Pre-Meditation
886.391,62.9591,Y2_pre_hrv,Yoga,Pre-Meditation
887.289,66.8151,Y2_pre_hrv,Yoga,Pre-Meditation
888.203,65.6455,Y2_pre_hrv,Yoga,Pre-Meditation
889.125,65.0759,Y2_pre_hrv,Yoga,Pre-Meditation
890.039,65.6455,Y2_pre_hrv,Yoga,Pre-Meditation
890.93,67.3401,Y2_pre_hrv,Yoga,Pre-Meditation
891.867,63.9659,Y2_pre_hrv,Yoga,Pre-Meditation
892.859,60.4839,Y2_pre_hrv,Yoga,Pre-Meditation
893.789,64.5161,Y2_pre_hrv,Yoga,Pre-Meditation
894.742,62.9591,Y2_pre_hrv,Yoga,Pre-Meditation
895.688,63.4921,Y2_pre_hrv,Yoga,Pre-Meditation
896.586,66.8151,Y2_pre_hrv,Yoga,Pre-Meditation
897.469,67.9502,Y2_pre_hrv,Yoga,Pre-Meditation
898.398,64.5161,Y2_pre_hrv,Yoga,Pre-Meditation
899.359,62.435,Y2_pre_hrv,Yoga,Pre-Meditation
900.25,67.3401,Y2_pre_hrv,Yoga,Pre-Meditation
901.172,65.0759,Y2_pre_hrv,Yoga,Pre-Meditation
902.133,62.435,Y2_pre_hrv,Yoga,Pre-Meditation
903.094,62.435,Y2_pre_hrv,Yoga,Pre-Meditation
904.031,63.9659,Y2_pre_hrv,Yoga,Pre-Meditation
905.0,61.9195,Y2_pre_hrv,Yoga,Pre-Meditation
905.969,61.9195,Y2_pre_hrv,Yoga,Pre-Meditation
906.891,65.0759,Y2_pre_hrv,Yoga,Pre-Meditation
907.797,66.2252,Y2_pre_hrv,Yoga,Pre-Meditation
908.695,66.8151,Y2_pre_hrv,Yoga,Pre-Meditation
909.57,68.5714,Y2_pre_hrv,Yoga,Pre-Meditation
910.414,71.09,Y2_pre_hrv,Yoga,Pre-Meditation
911.32,66.2252,Y2_pre_hrv,Yoga,Pre-Meditation
912.305,60.9756,Y2_pre_hrv,Yoga,Pre-Meditation
913.289,60.9756,Y2_pre_hrv,Yoga,Pre-Meditation
914.281,60.4839,Y2_pre_hrv,Yoga,Pre-Meditation
915.281,60.0,Y2_pre_hrv,Yoga,Pre-Meditation
916.234,62.9591,Y2_pre_hrv,Yoga,Pre-Meditation
917.094,69.8487,Y2_pre_hrv,Yoga,Pre-Meditation
917.953,69.8487,Y2_pre_hrv,Yoga,Pre-Meditation
918.828,68.5714,Y2_pre_hrv,Yoga,Pre-Meditation
919.719,67.3401,Y2_pre_hrv,Yoga,Pre-Meditation
920.578,69.8487,Y2_pre_hrv,Yoga,Pre-Meditation
921.5,65.0759,Y2_pre_hrv,Yoga,Pre-Meditation
922.453,62.9591,Y2_pre_hrv,Yoga,Pre-Meditation
923.383,64.5161,Y2_pre_hrv,Yoga,Pre-Meditation
924.297,65.6455,Y2_pre_hrv,Yoga,Pre-Meditation
925.227,64.5161,Y2_pre_hrv,Yoga,Pre-Meditation
926.133,66.2252,Y2_pre_hrv,Yoga,Pre-Meditation
927.008,68.5714,Y2_pre_hrv,Yoga,Pre-Meditation
927.906,66.8151,Y2_pre_hrv,Yoga,Pre-Meditation
928.844,63.9659,Y2_pre_hrv,Yoga,Pre-Meditation
929.727,67.9502,Y2_pre_hrv,Yoga,Pre-Meditation
930.648,65.0759,Y2_pre_hrv,Yoga,Pre-Meditation
931.594,63.4921,Y2_pre_hrv,Yoga,Pre-Meditation
932.555,62.435,Y2_pre_hrv,Yoga,Pre-Meditation
933.477,65.0759,Y2_pre_hrv,Yoga,Pre-Meditation
934.43,62.9591,Y2_pre_hrv,Yoga,Pre-Meditation
935.391,62.435,Y2_pre_hrv,Yoga,Pre-Meditation
936.289,66.8151,Y2_pre_hrv,Yoga,Pre-Meditation
937.203,65.6455,Y2_pre_hrv,Yoga,Pre-Meditation
938.117,65.6455,Y2_pre_hrv,Yoga,Pre-Meditation
938.969,70.4225,Y2_pre_hrv,Yoga,Pre-Meditation
939.781,73.8916,Y2_pre_hrv,Yoga,Pre-Meditation
940.609,72.4638,Y2_pre_hrv,Yoga,Pre-Meditation
941.453,71.09,Y2_pre_hrv,Yoga,Pre-Meditation
942.258,74.5342,Y2_pre_hrv,Yoga,Pre-Meditation
943.055,75.2823,Y2_pre_hrv,Yoga,Pre-Meditation
943.867,73.8916,Y2_pre_hrv,Yoga,Pre-Meditation
944.656,76.0456,Y2_pre_hrv,Yoga,Pre-Meditation
945.359,85.3485,Y2_pre_hrv,Yoga,Pre-Meditation
946.078,83.4492,Y2_pre_hrv,Yoga,Pre-Meditation
946.773,86.3309,Y2_pre_hrv,Yoga,Pre-Meditation
947.469,86.3309,Y2_pre_hrv,Yoga,Pre-Meditation
948.156,87.2093,Y2_pre_hrv,Yoga,Pre-Meditation
948.852,86.3309,Y2_pre_hrv,Yoga,Pre-Meditation
949.539,87.2093,Y2_pre_hrv,Yoga,Pre-Meditation
950.211,89.2857,Y2_pre_hrv,Yoga,Pre-Meditation
950.875,90.3614,Y2_pre_hrv,Yoga,Pre-Meditation
951.539,90.3614,Y2_pre_hrv,Yoga,Pre-Meditation
952.211,89.2857,Y2_pre_hrv,Yoga,Pre-Meditation
952.875,90.3614,Y2_pre_hrv,Yoga,Pre-Meditation
953.547,89.2857,Y2_pre_hrv,Yoga,Pre-Meditation
954.234,87.2093,Y2_pre_hrv,Yoga,Pre-Meditation
954.938,85.3485,Y2_pre_hrv,Yoga,Pre-Meditation
955.633,86.3309,Y2_pre_hrv,Yoga,Pre-Meditation
956.32,87.2093,Y2_pre_hrv,Yoga,Pre-Meditation
957.023,85.3485,Y2_pre_hrv,Yoga,Pre-Meditation
957.734,84.3882,Y2_pre_hrv,Yoga,Pre-Meditation
958.469,81.7439,Y2_pre_hrv,Yoga,Pre-Meditation
959.188,83.4492,Y2_pre_hrv,Yoga,Pre-Meditation
959.938,80.0,Y2_pre_hrv,Yoga,Pre-Meditation
960.734,75.2823,Y2_pre_hrv,Yoga,Pre-Meditation
961.609,68.5714,Y2_pre_hrv,Yoga,Pre-Meditation
962.453,71.09,Y2_pre_hrv,Yoga,Pre-Meditation
963.328,68.5714,Y2_pre_hrv,Yoga,Pre-Meditation
964.195,69.2042,Y2_pre_hrv,Yoga,Pre-Meditation
965.039,71.09,Y2_pre_hrv,Yoga,Pre-Meditation
965.844,74.5342,Y2_pre_hrv,Yoga,Pre-Meditation
966.68,71.7703,Y2_pre_hrv,Yoga,Pre-Meditation
967.531,70.4225,Y2_pre_hrv,Yoga,Pre-Meditation
968.43,66.8151,Y2_pre_hrv,Yoga,Pre-Meditation
969.406,61.4125,Y2_pre_hrv,Yoga,Pre-Meditation
970.383,61.4125,Y2_pre_hrv,Yoga,Pre-Meditation
971.312,64.5161,Y2_pre_hrv,Yoga,Pre-Meditation
972.211,66.8151,Y2_pre_hrv,Yoga,Pre-Meditation
973.141,64.5161,Y2_pre_hrv,Yoga,Pre-Meditation
974.07,64.5161,Y2_pre_hrv,Yoga,Pre-Meditation
974.922,70.4225,Y2_pre_hrv,Yoga,Pre-Meditation
975.789,69.2042,Y2_pre_hrv,Yoga,Pre-Meditation
976.688,66.8151,Y2_pre_hrv,Yoga,Pre-Meditation
977.578,67.3401,Y2_pre_hrv,Yoga,Pre-Meditation
978.445,69.2042,Y2_pre_hrv,Yoga,Pre-Meditation
979.367,65.0759,Y2_pre_hrv,Yoga,Pre-Meditation
980.273,66.2252,Y2_pre_hrv,Yoga,Pre-Meditation
981.102,72.4638,Y2_pre_hrv,Yoga,Pre-Meditation
981.93,72.4638,Y2_pre_hrv,Yoga,Pre-Meditation
982.773,71.09,Y2_pre_hrv,Yoga,Pre-Meditation
983.602,72.4638,Y2_pre_hrv,Yoga,Pre-Meditation
984.414,73.8916,Y2_pre_hrv,Yoga,Pre-Meditation
985.273,69.8487,Y2_pre_hrv,Yoga,Pre-Meditation
986.164,67.3401,Y2_pre_hrv,Yoga,Pre-Meditation
987.055,67.3401,Y2_pre_hrv,Yoga,Pre-Meditation
987.969,65.6455,Y2_pre_hrv,Yoga,Pre-Meditation
988.906,63.9659,Y2_pre_hrv,Yoga,Pre-Meditation
989.828,65.0759,Y2_pre_hrv,Yoga,Pre-Meditation
990.727,66.8151,Y2_pre_hrv,Yoga,Pre-Meditation
991.625,66.8151,Y2_pre_hrv,Yoga,Pre-Meditation
992.5,68.5714,Y2_pre_hrv,Yoga,Pre-Meditation
993.352,70.4225,Y2_pre_hrv,Yoga,Pre-Meditation
994.219,69.2042,Y2_pre_hrv,Yoga,Pre-Meditation
995.078,69.8487,Y2_pre_hrv,Yoga,Pre-Meditation
995.906,72.4638,Y2_pre_hrv,Yoga,Pre-Meditation
996.758,70.4225,Y2_pre_hrv,Yoga,Pre-Meditation
997.656,66.8151,Y2_pre_hrv,Yoga,Pre-Meditation
998.578,65.0759,Y2_pre_hrv,Yoga,Pre-Meditation
999.484,66.2252,Y2_pre_hrv,Yoga,Pre-Meditation
1000.438,62.9591,Y2_pre_hrv,Yoga,Pre-Meditation
1001.398,62.435,Y2_pre_hrv,Yoga,Pre-Meditation
1002.305,66.2252,Y2_pre_hrv,Yoga,Pre-Meditation
1003.211,66.2252,Y2_pre_hrv,Yoga,Pre-Meditation
1004.156,63.4921,Y2_pre_hrv,Yoga,Pre-Meditation
1005.086,64.5161,Y2_pre_hrv,Yoga,Pre-Meditation
1005.977,67.3401,Y2_pre_hrv,Yoga,Pre-Meditation
1006.875,66.8151,Y2_pre_hrv,Yoga,Pre-Meditation
1007.773,66.8151,Y2_pre_hrv,Yoga,Pre-Meditation
1008.719,63.4921,Y2_pre_hrv,Yoga,Pre-Meditation
1009.625,66.2252,Y2_pre_hrv,Yoga,Pre-Meditation
1010.562,63.9659,Y2_pre_hrv,Yoga,Pre-Meditation
1011.516,62.9591,Y2_pre_hrv,Yoga,Pre-Meditation
1012.398,67.9502,Y2_pre_hrv,Yoga,Pre-Meditation
1013.305,66.2252,Y2_pre_hrv,Yoga,Pre-Meditation
1014.211,66.2252,Y2_pre_hrv,Yoga,Pre-Meditation
1015.078,69.2042,Y2_pre_hrv,Yoga,Pre-Meditation
1015.977,66.8151,Y2_pre_hrv,Yoga,Pre-Meditation
1016.883,66.2252,Y2_pre_hrv,Yoga,Pre-Meditation
1017.805,65.0759,Y2_pre_hrv,Yoga,Pre-Meditation
1018.695,67.3401,Y2_pre_hrv,Yoga,Pre-Meditation
1019.609,65.6455,Y2_pre_hrv,Yoga,Pre-Meditation
1020.523,65.6455,Y2_pre_hrv,Yoga,Pre-Meditation
1021.359,71.7703,Y2_pre_hrv,Yoga,Pre-Meditation
1022.234,68.5714,Y2_pre_hrv,Yoga,Pre-Meditation
1023.133,66.8151,Y2_pre_hrv,Yoga,Pre-Meditation
1024.023,67.3401,Y2_pre_hrv,Yoga,Pre-Meditation
1024.914,67.3401,Y2_pre_hrv,Yoga,Pre-Meditation
1025.82,66.2252,Y2_pre_hrv,Yoga,Pre-Meditation
1026.727,66.2252,Y2_pre_hrv,Yoga,Pre-Meditation
1027.586,69.8487,Y2_pre_hrv,Yoga,Pre-Meditation
1028.453,69.2042,Y2_pre_hrv,Yoga,Pre-Meditation
1029.32,69.2042,Y2_pre_hrv,Yoga,Pre-Meditation
1030.18,69.8487,Y2_pre_hrv,Yoga,Pre-Meditation
1031.008,72.4638,Y2_pre_hrv,Yoga,Pre-Meditation
1031.883,68.5714,Y2_pre_hrv,Yoga,Pre-Meditation
1032.773,67.3401,Y2_pre_hrv,Yoga,Pre-Meditation
1033.648,68.5714,Y2_pre_hrv,Yoga,Pre-Meditation
1034.539,67.3401,Y2_pre_hrv,Yoga,Pre-Meditation
1035.461,65.0759,Y2_pre_hrv,Yoga,Pre-Meditation
1036.375,65.6455,Y2_pre_hrv,Yoga,Pre-Meditation
1037.25,68.5714,Y2_pre_hrv,Yoga,Pre-Meditation
1038.148,66.8151,Y2_pre_hrv,Yoga,Pre-Meditation
1039.078,64.5161,Y2_pre_hrv,Yoga,Pre-Meditation
1039.977,66.8151,Y2_pre_hrv,Yoga,Pre-Meditation
1040.883,66.2252,Y2_pre_hrv,Yoga,Pre-Meditation
1041.805,65.0759,Y2_pre_hrv,Yoga,Pre-Meditation
1042.727,65.0759,Y2_pre_hrv,Yoga,Pre-Meditation
1043.602,68.5714,Y2_pre_hrv,Yoga,Pre-Meditation
1044.531,64.5161,Y2_pre_hrv,Yoga,Pre-Meditation
1045.477,63.4921,Y2_pre_hrv,Yoga,Pre-Meditation
1046.359,67.9502,Y2_pre_hrv,Yoga,Pre-Meditation
1047.242,67.9502,Y2_pre_hrv,Yoga,Pre-Meditation
1048.141,66.8151,Y2_pre_hrv,Yoga,Pre-Meditation
1049.008,69.2042,Y2_pre_hrv,Yoga,Pre-Meditation
1049.859,70.4225,Y2_pre_hrv,Yoga,Pre-Meditation
1050.75,67.3401,Y2_pre_hrv,Yoga,Pre-Meditation
1051.648,66.8151,Y2_pre_hrv,Yoga,Pre-Meditation
1052.508,69.8487,Y2_pre_hrv,Yoga,Pre-Meditation
1053.375,69.2042,Y2_pre_hrv,Yoga,Pre-Meditation
1054.289,65.6455,Y2_pre_hrv,Yoga,Pre-Meditation
1055.164,68.5714,Y2_pre_hrv,Yoga,Pre-Meditation
1056.047,67.9502,Y2_pre_hrv,Yoga,Pre-Meditation
1056.977,64.5161,Y2_pre_hrv,Yoga,Pre-Meditation
1057.867,67.3401,Y2_pre_hrv,Yoga,Pre-Meditation
1058.719,70.4225,Y2_pre_hrv,Yoga,Pre-Meditation
1059.617,66.8151,Y2_pre_hrv,Yoga,Pre-Meditation
1060.539,65.0759,Y2_pre_hrv,Yoga,Pre-Meditation
1061.422,67.9502,Y2_pre_hrv,Yoga,Pre-Meditation
1062.328,66.2252,Y2_pre_hrv,Yoga,Pre-Meditation
1063.234,66.2252,Y2_pre_hrv,Yoga,Pre-Meditation
1064.086,70.4225,Y2_pre_hrv,Yoga,Pre-Meditation
1064.906,73.1707,Y2_pre_hrv,Yoga,Pre-Meditation
1065.773,69.2042,Y2_pre_hrv,Yoga,Pre-Meditation
1066.664,67.3401,Y2_pre_hrv,Yoga,Pre-Meditation
1067.531,69.2042,Y2_pre_hrv,Yoga,Pre-Meditation
1068.438,66.2252,Y2_pre_hrv,Yoga,Pre-Meditation
1069.375,63.9659,Y2_pre_hrv,Yoga,Pre-Meditation
1070.297,65.0759,Y2_pre_hrv,Yoga,Pre-Meditation
1071.219,65.0759,Y2_pre_hrv,Yoga,Pre-Meditation
1072.18,62.435,Y2_pre_hrv,Yoga,Pre-Meditation
1073.117,63.9659,Y2_pre_hrv,Yoga,Pre-Meditation
1073.977,69.8487,Y2_pre_hrv,Yoga,Pre-Meditation
1074.852,68.5714,Y2_pre_hrv,Yoga,Pre-Meditation
1075.711,69.8487,Y2_pre_hrv,Yoga,Pre-Meditation
1076.555,71.09,Y2_pre_hrv,Yoga,Pre-Meditation
1077.406,70.4225,Y2_pre_hrv,Yoga,Pre-Meditation
1078.312,66.2252,Y2_pre_hrv,Yoga,Pre-Meditation
1079.227,65.6455,Y2_pre_hrv,Yoga,Pre-Meditation
1080.086,69.8487,Y2_pre_hrv,Yoga,Pre-Meditation
1081.016,64.5161,Y2_pre_hrv,Yoga,Pre-Meditation
1081.969,62.9591,Y2_pre_hrv,Yoga,Pre-Meditation
1082.859,67.3401,Y2_pre_hrv,Yoga,Pre-Meditation
1083.75,67.3401,Y2_pre_hrv,Yoga,Pre-Meditation
1084.625,68.5714,Y2_pre_hrv,Yoga,Pre-Meditation
1085.438,73.8916,Y2_pre_hrv,Yoga,Pre-Meditation
1086.219,76.8246,Y2_pre_hrv,Yoga,Pre-Meditation
1086.992,77.6197,Y2_pre_hrv,Yoga,Pre-Meditation
1087.719,82.5309,Y2_pre_hrv,Yoga,Pre-Meditation
1088.414,86.3309,Y2_pre_hrv,Yoga,Pre-Meditation
1089.109,86.3309,Y2_pre_hrv,Yoga,Pre-Meditation
1089.781,89.2857,Y2_pre_hrv,Yoga,Pre-Meditation
1090.438,91.4634,Y2_pre_hrv,Yoga,Pre-Meditation
1091.094,91.4634,Y2_pre_hrv,Yoga,Pre-Meditation
1091.742,92.5926,Y2_pre_hrv,Yoga,Pre-Meditation
1092.383,93.6037,Y2_pre_hrv,Yoga,Pre-Meditation
1093.016,94.7867,Y2_pre_hrv,Yoga,Pre-Meditation
1093.648,94.7867,Y2_pre_hrv,Yoga,Pre-Meditation
1094.305,91.4634,Y2_pre_hrv,Yoga,Pre-Meditation
1094.977,89.2857,Y2_pre_hrv,Yoga,Pre-Meditation
1095.711,81.7439,Y2_pre_hrv,Yoga,Pre-Meditation
1096.477,78.329,Y2_pre_hrv,Yoga,Pre-Meditation
1097.266,76.0456,Y2_pre_hrv,Yoga,Pre-Meditation
1098.031,78.329,Y2_pre_hrv,Yoga,Pre-Meditation
1098.742,84.3882,Y2_pre_hrv,Yoga,Pre-Meditation
1099.461,83.4492,Y2_pre_hrv,Yoga,Pre-Meditation
1100.18,83.4492,Y2_pre_hrv,Yoga,Pre-Meditation
1100.922,80.8625,Y2_pre_hrv,Yoga,Pre-Meditation
1101.641,83.4492,Y2_pre_hrv,Yoga,Pre-Meditation
1102.359,83.4492,Y2_pre_hrv,Yoga,Pre-Meditation
1103.117,79.1557,Y2_pre_hrv,Yoga,Pre-Meditation
1103.938,73.1707,Y2_pre_hrv,Yoga,Pre-Meditation
1104.773,71.7703,Y2_pre_hrv,Yoga,Pre-Meditation
1105.547,77.6197,Y2_pre_hrv,Yoga,Pre-Meditation
1106.344,75.2823,Y2_pre_hrv,Yoga,Pre-Meditation
1107.148,74.5342,Y2_pre_hrv,Yoga,Pre-Meditation
1107.992,71.09,Y2_pre_hrv,Yoga,Pre-Meditation
1108.82,72.4638,Y2_pre_hrv,Yoga,Pre-Meditation
1109.633,73.8916,Y2_pre_hrv,Yoga,Pre-Meditation
1110.484,70.4225,Y2_pre_hrv,Yoga,Pre-Meditation
1111.352,69.2042,Y2_pre_hrv,Yoga,Pre-Meditation
1112.242,67.3401,Y2_pre_hrv,Yoga,Pre-Meditation
1113.086,71.09,Y2_pre_hrv,Yoga,Pre-Meditation
1113.914,72.4638,Y2_pre_hrv,Yoga,Pre-Meditation
1114.766,70.4225,Y2_pre_hrv,Yoga,Pre-Meditation
1115.625,69.8487,Y2_pre_hrv,Yoga,Pre-Meditation
1116.422,75.2823,Y2_pre_hrv,Yoga,Pre-Meditation
1117.25,72.4638,Y2_pre_hrv,Yoga,Pre-Meditation
1118.109,69.8487,Y2_pre_hrv,Yoga,Pre-Meditation
1119.0,67.3401,Y2_pre_hrv,Yoga,Pre-Meditation
1119.867,69.2042,Y2_pre_hrv,Yoga,Pre-Meditation
1120.781,65.6455,Y2_pre_hrv,Yoga,Pre-Meditation
1121.727,63.4921,Y2_pre_hrv,Yoga,Pre-Meditation
1122.672,63.4921,Y2_pre_hrv,Yoga,Pre-Meditation
1123.586,65.6455,Y2_pre_hrv,Yoga,Pre-Meditation
1124.5,65.6455,Y2_pre_hrv,Yoga,Pre-Meditation
1125.43,64.5161,Y2_pre_hrv,Yoga,Pre-Meditation
1126.336,66.2252,Y2_pre_hrv,Yoga,Pre-Meditation
1127.234,66.8151,Y2_pre_hrv,Yoga,Pre-Meditation
1128.156,65.0759,Y2_pre_hrv,Yoga,Pre-Meditation
1129.094,63.9659,Y2_pre_hrv,Yoga,Pre-Meditation
1129.992,66.8151,Y2_pre_hrv,Yoga,Pre-Meditation
1130.914,65.0759,Y2_pre_hrv,Yoga,Pre-Meditation
1131.852,63.9659,Y2_pre_hrv,Yoga,Pre-Meditation
1132.758,66.2252,Y2_pre_hrv,Yoga,Pre-Meditation
1133.633,68.5714,Y2_pre_hrv,Yoga,Pre-Meditation
1134.508,68.5714,Y2_pre_hrv,Yoga,Pre-Meditation
1135.398,67.3401,Y2_pre_hrv,Yoga,Pre-Meditation
1136.281,67.9502,Y2_pre_hrv,Yoga,Pre-Meditation
1137.164,67.9502,Y2_pre_hrv,Yoga,Pre-Meditation
1138.109,63.4921,Y2_pre_hrv,Yoga,Pre-Meditation
1139.086,61.4125,Y2_pre_hrv,Yoga,Pre-Meditation
1139.984,66.8151,Y2_pre_hrv,Yoga,Pre-Meditation
1140.875,67.3401,Y2_pre_hrv,Yoga,Pre-Meditation
1141.719,71.09,Y2_pre_hrv,Yoga,Pre-Meditation
1142.531,73.8916,Y2_pre_hrv,Yoga,Pre-Meditation
1143.289,79.1557,Y2_pre_hrv,Yoga,Pre-Meditation
1144.062,77.6197,Y2_pre_hrv,Yoga,Pre-Meditation
1144.906,71.09,Y2_pre_hrv,Yoga,Pre-Meditation
1145.898,60.4839,Y2_pre_hrv,Yoga,Pre-Meditation
1146.914,59.0551,Y2_pre_hrv,Yoga,Pre-Meditation
1147.938,58.651,Y2_pre_hrv,Yoga,Pre-Meditation
1148.93,60.4839,Y2_pre_hrv,Yoga,Pre-Meditation
1149.883,62.9591,Y2_pre_hrv,Yoga,Pre-Meditation
1150.766,67.9502,Y2_pre_hrv,Yoga,Pre-Meditation
1151.648,67.9502,Y2_pre_hrv,Yoga,Pre-Meditation
1152.531,67.9502,Y2_pre_hrv,Yoga,Pre-Meditation
1153.398,69.2042,Y2_pre_hrv,Yoga,Pre-Meditation
1154.266,69.2042,Y2_pre_hrv,Yoga,Pre-Meditation
1155.18,65.6455,Y2_pre_hrv,Yoga,Pre-Meditation
1156.094,65.6455,Y2_pre_hrv,Yoga,Pre-Meditation
1156.961,69.2042,Y2_pre_hrv,Yoga,Pre-Meditation
1157.867,66.2252,Y2_pre_hrv,Yoga,Pre-Meditation
1158.82,62.9591,Y2_pre_hrv,Yoga,Pre-Meditation
1159.766,63.4921,Y2_pre_hrv,Yoga,Pre-Meditation
1160.68,65.6455,Y2_pre_hrv,Yoga,Pre-Meditation
1161.617,63.9659,Y2_pre_hrv,Yoga,Pre-Meditation
1162.539,65.0759,Y2_pre_hrv,Yoga,Pre-Meditation
1163.422,67.9502,Y2_pre_hrv,Yoga,Pre-Meditation
1164.273,70.4225,Y2_pre_hrv,Yoga,Pre-Meditation
1165.148,68.5714,Y2_pre_hrv,Yoga,Pre-Meditation
1166.07,65.0759,Y2_pre_hrv,Yoga,Pre-Meditation
1167.0,64.5161,Y2_pre_hrv,Yoga,Pre-Meditation
1167.914,65.6455,Y2_pre_hrv,Yoga,Pre-Meditation
1168.828,65.6455,Y2_pre_hrv,Yoga,Pre-Meditation
1169.75,65.0759,Y2_pre_hrv,Yoga,Pre-Meditation
1170.641,67.3401,Y2_pre_hrv,Yoga,Pre-Meditation
1171.523,67.9502,Y2_pre_hrv,Yoga,Pre-Meditation
1172.43,66.2252,Y2_pre_hrv,Yoga,Pre-Meditation
1173.352,65.0759,Y2_pre_hrv,Yoga,Pre-Meditation
1174.227,68.5714,Y2_pre_hrv,Yoga,Pre-Meditation
1175.156,64.5161,Y2_pre_hrv,Yoga,Pre-Meditation
1176.117,62.435,Y2_pre_hrv,Yoga,Pre-Meditation
1177.07,62.9591,Y2_pre_hrv,Yoga,Pre-Meditation
1177.961,67.3401,Y2_pre_hrv,Yoga,Pre-Meditation
1178.875,65.6455,Y2_pre_hrv,Yoga,Pre-Meditation
1179.828,62.9591,Y2_pre_hrv,Yoga,Pre-Meditation
1180.781,62.9591,Y2_pre_hrv,Yoga,Pre-Meditation
1181.703,65.0759,Y2_pre_hrv,Yoga,Pre-Meditation
1182.648,63.4921,Y2_pre_hrv,Yoga,Pre-Meditation
1183.586,63.9659,Y2_pre_hrv,Yoga,Pre-Meditation
1184.484,66.8151,Y2_pre_hrv,Yoga,Pre-Meditation
1185.445,62.435,Y2_pre_hrv,Yoga,Pre-Meditation
1186.477,58.1959,Y2_pre_hrv,Yoga,Pre-Meditation
1187.5,58.651,Y2_pre_hrv,Yoga,Pre-Meditation
1188.469,61.9195,Y2_pre_hrv,Yoga,Pre-Meditation
1189.422,62.9591,Y2_pre_hrv,Yoga,Pre-Meditation
1190.367,63.4921,Y2_pre_hrv,Yoga,Pre-Meditation
1191.242,68.5714,Y2_pre_hrv,Yoga,Pre-Meditation
1192.117,68.5714,Y2_pre_hrv,Yoga,Pre-Meditation
1193.039,65.0759,Y2_pre_hrv,Yoga,Pre-Meditation
1193.984,63.4921,Y2_pre_hrv,Yoga,Pre-Meditation
1194.906,65.0759,Y2_pre_hrv,Yoga,Pre-Meditation
1195.883,61.4125,Y2_pre_hrv,Yoga,Pre-Meditation
1196.867,60.9756,Y2_pre_hrv,Yoga,Pre-Meditation
1197.812,63.4921,Y2_pre_hrv,Yoga,Pre-Meditation
1198.758,63.4921,Y2_pre_hrv,Yoga,Pre-Meditation
1199.695,63.9659,Y2_pre_hrv,Yoga,Pre-Meditation
1200.578,67.9502,Y2_pre_hrv,Yoga,Pre-Meditation
1201.492,65.6455,Y2_pre_hrv,Yoga,Pre-Meditation
1202.445,62.9591,Y2_pre_hrv,Yoga,Pre-Meditation
1203.43,60.9756,Y2_pre_hrv,Yoga,Pre-Meditation
1204.367,63.9659,Y2_pre_hrv,Yoga,Pre-Meditation
1205.32,62.9591,Y2_pre_hrv,Yoga,Pre-Meditation
1206.281,62.435,Y2_pre_hrv,Yoga,Pre-Meditation
1207.188,66.2252,Y2_pre_hrv,Yoga,Pre-Meditation
1208.109,65.0759,Y2_pre_hrv,Yoga,Pre-Meditation
1209.078,61.9195,Y2_pre_hrv,Yoga,Pre-Meditation
1210.039,62.435,Y2_pre_hrv,Yoga,Pre-Meditation
1210.977,63.9659,Y2_pre_hrv,Yoga,Pre-Meditation
1211.93,62.9591,Y2_pre_hrv,Yoga,Pre-Meditation
1212.875,63.4921,Y2_pre_hrv,Yoga,Pre-Meditation
1213.781,66.2252,Y2_pre_hrv,Yoga,Pre-Meditation
1214.656,68.5714,Y2_pre_hrv,Yoga,Pre-Meditation
1215.539,67.9502,Y2_pre_hrv,Yoga,Pre-Meditation
1216.477,63.9659,Y2_pre_hrv,Yoga,Pre-Meditation
1217.398,65.0759,Y2_pre_hrv,Yoga,Pre-Meditation
1218.32,65.0759,Y2_pre_hrv,Yoga,Pre-Meditation
1219.219,66.8151,Y2_pre_hrv,Yoga,Pre-Meditation
1220.078,69.8487,Y2_pre_hrv,Yoga,Pre-Meditation
1220.883,74.5342,Y2_pre_hrv,Yoga,Pre-Meditation
1221.703,73.1707,Y2_pre_hrv,Yoga,Pre-Meditation
1222.531,72.4638,Y2_pre_hrv,Yoga,Pre-Meditation
1223.391,69.8487,Y2_pre_hrv,Yoga,Pre-Meditation
1224.289,66.8151,Y2_pre_hrv,Yoga,Pre-Meditation
1225.25,62.435,Y2_pre_hrv,Yoga,Pre-Meditation
1226.211,62.435,Y2_pre_hrv,Yoga,Pre-Meditation
1227.109,66.8151,Y2_pre_hrv,Yoga,Pre-Meditation
1228.016,66.2252,Y2_pre_hrv,Yoga,Pre-Meditation
1228.852,71.7703,Y2_pre_hrv,Yoga,Pre-Meditation
1229.617,78.329,Y2_pre_hrv,Yoga,Pre-Meditation
1230.352,81.7439,Y2_pre_hrv,Yoga,Pre-Meditation
1231.062,84.3882,Y2_pre_hrv,Yoga,Pre-Meditation
1231.773,84.3882,Y2_pre_hrv,Yoga,Pre-Meditation
1232.469,86.3309,Y2_pre_hrv,Yoga,Pre-Meditation
1233.172,85.3485,Y2_pre_hrv,Yoga,Pre-Meditation
1233.938,78.329,Y2_pre_hrv,Yoga,Pre-Meditation
1234.867,64.5161,Y2_pre_hrv,Yoga,Pre-Meditation
1235.844,61.4125,Y2_pre_hrv,Yoga,Pre-Meditation
1236.734,67.3401,Y2_pre_hrv,Yoga,Pre-Meditation
1237.594,69.8487,Y2_pre_hrv,Yoga,Pre-Meditation
1238.398,74.5342,Y2_pre_hrv,Yoga,Pre-Meditation
1239.172,77.6197,Y2_pre_hrv,Yoga,Pre-Meditation
1239.922,80.0,Y2_pre_hrv,Yoga,Pre-Meditation
1240.68,79.1557,Y2_pre_hrv,Yoga,Pre-Meditation
1241.484,74.5342,Y2_pre_hrv,Yoga,Pre-Meditation
1242.312,72.4638,Y2_pre_hrv,Yoga,Pre-Meditation
1243.141,72.4638,Y2_pre_hrv,Yoga,Pre-Meditation
1244.031,67.3401,Y2_pre_hrv,Yoga,Pre-Meditation
1244.969,63.9659,Y2_pre_hrv,Yoga,Pre-Meditation
1245.898,64.5161,Y2_pre_hrv,Yoga,Pre-Meditation
1246.836,63.9659,Y2_pre_hrv,Yoga,Pre-Meditation
1247.773,63.9659,Y2_pre_hrv,Yoga,Pre-Meditation
1248.68,66.2252,Y2_pre_hrv,Yoga,Pre-Meditation
1249.547,69.2042,Y2_pre_hrv,Yoga,Pre-Meditation
1250.422,68.5714,Y2_pre_hrv,Yoga,Pre-Meditation
1251.305,67.9502,Y2_pre_hrv,Yoga,Pre-Meditation
1252.172,69.2042,Y2_pre_hrv,Yoga,Pre-Meditation
1252.992,73.1707,Y2_pre_hrv,Yoga,Pre-Meditation
1253.82,72.4638,Y2_pre_hrv,Yoga,Pre-Meditation
1254.711,67.3401,Y2_pre_hrv,Yoga,Pre-Meditation
1255.617,66.2252,Y2_pre_hrv,Yoga,Pre-Meditation
1256.555,63.9659,Y2_pre_hrv,Yoga,Pre-Meditation
1257.547,60.4839,Y2_pre_hrv,Yoga,Pre-Meditation
1258.523,61.4125,Y2_pre_hrv,Yoga,Pre-Meditation
1259.438,65.6455,Y2_pre_hrv,Yoga,Pre-Meditation
1260.367,64.5161,Y2_pre_hrv,Yoga,Pre-Meditation
1261.305,63.9659,Y2_pre_hrv,Yoga,Pre-Meditation
1262.188,67.9502,Y2_pre_hrv,Yoga,Pre-Meditation
1263.094,66.2252,Y2_pre_hrv,Yoga,Pre-Meditation
1264.023,64.5161,Y2_pre_hrv,Yoga,Pre-Meditation
1264.945,65.0759,Y2_pre_hrv,Yoga,Pre-Meditation
1265.867,65.0759,Y2_pre_hrv,Yoga,Pre-Meditation
1266.797,64.5161,Y2_pre_hrv,Yoga,Pre-Meditation
1267.68,67.9502,Y2_pre_hrv,Yoga,Pre-Meditation
1268.578,66.8151,Y2_pre_hrv,Yoga,Pre-Meditation
1269.5,65.0759,Y2_pre_hrv,Yoga,Pre-Meditation
1270.438,63.9659,Y2_pre_hrv,Yoga,Pre-Meditation
1271.32,67.9502,Y2_pre_hrv,Yoga,Pre-Meditation
1272.227,66.2252,Y2_pre_hrv,Yoga,Pre-Meditation
1273.156,64.5161,Y2_pre_hrv,Yoga,Pre-Meditation
1274.062,66.2252,Y2_pre_hrv,Yoga,Pre-Meditation
1274.977,65.6455,Y2_pre_hrv,Yoga,Pre-Meditation
1275.914,63.9659,Y2_pre_hrv,Yoga,Pre-Meditation
1276.828,65.6455,Y2_pre_hrv,Yoga,Pre-Meditation
1277.711,67.9502,Y2_pre_hrv,Yoga,Pre-Meditation
1278.625,65.6455,Y2_pre_hrv,Yoga,Pre-Meditation
1279.555,64.5161,Y2_pre_hrv,Yoga,Pre-Meditation
1280.422,69.2042,Y2_pre_hrv,Yoga,Pre-Meditation
1281.344,65.0759,Y2_pre_hrv,Yoga,Pre-Meditation
1282.281,63.9659,Y2_pre_hrv,Yoga,Pre-Meditation
1283.18,66.8151,Y2_pre_hrv,Yoga,Pre-Meditation
1284.102,65.0759,Y2_pre_hrv,Yoga,Pre-Meditation
1285.055,62.9591,Y2_pre_hrv,Yoga,Pre-Meditation
1286.008,62.9591,Y2_pre_hrv,Yoga,Pre-Meditation
1286.906,66.8151,Y2_pre_hrv,Yoga,Pre-Meditation
1287.82,65.6455,Y2_pre_hrv,Yoga,Pre-Meditation
1288.75,64.5161,Y2_pre_hrv,Yoga,Pre-Meditation
1289.625,68.5714,Y2_pre_hrv,Yoga,Pre-Meditation
1290.516,67.3401,Y2_pre_hrv,Yoga,Pre-Meditation
1291.438,65.0759,Y2_pre_hrv,Yoga,Pre-Meditation
1292.359,65.0759,Y2_pre_hrv,Yoga,Pre-Meditation
1293.25,67.3401,Y2_pre_hrv,Yoga,Pre-Meditation
1294.164,65.6455,Y2_pre_hrv,Yoga,Pre-Meditation
1295.109,63.4921,Y2_pre_hrv,Yoga,Pre-Meditation
1296.047,63.9659,Y2_pre_hrv,Yoga,Pre-Meditation
1296.977,64.5161,Y2_pre_hrv,Yoga,Pre-Meditation
1297.914,63.9659,Y2_pre_hrv,Yoga,Pre-Meditation
1298.852,63.9659,Y2_pre_hrv,Yoga,Pre-Meditation
1299.719,69.2042,Y2_pre_hrv,Yoga,Pre-Meditation
1300.617,66.8151,Y2_pre_hrv,Yoga,Pre-Meditation
1301.562,63.4921,Y2_pre_hrv,Yoga,Pre-Meditation
1302.477,65.6455,Y2_pre_hrv,Yoga,Pre-Meditation
1303.383,66.2252,Y2_pre_hrv,Yoga,Pre-Meditation
1304.328,63.4921,Y2_pre_hrv,Yoga,Pre-Meditation
1305.281,62.9591,Y2_pre_hrv,Yoga,Pre-Meditation
1306.148,69.2042,Y2_pre_hrv,Yoga,Pre-Meditation
1307.023,68.5714,Y2_pre_hrv,Yoga,Pre-Meditation
1307.891,69.2042,Y2_pre_hrv,Yoga,Pre-Meditation
1308.727,71.7703,Y2_pre_hrv,Yoga,Pre-Meditation
1309.555,72.4638,Y2_pre_hrv,Yoga,Pre-Meditation
1310.438,67.9502,Y2_pre_hrv,Yoga,Pre-Meditation
1311.391,62.9591,Y2_pre_hrv,Yoga,Pre-Meditation
1312.336,63.4921,Y2_pre_hrv,Yoga,Pre-Meditation
1313.273,63.9659,Y2_pre_hrv,Yoga,Pre-Meditation
1534.453,102.389,Y2_med_hrv,Yoga,Meditation
1535.062,98.5222,Y2_med_hrv,Yoga,Meditation
1535.727,90.3614,Y2_med_hrv,Yoga,Meditation
1536.414,87.2093,Y2_med_hrv,Yoga,Meditation
1537.094,88.2353,Y2_med_hrv,Yoga,Meditation
1537.758,90.3614,Y2_med_hrv,Yoga,Meditation
1538.438,88.2353,Y2_med_hrv,Yoga,Meditation
1539.086,92.5926,Y2_med_hrv,Yoga,Meditation
1539.711,96.0,Y2_med_hrv,Yoga,Meditation
1540.328,97.2447,Y2_med_hrv,Yoga,Meditation
1540.93,99.6678,Y2_med_hrv,Yoga,Meditation
1541.523,101.01,Y2_med_hrv,Yoga,Meditation
1542.102,103.806,Y2_med_hrv,Yoga,Meditation
1542.688,102.389,Y2_med_hrv,Yoga,Meditation
1543.258,105.263,Y2_med_hrv,Yoga,Meditation
1543.867,98.5222,Y2_med_hrv,Yoga,Meditation
1544.477,98.5222,Y2_med_hrv,Yoga,Meditation
1545.141,90.3614,Y2_med_hrv,Yoga,Meditation
1545.82,88.2353,Y2_med_hrv,Yoga,Meditation
1546.461,93.6037,Y2_med_hrv,Yoga,Meditation
1547.133,89.2857,Y2_med_hrv,Yoga,Meditation
1547.758,96.0,Y2_med_hrv,Yoga,Meditation
1548.383,96.0,Y2_med_hrv,Yoga,Meditation
1548.984,99.6678,Y2_med_hrv,Yoga,Meditation
1549.578,101.01,Y2_med_hrv,Yoga,Meditation
1550.156,103.806,Y2_med_hrv,Yoga,Meditation
1550.75,101.01,Y2_med_hrv,Yoga,Meditation
1551.336,102.389,Y2_med_hrv,Yoga,Meditation
1551.953,97.2447,Y2_med_hrv,Yoga,Meditation
1552.586,94.7867,Y2_med_hrv,Yoga,Meditation
1553.258,89.2857,Y2_med_hrv,Yoga,Meditation
1553.945,87.2093,Y2_med_hrv,Yoga,Meditation
1554.656,84.3882,Y2_med_hrv,Yoga,Meditation
1555.586,64.5161,Y2_med_hrv,Yoga,Meditation
1556.453,69.2042,Y2_med_hrv,Yoga,Meditation
1557.289,71.7703,Y2_med_hrv,Yoga,Meditation
1558.039,80.0,Y2_med_hrv,Yoga,Meditation
1558.875,71.7703,Y2_med_hrv,Yoga,Meditation
1559.594,83.4492,Y2_med_hrv,Yoga,Meditation
1560.234,93.6037,Y2_med_hrv,Yoga,Meditation
1560.852,97.2447,Y2_med_hrv,Yoga,Meditation
1561.469,97.2447,Y2_med_hrv,Yoga,Meditation
1562.055,102.389,Y2_med_hrv,Yoga,Meditation
1562.656,99.6678,Y2_med_hrv,Yoga,Meditation
1563.258,99.6678,Y2_med_hrv,Yoga,Meditation
1563.867,98.5222,Y2_med_hrv,Yoga,Meditation
1564.5,94.7867,Y2_med_hrv,Yoga,Meditation
1565.219,83.4492,Y2_med_hrv,Yoga,Meditation
1565.93,84.3882,Y2_med_hrv,Yoga,Meditation
1566.633,85.3485,Y2_med_hrv,Yoga,Meditation
1567.312,88.2353,Y2_med_hrv,Yoga,Meditation
1567.977,90.3614,Y2_med_hrv,Yoga,Meditation
1568.609,94.7867,Y2_med_hrv,Yoga,Meditation
1569.227,97.2447,Y2_med_hrv,Yoga,Meditation
1569.82,101.01,Y2_med_hrv,Yoga,Meditation
1570.406,102.389,Y2_med_hrv,Yoga,Meditation
1570.969,106.762,Y2_med_hrv,Yoga,Meditation
1571.523,108.108,Y2_med_hrv,Yoga,Meditation
1572.094,105.263,Y2_med_hrv,Yoga,Meditation
1572.664,105.263,Y2_med_hrv,Yoga,Meditation
1573.266,99.6678,Y2_med_hrv,Yoga,Meditation
1573.93,90.3614,Y2_med_hrv,Yoga,Meditation
1574.602,89.2857,Y2_med_hrv,Yoga,Meditation
1575.266,90.3614,Y2_med_hrv,Yoga,Meditation
1575.906,93.6037,Y2_med_hrv,Yoga,Meditation
1576.539,94.7867,Y2_med_hrv,Yoga,Meditation
1577.164,96.0,Y2_med_hrv,Yoga,Meditation
1577.781,97.2447,Y2_med_hrv,Yoga,Meditation
1578.375,101.01,Y2_med_hrv,Yoga,Meditation
1578.984,98.5222,Y2_med_hrv,Yoga,Meditation
1579.602,97.2447,Y2_med_hrv,Yoga,Meditation
1580.211,98.5222,Y2_med_hrv,Yoga,Meditation
1580.859,92.5926,Y2_med_hrv,Yoga,Meditation
1581.523,90.3614,Y2_med_hrv,Yoga,Meditation
1582.18,91.4634,Y2_med_hrv,Yoga,Meditation
1582.828,92.5926,Y2_med_hrv,Yoga,Meditation
1583.461,94.7867,Y2_med_hrv,Yoga,Meditation
1584.07,98.5222,Y2_med_hrv,Yoga,Meditation
1584.664,101.01,Y2_med_hrv,Yoga,Meditation
1585.242,103.806,Y2_med_hrv,Yoga,Meditation
1585.797,108.108,Y2_med_hrv,Yoga,Meditation
1586.359,106.762,Y2_med_hrv,Yoga,Meditation
1586.914,108.108,Y2_med_hrv,Yoga,Meditation
1587.5,102.389,Y2_med_hrv,Yoga,Meditation
1588.148,92.5926,Y2_med_hrv,Yoga,Meditation
1588.93,76.8246,Y2_med_hrv,Yoga,Meditation
1589.828,66.8151,Y2_med_hrv,Yoga,Meditation
1590.797,61.9195,Y2_med_hrv,Yoga,Meditation
1591.742,63.4921,Y2_med_hrv,Yoga,Meditation
1592.641,66.8151,Y2_med_hrv,Yoga,Meditation
1593.484,71.09,Y2_med_hrv,Yoga,Meditation
1594.203,83.4492,Y2_med_hrv,Yoga,Meditation
1594.883,88.2353,Y2_med_hrv,Yoga,Meditation
1595.516,94.7867,Y2_med_hrv,Yoga,Meditation
1596.117,99.6678,Y2_med_hrv,Yoga,Meditation
1596.711,101.01,Y2_med_hrv,Yoga,Meditation
1597.281,105.263,Y2_med_hrv,Yoga,Meditation
1597.844,106.762,Y2_med_hrv,Yoga,Meditation
1598.406,106.762,Y2_med_hrv,Yoga,Meditation
1598.969,106.762,Y2_med_hrv,Yoga,Meditation
1599.57,99.6678,Y2_med_hrv,Yoga,Meditation
1600.289,83.4492,Y2_med_hrv,Yoga,Meditation
1601.141,70.4225,Y2_med_hrv,Yoga,Meditation
1602.0,69.8487,Y2_med_hrv,Yoga,Meditation
1602.844,71.09,Y2_med_hrv,Yoga,Meditation
1603.664,73.1707,Y2_med_hrv,Yoga,Meditation
1604.406,80.8625,Y2_med_hrv,Yoga,Meditation
1605.07,90.3614,Y2_med_hrv,Yoga,Meditation
1605.711,93.6037,Y2_med_hrv,Yoga,Meditation
1606.32,98.5222,Y2_med_hrv,Yoga,Meditation
1606.922,99.6678,Y2_med_hrv,Yoga,Meditation
1607.492,105.263,Y2_med_hrv,Yoga,Meditation
1608.062,105.263,Y2_med_hrv,Yoga,Meditation
1608.625,106.762,Y2_med_hrv,Yoga,Meditation
1609.195,105.263,Y2_med_hrv,Yoga,Meditation
1609.781,102.389,Y2_med_hrv,Yoga,Meditation
1610.414,94.7867,Y2_med_hrv,Yoga,Meditation
1611.102,87.2093,Y2_med_hrv,Yoga,Meditation
1611.82,83.4492,Y2_med_hrv,Yoga,Meditation
1612.516,86.3309,Y2_med_hrv,Yoga,Meditation
1613.195,88.2353,Y2_med_hrv,Yoga,Meditation
1613.852,91.4634,Y2_med_hrv,Yoga,Meditation
1614.492,93.6037,Y2_med_hrv,Yoga,Meditation
1615.117,96.0,Y2_med_hrv,Yoga,Meditation
1615.711,101.01,Y2_med_hrv,Yoga,Meditation
1616.336,96.0,Y2_med_hrv,Yoga,Meditation
1616.938,99.6678,Y2_med_hrv,Yoga,Meditation
1617.531,101.01,Y2_med_hrv,Yoga,Meditation
1618.141,98.5222,Y2_med_hrv,Yoga,Meditation
1618.766,96.0,Y2_med_hrv,Yoga,Meditation
1619.414,92.5926,Y2_med_hrv,Yoga,Meditation
1620.062,92.5926,Y2_med_hrv,Yoga,Meditation
1620.711,92.5926,Y2_med_hrv,Yoga,Meditation
1621.336,96.0,Y2_med_hrv,Yoga,Meditation
1621.953,97.2447,Y2_med_hrv,Yoga,Meditation
1622.555,99.6678,Y2_med_hrv,Yoga,Meditation
1623.133,103.806,Y2_med_hrv,Yoga,Meditation
1623.711,103.806,Y2_med_hrv,Yoga,Meditation
1624.273,106.762,Y2_med_hrv,Yoga,Meditation
1624.82,109.689,Y2_med_hrv,Yoga,Meditation
1625.375,108.108,Y2_med_hrv,Yoga,Meditation
1625.93,108.108,Y2_med_hrv,Yoga,Meditation
1626.5,105.263,Y2_med_hrv,Yoga,Meditation
1627.078,103.806,Y2_med_hrv,Yoga,Meditation
1627.664,102.389,Y2_med_hrv,Yoga,Meditation
1628.258,101.01,Y2_med_hrv,Yoga,Meditation
1628.852,101.01,Y2_med_hrv,Yoga,Meditation
1629.438,102.389,Y2_med_hrv,Yoga,Meditation
1630.023,102.389,Y2_med_hrv,Yoga,Meditation
1630.602,103.806,Y2_med_hrv,Yoga,Meditation
1631.18,103.806,Y2_med_hrv,Yoga,Meditation
1631.742,106.762,Y2_med_hrv,Yoga,Meditation
1632.312,105.263,Y2_med_hrv,Yoga,Meditation
1632.875,106.762,Y2_med_hrv,Yoga,Meditation
1633.461,102.389,Y2_med_hrv,Yoga,Meditation
1634.094,94.7867,Y2_med_hrv,Yoga,Meditation
1634.945,70.4225,Y2_med_hrv,Yoga,Meditation
1635.766,73.1707,Y2_med_hrv,Yoga,Meditation
1636.555,76.0456,Y2_med_hrv,Yoga,Meditation
1637.297,80.8625,Y2_med_hrv,Yoga,Meditation
1638.0,85.3485,Y2_med_hrv,Yoga,Meditation
1638.625,96.0,Y2_med_hrv,Yoga,Meditation
1639.227,99.6678,Y2_med_hrv,Yoga,Meditation
1639.805,103.806,Y2_med_hrv,Yoga,Meditation
1640.367,106.762,Y2_med_hrv,Yoga,Meditation
1640.93,106.762,Y2_med_hrv,Yoga,Meditation
1641.477,109.689,Y2_med_hrv,Yoga,Meditation
1642.023,109.689,Y2_med_hrv,Yoga,Meditation
1642.586,106.762,Y2_med_hrv,Yoga,Meditation
1643.195,98.5222,Y2_med_hrv,Yoga,Meditation
1643.898,85.3485,Y2_med_hrv,Yoga,Meditation
1644.719,73.1707,Y2_med_hrv,Yoga,Meditation
1645.562,71.09,Y2_med_hrv,Yoga,Meditation
1646.391,72.4638,Y2_med_hrv,Yoga,Meditation
1647.141,80.0,Y2_med_hrv,Yoga,Meditation
1647.852,84.3882,Y2_med_hrv,Yoga,Meditation
1648.5,92.5926,Y2_med_hrv,Yoga,Meditation
1649.141,93.6037,Y2_med_hrv,Yoga,Meditation
1649.758,97.2447,Y2_med_hrv,Yoga,Meditation
1650.367,98.5222,Y2_med_hrv,Yoga,Meditation
1650.969,99.6678,Y2_med_hrv,Yoga,Meditation
1651.562,101.01,Y2_med_hrv,Yoga,Meditation
1652.156,101.01,Y2_med_hrv,Yoga,Meditation
1652.758,99.6678,Y2_med_hrv,Yoga,Meditation
1653.352,101.01,Y2_med_hrv,Yoga,Meditation
1653.961,98.5222,Y2_med_hrv,Yoga,Meditation
1654.57,98.5222,Y2_med_hrv,Yoga,Meditation
1655.18,98.5222,Y2_med_hrv,Yoga,Meditation
1655.781,99.6678,Y2_med_hrv,Yoga,Meditation
1656.375,101.01,Y2_med_hrv,Yoga,Meditation
1656.961,102.389,Y2_med_hrv,Yoga,Meditation
1657.531,105.263,Y2_med_hrv,Yoga,Meditation
1658.094,106.762,Y2_med_hrv,Yoga,Meditation
1658.633,111.317,Y2_med_hrv,Yoga,Meditation
1659.172,111.317,Y2_med_hrv,Yoga,Meditation
1659.703,112.994,Y2_med_hrv,Yoga,Meditation
1660.227,114.723,Y2_med_hrv,Yoga,Meditation
1660.758,112.994,Y2_med_hrv,Yoga,Meditation
1661.289,112.994,Y2_med_hrv,Yoga,Meditation
1661.844,108.108,Y2_med_hrv,Yoga,Meditation
1662.414,105.263,Y2_med_hrv,Yoga,Meditation
1663.039,96.0,Y2_med_hrv,Yoga,Meditation
1663.766,82.5309,Y2_med_hrv,Yoga,Meditation
1664.586,73.1707,Y2_med_hrv,Yoga,Meditation
1665.414,72.4638,Y2_med_hrv,Yoga,Meditation
1666.234,73.1707,Y2_med_hrv,Yoga,Meditation
1666.961,82.5309,Y2_med_hrv,Yoga,Meditation
1667.648,87.2093,Y2_med_hrv,Yoga,Meditation
1668.273,96.0,Y2_med_hrv,Yoga,Meditation
1668.898,96.0,Y2_med_hrv,Yoga,Meditation
1669.492,101.01,Y2_med_hrv,Yoga,Meditation
1670.07,103.806,Y2_med_hrv,Yoga,Meditation
1670.648,103.806,Y2_med_hrv,Yoga,Meditation
1671.227,103.806,Y2_med_hrv,Yoga,Meditation
1671.789,106.762,Y2_med_hrv,Yoga,Meditation
1672.367,103.806,Y2_med_hrv,Yoga,Meditation
1672.945,103.806,Y2_med_hrv,Yoga,Meditation
1673.555,98.5222,Y2_med_hrv,Yoga,Meditation
1674.227,89.2857,Y2_med_hrv,Yoga,Meditation
1675.023,75.2823,Y2_med_hrv,Yoga,Meditation
1675.789,78.329,Y2_med_hrv,Yoga,Meditation
1676.516,82.5309,Y2_med_hrv,Yoga,Meditation
1677.188,89.2857,Y2_med_hrv,Yoga,Meditation
1677.828,93.6037,Y2_med_hrv,Yoga,Meditation
1678.445,97.2447,Y2_med_hrv,Yoga,Meditation
1679.047,99.6678,Y2_med_hrv,Yoga,Meditation
1679.633,102.389,Y2_med_hrv,Yoga,Meditation
1680.195,106.762,Y2_med_hrv,Yoga,Meditation
1680.742,109.689,Y2_med_hrv,Yoga,Meditation
1681.289,109.689,Y2_med_hrv,Yoga,Meditation
1681.828,111.317,Y2_med_hrv,Yoga,Meditation
1682.367,111.317,Y2_med_hrv,Yoga,Meditation
1682.906,111.317,Y2_med_hrv,Yoga,Meditation
1683.469,106.762,Y2_med_hrv,Yoga,Meditation
1684.062,101.01,Y2_med_hrv,Yoga,Meditation
1684.695,94.7867,Y2_med_hrv,Yoga,Meditation
1685.352,91.4634,Y2_med_hrv,Yoga,Meditation
1686.039,87.2093,Y2_med_hrv,Yoga,Meditation
1686.711,89.2857,Y2_med_hrv,Yoga,Meditation
1687.367,91.4634,Y2_med_hrv,Yoga,Meditation
1688.023,91.4634,Y2_med_hrv,Yoga,Meditation
1688.648,96.0,Y2_med_hrv,Yoga,Meditation
1689.25,99.6678,Y2_med_hrv,Yoga,Meditation
1689.836,102.389,Y2_med_hrv,Yoga,Meditation
1690.406,105.263,Y2_med_hrv,Yoga,Meditation
1690.969,106.762,Y2_med_hrv,Yoga,Meditation
1691.508,111.317,Y2_med_hrv,Yoga,Meditation
1692.047,111.317,Y2_med_hrv,Yoga,Meditation
1692.586,111.317,Y2_med_hrv,Yoga,Meditation
1693.125,111.317,Y2_med_hrv,Yoga,Meditation
1693.672,109.689,Y2_med_hrv,Yoga,Meditation
1694.227,108.108,Y2_med_hrv,Yoga,Meditation
1694.828,99.6678,Y2_med_hrv,Yoga,Meditation
1695.492,90.3614,Y2_med_hrv,Yoga,Meditation
1696.203,84.3882,Y2_med_hrv,Yoga,Meditation
1696.898,86.3309,Y2_med_hrv,Yoga,Meditation
1697.602,85.3485,Y2_med_hrv,Yoga,Meditation
1698.305,85.3485,Y2_med_hrv,Yoga,Meditation
1698.969,90.3614,Y2_med_hrv,Yoga,Meditation
1699.586,97.2447,Y2_med_hrv,Yoga,Meditation
1700.188,99.6678,Y2_med_hrv,Yoga,Meditation
1700.766,103.806,Y2_med_hrv,Yoga,Meditation
1701.336,105.263,Y2_med_hrv,Yoga,Meditation
1701.891,108.108,Y2_med_hrv,Yoga,Meditation
1702.445,108.108,Y2_med_hrv,Yoga,Meditation
1703.008,106.762,Y2_med_hrv,Yoga,Meditation
1703.602,101.01,Y2_med_hrv,Yoga,Meditation
1704.242,93.6037,Y2_med_hrv,Yoga,Meditation
1704.992,80.0,Y2_med_hrv,Yoga,Meditation
1705.766,77.6197,Y2_med_hrv,Yoga,Meditation
1706.492,82.5309,Y2_med_hrv,Yoga,Meditation
1707.188,86.3309,Y2_med_hrv,Yoga,Meditation
1707.852,90.3614,Y2_med_hrv,Yoga,Meditation
1708.484,94.7867,Y2_med_hrv,Yoga,Meditation
1709.094,98.5222,Y2_med_hrv,Yoga,Meditation
1709.68,102.389,Y2_med_hrv,Yoga,Meditation
1710.258,103.806,Y2_med_hrv,Yoga,Meditation
1710.828,105.263,Y2_med_hrv,Yoga,Meditation
1711.391,106.762,Y2_med_hrv,Yoga,Meditation
1711.938,109.689,Y2_med_hrv,Yoga,Meditation
1712.492,108.108,Y2_med_hrv,Yoga,Meditation
1713.039,109.689,Y2_med_hrv,Yoga,Meditation
1713.609,105.263,Y2_med_hrv,Yoga,Meditation
1714.188,103.806,Y2_med_hrv,Yoga,Meditation
1714.797,98.5222,Y2_med_hrv,Yoga,Meditation
1715.414,97.2447,Y2_med_hrv,Yoga,Meditation
1716.039,96.0,Y2_med_hrv,Yoga,Meditation
1716.648,98.5222,Y2_med_hrv,Yoga,Meditation
1717.266,97.2447,Y2_med_hrv,Yoga,Meditation
1717.883,97.2447,Y2_med_hrv,Yoga,Meditation
1718.477,101.01,Y2_med_hrv,Yoga,Meditation
1719.062,102.389,Y2_med_hrv,Yoga,Meditation
1719.656,101.01,Y2_med_hrv,Yoga,Meditation
1720.242,102.389,Y2_med_hrv,Yoga,Meditation
1720.828,102.389,Y2_med_hrv,Yoga,Meditation
1721.422,101.01,Y2_med_hrv,Yoga,Meditation
1722.016,101.01,Y2_med_hrv,Yoga,Meditation
1722.633,97.2447,Y2_med_hrv,Yoga,Meditation
1723.266,94.7867,Y2_med_hrv,Yoga,Meditation
1723.961,86.3309,Y2_med_hrv,Yoga,Meditation
1724.641,88.2353,Y2_med_hrv,Yoga,Meditation
1725.305,90.3614,Y2_med_hrv,Yoga,Meditation
1725.969,90.3614,Y2_med_hrv,Yoga,Meditation
1726.602,94.7867,Y2_med_hrv,Yoga,Meditation
1727.219,97.2447,Y2_med_hrv,Yoga,Meditation
1727.812,101.01,Y2_med_hrv,Yoga,Meditation
1728.398,102.389,Y2_med_hrv,Yoga,Meditation
1728.969,105.263,Y2_med_hrv,Yoga,Meditation
1729.523,108.108,Y2_med_hrv,Yoga,Meditation
1730.078,108.108,Y2_med_hrv,Yoga,Meditation
1730.625,109.689,Y2_med_hrv,Yoga,Meditation
1731.172,109.689,Y2_med_hrv,Yoga,Meditation
1731.734,106.762,Y2_med_hrv,Yoga,Meditation
1732.305,105.263,Y2_med_hrv,Yoga,Meditation
1732.922,97.2447,Y2_med_hrv,Yoga,Meditation
1733.633,84.3882,Y2_med_hrv,Yoga,Meditation
1734.445,73.8916,Y2_med_hrv,Yoga,Meditation
1735.234,76.0456,Y2_med_hrv,Yoga,Meditation
1735.984,80.0,Y2_med_hrv,Yoga,Meditation
1736.703,83.4492,Y2_med_hrv,Yoga,Meditation
1737.383,88.2353,Y2_med_hrv,Yoga,Meditation
1738.016,94.7867,Y2_med_hrv,Yoga,Meditation
1738.633,97.2447,Y2_med_hrv,Yoga,Meditation
1739.234,99.6678,Y2_med_hrv,Yoga,Meditation
1739.82,102.389,Y2_med_hrv,Yoga,Meditation
1740.391,105.263,Y2_med_hrv,Yoga,Meditation
1740.961,105.263,Y2_med_hrv,Yoga,Meditation
1741.523,106.762,Y2_med_hrv,Yoga,Meditation
1742.078,108.108,Y2_med_hrv,Yoga,Meditation
1742.641,106.762,Y2_med_hrv,Yoga,Meditation
1743.211,105.263,Y2_med_hrv,Yoga,Meditation
1743.781,105.263,Y2_med_hrv,Yoga,Meditation
1744.352,105.263,Y2_med_hrv,Yoga,Meditation
1744.922,105.263,Y2_med_hrv,Yoga,Meditation
1745.5,103.806,Y2_med_hrv,Yoga,Meditation
1746.062,106.762,Y2_med_hrv,Yoga,Meditation
1746.617,108.108,Y2_med_hrv,Yoga,Meditation
1747.172,108.108,Y2_med_hrv,Yoga,Meditation
1747.711,111.317,Y2_med_hrv,Yoga,Meditation
1748.242,112.994,Y2_med_hrv,Yoga,Meditation
1748.789,109.689,Y2_med_hrv,Yoga,Meditation
1749.344,108.108,Y2_med_hrv,Yoga,Meditation
1749.922,103.806,Y2_med_hrv,Yoga,Meditation
1750.547,96.0,Y2_med_hrv,Yoga,Meditation
1751.234,87.2093,Y2_med_hrv,Yoga,Meditation
1752.0,78.329,Y2_med_hrv,Yoga,Meditation
1752.797,75.2823,Y2_med_hrv,Yoga,Meditation
1753.578,76.8246,Y2_med_hrv,Yoga,Meditation
1754.328,80.0,Y2_med_hrv,Yoga,Meditation
1754.992,90.3614,Y2_med_hrv,Yoga,Meditation
1755.602,98.5222,Y2_med_hrv,Yoga,Meditation
1756.195,101.01,Y2_med_hrv,Yoga,Meditation
1756.766,105.263,Y2_med_hrv,Yoga,Meditation
1757.328,106.762,Y2_med_hrv,Yoga,Meditation
1757.875,109.689,Y2_med_hrv,Yoga,Meditation
1758.43,108.108,Y2_med_hrv,Yoga,Meditation
1758.984,108.108,Y2_med_hrv,Yoga,Meditation
1759.555,105.263,Y2_med_hrv,Yoga,Meditation
1760.172,97.2447,Y2_med_hrv,Yoga,Meditation
1760.859,87.2093,Y2_med_hrv,Yoga,Meditation
1761.547,87.2093,Y2_med_hrv,Yoga,Meditation
1762.234,87.2093,Y2_med_hrv,Yoga,Meditation
1762.914,88.2353,Y2_med_hrv,Yoga,Meditation
1763.562,92.5926,Y2_med_hrv,Yoga,Meditation
1764.18,97.2447,Y2_med_hrv,Yoga,Meditation
1764.781,99.6678,Y2_med_hrv,Yoga,Meditation
1765.359,103.806,Y2_med_hrv,Yoga,Meditation
1765.922,106.762,Y2_med_hrv,Yoga,Meditation
1766.469,109.689,Y2_med_hrv,Yoga,Meditation
1767.008,111.317,Y2_med_hrv,Yoga,Meditation
1767.539,112.994,Y2_med_hrv,Yoga,Meditation
1768.07,112.994,Y2_med_hrv,Yoga,Meditation
1768.609,111.317,Y2_med_hrv,Yoga,Meditation
1769.172,106.762,Y2_med_hrv,Yoga,Meditation
1769.789,97.2447,Y2_med_hrv,Yoga,Meditation
1770.43,93.6037,Y2_med_hrv,Yoga,Meditation
1771.047,97.2447,Y2_med_hrv,Yoga,Meditation
1771.664,97.2447,Y2_med_hrv,Yoga,Meditation
1772.281,97.2447,Y2_med_hrv,Yoga,Meditation
1772.883,99.6678,Y2_med_hrv,Yoga,Meditation
1773.469,102.389,Y2_med_hrv,Yoga,Meditation
1774.055,102.389,Y2_med_hrv,Yoga,Meditation
1774.625,105.263,Y2_med_hrv,Yoga,Meditation
1775.195,105.263,Y2_med_hrv,Yoga,Meditation
1775.766,105.263,Y2_med_hrv,Yoga,Meditation
1776.336,105.263,Y2_med_hrv,Yoga,Meditation
1776.914,103.806,Y2_med_hrv,Yoga,Meditation
1777.5,102.389,Y2_med_hrv,Yoga,Meditation
1778.086,102.389,Y2_med_hrv,Yoga,Meditation
1778.703,97.2447,Y2_med_hrv,Yoga,Meditation
1779.328,96.0,Y2_med_hrv,Yoga,Meditation
1779.984,91.4634,Y2_med_hrv,Yoga,Meditation
1780.641,91.4634,Y2_med_hrv,Yoga,Meditation
1781.289,92.5926,Y2_med_hrv,Yoga,Meditation
1781.906,97.2447,Y2_med_hrv,Yoga,Meditation
1782.516,98.5222,Y2_med_hrv,Yoga,Meditation
1783.109,101.01,Y2_med_hrv,Yoga,Meditation
1783.688,103.806,Y2_med_hrv,Yoga,Meditation
1784.242,108.108,Y2_med_hrv,Yoga,Meditation
1784.789,109.689,Y2_med_hrv,Yoga,Meditation
1785.336,109.689,Y2_med_hrv,Yoga,Meditation
1785.875,111.317,Y2_med_hrv,Yoga,Meditation
1786.422,109.689,Y2_med_hrv,Yoga,Meditation
1786.992,105.263,Y2_med_hrv,Yoga,Meditation
1787.609,97.2447,Y2_med_hrv,Yoga,Meditation
1788.336,82.5309,Y2_med_hrv,Yoga,Meditation
1789.125,76.0456,Y2_med_hrv,Yoga,Meditation
1789.977,70.4225,Y2_med_hrv,Yoga,Meditation
1790.828,70.4225,Y2_med_hrv,Yoga,Meditation
1791.672,71.09,Y2_med_hrv,Yoga,Meditation
1792.422,80.0,Y2_med_hrv,Yoga,Meditation
1793.086,90.3614,Y2_med_hrv,Yoga,Meditation
1793.711,96.0,Y2_med_hrv,Yoga,Meditation
1794.305,101.01,Y2_med_hrv,Yoga,Meditation
1794.883,103.806,Y2_med_hrv,Yoga,Meditation
1795.438,108.108,Y2_med_hrv,Yoga,Meditation
1795.977,111.317,Y2_med_hrv,Yoga,Meditation
1796.516,111.317,Y2_med_hrv,Yoga,Meditation
1797.047,112.994,Y2_med_hrv,Yoga,Meditation
1797.57,114.723,Y2_med_hrv,Yoga,Meditation
1798.102,112.994,Y2_med_hrv,Yoga,Meditation
1798.641,111.317,Y2_med_hrv,Yoga,Meditation
1799.188,109.689,Y2_med_hrv,Yoga,Meditation
1799.773,102.389,Y2_med_hrv,Yoga,Meditation
1800.398,96.0,Y2_med_hrv,Yoga,Meditation
1801.109,84.3882,Y2_med_hrv,Yoga,Meditation
1801.852,80.8625,Y2_med_hrv,Yoga,Meditation
1802.578,82.5309,Y2_med_hrv,Yoga,Meditation
1803.266,87.2093,Y2_med_hrv,Yoga,Meditation
1803.945,88.2353,Y2_med_hrv,Yoga,Meditation
1804.602,91.4634,Y2_med_hrv,Yoga,Meditation
1805.234,94.7867,Y2_med_hrv,Yoga,Meditation
1805.852,97.2447,Y2_med_hrv,Yoga,Meditation
1806.445,101.01,Y2_med_hrv,Yoga,Meditation
1807.023,103.806,Y2_med_hrv,Yoga,Meditation
1807.578,108.108,Y2_med_hrv,Yoga,Meditation
1808.133,108.108,Y2_med_hrv,Yoga,Meditation
1808.688,108.108,Y2_med_hrv,Yoga,Meditation
1809.227,111.317,Y2_med_hrv,Yoga,Meditation
1809.766,111.317,Y2_med_hrv,Yoga,Meditation
1810.32,108.108,Y2_med_hrv,Yoga,Meditation
1810.883,106.762,Y2_med_hrv,Yoga,Meditation
1811.484,99.6678,Y2_med_hrv,Yoga,Meditation
1812.164,88.2353,Y2_med_hrv,Yoga,Meditation
1812.938,77.6197,Y2_med_hrv,Yoga,Meditation
1813.773,71.7703,Y2_med_hrv,Yoga,Meditation
1814.625,70.4225,Y2_med_hrv,Yoga,Meditation
1815.43,74.5342,Y2_med_hrv,Yoga,Meditation
1816.18,80.0,Y2_med_hrv,Yoga,Meditation
1816.867,87.2093,Y2_med_hrv,Yoga,Meditation
1817.492,96.0,Y2_med_hrv,Yoga,Meditation
1818.102,98.5222,Y2_med_hrv,Yoga,Meditation
1818.695,101.01,Y2_med_hrv,Yoga,Meditation
1819.266,105.263,Y2_med_hrv,Yoga,Meditation
1819.82,108.108,Y2_med_hrv,Yoga,Meditation
1820.383,106.762,Y2_med_hrv,Yoga,Meditation
1820.93,109.689,Y2_med_hrv,Yoga,Meditation
1821.484,108.108,Y2_med_hrv,Yoga,Meditation
1822.039,108.108,Y2_med_hrv,Yoga,Meditation
1822.594,108.108,Y2_med_hrv,Yoga,Meditation
1823.172,103.806,Y2_med_hrv,Yoga,Meditation
1823.781,98.5222,Y2_med_hrv,Yoga,Meditation
1824.422,93.6037,Y2_med_hrv,Yoga,Meditation
1825.078,91.4634,Y2_med_hrv,Yoga,Meditation
1825.781,85.3485,Y2_med_hrv,Yoga,Meditation
1826.523,80.8625,Y2_med_hrv,Yoga,Meditation
1827.336,73.8916,Y2_med_hrv,Yoga,Meditation
1828.141,74.5342,Y2_med_hrv,Yoga,Meditation
1828.852,84.3882,Y2_med_hrv,Yoga,Meditation
1829.516,90.3614,Y2_med_hrv,Yoga,Meditation
1830.125,98.5222,Y2_med_hrv,Yoga,Meditation
1830.719,101.01,Y2_med_hrv,Yoga,Meditation
1831.289,105.263,Y2_med_hrv,Yoga,Meditation
1831.828,111.317,Y2_med_hrv,Yoga,Meditation
1832.367,111.317,Y2_med_hrv,Yoga,Meditation
1832.883,116.279,Y2_med_hrv,Yoga,Meditation
1833.398,116.279,Y2_med_hrv,Yoga,Meditation
1833.914,116.279,Y2_med_hrv,Yoga,Meditation
1834.43,116.279,Y2_med_hrv,Yoga,Meditation
1834.969,111.317,Y2_med_hrv,Yoga,Meditation
1835.539,105.263,Y2_med_hrv,Yoga,Meditation
1836.141,99.6678,Y2_med_hrv,Yoga,Meditation
1836.758,97.2447,Y2_med_hrv,Yoga,Meditation
1837.391,94.7867,Y2_med_hrv,Yoga,Meditation
1838.062,89.2857,Y2_med_hrv,Yoga,Meditation
1838.742,88.2353,Y2_med_hrv,Yoga,Meditation
1839.422,88.2353,Y2_med_hrv,Yoga,Meditation
1840.148,82.5309,Y2_med_hrv,Yoga,Meditation
1840.867,83.4492,Y2_med_hrv,Yoga,Meditation
1841.609,80.8625,Y2_med_hrv,Yoga,Meditation
1842.289,88.2353,Y2_med_hrv,Yoga,Meditation
1842.945,91.4634,Y2_med_hrv,Yoga,Meditation
1843.57,96.0,Y2_med_hrv,Yoga,Meditation
1844.18,98.5222,Y2_med_hrv,Yoga,Meditation
1844.75,105.263,Y2_med_hrv,Yoga,Meditation
1845.312,106.762,Y2_med_hrv,Yoga,Meditation
1845.852,111.317,Y2_med_hrv,Yoga,Meditation
1846.383,112.994,Y2_med_hrv,Yoga,Meditation
1846.914,112.994,Y2_med_hrv,Yoga,Meditation
1847.438,114.723,Y2_med_hrv,Yoga,Meditation
1847.961,114.723,Y2_med_hrv,Yoga,Meditation
1848.5,111.317,Y2_med_hrv,Yoga,Meditation
1849.047,109.689,Y2_med_hrv,Yoga,Meditation
1849.609,106.762,Y2_med_hrv,Yoga,Meditation
1850.203,101.01,Y2_med_hrv,Yoga,Meditation
1850.82,97.2447,Y2_med_hrv,Yoga,Meditation
1851.438,97.2447,Y2_med_hrv,Yoga,Meditation
1852.047,98.5222,Y2_med_hrv,Yoga,Meditation
1852.641,101.01,Y2_med_hrv,Yoga,Meditation
1853.227,102.389,Y2_med_hrv,Yoga,Meditation
1853.789,106.762,Y2_med_hrv,Yoga,Meditation
1854.344,108.108,Y2_med_hrv,Yoga,Meditation
1854.898,108.108,Y2_med_hrv,Yoga,Meditation
1855.438,111.317,Y2_med_hrv,Yoga,Meditation
1855.969,112.994,Y2_med_hrv,Yoga,Meditation
1856.5,112.994,Y2_med_hrv,Yoga,Meditation
1857.031,112.994,Y2_med_hrv,Yoga,Meditation
1857.562,112.994,Y2_med_hrv,Yoga,Meditation
1858.109,109.689,Y2_med_hrv,Yoga,Meditation
1858.656,109.689,Y2_med_hrv,Yoga,Meditation
1859.25,101.01,Y2_med_hrv,Yoga,Meditation
1859.867,97.2447,Y2_med_hrv,Yoga,Meditation
1860.5,94.7867,Y2_med_hrv,Yoga,Meditation
1861.117,97.2447,Y2_med_hrv,Yoga,Meditation
1861.727,98.5222,Y2_med_hrv,Yoga,Meditation
1862.328,99.6678,Y2_med_hrv,Yoga,Meditation
1862.922,101.01,Y2_med_hrv,Yoga,Meditation
1863.5,103.806,Y2_med_hrv,Yoga,Meditation
1864.062,106.762,Y2_med_hrv,Yoga,Meditation
1864.617,108.108,Y2_med_hrv,Yoga,Meditation
1865.18,106.762,Y2_med_hrv,Yoga,Meditation
1865.734,108.108,Y2_med_hrv,Yoga,Meditation
1866.297,106.762,Y2_med_hrv,Yoga,Meditation
1866.875,103.806,Y2_med_hrv,Yoga,Meditation
1867.469,101.01,Y2_med_hrv,Yoga,Meditation
1868.125,91.4634,Y2_med_hrv,Yoga,Meditation
1868.852,82.5309,Y2_med_hrv,Yoga,Meditation
1869.562,84.3882,Y2_med_hrv,Yoga,Meditation
1870.227,90.3614,Y2_med_hrv,Yoga,Meditation
1870.867,93.6037,Y2_med_hrv,Yoga,Meditation
1871.484,97.2447,Y2_med_hrv,Yoga,Meditation
1872.094,98.5222,Y2_med_hrv,Yoga,Meditation
1872.664,105.263,Y2_med_hrv,Yoga,Meditation
1873.227,106.762,Y2_med_hrv,Yoga,Meditation
1873.797,105.263,Y2_med_hrv,Yoga,Meditation
1874.352,108.108,Y2_med_hrv,Yoga,Meditation
1874.922,105.263,Y2_med_hrv,Yoga,Meditation
1875.492,105.263,Y2_med_hrv,Yoga,Meditation
1876.102,98.5222,Y2_med_hrv,Yoga,Meditation
1876.727,96.0,Y2_med_hrv,Yoga,Meditation
1877.352,96.0,Y2_med_hrv,Yoga,Meditation
1877.977,96.0,Y2_med_hrv,Yoga,Meditation
1878.586,98.5222,Y2_med_hrv,Yoga,Meditation
1879.18,101.01,Y2_med_hrv,Yoga,Meditation
1879.758,103.806,Y2_med_hrv,Yoga,Meditation
1880.32,106.762,Y2_med_hrv,Yoga,Meditation
1880.875,108.108,Y2_med_hrv,Yoga,Meditation
1881.422,109.689,Y2_med_hrv,Yoga,Meditation
1881.961,111.317,Y2_med_hrv,Yoga,Meditation
1882.5,111.317,Y2_med_hrv,Yoga,Meditation
1883.039,111.317,Y2_med_hrv,Yoga,Meditation
1883.609,105.263,Y2_med_hrv,Yoga,Meditation
1884.227,97.2447,Y2_med_hrv,Yoga,Meditation
1884.898,89.2857,Y2_med_hrv,Yoga,Meditation
1885.633,81.7439,Y2_med_hrv,Yoga,Meditation
1886.344,84.3882,Y2_med_hrv,Yoga,Meditation
1887.016,89.2857,Y2_med_hrv,Yoga,Meditation
1887.656,93.6037,Y2_med_hrv,Yoga,Meditation
1888.258,99.6678,Y2_med_hrv,Yoga,Meditation
1888.852,101.01,Y2_med_hrv,Yoga,Meditation
1889.414,106.762,Y2_med_hrv,Yoga,Meditation
1889.961,109.689,Y2_med_hrv,Yoga,Meditation
1890.508,109.689,Y2_med_hrv,Yoga,Meditation
1891.031,114.723,Y2_med_hrv,Yoga,Meditation
1891.555,114.723,Y2_med_hrv,Yoga,Meditation
1892.078,114.723,Y2_med_hrv,Yoga,Meditation
1892.602,114.723,Y2_med_hrv,Yoga,Meditation
1893.141,111.317,Y2_med_hrv,Yoga,Meditation
1893.703,106.762,Y2_med_hrv,Yoga,Meditation
1894.281,103.806,Y2_med_hrv,Yoga,Meditation
1894.883,99.6678,Y2_med_hrv,Yoga,Meditation
1895.516,94.7867,Y2_med_hrv,Yoga,Meditation
1896.148,94.7867,Y2_med_hrv,Yoga,Meditation
1896.797,92.5926,Y2_med_hrv,Yoga,Meditation
1897.43,94.7867,Y2_med_hrv,Yoga,Meditation
1898.055,96.0,Y2_med_hrv,Yoga,Meditation
1898.656,99.6678,Y2_med_hrv,Yoga,Meditation
1899.25,101.01,Y2_med_hrv,Yoga,Meditation
1899.82,105.263,Y2_med_hrv,Yoga,Meditation
1900.391,105.263,Y2_med_hrv,Yoga,Meditation
1900.945,108.108,Y2_med_hrv,Yoga,Meditation
1901.492,109.689,Y2_med_hrv,Yoga,Meditation
1902.031,111.317,Y2_med_hrv,Yoga,Meditation
1902.57,111.317,Y2_med_hrv,Yoga,Meditation
1903.094,114.723,Y2_med_hrv,Yoga,Meditation
1903.633,111.317,Y2_med_hrv,Yoga,Meditation
1904.18,109.689,Y2_med_hrv,Yoga,Meditation
1904.75,105.263,Y2_med_hrv,Yoga,Meditation
1905.367,97.2447,Y2_med_hrv,Yoga,Meditation
1906.039,89.2857,Y2_med_hrv,Yoga,Meditation
1906.711,89.2857,Y2_med_hrv,Yoga,Meditation
1907.344,94.7867,Y2_med_hrv,Yoga,Meditation
1907.977,94.7867,Y2_med_hrv,Yoga,Meditation
1908.578,99.6678,Y2_med_hrv,Yoga,Meditation
1909.18,99.6678,Y2_med_hrv,Yoga,Meditation
1909.758,103.806,Y2_med_hrv,Yoga,Meditation
1910.336,103.806,Y2_med_hrv,Yoga,Meditation
1910.898,106.762,Y2_med_hrv,Yoga,Meditation
1911.461,106.762,Y2_med_hrv,Yoga,Meditation
1912.023,106.762,Y2_med_hrv,Yoga,Meditation
1912.578,108.108,Y2_med_hrv,Yoga,Meditation
1913.148,105.263,Y2_med_hrv,Yoga,Meditation
1913.711,106.762,Y2_med_hrv,Yoga,Meditation
1914.281,105.263,Y2_med_hrv,Yoga,Meditation
1914.836,108.108,Y2_med_hrv,Yoga,Meditation
1915.383,109.689,Y2_med_hrv,Yoga,Meditation
1915.93,109.689,Y2_med_hrv,Yoga,Meditation
1916.453,114.723,Y2_med_hrv,Yoga,Meditation
1916.977,114.723,Y2_med_hrv,Yoga,Meditation
1917.5,114.723,Y2_med_hrv,Yoga,Meditation
1918.016,116.279,Y2_med_hrv,Yoga,Meditation
1918.531,116.279,Y2_med_hrv,Yoga,Meditation
1919.047,116.279,Y2_med_hrv,Yoga,Meditation
1919.57,114.723,Y2_med_hrv,Yoga,Meditation
1920.094,114.723,Y2_med_hrv,Yoga,Meditation
1920.633,111.317,Y2_med_hrv,Yoga,Meditation
1921.172,111.317,Y2_med_hrv,Yoga,Meditation
1921.734,106.762,Y2_med_hrv,Yoga,Meditation
1922.32,102.389,Y2_med_hrv,Yoga,Meditation
1922.961,93.6037,Y2_med_hrv,Yoga,Meditation
1923.648,87.2093,Y2_med_hrv,Yoga,Meditation
1924.297,92.5926,Y2_med_hrv,Yoga,Meditation
1924.93,94.7867,Y2_med_hrv,Yoga,Meditation
1925.539,98.5222,Y2_med_hrv,Yoga,Meditation
1926.125,102.389,Y2_med_hrv,Yoga,Meditation
1926.719,101.01,Y2_med_hrv,Yoga,Meditation
1927.273,108.108,Y2_med_hrv,Yoga,Meditation
1927.82,109.689,Y2_med_hrv,Yoga,Meditation
1928.367,109.689,Y2_med_hrv,Yoga,Meditation
1928.898,112.994,Y2_med_hrv,Yoga,Meditation
1929.445,109.689,Y2_med_hrv,Yoga,Meditation
1929.984,111.317,Y2_med_hrv,Yoga,Meditation
1930.547,106.762,Y2_med_hrv,Yoga,Meditation
1931.141,101.01,Y2_med_hrv,Yoga,Meditation
1931.797,91.4634,Y2_med_hrv,Yoga,Meditation
1932.5,85.3485,Y2_med_hrv,Yoga,Meditation
1933.172,89.2857,Y2_med_hrv,Yoga,Meditation
1933.828,91.4634,Y2_med_hrv,Yoga,Meditation
1934.453,96.0,Y2_med_hrv,Yoga,Meditation
1935.062,98.5222,Y2_med_hrv,Yoga,Meditation
1935.664,99.6678,Y2_med_hrv,Yoga,Meditation
1936.234,105.263,Y2_med_hrv,Yoga,Meditation
1936.797,106.762,Y2_med_hrv,Yoga,Meditation
1937.352,108.108,Y2_med_hrv,Yoga,Meditation
1937.914,106.762,Y2_med_hrv,Yoga,Meditation
1938.477,106.762,Y2_med_hrv,Yoga,Meditation
1939.047,105.263,Y2_med_hrv,Yoga,Meditation
1939.633,102.389,Y2_med_hrv,Yoga,Meditation
1940.25,97.2447,Y2_med_hrv,Yoga,Meditation
1940.906,91.4634,Y2_med_hrv,Yoga,Meditation
1941.547,93.6037,Y2_med_hrv,Yoga,Meditation
1942.172,96.0,Y2_med_hrv,Yoga,Meditation
1942.766,101.01,Y2_med_hrv,Yoga,Meditation
1943.352,102.389,Y2_med_hrv,Yoga,Meditation
1943.914,106.762,Y2_med_hrv,Yoga,Meditation
1944.469,108.108,Y2_med_hrv,Yoga,Meditation
1945.023,108.108,Y2_med_hrv,Yoga,Meditation
1945.555,112.994,Y2_med_hrv,Yoga,Meditation
1946.094,111.317,Y2_med_hrv,Yoga,Meditation
1946.625,112.994,Y2_med_hrv,Yoga,Meditation
1947.156,112.994,Y2_med_hrv,Yoga,Meditation
1947.695,111.317,Y2_med_hrv,Yoga,Meditation
1948.242,109.689,Y2_med_hrv,Yoga,Meditation
1948.805,106.762,Y2_med_hrv,Yoga,Meditation
1949.391,102.389,Y2_med_hrv,Yoga,Meditation
1950.008,97.2447,Y2_med_hrv,Yoga,Meditation
1950.656,92.5926,Y2_med_hrv,Yoga,Meditation
1951.305,92.5926,Y2_med_hrv,Yoga,Meditation
1951.953,92.5926,Y2_med_hrv,Yoga,Meditation
1952.578,96.0,Y2_med_hrv,Yoga,Meditation
1953.195,97.2447,Y2_med_hrv,Yoga,Meditation
1953.805,98.5222,Y2_med_hrv,Yoga,Meditation
1954.398,101.01,Y2_med_hrv,Yoga,Meditation
1954.961,106.762,Y2_med_hrv,Yoga,Meditation
1955.523,106.762,Y2_med_hrv,Yoga,Meditation
1956.07,109.689,Y2_med_hrv,Yoga,Meditation
1956.609,111.317,Y2_med_hrv,Yoga,Meditation
1957.133,114.723,Y2_med_hrv,Yoga,Meditation
1957.672,111.317,Y2_med_hrv,Yoga,Meditation
1958.219,109.689,Y2_med_hrv,Yoga,Meditation
1958.789,105.263,Y2_med_hrv,Yoga,Meditation
1959.383,101.01,Y2_med_hrv,Yoga,Meditation
1960.008,96.0,Y2_med_hrv,Yoga,Meditation
1960.648,93.6037,Y2_med_hrv,Yoga,Meditation
1961.297,92.5926,Y2_med_hrv,Yoga,Meditation
1961.93,94.7867,Y2_med_hrv,Yoga,Meditation
1962.547,97.2447,Y2_med_hrv,Yoga,Meditation
1963.156,98.5222,Y2_med_hrv,Yoga,Meditation
1963.75,101.01,Y2_med_hrv,Yoga,Meditation
1964.328,103.806,Y2_med_hrv,Yoga,Meditation
1964.898,105.263,Y2_med_hrv,Yoga,Meditation
1965.453,108.108,Y2_med_hrv,Yoga,Meditation
1966.008,108.108,Y2_med_hrv,Yoga,Meditation
1966.555,109.689,Y2_med_hrv,Yoga,Meditation
1967.102,109.689,Y2_med_hrv,Yoga,Meditation
1967.641,111.317,Y2_med_hrv,Yoga,Meditation
1968.172,112.994,Y2_med_hrv,Yoga,Meditation
1968.703,112.994,Y2_med_hrv,Yoga,Meditation
1969.234,112.994,Y2_med_hrv,Yoga,Meditation
1969.773,111.317,Y2_med_hrv,Yoga,Meditation
1970.359,102.389,Y2_med_hrv,Yoga,Meditation
1970.992,94.7867,Y2_med_hrv,Yoga,Meditation
1971.703,84.3882,Y2_med_hrv,Yoga,Meditation
1972.492,76.0456,Y2_med_hrv,Yoga,Meditation
1973.289,75.2823,Y2_med_hrv,Yoga,Meditation
1974.086,75.2823,Y2_med_hrv,Yoga,Meditation
1974.789,85.3485,Y2_med_hrv,Yoga,Meditation
1975.453,90.3614,Y2_med_hrv,Yoga,Meditation
1976.078,96.0,Y2_med_hrv,Yoga,Meditation
1976.672,101.01,Y2_med_hrv,Yoga,Meditation
1977.258,102.389,Y2_med_hrv,Yoga,Meditation
1977.82,106.762,Y2_med_hrv,Yoga,Meditation
1978.383,106.762,Y2_med_hrv,Yoga,Meditation
1978.93,109.689,Y2_med_hrv,Yoga,Meditation
1979.477,109.689,Y2_med_hrv,Yoga,Meditation
1980.031,108.108,Y2_med_hrv,Yoga,Meditation
1980.586,108.108,Y2_med_hrv,Yoga,Meditation
1981.164,103.806,Y2_med_hrv,Yoga,Meditation
1981.758,101.01,Y2_med_hrv,Yoga,Meditation
1982.398,93.6037,Y2_med_hrv,Yoga,Meditation
1983.039,93.6037,Y2_med_hrv,Yoga,Meditation
1983.664,96.0,Y2_med_hrv,Yoga,Meditation
1984.273,98.5222,Y2_med_hrv,Yoga,Meditation
1984.867,101.01,Y2_med_hrv,Yoga,Meditation
1985.438,105.263,Y2_med_hrv,Yoga,Meditation
1986.008,105.263,Y2_med_hrv,Yoga,Meditation
1986.562,108.108,Y2_med_hrv,Yoga,Meditation
1987.109,109.689,Y2_med_hrv,Yoga,Meditation
1987.641,112.994,Y2_med_hrv,Yoga,Meditation
1988.164,114.723,Y2_med_hrv,Yoga,Meditation
1988.688,114.723,Y2_med_hrv,Yoga,Meditation
1989.219,112.994,Y2_med_hrv,Yoga,Meditation
1989.766,109.689,Y2_med_hrv,Yoga,Meditation
1990.32,108.108,Y2_med_hrv,Yoga,Meditation
1990.891,105.263,Y2_med_hrv,Yoga,Meditation
1991.484,101.01,Y2_med_hrv,Yoga,Meditation
1992.07,102.389,Y2_med_hrv,Yoga,Meditation
1992.648,103.806,Y2_med_hrv,Yoga,Meditation
1993.227,103.806,Y2_med_hrv,Yoga,Meditation
1993.805,103.806,Y2_med_hrv,Yoga,Meditation
1994.367,106.762,Y2_med_hrv,Yoga,Meditation
1994.914,109.689,Y2_med_hrv,Yoga,Meditation
1995.461,109.689,Y2_med_hrv,Yoga,Meditation
1996.0,111.317,Y2_med_hrv,Yoga,Meditation
1996.531,112.994,Y2_med_hrv,Yoga,Meditation
1997.055,114.723,Y2_med_hrv,Yoga,Meditation
1997.586,112.994,Y2_med_hrv,Yoga,Meditation
1998.102,116.279,Y2_med_hrv,Yoga,Meditation
1998.625,114.723,Y2_med_hrv,Yoga,Meditation
1999.164,111.317,Y2_med_hrv,Yoga,Meditation
1999.727,106.762,Y2_med_hrv,Yoga,Meditation
2000.359,94.7867,Y2_med_hrv,Yoga,Meditation
2001.141,76.8246,Y2_med_hrv,Yoga,Meditation
2001.953,73.8916,Y2_med_hrv,Yoga,Meditation
2002.75,75.2823,Y2_med_hrv,Yoga,Meditation
2003.508,79.1557,Y2_med_hrv,Yoga,Meditation
2004.188,88.2353,Y2_med_hrv,Yoga,Meditation
2004.836,92.5926,Y2_med_hrv,Yoga,Meditation
2005.469,94.7867,Y2_med_hrv,Yoga,Meditation
2006.078,98.5222,Y2_med_hrv,Yoga,Meditation
2006.664,102.389,Y2_med_hrv,Yoga,Meditation
2007.25,102.389,Y2_med_hrv,Yoga,Meditation
2007.836,102.389,Y2_med_hrv,Yoga,Meditation
2008.406,105.263,Y2_med_hrv,Yoga,Meditation
2008.977,105.263,Y2_med_hrv,Yoga,Meditation
2009.562,102.389,Y2_med_hrv,Yoga,Meditation
2010.156,101.01,Y2_med_hrv,Yoga,Meditation
2010.766,98.5222,Y2_med_hrv,Yoga,Meditation
2011.383,97.2447,Y2_med_hrv,Yoga,Meditation
2012.0,97.2447,Y2_med_hrv,Yoga,Meditation
2012.617,97.2447,Y2_med_hrv,Yoga,Meditation
2013.227,98.5222,Y2_med_hrv,Yoga,Meditation
2013.82,101.01,Y2_med_hrv,Yoga,Meditation
2014.406,102.389,Y2_med_hrv,Yoga,Meditation
2014.984,103.806,Y2_med_hrv,Yoga,Meditation
2015.555,105.263,Y2_med_hrv,Yoga,Meditation
2016.109,108.108,Y2_med_hrv,Yoga,Meditation
2016.664,108.108,Y2_med_hrv,Yoga,Meditation
2017.203,111.317,Y2_med_hrv,Yoga,Meditation
2017.742,111.317,Y2_med_hrv,Yoga,Meditation
2018.281,111.317,Y2_med_hrv,Yoga,Meditation
2018.844,106.762,Y2_med_hrv,Yoga,Meditation
2019.414,105.263,Y2_med_hrv,Yoga,Meditation
2020.047,94.7867,Y2_med_hrv,Yoga,Meditation
2020.688,93.6037,Y2_med_hrv,Yoga,Meditation
2021.367,88.2353,Y2_med_hrv,Yoga,Meditation
2022.023,91.4634,Y2_med_hrv,Yoga,Meditation
2022.656,94.7867,Y2_med_hrv,Yoga,Meditation
2023.281,96.0,Y2_med_hrv,Yoga,Meditation
2023.898,97.2447,Y2_med_hrv,Yoga,Meditation
2024.492,101.01,Y2_med_hrv,Yoga,Meditation
2025.078,102.389,Y2_med_hrv,Yoga,Meditation
2025.656,103.806,Y2_med_hrv,Yoga,Meditation
2026.234,103.806,Y2_med_hrv,Yoga,Meditation
2026.805,105.263,Y2_med_hrv,Yoga,Meditation
2027.383,103.806,Y2_med_hrv,Yoga,Meditation
2027.977,101.01,Y2_med_hrv,Yoga,Meditation
2028.594,97.2447,Y2_med_hrv,Yoga,Meditation
2029.281,87.2093,Y2_med_hrv,Yoga,Meditation
2029.969,87.2093,Y2_med_hrv,Yoga,Meditation
2030.633,90.3614,Y2_med_hrv,Yoga,Meditation
2031.273,93.6037,Y2_med_hrv,Yoga,Meditation
2031.891,97.2447,Y2_med_hrv,Yoga,Meditation
2032.477,102.389,Y2_med_hrv,Yoga,Meditation
2033.055,103.806,Y2_med_hrv,Yoga,Meditation
2033.609,108.108,Y2_med_hrv,Yoga,Meditation
2034.164,108.108,Y2_med_hrv,Yoga,Meditation
2034.711,109.689,Y2_med_hrv,Yoga,Meditation
2035.258,109.689,Y2_med_hrv,Yoga,Meditation
2035.805,109.689,Y2_med_hrv,Yoga,Meditation
2036.359,108.108,Y2_med_hrv,Yoga,Meditation
2036.938,103.806,Y2_med_hrv,Yoga,Meditation
2037.523,102.389,Y2_med_hrv,Yoga,Meditation
2038.117,101.01,Y2_med_hrv,Yoga,Meditation
2038.719,99.6678,Y2_med_hrv,Yoga,Meditation
2039.336,97.2447,Y2_med_hrv,Yoga,Meditation
2039.969,94.7867,Y2_med_hrv,Yoga,Meditation
2040.633,90.3614,Y2_med_hrv,Yoga,Meditation
2041.297,90.3614,Y2_med_hrv,Yoga,Meditation
2041.93,94.7867,Y2_med_hrv,Yoga,Meditation
2042.547,97.2447,Y2_med_hrv,Yoga,Meditation
2043.148,99.6678,Y2_med_hrv,Yoga,Meditation
2043.734,102.389,Y2_med_hrv,Yoga,Meditation
2044.297,106.762,Y2_med_hrv,Yoga,Meditation
2044.844,109.689,Y2_med_hrv,Yoga,Meditation
2045.391,109.689,Y2_med_hrv,Yoga,Meditation
2045.922,112.994,Y2_med_hrv,Yoga,Meditation
2046.453,112.994,Y2_med_hrv,Yoga,Meditation
2047.0,109.689,Y2_med_hrv,Yoga,Meditation
2047.555,108.108,Y2_med_hrv,Yoga,Meditation
2048.133,103.806,Y2_med_hrv,Yoga,Meditation
2048.781,92.5926,Y2_med_hrv,Yoga,Meditation
2049.5,83.4492,Y2_med_hrv,Yoga,Meditation
2050.289,76.0456,Y2_med_hrv,Yoga,Meditation
2051.094,74.5342,Y2_med_hrv,Yoga,Meditation
2051.867,77.6197,Y2_med_hrv,Yoga,Meditation
2052.578,84.3882,Y2_med_hrv,Yoga,Meditation
2053.25,89.2857,Y2_med_hrv,Yoga,Meditation
2053.891,93.6037,Y2_med_hrv,Yoga,Meditation
2054.508,97.2447,Y2_med_hrv,Yoga,Meditation
2055.109,99.6678,Y2_med_hrv,Yoga,Meditation
2055.695,102.389,Y2_med_hrv,Yoga,Meditation
2056.266,105.263,Y2_med_hrv,Yoga,Meditation
2056.844,103.806,Y2_med_hrv,Yoga,Meditation
2057.422,103.806,Y2_med_hrv,Yoga,Meditation
2058.016,101.01,Y2_med_hrv,Yoga,Meditation
2058.617,99.6678,Y2_med_hrv,Yoga,Meditation
2059.234,97.2447,Y2_med_hrv,Yoga,Meditation
2059.836,99.6678,Y2_med_hrv,Yoga,Meditation
2060.461,96.0,Y2_med_hrv,Yoga,Meditation
2061.094,94.7867,Y2_med_hrv,Yoga,Meditation
2061.727,94.7867,Y2_med_hrv,Yoga,Meditation
2062.352,96.0,Y2_med_hrv,Yoga,Meditation
2062.969,97.2447,Y2_med_hrv,Yoga,Meditation
2063.578,98.5222,Y2_med_hrv,Yoga,Meditation
2064.18,99.6678,Y2_med_hrv,Yoga,Meditation
2064.758,103.806,Y2_med_hrv,Yoga,Meditation
2065.336,103.806,Y2_med_hrv,Yoga,Meditation
2065.891,108.108,Y2_med_hrv,Yoga,Meditation
2066.453,106.762,Y2_med_hrv,Yoga,Meditation
2067.023,105.263,Y2_med_hrv,Yoga,Meditation
2067.578,108.108,Y2_med_hrv,Yoga,Meditation
2068.133,108.108,Y2_med_hrv,Yoga,Meditation
2068.719,102.389,Y2_med_hrv,Yoga,Meditation
2069.32,99.6678,Y2_med_hrv,Yoga,Meditation
2069.938,97.2447,Y2_med_hrv,Yoga,Meditation
2070.57,94.7867,Y2_med_hrv,Yoga,Meditation
2071.195,96.0,Y2_med_hrv,Yoga,Meditation
2071.812,97.2447,Y2_med_hrv,Yoga,Meditation
2072.406,101.01,Y2_med_hrv,Yoga,Meditation
2072.992,102.389,Y2_med_hrv,Yoga,Meditation
2073.555,106.762,Y2_med_hrv,Yoga,Meditation
2074.102,109.689,Y2_med_hrv,Yoga,Meditation
2074.641,111.317,Y2_med_hrv,Yoga,Meditation
2075.18,111.317,Y2_med_hrv,Yoga,Meditation
2075.719,111.317,Y2_med_hrv,Yoga,Meditation
2076.258,111.317,Y2_med_hrv,Yoga,Meditation
2076.812,108.108,Y2_med_hrv,Yoga,Meditation
2077.398,102.389,Y2_med_hrv,Yoga,Meditation
2078.031,94.7867,Y2_med_hrv,Yoga,Meditation
2078.727,86.3309,Y2_med_hrv,Yoga,Meditation
2079.484,79.1557,Y2_med_hrv,Yoga,Meditation
2080.312,72.4638,Y2_med_hrv,Yoga,Meditation
2081.141,72.4638,Y2_med_hrv,Yoga,Meditation
2081.945,74.5342,Y2_med_hrv,Yoga,Meditation
2082.703,79.1557,Y2_med_hrv,Yoga,Meditation
2083.406,85.3485,Y2_med_hrv,Yoga,Meditation
2084.062,91.4634,Y2_med_hrv,Yoga,Meditation
2084.695,94.7867,Y2_med_hrv,Yoga,Meditation
2085.297,99.6678,Y2_med_hrv,Yoga,Meditation
2085.883,102.389,Y2_med_hrv,Yoga,Meditation
2086.477,101.01,Y2_med_hrv,Yoga,Meditation
2087.055,103.806,Y2_med_hrv,Yoga,Meditation
2087.648,101.01,Y2_med_hrv,Yoga,Meditation
2088.266,97.2447,Y2_med_hrv,Yoga,Meditation
2088.891,96.0,Y2_med_hrv,Yoga,Meditation
2089.539,92.5926,Y2_med_hrv,Yoga,Meditation
2090.203,90.3614,Y2_med_hrv,Yoga,Meditation
2090.875,89.2857,Y2_med_hrv,Yoga,Meditation
2091.516,93.6037,Y2_med_hrv,Yoga,Meditation
2092.141,96.0,Y2_med_hrv,Yoga,Meditation
2092.75,98.5222,Y2_med_hrv,Yoga,Meditation
2093.352,99.6678,Y2_med_hrv,Yoga,Meditation
2093.938,102.389,Y2_med_hrv,Yoga,Meditation
2094.516,103.806,Y2_med_hrv,Yoga,Meditation
2095.07,108.108,Y2_med_hrv,Yoga,Meditation
2095.617,109.689,Y2_med_hrv,Yoga,Meditation
2096.156,111.317,Y2_med_hrv,Yoga,Meditation
2096.695,111.317,Y2_med_hrv,Yoga,Meditation
2097.242,109.689,Y2_med_hrv,Yoga,Meditation
2097.812,105.263,Y2_med_hrv,Yoga,Meditation
2098.438,96.0,Y2_med_hrv,Yoga,Meditation
2099.148,84.3882,Y2_med_hrv,Yoga,Meditation
2099.93,76.8246,Y2_med_hrv,Yoga,Meditation
2100.672,80.8625,Y2_med_hrv,Yoga,Meditation
2101.398,82.5309,Y2_med_hrv,Yoga,Meditation
2102.078,88.2353,Y2_med_hrv,Yoga,Meditation
2102.703,96.0,Y2_med_hrv,Yoga,Meditation
2103.305,99.6678,Y2_med_hrv,Yoga,Meditation
2103.883,103.806,Y2_med_hrv,Yoga,Meditation
2104.445,106.762,Y2_med_hrv,Yoga,Meditation
2104.984,111.317,Y2_med_hrv,Yoga,Meditation
2105.523,111.317,Y2_med_hrv,Yoga,Meditation
2106.062,111.317,Y2_med_hrv,Yoga,Meditation
2106.609,109.689,Y2_med_hrv,Yoga,Meditation
2107.18,105.263,Y2_med_hrv,Yoga,Meditation
2107.797,97.2447,Y2_med_hrv,Yoga,Meditation
2108.531,81.7439,Y2_med_hrv,Yoga,Meditation
2109.336,74.5342,Y2_med_hrv,Yoga,Meditation
2110.156,73.1707,Y2_med_hrv,Yoga,Meditation
2110.961,74.5342,Y2_med_hrv,Yoga,Meditation
2111.734,77.6197,Y2_med_hrv,Yoga,Meditation
2112.43,86.3309,Y2_med_hrv,Yoga,Meditation
2113.078,92.5926,Y2_med_hrv,Yoga,Meditation
2113.695,97.2447,Y2_med_hrv,Yoga,Meditation
2114.305,98.5222,Y2_med_hrv,Yoga,Meditation
2114.906,99.6678,Y2_med_hrv,Yoga,Meditation
2115.516,98.5222,Y2_med_hrv,Yoga,Meditation
2116.109,101.01,Y2_med_hrv,Yoga,Meditation
2116.727,97.2447,Y2_med_hrv,Yoga,Meditation
2117.344,97.2447,Y2_med_hrv,Yoga,Meditation
2117.977,94.7867,Y2_med_hrv,Yoga,Meditation
2118.594,97.2447,Y2_med_hrv,Yoga,Meditation
2119.203,98.5222,Y2_med_hrv,Yoga,Meditation
2119.789,102.389,Y2_med_hrv,Yoga,Meditation
2120.375,102.389,Y2_med_hrv,Yoga,Meditation
2120.938,106.762,Y2_med_hrv,Yoga,Meditation
2121.477,111.317,Y2_med_hrv,Yoga,Meditation
2122.023,109.689,Y2_med_hrv,Yoga,Meditation
2122.562,111.317,Y2_med_hrv,Yoga,Meditation
2123.102,111.317,Y2_med_hrv,Yoga,Meditation
2123.641,111.317,Y2_med_hrv,Yoga,Meditation
2124.203,106.762,Y2_med_hrv,Yoga,Meditation
2124.789,102.389,Y2_med_hrv,Yoga,Meditation
2125.398,98.5222,Y2_med_hrv,Yoga,Meditation
2126.07,89.2857,Y2_med_hrv,Yoga,Meditation
2126.781,84.3882,Y2_med_hrv,Yoga,Meditation
2127.445,90.3614,Y2_med_hrv,Yoga,Meditation
2128.094,92.5926,Y2_med_hrv,Yoga,Meditation
2128.734,93.6037,Y2_med_hrv,Yoga,Meditation
2129.352,97.2447,Y2_med_hrv,Yoga,Meditation
2129.961,98.5222,Y2_med_hrv,Yoga,Meditation
2130.547,102.389,Y2_med_hrv,Yoga,Meditation
2131.133,102.389,Y2_med_hrv,Yoga,Meditation
2131.711,103.806,Y2_med_hrv,Yoga,Meditation
2132.281,105.263,Y2_med_hrv,Yoga,Meditation
2132.859,103.806,Y2_med_hrv,Yoga,Meditation
2133.438,103.806,Y2_med_hrv,Yoga,Meditation
2134.023,102.389,Y2_med_hrv,Yoga,Meditation
2134.617,101.01,Y2_med_hrv,Yoga,Meditation
2135.219,99.6678,Y2_med_hrv,Yoga,Meditation
2135.828,98.5222,Y2_med_hrv,Yoga,Meditation
2136.445,97.2447,Y2_med_hrv,Yoga,Meditation
2137.039,101.01,Y2_med_hrv,Yoga,Meditation
2137.625,102.389,Y2_med_hrv,Yoga,Meditation
2138.195,105.263,Y2_med_hrv,Yoga,Meditation
2138.758,106.762,Y2_med_hrv,Yoga,Meditation
2139.312,108.108,Y2_med_hrv,Yoga,Meditation
2139.844,112.994,Y2_med_hrv,Yoga,Meditation
2140.375,112.994,Y2_med_hrv,Yoga,Meditation
2140.891,116.279,Y2_med_hrv,Yoga,Meditation
2141.414,114.723,Y2_med_hrv,Yoga,Meditation
2141.938,114.723,Y2_med_hrv,Yoga,Meditation
2142.461,114.723,Y2_med_hrv,Yoga,Meditation
2143.0,111.317,Y2_med_hrv,Yoga,Meditation
2143.555,108.108,Y2_med_hrv,Yoga,Meditation
2144.125,105.263,Y2_med_hrv,Yoga,Meditation
2144.711,102.389,Y2_med_hrv,Yoga,Meditation
2145.328,97.2447,Y2_med_hrv,Yoga,Meditation
2145.961,94.7867,Y2_med_hrv,Yoga,Meditation
2146.562,99.6678,Y2_med_hrv,Yoga,Meditation
2147.156,101.01,Y2_med_hrv,Yoga,Meditation
2147.758,99.6678,Y2_med_hrv,Yoga,Meditation
2148.328,105.263,Y2_med_hrv,Yoga,Meditation
2148.891,106.762,Y2_med_hrv,Yoga,Meditation
2149.445,108.108,Y2_med_hrv,Yoga,Meditation
2150.0,108.108,Y2_med_hrv,Yoga,Meditation
2150.539,111.317,Y2_med_hrv,Yoga,Meditation
2151.062,114.723,Y2_med_hrv,Yoga,Meditation
2151.602,111.317,Y2_med_hrv,Yoga,Meditation
2152.133,112.994,Y2_med_hrv,Yoga,Meditation
2152.68,109.689,Y2_med_hrv,Yoga,Meditation
2153.25,105.263,Y2_med_hrv,Yoga,Meditation
2153.859,98.5222,Y2_med_hrv,Yoga,Meditation
2154.508,92.5926,Y2_med_hrv,Yoga,Meditation
2155.172,90.3614,Y2_med_hrv,Yoga,Meditation
2155.844,89.2857,Y2_med_hrv,Yoga,Meditation
2156.57,82.5309,Y2_med_hrv,Yoga,Meditation
2157.305,81.7439,Y2_med_hrv,Yoga,Meditation
2158.008,85.3485,Y2_med_hrv,Yoga,Meditation
2158.688,88.2353,Y2_med_hrv,Yoga,Meditation
2159.32,94.7867,Y2_med_hrv,Yoga,Meditation
2159.93,98.5222,Y2_med_hrv,Yoga,Meditation
2160.531,99.6678,Y2_med_hrv,Yoga,Meditation
2161.117,102.389,Y2_med_hrv,Yoga,Meditation
2161.695,103.806,Y2_med_hrv,Yoga,Meditation
2162.266,105.263,Y2_med_hrv,Yoga,Meditation
2162.828,106.762,Y2_med_hrv,Yoga,Meditation
2163.414,102.389,Y2_med_hrv,Yoga,Meditation
2163.992,103.806,Y2_med_hrv,Yoga,Meditation
2164.578,102.389,Y2_med_hrv,Yoga,Meditation
2165.164,102.389,Y2_med_hrv,Yoga,Meditation
2165.742,103.806,Y2_med_hrv,Yoga,Meditation
2166.312,105.263,Y2_med_hrv,Yoga,Meditation
2166.875,106.762,Y2_med_hrv,Yoga,Meditation
2167.43,108.108,Y2_med_hrv,Yoga,Meditation
2167.977,109.689,Y2_med_hrv,Yoga,Meditation
2168.523,109.689,Y2_med_hrv,Yoga,Meditation
2169.062,111.317,Y2_med_hrv,Yoga,Meditation
2169.594,112.994,Y2_med_hrv,Yoga,Meditation
2170.125,112.994,Y2_med_hrv,Yoga,Meditation
2170.664,111.317,Y2_med_hrv,Yoga,Meditation
2171.203,111.317,Y2_med_hrv,Yoga,Meditation
2171.758,108.108,Y2_med_hrv,Yoga,Meditation
2172.328,105.263,Y2_med_hrv,Yoga,Meditation
2172.922,101.01,Y2_med_hrv,Yoga,Meditation
2173.547,96.0,Y2_med_hrv,Yoga,Meditation
2174.164,97.2447,Y2_med_hrv,Yoga,Meditation
2174.766,99.6678,Y2_med_hrv,Yoga,Meditation
2175.352,102.389,Y2_med_hrv,Yoga,Meditation
2175.938,102.389,Y2_med_hrv,Yoga,Meditation
2176.508,105.263,Y2_med_hrv,Yoga,Meditation
2177.078,105.263,Y2_med_hrv,Yoga,Meditation
2177.633,108.108,Y2_med_hrv,Yoga,Meditation
2178.18,109.689,Y2_med_hrv,Yoga,Meditation
2178.742,106.762,Y2_med_hrv,Yoga,Meditation
2179.305,106.762,Y2_med_hrv,Yoga,Meditation
2179.891,102.389,Y2_med_hrv,Yoga,Meditation
2180.492,99.6678,Y2_med_hrv,Yoga,Meditation
2181.148,91.4634,Y2_med_hrv,Yoga,Meditation
2181.828,88.2353,Y2_med_hrv,Yoga,Meditation
2182.5,89.2857,Y2_med_hrv,Yoga,Meditation
2183.125,96.0,Y2_med_hrv,Yoga,Meditation
2183.742,97.2447,Y2_med_hrv,Yoga,Meditation
2184.352,98.5222,Y2_med_hrv,Yoga,Meditation
2184.945,101.01,Y2_med_hrv,Yoga,Meditation
2185.516,105.263,Y2_med_hrv,Yoga,Meditation
2186.086,105.263,Y2_med_hrv,Yoga,Meditation
2186.656,105.263,Y2_med_hrv,Yoga,Meditation
2187.211,108.108,Y2_med_hrv,Yoga,Meditation
2187.773,106.762,Y2_med_hrv,Yoga,Meditation
2188.352,103.806,Y2_med_hrv,Yoga,Meditation
2188.945,101.01,Y2_med_hrv,Yoga,Meditation
2189.562,97.2447,Y2_med_hrv,Yoga,Meditation
2190.203,93.6037,Y2_med_hrv,Yoga,Meditation
2190.844,93.6037,Y2_med_hrv,Yoga,Meditation
2191.477,94.7867,Y2_med_hrv,Yoga,Meditation
2192.102,96.0,Y2_med_hrv,Yoga,Meditation
2192.703,99.6678,Y2_med_hrv,Yoga,Meditation
2193.297,101.01,Y2_med_hrv,Yoga,Meditation
2193.875,103.806,Y2_med_hrv,Yoga,Meditation
2194.438,106.762,Y2_med_hrv,Yoga,Meditation
2195.0,106.762,Y2_med_hrv,Yoga,Meditation
2195.547,109.689,Y2_med_hrv,Yoga,Meditation
2196.094,109.689,Y2_med_hrv,Yoga,Meditation
2196.617,114.723,Y2_med_hrv,Yoga,Meditation
2197.148,112.994,Y2_med_hrv,Yoga,Meditation
2197.688,111.317,Y2_med_hrv,Yoga,Meditation
2198.242,108.108,Y2_med_hrv,Yoga,Meditation
2198.812,105.263,Y2_med_hrv,Yoga,Meditation
2199.438,96.0,Y2_med_hrv,Yoga,Meditation
2200.102,90.3614,Y2_med_hrv,Yoga,Meditation
2200.766,90.3614,Y2_med_hrv,Yoga,Meditation
2201.398,94.7867,Y2_med_hrv,Yoga,Meditation
2202.023,96.0,Y2_med_hrv,Yoga,Meditation
2202.633,98.5222,Y2_med_hrv,Yoga,Meditation
2203.203,105.263,Y2_med_hrv,Yoga,Meditation
2203.781,103.806,Y2_med_hrv,Yoga,Meditation
2204.336,108.108,Y2_med_hrv,Yoga,Meditation
2204.883,109.689,Y2_med_hrv,Yoga,Meditation
2205.422,111.317,Y2_med_hrv,Yoga,Meditation
2205.961,111.317,Y2_med_hrv,Yoga,Meditation
2206.492,112.994,Y2_med_hrv,Yoga,Meditation
2207.031,111.317,Y2_med_hrv,Yoga,Meditation
2207.57,111.317,Y2_med_hrv,Yoga,Meditation
2208.117,109.689,Y2_med_hrv,Yoga,Meditation
2208.664,109.689,Y2_med_hrv,Yoga,Meditation
2209.219,108.108,Y2_med_hrv,Yoga,Meditation
2209.773,108.108,Y2_med_hrv,Yoga,Meditation
2210.32,109.689,Y2_med_hrv,Yoga,Meditation
2210.859,111.317,Y2_med_hrv,Yoga,Meditation
2211.398,111.317,Y2_med_hrv,Yoga,Meditation
2211.922,114.723,Y2_med_hrv,Yoga,Meditation
2212.438,116.279,Y2_med_hrv,Yoga,Meditation
2212.961,114.723,Y2_med_hrv,Yoga,Meditation
2213.453,121.951,Y2_med_hrv,Yoga,Meditation
2213.961,118.11,Y2_med_hrv,Yoga,Meditation
2214.461,120.0,Y2_med_hrv,Yoga,Meditation
2214.961,120.0,Y2_med_hrv,Yoga,Meditation
2215.477,116.279,Y2_med_hrv,Yoga,Meditation
2216.008,112.994,Y2_med_hrv,Yoga,Meditation
2216.586,103.806,Y2_med_hrv,Yoga,Meditation
2217.242,91.4634,Y2_med_hrv,Yoga,Meditation
2217.969,82.5309,Y2_med_hrv,Yoga,Meditation
2218.719,80.0,Y2_med_hrv,Yoga,Meditation
2219.453,81.7439,Y2_med_hrv,Yoga,Meditation
2220.156,85.3485,Y2_med_hrv,Yoga,Meditation
