Time,HeartRate,Subject,Group,State
1005.336,52.5855,Y4_pre_hrv,Yoga,Pre-Meditation
1006.469,52.9568,Y4_pre_hrv,Yoga,Pre-Meditation
1007.586,53.7153,Y4_pre_hrv,Yoga,Pre-Meditation
1008.648,56.4972,Y4_pre_hrv,Yoga,Pre-Meditation
1009.695,57.3066,Y4_pre_hrv,Yoga,Pre-Meditation
1010.766,56.0748,Y4_pre_hrv,Yoga,Pre-Meditation
1011.844,55.6586,Y4_pre_hrv,Yoga,Pre-Meditation
1013.016,51.1945,Y4_pre_hrv,Yoga,Pre-Meditation
1014.188,51.1945,Y4_pre_hrv,Yoga,Pre-Meditation
1015.336,52.2648,Y4_pre_hrv,Yoga,Pre-Meditation
1016.523,50.5051,Y4_pre_hrv,Yoga,Pre-Meditation
1017.617,54.8446,Y4_pre_hrv,Yoga,Pre-Meditation
1018.742,53.3333,Y4_pre_hrv,Yoga,Pre-Meditation
1019.953,49.5458,Y4_pre_hrv,Yoga,Pre-Meditation
1021.156,49.8753,Y4_pre_hrv,Yoga,Pre-Meditation
1022.414,47.6948,Y4_pre_hrv,Yoga,Pre-Meditation
1023.602,50.5051,Y4_pre_hrv,Yoga,Pre-Meditation
1024.734,52.9568,Y4_pre_hrv,Yoga,Pre-Meditation
1025.797,56.4972,Y4_pre_hrv,Yoga,Pre-Meditation
1026.922,53.3333,Y4_pre_hrv,Yoga,Pre-Meditation
1027.922,60.0,Y4_pre_hrv,Yoga,Pre-Meditation
1028.906,60.9756,Y4_pre_hrv,Yoga,Pre-Meditation
1029.82,65.6455,Y4_pre_hrv,Yoga,Pre-Meditation
1030.742,65.0759,Y4_pre_hrv,Yoga,Pre-Meditation
1031.828,55.2486,Y4_pre_hrv,Yoga,Pre-Meditation
1032.852,58.651,Y4_pre_hrv,Yoga,Pre-Meditation
1033.914,56.4972,Y4_pre_hrv,Yoga,Pre-Meditation
1034.992,55.6586,Y4_pre_hrv,Yoga,Pre-Meditation
1036.047,56.872,Y4_pre_hrv,Yoga,Pre-Meditation
1037.062,59.0551,Y4_pre_hrv,Yoga,Pre-Meditation
1038.086,58.651,Y4_pre_hrv,Yoga,Pre-Meditation
1039.117,58.1959,Y4_pre_hrv,Yoga,Pre-Meditation
1040.25,52.9568,Y4_pre_hrv,Yoga,Pre-Meditation
1041.43,50.8475,Y4_pre_hrv,Yoga,Pre-Meditation
1042.578,52.2648,Y4_pre_hrv,Yoga,Pre-Meditation
1043.734,51.9031,Y4_pre_hrv,Yoga,Pre-Meditation
1044.852,53.7153,Y4_pre_hrv,Yoga,Pre-Meditation
1046.016,51.5464,Y4_pre_hrv,Yoga,Pre-Meditation
1047.102,55.2486,Y4_pre_hrv,Yoga,Pre-Meditation
1048.266,51.5464,Y4_pre_hrv,Yoga,Pre-Meditation
1049.508,48.3092,Y4_pre_hrv,Yoga,Pre-Meditation
1051.422,42.1941,Y4_pre_hrv,Yoga,Pre-Meditation
1052.445,58.651,Y4_pre_hrv,Yoga,Pre-Meditation
1053.484,57.7478,Y4_pre_hrv,Yoga,Pre-Meditation
1054.914,41.958,Y4_pre_hrv,Yoga,Pre-Meditation
1056.383,40.8441,Y4_pre_hrv,Yoga,Pre-Meditation
1057.703,45.4545,Y4_pre_hrv,Yoga,Pre-Meditation
1058.984,46.8384,Y4_pre_hrv,Yoga,Pre-Meditation
1061.047,38.7847,Y4_pre_hrv,Yoga,Pre-Meditation
1062.328,46.8384,Y4_pre_hrv,Yoga,Pre-Meditation
1064.266,41.958,Y4_pre_hrv,Yoga,Pre-Meditation
1065.625,44.1501,Y4_pre_hrv,Yoga,Pre-Meditation
1067.047,42.1941,Y4_pre_hrv,Yoga,Pre-Meditation
1068.281,48.6224,Y4_pre_hrv,Yoga,Pre-Meditation
1069.758,40.6229,Y4_pre_hrv,Yoga,Pre-Meditation
1071.312,38.5852,Y4_pre_hrv,Yoga,Pre-Meditation
1072.758,41.5225,Y4_pre_hrv,Yoga,Pre-Meditation
1074.172,42.4328,Y4_pre_hrv,Yoga,Pre-Meditation
1075.609,41.7246,Y4_pre_hrv,Yoga,Pre-Meditation
1076.945,44.9102,Y4_pre_hrv,Yoga,Pre-Meditation
1078.336,43.1344,Y4_pre_hrv,Yoga,Pre-Meditation
1079.875,38.9864,Y4_pre_hrv,Yoga,Pre-Meditation
1081.305,41.958,Y4_pre_hrv,Yoga,Pre-Meditation
1082.758,41.2939,Y4_pre_hrv,Yoga,Pre-Meditation
1083.945,50.5051,Y4_pre_hrv,Yoga,Pre-Meditation
1085.055,54.1028,Y4_pre_hrv,Yoga,Pre-Meditation
1086.5,41.5225,Y4_pre_hrv,Yoga,Pre-Meditation
1087.984,40.4313,Y4_pre_hrv,Yoga,Pre-Meditation
1089.375,43.1344,Y4_pre_hrv,Yoga,Pre-Meditation
1090.719,44.6429,Y4_pre_hrv,Yoga,Pre-Meditation
1092.133,42.4328,Y4_pre_hrv,Yoga,Pre-Meditation
1093.578,41.5225,Y4_pre_hrv,Yoga,Pre-Meditation
1095.062,40.4313,Y4_pre_hrv,Yoga,Pre-Meditation
1096.664,37.4532,Y4_pre_hrv,Yoga,Pre-Meditation
1098.234,38.2166,Y4_pre_hrv,Yoga,Pre-Meditation
1099.789,38.5852,Y4_pre_hrv,Yoga,Pre-Meditation
1101.352,38.4123,Y4_pre_hrv,Yoga,Pre-Meditation
1102.852,40.0,Y4_pre_hrv,Yoga,Pre-Meditation
1104.336,40.4313,Y4_pre_hrv,Yoga,Pre-Meditation
1105.93,37.6412,Y4_pre_hrv,Yoga,Pre-Meditation
1107.312,43.3839,Y4_pre_hrv,Yoga,Pre-Meditation
1108.711,42.9185,Y4_pre_hrv,Yoga,Pre-Meditation
1110.062,44.3787,Y4_pre_hrv,Yoga,Pre-Meditation
1111.375,45.7317,Y4_pre_hrv,Yoga,Pre-Meditation
1112.719,44.6429,Y4_pre_hrv,Yoga,Pre-Meditation
1114.156,41.7246,Y4_pre_hrv,Yoga,Pre-Meditation
1115.469,45.7317,Y4_pre_hrv,Yoga,Pre-Meditation
1116.883,42.4328,Y4_pre_hrv,Yoga,Pre-Meditation
1118.312,41.958,Y4_pre_hrv,Yoga,Pre-Meditation
1119.906,37.6412,Y4_pre_hrv,Yoga,Pre-Meditation
1121.375,40.8441,Y4_pre_hrv,Yoga,Pre-Meditation
1122.977,37.4532,Y4_pre_hrv,Yoga,Pre-Meditation
1124.438,41.0678,Y4_pre_hrv,Yoga,Pre-Meditation
1125.734,46.2606,Y4_pre_hrv,Yoga,Pre-Meditation
1127.07,44.9102,Y4_pre_hrv,Yoga,Pre-Meditation
1128.438,43.8917,Y4_pre_hrv,Yoga,Pre-Meditation
1129.844,42.6743,Y4_pre_hrv,Yoga,Pre-Meditation
1131.281,41.7246,Y4_pre_hrv,Yoga,Pre-Meditation
1132.602,45.4545,Y4_pre_hrv,Yoga,Pre-Meditation
1133.766,51.5464,Y4_pre_hrv,Yoga,Pre-Meditation
1135.25,40.4313,Y4_pre_hrv,Yoga,Pre-Meditation
1136.688,41.7246,Y4_pre_hrv,Yoga,Pre-Meditation
1138.141,41.2939,Y4_pre_hrv,Yoga,Pre-Meditation
1139.57,41.958,Y4_pre_hrv,Yoga,Pre-Meditation
1141.008,41.7246,Y4_pre_hrv,Yoga,Pre-Meditation
1142.43,42.1941,Y4_pre_hrv,Yoga,Pre-Meditation
1143.875,41.5225,Y4_pre_hrv,Yoga,Pre-Meditation
1145.305,41.958,Y4_pre_hrv,Yoga,Pre-Meditation
1146.766,41.0678,Y4_pre_hrv,Yoga,Pre-Meditation
1148.195,41.958,Y4_pre_hrv,Yoga,Pre-Meditation
1149.609,42.4328,Y4_pre_hrv,Yoga,Pre-Meditation
1151.0,43.1344,Y4_pre_hrv,Yoga,Pre-Meditation
1152.391,43.1344,Y4_pre_hrv,Yoga,Pre-Meditation
1153.836,41.5225,Y4_pre_hrv,Yoga,Pre-Meditation
1155.258,42.1941,Y4_pre_hrv,Yoga,Pre-Meditation
1156.641,43.3839,Y4_pre_hrv,Yoga,Pre-Meditation
1158.07,41.958,Y4_pre_hrv,Yoga,Pre-Meditation
1159.508,41.7246,Y4_pre_hrv,Yoga,Pre-Meditation
1160.758,48.0,Y4_pre_hrv,Yoga,Pre-Meditation
1162.047,46.5477,Y4_pre_hrv,Yoga,Pre-Meditation
1163.43,43.3839,Y4_pre_hrv,Yoga,Pre-Meditation
1164.617,50.5051,Y4_pre_hrv,Yoga,Pre-Meditation
1165.828,49.5458,Y4_pre_hrv,Yoga,Pre-Meditation
1166.898,56.0748,Y4_pre_hrv,Yoga,Pre-Meditation
1167.953,56.872,Y4_pre_hrv,Yoga,Pre-Meditation
1169.039,55.2486,Y4_pre_hrv,Yoga,Pre-Meditation
1169.984,63.4921,Y4_pre_hrv,Yoga,Pre-Meditation
1170.992,59.5238,Y4_pre_hrv,Yoga,Pre-Meditation
1172.023,58.1959,Y4_pre_hrv,Yoga,Pre-Meditation
1173.078,56.872,Y4_pre_hrv,Yoga,Pre-Meditation
1174.125,57.3066,Y4_pre_hrv,Yoga,Pre-Meditation
1175.273,52.2648,Y4_pre_hrv,Yoga,Pre-Meditation
1176.445,51.1945,Y4_pre_hrv,Yoga,Pre-Meditation
1177.594,52.2648,Y4_pre_hrv,Yoga,Pre-Meditation
1178.734,52.5855,Y4_pre_hrv,Yoga,Pre-Meditation
1179.859,53.3333,Y4_pre_hrv,Yoga,Pre-Meditation
1180.883,58.651,Y4_pre_hrv,Yoga,Pre-Meditation
1181.781,66.8151,Y4_pre_hrv,Yoga,Pre-Meditation
1182.703,65.0759,Y4_pre_hrv,Yoga,Pre-Meditation
1183.828,53.3333,Y4_pre_hrv,Yoga,Pre-Meditation
1184.953,53.3333,Y4_pre_hrv,Yoga,Pre-Meditation
1186.125,51.1945,Y4_pre_hrv,Yoga,Pre-Meditation
1187.281,51.9031,Y4_pre_hrv,Yoga,Pre-Meditation
1188.367,55.2486,Y4_pre_hrv,Yoga,Pre-Meditation
1189.594,48.8998,Y4_pre_hrv,Yoga,Pre-Meditation
1190.836,48.3092,Y4_pre_hrv,Yoga,Pre-Meditation
1192.18,44.6429,Y4_pre_hrv,Yoga,Pre-Meditation
1193.477,46.2606,Y4_pre_hrv,Yoga,Pre-Meditation
1194.688,49.5458,Y4_pre_hrv,Yoga,Pre-Meditation
1196.031,44.6429,Y4_pre_hrv,Yoga,Pre-Meditation
1197.258,48.8998,Y4_pre_hrv,Yoga,Pre-Meditation
1198.531,47.1328,Y4_pre_hrv,Yoga,Pre-Meditation
1199.867,44.9102,Y4_pre_hrv,Yoga,Pre-Meditation
1201.156,46.5477,Y4_pre_hrv,Yoga,Pre-Meditation
1203.18,39.1901,Y4_pre_hrv,Yoga,Pre-Meditation
1204.422,48.3092,Y4_pre_hrv,Yoga,Pre-Meditation
1205.781,44.1501,Y4_pre_hrv,Yoga,Pre-Meditation
1207.25,40.8441,Y4_pre_hrv,Yoga,Pre-Meditation
1208.742,40.2145,Y4_pre_hrv,Yoga,Pre-Meditation
1210.203,41.0678,Y4_pre_hrv,Yoga,Pre-Meditation
1211.68,40.6229,Y4_pre_hrv,Yoga,Pre-Meditation
1213.141,41.0678,Y4_pre_hrv,Yoga,Pre-Meditation
1214.5,44.1501,Y4_pre_hrv,Yoga,Pre-Meditation
1215.859,44.1501,Y4_pre_hrv,Yoga,Pre-Meditation
1217.219,44.1501,Y4_pre_hrv,Yoga,Pre-Meditation
1218.617,42.9185,Y4_pre_hrv,Yoga,Pre-Meditation
1219.977,44.1501,Y4_pre_hrv,Yoga,Pre-Meditation
1221.289,45.7317,Y4_pre_hrv,Yoga,Pre-Meditation
1222.633,44.6429,Y4_pre_hrv,Yoga,Pre-Meditation
1223.938,45.977,Y4_pre_hrv,Yoga,Pre-Meditation
1225.312,43.6364,Y4_pre_hrv,Yoga,Pre-Meditation
1226.656,44.6429,Y4_pre_hrv,Yoga,Pre-Meditation
1228.055,42.9185,Y4_pre_hrv,Yoga,Pre-Meditation
1229.398,44.6429,Y4_pre_hrv,Yoga,Pre-Meditation
1230.758,44.1501,Y4_pre_hrv,Yoga,Pre-Meditation
1232.172,42.4328,Y4_pre_hrv,Yoga,Pre-Meditation
1233.547,43.6364,Y4_pre_hrv,Yoga,Pre-Meditation
1234.953,42.6743,Y4_pre_hrv,Yoga,Pre-Meditation
1236.258,45.977,Y4_pre_hrv,Yoga,Pre-Meditation
1237.586,45.1807,Y4_pre_hrv,Yoga,Pre-Meditation
1238.93,44.6429,Y4_pre_hrv,Yoga,Pre-Meditation
1240.273,44.6429,Y4_pre_hrv,Yoga,Pre-Meditation
1241.602,45.1807,Y4_pre_hrv,Yoga,Pre-Meditation
1242.852,48.0,Y4_pre_hrv,Yoga,Pre-Meditation
1244.156,45.977,Y4_pre_hrv,Yoga,Pre-Meditation
1246.133,41.0678,Y4_pre_hrv,Yoga,Pre-Meditation
1247.391,47.6948,Y4_pre_hrv,Yoga,Pre-Meditation
1248.727,44.9102,Y4_pre_hrv,Yoga,Pre-Meditation
1250.117,43.1344,Y4_pre_hrv,Yoga,Pre-Meditation
1251.656,38.9864,Y4_pre_hrv,Yoga,Pre-Meditation
1253.094,41.7246,Y4_pre_hrv,Yoga,Pre-Meditation
1254.531,41.7246,Y4_pre_hrv,Yoga,Pre-Meditation
1255.867,44.9102,Y4_pre_hrv,Yoga,Pre-Meditation
1257.266,42.9185,Y4_pre_hrv,Yoga,Pre-Meditation
1258.727,41.0678,Y4_pre_hrv,Yoga,Pre-Meditation
1260.195,40.8441,Y4_pre_hrv,Yoga,Pre-Meditation
1261.695,40.0,Y4_pre_hrv,Yoga,Pre-Meditation
1263.211,39.5778,Y4_pre_hrv,Yoga,Pre-Meditation
1264.68,40.8441,Y4_pre_hrv,Yoga,Pre-Meditation
1266.273,37.6412,Y4_pre_hrv,Yoga,Pre-Meditation
1267.797,39.3959,Y4_pre_hrv,Yoga,Pre-Meditation
1269.266,40.8441,Y4_pre_hrv,Yoga,Pre-Meditation
1270.734,40.8441,Y4_pre_hrv,Yoga,Pre-Meditation
1272.164,41.958,Y4_pre_hrv,Yoga,Pre-Meditation
1273.602,41.7246,Y4_pre_hrv,Yoga,Pre-Meditation
1275.031,41.958,Y4_pre_hrv,Yoga,Pre-Meditation
1276.523,40.2145,Y4_pre_hrv,Yoga,Pre-Meditation
1277.945,42.1941,Y4_pre_hrv,Yoga,Pre-Meditation
1279.328,43.3839,Y4_pre_hrv,Yoga,Pre-Meditation
1280.531,49.8753,Y4_pre_hrv,Yoga,Pre-Meditation
1281.93,42.9185,Y4_pre_hrv,Yoga,Pre-Meditation
1283.359,41.958,Y4_pre_hrv,Yoga,Pre-Meditation
1284.898,38.9864,Y4_pre_hrv,Yoga,Pre-Meditation
1286.336,41.7246,Y4_pre_hrv,Yoga,Pre-Meditation
1287.742,42.6743,Y4_pre_hrv,Yoga,Pre-Meditation
1289.125,43.3839,Y4_pre_hrv,Yoga,Pre-Meditation
1290.641,39.5778,Y4_pre_hrv,Yoga,Pre-Meditation
1292.0,44.1501,Y4_pre_hrv,Yoga,Pre-Meditation
1293.5,40.0,Y4_pre_hrv,Yoga,Pre-Meditation
1294.875,43.6364,Y4_pre_hrv,Yoga,Pre-Meditation
1296.312,41.7246,Y4_pre_hrv,Yoga,Pre-Meditation
1297.742,41.958,Y4_pre_hrv,Yoga,Pre-Meditation
1299.203,41.0678,Y4_pre_hrv,Yoga,Pre-Meditation
1300.719,39.5778,Y4_pre_hrv,Yoga,Pre-Meditation
1302.148,41.958,Y4_pre_hrv,Yoga,Pre-Meditation
1303.648,40.0,Y4_pre_hrv,Yoga,Pre-Meditation
1305.062,42.4328,Y4_pre_hrv,Yoga,Pre-Meditation
1306.422,44.1501,Y4_pre_hrv,Yoga,Pre-Meditation
1307.953,39.1901,Y4_pre_hrv,Yoga,Pre-Meditation
1309.531,38.0228,Y4_pre_hrv,Yoga,Pre-Meditation
1311.047,39.5778,Y4_pre_hrv,Yoga,Pre-Meditation
1312.422,43.6364,Y4_pre_hrv,Yoga,Pre-Meditation
1313.68,47.6948,Y4_pre_hrv,Yoga,Pre-Meditation
1314.898,49.2207,Y4_pre_hrv,Yoga,Pre-Meditation
1316.047,52.2648,Y4_pre_hrv,Yoga,Pre-Meditation
1317.219,51.1945,Y4_pre_hrv,Yoga,Pre-Meditation
1318.445,48.8998,Y4_pre_hrv,Yoga,Pre-Meditation
1319.664,49.2207,Y4_pre_hrv,Yoga,Pre-Meditation
1320.922,47.6948,Y4_pre_hrv,Yoga,Pre-Meditation
1322.133,49.5458,Y4_pre_hrv,Yoga,Pre-Meditation
1323.18,57.3066,Y4_pre_hrv,Yoga,Pre-Meditation
1324.312,52.9568,Y4_pre_hrv,Yoga,Pre-Meditation
1325.297,60.9756,Y4_pre_hrv,Yoga,Pre-Meditation
1326.258,62.435,Y4_pre_hrv,Yoga,Pre-Meditation
1327.297,57.7478,Y4_pre_hrv,Yoga,Pre-Meditation
1328.383,55.2486,Y4_pre_hrv,Yoga,Pre-Meditation
1329.414,58.1959,Y4_pre_hrv,Yoga,Pre-Meditation
1331.664,43.6364,Y4_pre_hrv,Yoga,Pre-Meditation
1332.93,47.3934,Y4_pre_hrv,Yoga,Pre-Meditation
1334.148,49.2207,Y4_pre_hrv,Yoga,Pre-Meditation
1335.32,51.1945,Y4_pre_hrv,Yoga,Pre-Meditation
1336.609,46.5477,Y4_pre_hrv,Yoga,Pre-Meditation
1337.875,47.3934,Y4_pre_hrv,Yoga,Pre-Meditation
1339.859,40.6229,Y4_pre_hrv,Yoga,Pre-Meditation
1341.109,48.0,Y4_pre_hrv,Yoga,Pre-Meditation
1342.328,49.2207,Y4_pre_hrv,Yoga,Pre-Meditation
1343.75,42.1941,Y4_pre_hrv,Yoga,Pre-Meditation
1345.281,39.1901,Y4_pre_hrv,Yoga,Pre-Meditation
1346.789,39.7878,Y4_pre_hrv,Yoga,Pre-Meditation
1348.055,47.3934,Y4_pre_hrv,Yoga,Pre-Meditation
1349.344,46.5477,Y4_pre_hrv,Yoga,Pre-Meditation
1350.852,39.7878,Y4_pre_hrv,Yoga,Pre-Meditation
1352.227,43.6364,Y4_pre_hrv,Yoga,Pre-Meditation
1353.578,44.3787,Y4_pre_hrv,Yoga,Pre-Meditation
1354.992,42.4328,Y4_pre_hrv,Yoga,Pre-Meditation
1356.328,44.9102,Y4_pre_hrv,Yoga,Pre-Meditation
1357.727,42.9185,Y4_pre_hrv,Yoga,Pre-Meditation
1359.148,42.1941,Y4_pre_hrv,Yoga,Pre-Meditation
1360.492,44.6429,Y4_pre_hrv,Yoga,Pre-Meditation
1361.891,42.9185,Y4_pre_hrv,Yoga,Pre-Meditation
1363.25,44.1501,Y4_pre_hrv,Yoga,Pre-Meditation
1364.695,41.5225,Y4_pre_hrv,Yoga,Pre-Meditation
1366.094,42.9185,Y4_pre_hrv,Yoga,Pre-Meditation
1367.531,41.7246,Y4_pre_hrv,Yoga,Pre-Meditation
1368.992,41.0678,Y4_pre_hrv,Yoga,Pre-Meditation
1370.461,40.8441,Y4_pre_hrv,Yoga,Pre-Meditation
1372.07,37.2902,Y4_pre_hrv,Yoga,Pre-Meditation
1373.508,41.7246,Y4_pre_hrv,Yoga,Pre-Meditation
1375.039,39.1901,Y4_pre_hrv,Yoga,Pre-Meditation
1376.531,40.2145,Y4_pre_hrv,Yoga,Pre-Meditation
1378.039,39.7878,Y4_pre_hrv,Yoga,Pre-Meditation
1379.562,39.3959,Y4_pre_hrv,Yoga,Pre-Meditation
1380.977,42.4328,Y4_pre_hrv,Yoga,Pre-Meditation
1382.555,38.0228,Y4_pre_hrv,Yoga,Pre-Meditation
1384.086,39.1901,Y4_pre_hrv,Yoga,Pre-Meditation
1385.562,40.6229,Y4_pre_hrv,Yoga,Pre-Meditation
1387.125,38.4123,Y4_pre_hrv,Yoga,Pre-Meditation
1388.625,40.0,Y4_pre_hrv,Yoga,Pre-Meditation
1390.219,37.6412,Y4_pre_hrv,Yoga,Pre-Meditation
1391.727,39.7878,Y4_pre_hrv,Yoga,Pre-Meditation
1393.266,38.9864,Y4_pre_hrv,Yoga,Pre-Meditation
1394.766,40.0,Y4_pre_hrv,Yoga,Pre-Meditation
1396.25,40.4313,Y4_pre_hrv,Yoga,Pre-Meditation
1397.82,38.2166,Y4_pre_hrv,Yoga,Pre-Meditation
1399.305,40.4313,Y4_pre_hrv,Yoga,Pre-Meditation
1400.758,41.2939,Y4_pre_hrv,Yoga,Pre-Meditation
1402.297,38.9864,Y4_pre_hrv,Yoga,Pre-Meditation
1403.781,40.4313,Y4_pre_hrv,Yoga,Pre-Meditation
1405.227,41.5225,Y4_pre_hrv,Yoga,Pre-Meditation
1406.766,38.9864,Y4_pre_hrv,Yoga,Pre-Meditation
1408.164,42.9185,Y4_pre_hrv,Yoga,Pre-Meditation
1409.516,44.3787,Y4_pre_hrv,Yoga,Pre-Meditation
1411.0,40.4313,Y4_pre_hrv,Yoga,Pre-Meditation
1412.375,43.6364,Y4_pre_hrv,Yoga,Pre-Meditation
1413.883,39.7878,Y4_pre_hrv,Yoga,Pre-Meditation
1415.297,42.4328,Y4_pre_hrv,Yoga,Pre-Meditation
1416.719,42.1941,Y4_pre_hrv,Yoga,Pre-Meditation
1418.086,43.8917,Y4_pre_hrv,Yoga,Pre-Meditation
1419.57,40.4313,Y4_pre_hrv,Yoga,Pre-Meditation
1420.992,42.1941,Y4_pre_hrv,Yoga,Pre-Meditation
1422.406,42.4328,Y4_pre_hrv,Yoga,Pre-Meditation
1423.883,40.6229,Y4_pre_hrv,Yoga,Pre-Meditation
1425.406,39.3959,Y4_pre_hrv,Yoga,Pre-Meditation
1426.953,38.7847,Y4_pre_hrv,Yoga,Pre-Meditation
1428.477,39.3959,Y4_pre_hrv,Yoga,Pre-Meditation
1429.961,40.4313,Y4_pre_hrv,Yoga,Pre-Meditation
1431.484,39.3959,Y4_pre_hrv,Yoga,Pre-Meditation
1432.969,40.4313,Y4_pre_hrv,Yoga,Pre-Meditation
1434.547,38.0228,Y4_pre_hrv,Yoga,Pre-Meditation
1436.078,39.1901,Y4_pre_hrv,Yoga,Pre-Meditation
1437.57,40.2145,Y4_pre_hrv,Yoga,Pre-Meditation
1439.039,40.8441,Y4_pre_hrv,Yoga,Pre-Meditation
1440.5,41.0678,Y4_pre_hrv,Yoga,Pre-Meditation
1442.0,40.0,Y4_pre_hrv,Yoga,Pre-Meditation
1443.484,40.4313,Y4_pre_hrv,Yoga,Pre-Meditation
1444.992,39.7878,Y4_pre_hrv,Yoga,Pre-Meditation
1446.461,40.8441,Y4_pre_hrv,Yoga,Pre-Meditation
1447.977,39.5778,Y4_pre_hrv,Yoga,Pre-Meditation
1449.383,42.6743,Y4_pre_hrv,Yoga,Pre-Meditation
1450.82,41.7246,Y4_pre_hrv,Yoga,Pre-Meditation
1452.25,41.958,Y4_pre_hrv,Yoga,Pre-Meditation
1453.609,44.1501,Y4_pre_hrv,Yoga,Pre-Meditation
1455.641,39.5778,Y4_pre_hrv,Yoga,Pre-Meditation
1456.922,46.8384,Y4_pre_hrv,Yoga,Pre-Meditation
1458.312,43.1344,Y4_pre_hrv,Yoga,Pre-Meditation
1459.68,43.8917,Y4_pre_hrv,Yoga,Pre-Meditation
1461.148,40.8441,Y4_pre_hrv,Yoga,Pre-Meditation
1462.445,46.2606,Y4_pre_hrv,Yoga,Pre-Meditation
1463.734,46.5477,Y4_pre_hrv,Yoga,Pre-Meditation
1465.422,35.545,Y4_pre_hrv,Yoga,Pre-Meditation
1466.898,40.6229,Y4_pre_hrv,Yoga,Pre-Meditation
1468.312,42.4328,Y4_pre_hrv,Yoga,Pre-Meditation
1469.711,42.9185,Y4_pre_hrv,Yoga,Pre-Meditation
1471.141,41.958,Y4_pre_hrv,Yoga,Pre-Meditation
1472.523,43.3839,Y4_pre_hrv,Yoga,Pre-Meditation
1473.844,45.4545,Y4_pre_hrv,Yoga,Pre-Meditation
1475.203,44.1501,Y4_pre_hrv,Yoga,Pre-Meditation
1476.578,43.6364,Y4_pre_hrv,Yoga,Pre-Meditation
1477.977,42.9185,Y4_pre_hrv,Yoga,Pre-Meditation
1479.453,40.6229,Y4_pre_hrv,Yoga,Pre-Meditation
1480.914,41.0678,Y4_pre_hrv,Yoga,Pre-Meditation
1482.328,42.4328,Y4_pre_hrv,Yoga,Pre-Meditation
1483.758,41.958,Y4_pre_hrv,Yoga,Pre-Meditation
1485.234,40.6229,Y4_pre_hrv,Yoga,Pre-Meditation
1486.672,41.7246,Y4_pre_hrv,Yoga,Pre-Meditation
1488.148,40.6229,Y4_pre_hrv,Yoga,Pre-Meditation
1489.57,42.1941,Y4_pre_hrv,Yoga,Pre-Meditation
1490.891,45.4545,Y4_pre_hrv,Yoga,Pre-Meditation
1492.359,40.8441,Y4_pre_hrv,Yoga,Pre-Meditation
1493.758,42.9185,Y4_pre_hrv,Yoga,Pre-Meditation
1495.117,44.1501,Y4_pre_hrv,Yoga,Pre-Meditation
1496.555,41.7246,Y4_pre_hrv,Yoga,Pre-Meditation
1497.844,46.5477,Y4_pre_hrv,Yoga,Pre-Meditation
1499.266,42.1941,Y4_pre_hrv,Yoga,Pre-Meditation
1500.742,40.6229,Y4_pre_hrv,Yoga,Pre-Meditation
1502.18,41.7246,Y4_pre_hrv,Yoga,Pre-Meditation
1503.758,38.0228,Y4_pre_hrv,Yoga,Pre-Meditation
1505.18,42.1941,Y4_pre_hrv,Yoga,Pre-Meditation
1506.602,42.1941,Y4_pre_hrv,Yoga,Pre-Meditation
1508.023,42.1941,Y4_pre_hrv,Yoga,Pre-Meditation
1509.32,46.2606,Y4_pre_hrv,Yoga,Pre-Meditation
1510.625,45.977,Y4_pre_hrv,Yoga,Pre-Meditation
1511.82,50.2092,Y4_pre_hrv,Yoga,Pre-Meditation
1512.977,51.9031,Y4_pre_hrv,Yoga,Pre-Meditation
1514.031,56.872,Y4_pre_hrv,Yoga,Pre-Meditation
1515.016,60.9756,Y4_pre_hrv,Yoga,Pre-Meditation
1515.93,65.6455,Y4_pre_hrv,Yoga,Pre-Meditation
1516.977,57.3066,Y4_pre_hrv,Yoga,Pre-Meditation
1517.945,61.9195,Y4_pre_hrv,Yoga,Pre-Meditation
1518.922,61.4125,Y4_pre_hrv,Yoga,Pre-Meditation
1519.922,60.0,Y4_pre_hrv,Yoga,Pre-Meditation
1522.547,41.2939,Y4_pre_hrv,Yoga,Pre-Meditation
1523.688,52.5855,Y4_pre_hrv,Yoga,Pre-Meditation
1524.82,52.9568,Y4_pre_hrv,Yoga,Pre-Meditation
1525.891,56.0748,Y4_pre_hrv,Yoga,Pre-Meditation
1526.891,60.0,Y4_pre_hrv,Yoga,Pre-Meditation
1527.875,60.9756,Y4_pre_hrv,Yoga,Pre-Meditation
1529.102,48.8998,Y4_pre_hrv,Yoga,Pre-Meditation
1530.398,46.2606,Y4_pre_hrv,Yoga,Pre-Meditation
1531.719,45.4545,Y4_pre_hrv,Yoga,Pre-Meditation
1533.016,46.2606,Y4_pre_hrv,Yoga,Pre-Meditation
1534.344,45.1807,Y4_pre_hrv,Yoga,Pre-Meditation
1535.672,45.1807,Y4_pre_hrv,Yoga,Pre-Meditation
1536.953,46.8384,Y4_pre_hrv,Yoga,Pre-Meditation
1538.25,46.2606,Y4_pre_hrv,Yoga,Pre-Meditation
1539.617,43.8917,Y4_pre_hrv,Yoga,Pre-Meditation
1541.0,43.3839,Y4_pre_hrv,Yoga,Pre-Meditation
1542.336,44.9102,Y4_pre_hrv,Yoga,Pre-Meditation
1543.609,47.1328,Y4_pre_hrv,Yoga,Pre-Meditation
1544.828,49.2207,Y4_pre_hrv,Yoga,Pre-Meditation
1546.094,47.3934,Y4_pre_hrv,Yoga,Pre-Meditation
1547.32,48.8998,Y4_pre_hrv,Yoga,Pre-Meditation
1548.586,47.3934,Y4_pre_hrv,Yoga,Pre-Meditation
1549.844,47.6948,Y4_pre_hrv,Yoga,Pre-Meditation
1551.016,51.1945,Y4_pre_hrv,Yoga,Pre-Meditation
1552.281,47.3934,Y4_pre_hrv,Yoga,Pre-Meditation
1554.188,42.9185,Y4_pre_hrv,Yoga,Pre-Meditation
1555.359,51.1945,Y4_pre_hrv,Yoga,Pre-Meditation
1556.453,54.8446,Y4_pre_hrv,Yoga,Pre-Meditation
1557.477,58.651,Y4_pre_hrv,Yoga,Pre-Meditation
1558.633,51.9031,Y4_pre_hrv,Yoga,Pre-Meditation
1559.977,44.6429,Y4_pre_hrv,Yoga,Pre-Meditation
1561.969,40.2145,Y4_pre_hrv,Yoga,Pre-Meditation
1563.227,47.6948,Y4_pre_hrv,Yoga,Pre-Meditation
1564.523,46.2606,Y4_pre_hrv,Yoga,Pre-Meditation
1565.797,47.1328,Y4_pre_hrv,Yoga,Pre-Meditation
1567.906,38.2166,Y4_pre_hrv,Yoga,Pre-Meditation
1569.188,46.8384,Y4_pre_hrv,Yoga,Pre-Meditation
1570.547,44.1501,Y4_pre_hrv,Yoga,Pre-Meditation
1571.984,41.7246,Y4_pre_hrv,Yoga,Pre-Meditation
1573.453,40.8441,Y4_pre_hrv,Yoga,Pre-Meditation
1574.992,38.9864,Y4_pre_hrv,Yoga,Pre-Meditation
1576.5,39.7878,Y4_pre_hrv,Yoga,Pre-Meditation
1578.016,39.5778,Y4_pre_hrv,Yoga,Pre-Meditation
1579.5,40.4313,Y4_pre_hrv,Yoga,Pre-Meditation
1581.008,39.7878,Y4_pre_hrv,Yoga,Pre-Meditation
1582.594,37.831,Y4_pre_hrv,Yoga,Pre-Meditation
1584.102,39.7878,Y4_pre_hrv,Yoga,Pre-Meditation
1585.664,38.4123,Y4_pre_hrv,Yoga,Pre-Meditation
1587.211,38.7847,Y4_pre_hrv,Yoga,Pre-Meditation
1588.734,39.3959,Y4_pre_hrv,Yoga,Pre-Meditation
1590.188,41.2939,Y4_pre_hrv,Yoga,Pre-Meditation
1591.648,41.0678,Y4_pre_hrv,Yoga,Pre-Meditation
1593.211,38.4123,Y4_pre_hrv,Yoga,Pre-Meditation
1594.703,40.2145,Y4_pre_hrv,Yoga,Pre-Meditation
1596.227,39.3959,Y4_pre_hrv,Yoga,Pre-Meditation
1597.578,44.3787,Y4_pre_hrv,Yoga,Pre-Meditation
1599.0,42.1941,Y4_pre_hrv,Yoga,Pre-Meditation
1600.508,39.7878,Y4_pre_hrv,Yoga,Pre-Meditation
1602.047,38.9864,Y4_pre_hrv,Yoga,Pre-Meditation
1603.523,40.6229,Y4_pre_hrv,Yoga,Pre-Meditation
1604.992,40.8441,Y4_pre_hrv,Yoga,Pre-Meditation
1606.5,39.7878,Y4_pre_hrv,Yoga,Pre-Meditation
1608.023,39.3959,Y4_pre_hrv,Yoga,Pre-Meditation
1872.719,92.5926,Y4_med_hrv,Yoga,Meditation
1873.359,93.6037,Y4_med_hrv,Yoga,Meditation
1873.977,97.2447,Y4_med_hrv,Yoga,Meditation
1874.594,97.2447,Y4_med_hrv,Yoga,Meditation
1875.211,97.2447,Y4_med_hrv,Yoga,Meditation
1875.844,94.7867,Y4_med_hrv,Yoga,Meditation
1876.5,91.4634,Y4_med_hrv,Yoga,Meditation
1877.406,66.2252,Y4_med_hrv,Yoga,Meditation
1878.32,65.6455,Y4_med_hrv,Yoga,Meditation
1879.164,71.09,Y4_med_hrv,Yoga,Meditation
1879.93,78.329,Y4_med_hrv,Yoga,Meditation
1880.656,82.5309,Y4_med_hrv,Yoga,Meditation
1881.328,89.2857,Y4_med_hrv,Yoga,Meditation
1881.992,90.3614,Y4_med_hrv,Yoga,Meditation
1882.625,94.7867,Y4_med_hrv,Yoga,Meditation
1883.25,96.0,Y4_med_hrv,Yoga,Meditation
1883.875,96.0,Y4_med_hrv,Yoga,Meditation
1884.5,96.0,Y4_med_hrv,Yoga,Meditation
1885.125,96.0,Y4_med_hrv,Yoga,Meditation
1885.758,94.7867,Y4_med_hrv,Yoga,Meditation
1886.422,90.3614,Y4_med_hrv,Yoga,Meditation
1887.102,88.2353,Y4_med_hrv,Yoga,Meditation
1887.828,82.5309,Y4_med_hrv,Yoga,Meditation
1888.547,83.4492,Y4_med_hrv,Yoga,Meditation
1889.25,85.3485,Y4_med_hrv,Yoga,Meditation
1889.953,85.3485,Y4_med_hrv,Yoga,Meditation
1890.625,89.2857,Y4_med_hrv,Yoga,Meditation
1891.281,91.4634,Y4_med_hrv,Yoga,Meditation
1891.914,94.7867,Y4_med_hrv,Yoga,Meditation
1892.531,97.2447,Y4_med_hrv,Yoga,Meditation
1893.133,99.6678,Y4_med_hrv,Yoga,Meditation
1893.734,99.6678,Y4_med_hrv,Yoga,Meditation
1894.312,103.806,Y4_med_hrv,Yoga,Meditation
1894.906,101.01,Y4_med_hrv,Yoga,Meditation
1895.484,103.806,Y4_med_hrv,Yoga,Meditation
1896.102,97.2447,Y4_med_hrv,Yoga,Meditation
1896.719,97.2447,Y4_med_hrv,Yoga,Meditation
1897.602,67.9502,Y4_med_hrv,Yoga,Meditation
1898.414,73.8916,Y4_med_hrv,Yoga,Meditation
1899.156,80.8625,Y4_med_hrv,Yoga,Meditation
1899.844,87.2093,Y4_med_hrv,Yoga,Meditation
1900.5,91.4634,Y4_med_hrv,Yoga,Meditation
1901.117,97.2447,Y4_med_hrv,Yoga,Meditation
1901.727,98.5222,Y4_med_hrv,Yoga,Meditation
1902.32,101.01,Y4_med_hrv,Yoga,Meditation
1902.922,99.6678,Y4_med_hrv,Yoga,Meditation
1903.531,98.5222,Y4_med_hrv,Yoga,Meditation
1904.164,94.7867,Y4_med_hrv,Yoga,Meditation
1904.836,89.2857,Y4_med_hrv,Yoga,Meditation
1905.578,80.8625,Y4_med_hrv,Yoga,Meditation
1906.344,78.329,Y4_med_hrv,Yoga,Meditation
1907.078,81.7439,Y4_med_hrv,Yoga,Meditation
1907.789,84.3882,Y4_med_hrv,Yoga,Meditation
1908.469,88.2353,Y4_med_hrv,Yoga,Meditation
1909.109,93.6037,Y4_med_hrv,Yoga,Meditation
1909.734,96.0,Y4_med_hrv,Yoga,Meditation
1910.336,99.6678,Y4_med_hrv,Yoga,Meditation
1910.93,101.01,Y4_med_hrv,Yoga,Meditation
1911.523,101.01,Y4_med_hrv,Yoga,Meditation
1912.102,103.806,Y4_med_hrv,Yoga,Meditation
1912.695,101.01,Y4_med_hrv,Yoga,Meditation
1913.305,98.5222,Y4_med_hrv,Yoga,Meditation
1913.938,94.7867,Y4_med_hrv,Yoga,Meditation
1914.648,84.3882,Y4_med_hrv,Yoga,Meditation
1915.375,82.5309,Y4_med_hrv,Yoga,Meditation
1916.047,89.2857,Y4_med_hrv,Yoga,Meditation
1916.695,92.5926,Y4_med_hrv,Yoga,Meditation
1917.328,94.7867,Y4_med_hrv,Yoga,Meditation
1917.945,97.2447,Y4_med_hrv,Yoga,Meditation
1918.562,97.2447,Y4_med_hrv,Yoga,Meditation
1919.172,98.5222,Y4_med_hrv,Yoga,Meditation
1919.789,97.2447,Y4_med_hrv,Yoga,Meditation
1920.406,97.2447,Y4_med_hrv,Yoga,Meditation
1921.031,96.0,Y4_med_hrv,Yoga,Meditation
1921.711,88.2353,Y4_med_hrv,Yoga,Meditation
1922.43,83.4492,Y4_med_hrv,Yoga,Meditation
1923.203,77.6197,Y4_med_hrv,Yoga,Meditation
1923.922,83.4492,Y4_med_hrv,Yoga,Meditation
1924.594,89.2857,Y4_med_hrv,Yoga,Meditation
1925.242,92.5926,Y4_med_hrv,Yoga,Meditation
1925.867,96.0,Y4_med_hrv,Yoga,Meditation
1926.477,98.5222,Y4_med_hrv,Yoga,Meditation
1927.078,99.6678,Y4_med_hrv,Yoga,Meditation
1927.688,98.5222,Y4_med_hrv,Yoga,Meditation
1928.297,98.5222,Y4_med_hrv,Yoga,Meditation
1928.945,92.5926,Y4_med_hrv,Yoga,Meditation
1930.141,50.2092,Y4_med_hrv,Yoga,Meditation
1931.172,58.1959,Y4_med_hrv,Yoga,Meditation
1932.117,63.4921,Y4_med_hrv,Yoga,Meditation
1933.031,65.6455,Y4_med_hrv,Yoga,Meditation
1933.812,76.8246,Y4_med_hrv,Yoga,Meditation
1934.484,89.2857,Y4_med_hrv,Yoga,Meditation
1935.133,92.5926,Y4_med_hrv,Yoga,Meditation
1935.758,96.0,Y4_med_hrv,Yoga,Meditation
1936.398,93.6037,Y4_med_hrv,Yoga,Meditation
1937.32,65.0759,Y4_med_hrv,Yoga,Meditation
1938.359,57.7478,Y4_med_hrv,Yoga,Meditation
1939.406,57.3066,Y4_med_hrv,Yoga,Meditation
1940.43,58.651,Y4_med_hrv,Yoga,Meditation
1941.352,65.0759,Y4_med_hrv,Yoga,Meditation
1942.109,79.1557,Y4_med_hrv,Yoga,Meditation
1942.797,87.2093,Y4_med_hrv,Yoga,Meditation
1943.414,97.2447,Y4_med_hrv,Yoga,Meditation
1944.023,98.5222,Y4_med_hrv,Yoga,Meditation
1944.617,101.01,Y4_med_hrv,Yoga,Meditation
1945.227,98.5222,Y4_med_hrv,Yoga,Meditation
1945.836,98.5222,Y4_med_hrv,Yoga,Meditation
1946.469,94.7867,Y4_med_hrv,Yoga,Meditation
1947.172,85.3485,Y4_med_hrv,Yoga,Meditation
1948.133,62.435,Y4_med_hrv,Yoga,Meditation
1949.047,65.6455,Y4_med_hrv,Yoga,Meditation
1949.93,67.9502,Y4_med_hrv,Yoga,Meditation
1950.68,80.0,Y4_med_hrv,Yoga,Meditation
1951.406,82.5309,Y4_med_hrv,Yoga,Meditation
1952.07,90.3614,Y4_med_hrv,Yoga,Meditation
1952.719,92.5926,Y4_med_hrv,Yoga,Meditation
1953.344,96.0,Y4_med_hrv,Yoga,Meditation
1953.945,99.6678,Y4_med_hrv,Yoga,Meditation
1954.539,101.01,Y4_med_hrv,Yoga,Meditation
1955.133,101.01,Y4_med_hrv,Yoga,Meditation
1955.719,102.389,Y4_med_hrv,Yoga,Meditation
1956.328,98.5222,Y4_med_hrv,Yoga,Meditation
1956.938,98.5222,Y4_med_hrv,Yoga,Meditation
1957.562,96.0,Y4_med_hrv,Yoga,Meditation
1958.438,68.5714,Y4_med_hrv,Yoga,Meditation
1959.359,65.0759,Y4_med_hrv,Yoga,Meditation
1960.219,69.8487,Y4_med_hrv,Yoga,Meditation
1961.016,75.2823,Y4_med_hrv,Yoga,Meditation
1961.727,84.3882,Y4_med_hrv,Yoga,Meditation
1962.391,90.3614,Y4_med_hrv,Yoga,Meditation
1963.008,97.2447,Y4_med_hrv,Yoga,Meditation
1963.625,97.2447,Y4_med_hrv,Yoga,Meditation
1964.219,101.01,Y4_med_hrv,Yoga,Meditation
1964.828,98.5222,Y4_med_hrv,Yoga,Meditation
1965.43,99.6678,Y4_med_hrv,Yoga,Meditation
1966.07,93.6037,Y4_med_hrv,Yoga,Meditation
1966.953,67.9502,Y4_med_hrv,Yoga,Meditation
1967.883,64.5161,Y4_med_hrv,Yoga,Meditation
1968.781,66.8151,Y4_med_hrv,Yoga,Meditation
1969.586,74.5342,Y4_med_hrv,Yoga,Meditation
1970.305,83.4492,Y4_med_hrv,Yoga,Meditation
1970.969,90.3614,Y4_med_hrv,Yoga,Meditation
1971.609,93.6037,Y4_med_hrv,Yoga,Meditation
1972.227,97.2447,Y4_med_hrv,Yoga,Meditation
1972.836,98.5222,Y4_med_hrv,Yoga,Meditation
1973.453,97.2447,Y4_med_hrv,Yoga,Meditation
1974.07,97.2447,Y4_med_hrv,Yoga,Meditation
1974.711,93.6037,Y4_med_hrv,Yoga,Meditation
1975.375,90.3614,Y4_med_hrv,Yoga,Meditation
1976.289,65.6455,Y4_med_hrv,Yoga,Meditation
1977.188,66.8151,Y4_med_hrv,Yoga,Meditation
1978.016,72.4638,Y4_med_hrv,Yoga,Meditation
1978.812,75.2823,Y4_med_hrv,Yoga,Meditation
1979.602,76.0456,Y4_med_hrv,Yoga,Meditation
1980.281,88.2353,Y4_med_hrv,Yoga,Meditation
1980.961,88.2353,Y4_med_hrv,Yoga,Meditation
1981.562,99.6678,Y4_med_hrv,Yoga,Meditation
1982.18,97.2447,Y4_med_hrv,Yoga,Meditation
1983.203,58.651,Y4_med_hrv,Yoga,Meditation
1983.914,84.3882,Y4_med_hrv,Yoga,Meditation
1984.516,99.6678,Y4_med_hrv,Yoga,Meditation
1985.086,105.263,Y4_med_hrv,Yoga,Meditation
1985.656,105.263,Y4_med_hrv,Yoga,Meditation
1986.234,103.806,Y4_med_hrv,Yoga,Meditation
1986.836,99.6678,Y4_med_hrv,Yoga,Meditation
1987.484,92.5926,Y4_med_hrv,Yoga,Meditation
1988.148,90.3614,Y4_med_hrv,Yoga,Meditation
1988.789,93.6037,Y4_med_hrv,Yoga,Meditation
1989.398,98.5222,Y4_med_hrv,Yoga,Meditation
1989.984,102.389,Y4_med_hrv,Yoga,Meditation
1990.586,99.6678,Y4_med_hrv,Yoga,Meditation
1991.156,105.263,Y4_med_hrv,Yoga,Meditation
1991.727,105.263,Y4_med_hrv,Yoga,Meditation
1992.297,105.263,Y4_med_hrv,Yoga,Meditation
1992.867,105.263,Y4_med_hrv,Yoga,Meditation
1993.422,108.108,Y4_med_hrv,Yoga,Meditation
1993.992,105.263,Y4_med_hrv,Yoga,Meditation
1994.555,106.762,Y4_med_hrv,Yoga,Meditation
1995.117,106.762,Y4_med_hrv,Yoga,Meditation
1995.68,106.762,Y4_med_hrv,Yoga,Meditation
1996.25,105.263,Y4_med_hrv,Yoga,Meditation
1996.844,101.01,Y4_med_hrv,Yoga,Meditation
1997.461,97.2447,Y4_med_hrv,Yoga,Meditation
1998.102,93.6037,Y4_med_hrv,Yoga,Meditation
1998.766,90.3614,Y4_med_hrv,Yoga,Meditation
1999.422,91.4634,Y4_med_hrv,Yoga,Meditation
2000.07,92.5926,Y4_med_hrv,Yoga,Meditation
2000.695,96.0,Y4_med_hrv,Yoga,Meditation
2001.297,99.6678,Y4_med_hrv,Yoga,Meditation
2001.891,101.01,Y4_med_hrv,Yoga,Meditation
2002.469,103.806,Y4_med_hrv,Yoga,Meditation
2003.047,103.806,Y4_med_hrv,Yoga,Meditation
2003.609,106.762,Y4_med_hrv,Yoga,Meditation
2004.164,108.108,Y4_med_hrv,Yoga,Meditation
2004.719,108.108,Y4_med_hrv,Yoga,Meditation
2005.281,106.762,Y4_med_hrv,Yoga,Meditation
2005.852,105.263,Y4_med_hrv,Yoga,Meditation
2006.43,103.806,Y4_med_hrv,Yoga,Meditation
2007.031,99.6678,Y4_med_hrv,Yoga,Meditation
2007.922,67.3401,Y4_med_hrv,Yoga,Meditation
2008.805,67.9502,Y4_med_hrv,Yoga,Meditation
2009.625,73.1707,Y4_med_hrv,Yoga,Meditation
2010.43,74.5342,Y4_med_hrv,Yoga,Meditation
2011.172,80.8625,Y4_med_hrv,Yoga,Meditation
2011.852,88.2353,Y4_med_hrv,Yoga,Meditation
2012.492,93.6037,Y4_med_hrv,Yoga,Meditation
2013.086,101.01,Y4_med_hrv,Yoga,Meditation
2013.672,102.389,Y4_med_hrv,Yoga,Meditation
2014.258,102.389,Y4_med_hrv,Yoga,Meditation
2014.836,103.806,Y4_med_hrv,Yoga,Meditation
2015.414,103.806,Y4_med_hrv,Yoga,Meditation
2016.008,101.01,Y4_med_hrv,Yoga,Meditation
2016.625,97.2447,Y4_med_hrv,Yoga,Meditation
2017.281,91.4634,Y4_med_hrv,Yoga,Meditation
2018.25,61.9195,Y4_med_hrv,Yoga,Meditation
2019.25,60.0,Y4_med_hrv,Yoga,Meditation
2020.219,61.9195,Y4_med_hrv,Yoga,Meditation
2021.141,65.0759,Y4_med_hrv,Yoga,Meditation
2022.023,67.9502,Y4_med_hrv,Yoga,Meditation
2022.766,80.8625,Y4_med_hrv,Yoga,Meditation
2023.445,88.2353,Y4_med_hrv,Yoga,Meditation
2024.148,85.3485,Y4_med_hrv,Yoga,Meditation
2024.688,111.317,Y4_med_hrv,Yoga,Meditation
2025.289,99.6678,Y4_med_hrv,Yoga,Meditation
2025.898,98.5222,Y4_med_hrv,Yoga,Meditation
2026.523,96.0,Y4_med_hrv,Yoga,Meditation
2027.156,94.7867,Y4_med_hrv,Yoga,Meditation
2027.852,86.3309,Y4_med_hrv,Yoga,Meditation
2028.773,65.0759,Y4_med_hrv,Yoga,Meditation
2029.648,68.5714,Y4_med_hrv,Yoga,Meditation
2030.477,72.4638,Y4_med_hrv,Yoga,Meditation
2031.289,73.8916,Y4_med_hrv,Yoga,Meditation
2032.023,81.7439,Y4_med_hrv,Yoga,Meditation
2032.695,89.2857,Y4_med_hrv,Yoga,Meditation
2033.328,94.7867,Y4_med_hrv,Yoga,Meditation
2033.938,98.5222,Y4_med_hrv,Yoga,Meditation
2034.539,99.6678,Y4_med_hrv,Yoga,Meditation
2035.125,102.389,Y4_med_hrv,Yoga,Meditation
2035.711,102.389,Y4_med_hrv,Yoga,Meditation
2036.297,102.389,Y4_med_hrv,Yoga,Meditation
2036.906,98.5222,Y4_med_hrv,Yoga,Meditation
2037.516,98.5222,Y4_med_hrv,Yoga,Meditation
2038.164,92.5926,Y4_med_hrv,Yoga,Meditation
2039.227,56.4972,Y4_med_hrv,Yoga,Meditation
2040.172,63.4921,Y4_med_hrv,Yoga,Meditation
2041.078,66.2252,Y4_med_hrv,Yoga,Meditation
2041.883,74.5342,Y4_med_hrv,Yoga,Meditation
2042.578,86.3309,Y4_med_hrv,Yoga,Meditation
2043.211,94.7867,Y4_med_hrv,Yoga,Meditation
2043.812,99.6678,Y4_med_hrv,Yoga,Meditation
2044.406,101.01,Y4_med_hrv,Yoga,Meditation
2045.0,101.01,Y4_med_hrv,Yoga,Meditation
2045.609,98.5222,Y4_med_hrv,Yoga,Meditation
2046.281,89.2857,Y4_med_hrv,Yoga,Meditation
2047.164,67.9502,Y4_med_hrv,Yoga,Meditation
2048.039,68.5714,Y4_med_hrv,Yoga,Meditation
2048.938,66.8151,Y4_med_hrv,Yoga,Meditation
2049.844,66.2252,Y4_med_hrv,Yoga,Meditation
2050.695,70.4225,Y4_med_hrv,Yoga,Meditation
2051.453,79.1557,Y4_med_hrv,Yoga,Meditation
2052.164,84.3882,Y4_med_hrv,Yoga,Meditation
2052.828,90.3614,Y4_med_hrv,Yoga,Meditation
2053.5,89.2857,Y4_med_hrv,Yoga,Meditation
2054.148,92.5926,Y4_med_hrv,Yoga,Meditation
2054.758,98.5222,Y4_med_hrv,Yoga,Meditation
2055.398,93.6037,Y4_med_hrv,Yoga,Meditation
2056.016,97.2447,Y4_med_hrv,Yoga,Meditation
2056.898,67.9502,Y4_med_hrv,Yoga,Meditation
2057.844,63.4921,Y4_med_hrv,Yoga,Meditation
2058.727,67.9502,Y4_med_hrv,Yoga,Meditation
2059.656,64.5161,Y4_med_hrv,Yoga,Meditation
2060.594,63.9659,Y4_med_hrv,Yoga,Meditation
2061.477,67.9502,Y4_med_hrv,Yoga,Meditation
2062.219,80.8625,Y4_med_hrv,Yoga,Meditation
2063.086,69.2042,Y4_med_hrv,Yoga,Meditation
2063.898,73.8916,Y4_med_hrv,Yoga,Meditation
2064.586,87.2093,Y4_med_hrv,Yoga,Meditation
2065.258,89.2857,Y4_med_hrv,Yoga,Meditation
2065.914,91.4634,Y4_med_hrv,Yoga,Meditation
2066.594,88.2353,Y4_med_hrv,Yoga,Meditation
2067.336,80.8625,Y4_med_hrv,Yoga,Meditation
2068.273,63.9659,Y4_med_hrv,Yoga,Meditation
2069.188,65.6455,Y4_med_hrv,Yoga,Meditation
2070.062,68.5714,Y4_med_hrv,Yoga,Meditation
2070.773,84.3882,Y4_med_hrv,Yoga,Meditation
2071.492,83.4492,Y4_med_hrv,Yoga,Meditation
2072.203,84.3882,Y4_med_hrv,Yoga,Meditation
2072.773,105.263,Y4_med_hrv,Yoga,Meditation
2073.344,105.263,Y4_med_hrv,Yoga,Meditation
2073.945,99.6678,Y4_med_hrv,Yoga,Meditation
2074.508,106.762,Y4_med_hrv,Yoga,Meditation
2075.094,102.389,Y4_med_hrv,Yoga,Meditation
2075.648,108.108,Y4_med_hrv,Yoga,Meditation
2076.25,99.6678,Y4_med_hrv,Yoga,Meditation
2076.812,106.762,Y4_med_hrv,Yoga,Meditation
2077.453,93.6037,Y4_med_hrv,Yoga,Meditation
2078.109,91.4634,Y4_med_hrv,Yoga,Meditation
2078.789,88.2353,Y4_med_hrv,Yoga,Meditation
2079.453,90.3614,Y4_med_hrv,Yoga,Meditation
2080.117,90.3614,Y4_med_hrv,Yoga,Meditation
2080.742,96.0,Y4_med_hrv,Yoga,Meditation
2081.398,91.4634,Y4_med_hrv,Yoga,Meditation
2081.969,105.263,Y4_med_hrv,Yoga,Meditation
2082.562,101.01,Y4_med_hrv,Yoga,Meditation
2083.156,101.01,Y4_med_hrv,Yoga,Meditation
2083.734,103.806,Y4_med_hrv,Yoga,Meditation
2084.305,105.263,Y4_med_hrv,Yoga,Meditation
2084.883,103.806,Y4_med_hrv,Yoga,Meditation
2085.461,103.806,Y4_med_hrv,Yoga,Meditation
2086.031,105.263,Y4_med_hrv,Yoga,Meditation
2086.609,103.806,Y4_med_hrv,Yoga,Meditation
2087.203,101.01,Y4_med_hrv,Yoga,Meditation
2087.797,101.01,Y4_med_hrv,Yoga,Meditation
2088.438,93.6037,Y4_med_hrv,Yoga,Meditation
2089.328,67.3401,Y4_med_hrv,Yoga,Meditation
2090.195,69.2042,Y4_med_hrv,Yoga,Meditation
2090.992,75.2823,Y4_med_hrv,Yoga,Meditation
2091.742,80.0,Y4_med_hrv,Yoga,Meditation
2092.445,85.3485,Y4_med_hrv,Yoga,Meditation
2093.086,93.6037,Y4_med_hrv,Yoga,Meditation
2093.719,94.7867,Y4_med_hrv,Yoga,Meditation
2094.305,102.389,Y4_med_hrv,Yoga,Meditation
2094.883,103.806,Y4_med_hrv,Yoga,Meditation
2095.5,97.2447,Y4_med_hrv,Yoga,Meditation
2096.031,112.994,Y4_med_hrv,Yoga,Meditation
2096.594,106.762,Y4_med_hrv,Yoga,Meditation
2097.164,105.263,Y4_med_hrv,Yoga,Meditation
2097.734,105.263,Y4_med_hrv,Yoga,Meditation
2098.305,105.263,Y4_med_hrv,Yoga,Meditation
2098.891,102.389,Y4_med_hrv,Yoga,Meditation
2099.484,101.01,Y4_med_hrv,Yoga,Meditation
2100.078,101.01,Y4_med_hrv,Yoga,Meditation
2100.945,69.2042,Y4_med_hrv,Yoga,Meditation
2101.805,69.8487,Y4_med_hrv,Yoga,Meditation
2102.656,70.4225,Y4_med_hrv,Yoga,Meditation
2103.422,78.329,Y4_med_hrv,Yoga,Meditation
2104.133,84.3882,Y4_med_hrv,Yoga,Meditation
2104.805,89.2857,Y4_med_hrv,Yoga,Meditation
2105.414,98.5222,Y4_med_hrv,Yoga,Meditation
2105.992,103.806,Y4_med_hrv,Yoga,Meditation
2106.555,106.762,Y4_med_hrv,Yoga,Meditation
2107.102,109.689,Y4_med_hrv,Yoga,Meditation
2107.539,136.986,Y4_med_hrv,Yoga,Meditation
2108.195,91.4634,Y4_med_hrv,Yoga,Meditation
2108.734,111.317,Y4_med_hrv,Yoga,Meditation
2109.281,109.689,Y4_med_hrv,Yoga,Meditation
2109.82,111.317,Y4_med_hrv,Yoga,Meditation
2110.367,109.689,Y4_med_hrv,Yoga,Meditation
2110.938,105.263,Y4_med_hrv,Yoga,Meditation
2111.523,102.389,Y4_med_hrv,Yoga,Meditation
2112.148,96.0,Y4_med_hrv,Yoga,Meditation
2112.773,96.0,Y4_med_hrv,Yoga,Meditation
2113.383,98.5222,Y4_med_hrv,Yoga,Meditation
2113.961,103.806,Y4_med_hrv,Yoga,Meditation
2114.531,105.263,Y4_med_hrv,Yoga,Meditation
2115.109,103.806,Y4_med_hrv,Yoga,Meditation
2115.68,105.263,Y4_med_hrv,Yoga,Meditation
2116.234,108.108,Y4_med_hrv,Yoga,Meditation
2116.789,108.108,Y4_med_hrv,Yoga,Meditation
2117.344,108.108,Y4_med_hrv,Yoga,Meditation
2117.898,108.108,Y4_med_hrv,Yoga,Meditation
2118.461,106.762,Y4_med_hrv,Yoga,Meditation
2119.023,106.762,Y4_med_hrv,Yoga,Meditation
2119.602,103.806,Y4_med_hrv,Yoga,Meditation
2120.195,101.01,Y4_med_hrv,Yoga,Meditation
2121.016,73.1707,Y4_med_hrv,Yoga,Meditation
2121.867,70.4225,Y4_med_hrv,Yoga,Meditation
2122.641,77.6197,Y4_med_hrv,Yoga,Meditation
2123.391,80.0,Y4_med_hrv,Yoga,Meditation
2124.078,87.2093,Y4_med_hrv,Yoga,Meditation
2124.734,91.4634,Y4_med_hrv,Yoga,Meditation
2125.328,101.01,Y4_med_hrv,Yoga,Meditation
2125.93,99.6678,Y4_med_hrv,Yoga,Meditation
2126.461,112.994,Y4_med_hrv,Yoga,Meditation
2127.039,103.806,Y4_med_hrv,Yoga,Meditation
2127.547,118.11,Y4_med_hrv,Yoga,Meditation
2128.078,112.994,Y4_med_hrv,Yoga,Meditation
2128.617,111.317,Y4_med_hrv,Yoga,Meditation
2129.164,109.689,Y4_med_hrv,Yoga,Meditation
2129.688,114.723,Y4_med_hrv,Yoga,Meditation
2130.219,112.994,Y4_med_hrv,Yoga,Meditation
2130.773,108.108,Y4_med_hrv,Yoga,Meditation
2131.289,116.279,Y4_med_hrv,Yoga,Meditation
2131.914,96.0,Y4_med_hrv,Yoga,Meditation
2132.695,76.8246,Y4_med_hrv,Yoga,Meditation
2133.469,77.6197,Y4_med_hrv,Yoga,Meditation
2134.219,80.0,Y4_med_hrv,Yoga,Meditation
2134.906,87.2093,Y4_med_hrv,Yoga,Meditation
2135.555,92.5926,Y4_med_hrv,Yoga,Meditation
2136.156,99.6678,Y4_med_hrv,Yoga,Meditation
2136.742,102.389,Y4_med_hrv,Yoga,Meditation
2137.32,103.806,Y4_med_hrv,Yoga,Meditation
2137.859,111.317,Y4_med_hrv,Yoga,Meditation
2138.414,108.108,Y4_med_hrv,Yoga,Meditation
2138.953,111.317,Y4_med_hrv,Yoga,Meditation
2139.5,109.689,Y4_med_hrv,Yoga,Meditation
2140.031,112.994,Y4_med_hrv,Yoga,Meditation
2140.547,116.279,Y4_med_hrv,Yoga,Meditation
2141.086,111.317,Y4_med_hrv,Yoga,Meditation
2141.625,111.317,Y4_med_hrv,Yoga,Meditation
2142.18,108.108,Y4_med_hrv,Yoga,Meditation
2142.734,108.108,Y4_med_hrv,Yoga,Meditation
2143.375,93.6037,Y4_med_hrv,Yoga,Meditation
2144.328,62.9591,Y4_med_hrv,Yoga,Meditation
2145.18,70.4225,Y4_med_hrv,Yoga,Meditation
2145.984,74.5342,Y4_med_hrv,Yoga,Meditation
2146.719,81.7439,Y4_med_hrv,Yoga,Meditation
2147.406,87.2093,Y4_med_hrv,Yoga,Meditation
2148.047,93.6037,Y4_med_hrv,Yoga,Meditation
2148.641,101.01,Y4_med_hrv,Yoga,Meditation
2149.211,105.263,Y4_med_hrv,Yoga,Meditation
2149.766,108.108,Y4_med_hrv,Yoga,Meditation
2150.312,109.689,Y4_med_hrv,Yoga,Meditation
2150.859,109.689,Y4_med_hrv,Yoga,Meditation
2151.391,112.994,Y4_med_hrv,Yoga,Meditation
2151.93,111.317,Y4_med_hrv,Yoga,Meditation
2152.469,111.317,Y4_med_hrv,Yoga,Meditation
2153.016,109.689,Y4_med_hrv,Yoga,Meditation
2153.578,106.762,Y4_med_hrv,Yoga,Meditation
2154.148,105.263,Y4_med_hrv,Yoga,Meditation
2154.75,99.6678,Y4_med_hrv,Yoga,Meditation
2155.688,63.9659,Y4_med_hrv,Yoga,Meditation
2156.602,65.6455,Y4_med_hrv,Yoga,Meditation
2157.461,69.8487,Y4_med_hrv,Yoga,Meditation
2158.289,72.4638,Y4_med_hrv,Yoga,Meditation
2159.062,77.6197,Y4_med_hrv,Yoga,Meditation
2159.797,81.7439,Y4_med_hrv,Yoga,Meditation
2160.484,87.2093,Y4_med_hrv,Yoga,Meditation
2161.125,93.6037,Y4_med_hrv,Yoga,Meditation
2161.719,101.01,Y4_med_hrv,Yoga,Meditation
2162.297,103.806,Y4_med_hrv,Yoga,Meditation
2162.898,99.6678,Y4_med_hrv,Yoga,Meditation
2163.43,112.994,Y4_med_hrv,Yoga,Meditation
2163.984,108.108,Y4_med_hrv,Yoga,Meditation
2164.547,106.762,Y4_med_hrv,Yoga,Meditation
2165.125,103.806,Y4_med_hrv,Yoga,Meditation
2165.688,106.762,Y4_med_hrv,Yoga,Meditation
2166.289,99.6678,Y4_med_hrv,Yoga,Meditation
2166.898,98.5222,Y4_med_hrv,Yoga,Meditation
2167.523,96.0,Y4_med_hrv,Yoga,Meditation
2168.578,56.872,Y4_med_hrv,Yoga,Meditation
2169.555,61.4125,Y4_med_hrv,Yoga,Meditation
2170.445,67.3401,Y4_med_hrv,Yoga,Meditation
2171.273,72.4638,Y4_med_hrv,Yoga,Meditation
2172.055,76.8246,Y4_med_hrv,Yoga,Meditation
2172.711,91.4634,Y4_med_hrv,Yoga,Meditation
2173.344,94.7867,Y4_med_hrv,Yoga,Meditation
2173.984,93.6037,Y4_med_hrv,Yoga,Meditation
2174.539,108.108,Y4_med_hrv,Yoga,Meditation
2175.078,111.317,Y4_med_hrv,Yoga,Meditation
2175.625,109.689,Y4_med_hrv,Yoga,Meditation
2176.219,101.01,Y4_med_hrv,Yoga,Meditation
2176.773,108.108,Y4_med_hrv,Yoga,Meditation
2177.305,112.994,Y4_med_hrv,Yoga,Meditation
2177.867,106.762,Y4_med_hrv,Yoga,Meditation
2178.43,106.762,Y4_med_hrv,Yoga,Meditation
2179.016,102.389,Y4_med_hrv,Yoga,Meditation
2179.586,105.263,Y4_med_hrv,Yoga,Meditation
2180.242,91.4634,Y4_med_hrv,Yoga,Meditation
2181.047,74.5342,Y4_med_hrv,Yoga,Meditation
2181.812,78.329,Y4_med_hrv,Yoga,Meditation
2182.258,134.831,Y4_med_hrv,Yoga,Meditation
2183.273,59.0551,Y4_med_hrv,Yoga,Meditation
2183.977,85.3485,Y4_med_hrv,Yoga,Meditation
2184.641,90.3614,Y4_med_hrv,Yoga,Meditation
2185.266,96.0,Y4_med_hrv,Yoga,Meditation
2185.867,99.6678,Y4_med_hrv,Yoga,Meditation
2186.438,105.263,Y4_med_hrv,Yoga,Meditation
2186.992,108.108,Y4_med_hrv,Yoga,Meditation
2187.539,109.689,Y4_med_hrv,Yoga,Meditation
2187.977,136.986,Y4_med_hrv,Yoga,Meditation
2188.656,88.2353,Y4_med_hrv,Yoga,Meditation
2189.211,108.108,Y4_med_hrv,Yoga,Meditation
2189.766,108.108,Y4_med_hrv,Yoga,Meditation
2190.328,106.762,Y4_med_hrv,Yoga,Meditation
2190.906,103.806,Y4_med_hrv,Yoga,Meditation
2191.711,74.5342,Y4_med_hrv,Yoga,Meditation
2192.516,74.5342,Y4_med_hrv,Yoga,Meditation
2193.25,81.7439,Y4_med_hrv,Yoga,Meditation
2193.945,86.3309,Y4_med_hrv,Yoga,Meditation
2194.609,90.3614,Y4_med_hrv,Yoga,Meditation
2195.234,96.0,Y4_med_hrv,Yoga,Meditation
2195.828,101.01,Y4_med_hrv,Yoga,Meditation
2196.398,105.263,Y4_med_hrv,Yoga,Meditation
2196.844,134.831,Y4_med_hrv,Yoga,Meditation
2197.383,111.317,Y4_med_hrv,Yoga,Meditation
2198.188,74.5342,Y4_med_hrv,Yoga,Meditation
2198.766,103.806,Y4_med_hrv,Yoga,Meditation
2199.336,105.263,Y4_med_hrv,Yoga,Meditation
2199.922,102.389,Y4_med_hrv,Yoga,Meditation
2200.531,98.5222,Y4_med_hrv,Yoga,Meditation
2201.18,92.5926,Y4_med_hrv,Yoga,Meditation
2201.844,90.3614,Y4_med_hrv,Yoga,Meditation
2202.5,91.4634,Y4_med_hrv,Yoga,Meditation
2203.125,96.0,Y4_med_hrv,Yoga,Meditation
2203.719,101.01,Y4_med_hrv,Yoga,Meditation
2204.32,99.6678,Y4_med_hrv,Yoga,Meditation
2204.898,103.806,Y4_med_hrv,Yoga,Meditation
2205.461,106.762,Y4_med_hrv,Yoga,Meditation
2206.031,105.263,Y4_med_hrv,Yoga,Meditation
2206.609,103.806,Y4_med_hrv,Yoga,Meditation
2207.188,103.806,Y4_med_hrv,Yoga,Meditation
2207.789,99.6678,Y4_med_hrv,Yoga,Meditation
2208.406,97.2447,Y4_med_hrv,Yoga,Meditation
2209.094,87.2093,Y4_med_hrv,Yoga,Meditation
2209.977,67.9502,Y4_med_hrv,Yoga,Meditation
2210.867,67.3401,Y4_med_hrv,Yoga,Meditation
2211.688,73.1707,Y4_med_hrv,Yoga,Meditation
2212.406,83.4492,Y4_med_hrv,Yoga,Meditation
2213.078,89.2857,Y4_med_hrv,Yoga,Meditation
2213.68,99.6678,Y4_med_hrv,Yoga,Meditation
2214.273,101.01,Y4_med_hrv,Yoga,Meditation
2214.844,105.263,Y4_med_hrv,Yoga,Meditation
2215.391,109.689,Y4_med_hrv,Yoga,Meditation
2215.953,106.762,Y4_med_hrv,Yoga,Meditation
2216.516,106.762,Y4_med_hrv,Yoga,Meditation
2217.086,105.263,Y4_med_hrv,Yoga,Meditation
2217.984,66.8151,Y4_med_hrv,Yoga,Meditation
2218.898,65.6455,Y4_med_hrv,Yoga,Meditation
2219.734,71.7703,Y4_med_hrv,Yoga,Meditation
2220.531,75.2823,Y4_med_hrv,Yoga,Meditation
2221.258,82.5309,Y4_med_hrv,Yoga,Meditation
2221.922,90.3614,Y4_med_hrv,Yoga,Meditation
2222.547,96.0,Y4_med_hrv,Yoga,Meditation
2223.141,101.01,Y4_med_hrv,Yoga,Meditation
2223.727,102.389,Y4_med_hrv,Yoga,Meditation
2224.297,105.263,Y4_med_hrv,Yoga,Meditation
2224.875,103.806,Y4_med_hrv,Yoga,Meditation
2225.453,103.806,Y4_med_hrv,Yoga,Meditation
2226.055,99.6678,Y4_med_hrv,Yoga,Meditation
2226.688,94.7867,Y4_med_hrv,Yoga,Meditation
2227.328,93.6037,Y4_med_hrv,Yoga,Meditation
2228.016,87.2093,Y4_med_hrv,Yoga,Meditation
2228.734,83.4492,Y4_med_hrv,Yoga,Meditation
2229.602,69.2042,Y4_med_hrv,Yoga,Meditation
2230.5,66.8151,Y4_med_hrv,Yoga,Meditation
2231.328,72.4638,Y4_med_hrv,Yoga,Meditation
2232.117,76.0456,Y4_med_hrv,Yoga,Meditation
2232.867,80.0,Y4_med_hrv,Yoga,Meditation
2233.594,82.5309,Y4_med_hrv,Yoga,Meditation
2234.258,90.3614,Y4_med_hrv,Yoga,Meditation
2234.883,96.0,Y4_med_hrv,Yoga,Meditation
2235.477,101.01,Y4_med_hrv,Yoga,Meditation
2236.055,103.806,Y4_med_hrv,Yoga,Meditation
2236.625,105.263,Y4_med_hrv,Yoga,Meditation
2237.211,102.389,Y4_med_hrv,Yoga,Meditation
2237.812,99.6678,Y4_med_hrv,Yoga,Meditation
2238.359,109.689,Y4_med_hrv,Yoga,Meditation
2238.93,105.263,Y4_med_hrv,Yoga,Meditation
2239.523,101.01,Y4_med_hrv,Yoga,Meditation
2240.141,97.2447,Y4_med_hrv,Yoga,Meditation
2240.797,91.4634,Y4_med_hrv,Yoga,Meditation
2241.633,71.7703,Y4_med_hrv,Yoga,Meditation
2242.445,73.8916,Y4_med_hrv,Yoga,Meditation
2243.422,61.4125,Y4_med_hrv,Yoga,Meditation
2244.445,58.651,Y4_med_hrv,Yoga,Meditation
2245.406,62.435,Y4_med_hrv,Yoga,Meditation
2246.289,67.9502,Y4_med_hrv,Yoga,Meditation
2247.102,73.8916,Y4_med_hrv,Yoga,Meditation
2247.852,80.0,Y4_med_hrv,Yoga,Meditation
2248.531,88.2353,Y4_med_hrv,Yoga,Meditation
2249.172,93.6037,Y4_med_hrv,Yoga,Meditation
2249.781,98.5222,Y4_med_hrv,Yoga,Meditation
2250.375,101.01,Y4_med_hrv,Yoga,Meditation
2250.969,101.01,Y4_med_hrv,Yoga,Meditation
2251.578,98.5222,Y4_med_hrv,Yoga,Meditation
2252.188,98.5222,Y4_med_hrv,Yoga,Meditation
2252.797,98.5222,Y4_med_hrv,Yoga,Meditation
2253.43,94.7867,Y4_med_hrv,Yoga,Meditation
2254.062,94.7867,Y4_med_hrv,Yoga,Meditation
2254.75,87.2093,Y4_med_hrv,Yoga,Meditation
2255.711,62.435,Y4_med_hrv,Yoga,Meditation
2256.68,61.9195,Y4_med_hrv,Yoga,Meditation
2257.695,59.0551,Y4_med_hrv,Yoga,Meditation
2258.703,59.5238,Y4_med_hrv,Yoga,Meditation
2259.648,63.4921,Y4_med_hrv,Yoga,Meditation
2260.523,68.5714,Y4_med_hrv,Yoga,Meditation
2261.336,73.8916,Y4_med_hrv,Yoga,Meditation
2262.062,82.5309,Y4_med_hrv,Yoga,Meditation
2262.734,89.2857,Y4_med_hrv,Yoga,Meditation
2263.391,91.4634,Y4_med_hrv,Yoga,Meditation
2264.016,96.0,Y4_med_hrv,Yoga,Meditation
2264.633,97.2447,Y4_med_hrv,Yoga,Meditation
2265.234,99.6678,Y4_med_hrv,Yoga,Meditation
2266.625,62.9591,Y4_med_hrv,Yoga,Meditation
2267.281,91.4634,Y4_med_hrv,Yoga,Meditation
2267.906,96.0,Y4_med_hrv,Yoga,Meditation
2268.508,99.6678,Y4_med_hrv,Yoga,Meditation
2269.125,97.2447,Y4_med_hrv,Yoga,Meditation
2269.75,96.0,Y4_med_hrv,Yoga,Meditation
2270.719,61.9195,Y4_med_hrv,Yoga,Meditation
2271.57,70.4225,Y4_med_hrv,Yoga,Meditation
2272.422,70.4225,Y4_med_hrv,Yoga,Meditation
2273.227,74.5342,Y4_med_hrv,Yoga,Meditation
2273.992,78.329,Y4_med_hrv,Yoga,Meditation
2274.703,84.3882,Y4_med_hrv,Yoga,Meditation
2275.375,89.2857,Y4_med_hrv,Yoga,Meditation
2275.992,97.2447,Y4_med_hrv,Yoga,Meditation
2276.586,101.01,Y4_med_hrv,Yoga,Meditation
2277.172,102.389,Y4_med_hrv,Yoga,Meditation
2277.734,106.762,Y4_med_hrv,Yoga,Meditation
2278.297,106.762,Y4_med_hrv,Yoga,Meditation
2279.508,79.1557,Y4_med_hrv,Yoga,Meditation
2280.109,99.6678,Y4_med_hrv,Yoga,Meditation
2280.719,98.5222,Y4_med_hrv,Yoga,Meditation
2281.344,96.0,Y4_med_hrv,Yoga,Meditation
2282.266,65.0759,Y4_med_hrv,Yoga,Meditation
2283.156,67.3401,Y4_med_hrv,Yoga,Meditation
2284.047,67.3401,Y4_med_hrv,Yoga,Meditation
2284.883,71.7703,Y4_med_hrv,Yoga,Meditation
2285.68,75.2823,Y4_med_hrv,Yoga,Meditation
2286.422,80.8625,Y4_med_hrv,Yoga,Meditation
2287.125,85.3485,Y4_med_hrv,Yoga,Meditation
2287.789,90.3614,Y4_med_hrv,Yoga,Meditation
2288.422,94.7867,Y4_med_hrv,Yoga,Meditation
2289.016,101.01,Y4_med_hrv,Yoga,Meditation
2289.602,102.389,Y4_med_hrv,Yoga,Meditation
2290.188,102.389,Y4_med_hrv,Yoga,Meditation
2290.758,105.263,Y4_med_hrv,Yoga,Meditation
2291.352,101.01,Y4_med_hrv,Yoga,Meditation
2291.953,99.6678,Y4_med_hrv,Yoga,Meditation
2292.594,93.6037,Y4_med_hrv,Yoga,Meditation
2293.164,105.263,Y4_med_hrv,Yoga,Meditation
2294.32,51.9031,Y4_med_hrv,Yoga,Meditation
2295.344,58.651,Y4_med_hrv,Yoga,Meditation
2296.398,56.872,Y4_med_hrv,Yoga,Meditation
2297.352,62.9591,Y4_med_hrv,Yoga,Meditation
2298.227,68.5714,Y4_med_hrv,Yoga,Meditation
2299.008,76.8246,Y4_med_hrv,Yoga,Meditation
2299.711,85.3485,Y4_med_hrv,Yoga,Meditation
2300.367,91.4634,Y4_med_hrv,Yoga,Meditation
2300.984,97.2447,Y4_med_hrv,Yoga,Meditation
2301.594,98.5222,Y4_med_hrv,Yoga,Meditation
2302.18,102.389,Y4_med_hrv,Yoga,Meditation
2302.805,96.0,Y4_med_hrv,Yoga,Meditation
2303.461,91.4634,Y4_med_hrv,Yoga,Meditation
2304.062,99.6678,Y4_med_hrv,Yoga,Meditation
2304.664,99.6678,Y4_med_hrv,Yoga,Meditation
2305.273,98.5222,Y4_med_hrv,Yoga,Meditation
2305.914,93.6037,Y4_med_hrv,Yoga,Meditation
2306.594,88.2353,Y4_med_hrv,Yoga,Meditation
2307.523,64.5161,Y4_med_hrv,Yoga,Meditation
2308.477,62.9591,Y4_med_hrv,Yoga,Meditation
2309.445,61.9195,Y4_med_hrv,Yoga,Meditation
2310.391,63.4921,Y4_med_hrv,Yoga,Meditation
2311.281,67.3401,Y4_med_hrv,Yoga,Meditation
2312.094,73.8916,Y4_med_hrv,Yoga,Meditation
2312.812,83.4492,Y4_med_hrv,Yoga,Meditation
2313.477,90.3614,Y4_med_hrv,Yoga,Meditation
2314.117,93.6037,Y4_med_hrv,Yoga,Meditation
2314.727,98.5222,Y4_med_hrv,Yoga,Meditation
2315.336,98.5222,Y4_med_hrv,Yoga,Meditation
2315.93,101.01,Y4_med_hrv,Yoga,Meditation
2316.523,101.01,Y4_med_hrv,Yoga,Meditation
2317.117,101.01,Y4_med_hrv,Yoga,Meditation
2317.711,101.01,Y4_med_hrv,Yoga,Meditation
2318.336,96.0,Y4_med_hrv,Yoga,Meditation
2319.0,90.3614,Y4_med_hrv,Yoga,Meditation
2320.0,60.0,Y4_med_hrv,Yoga,Meditation
2321.008,59.5238,Y4_med_hrv,Yoga,Meditation
2322.062,56.872,Y4_med_hrv,Yoga,Meditation
2323.078,59.0551,Y4_med_hrv,Yoga,Meditation
2323.984,66.2252,Y4_med_hrv,Yoga,Meditation
2324.82,71.7703,Y4_med_hrv,Yoga,Meditation
2325.586,78.329,Y4_med_hrv,Yoga,Meditation
2326.297,84.3882,Y4_med_hrv,Yoga,Meditation
2326.961,90.3614,Y4_med_hrv,Yoga,Meditation
2327.602,93.6037,Y4_med_hrv,Yoga,Meditation
2328.219,97.2447,Y4_med_hrv,Yoga,Meditation
2328.812,101.01,Y4_med_hrv,Yoga,Meditation
2329.406,101.01,Y4_med_hrv,Yoga,Meditation
2330.0,101.01,Y4_med_hrv,Yoga,Meditation
2331.312,70.4225,Y4_med_hrv,Yoga,Meditation
2331.938,96.0,Y4_med_hrv,Yoga,Meditation
2332.562,96.0,Y4_med_hrv,Yoga,Meditation
2333.211,92.5926,Y4_med_hrv,Yoga,Meditation
2333.883,89.2857,Y4_med_hrv,Yoga,Meditation
2334.875,60.4839,Y4_med_hrv,Yoga,Meditation
2335.859,60.9756,Y4_med_hrv,Yoga,Meditation
2336.766,66.2252,Y4_med_hrv,Yoga,Meditation
2337.625,69.8487,Y4_med_hrv,Yoga,Meditation
2338.438,73.8916,Y4_med_hrv,Yoga,Meditation
2339.188,80.0,Y4_med_hrv,Yoga,Meditation
2339.875,87.2093,Y4_med_hrv,Yoga,Meditation
2340.547,89.2857,Y4_med_hrv,Yoga,Meditation
2341.18,94.7867,Y4_med_hrv,Yoga,Meditation
2341.789,98.5222,Y4_med_hrv,Yoga,Meditation
2342.391,99.6678,Y4_med_hrv,Yoga,Meditation
2342.977,102.389,Y4_med_hrv,Yoga,Meditation
2343.562,102.389,Y4_med_hrv,Yoga,Meditation
2344.188,96.0,Y4_med_hrv,Yoga,Meditation
2344.82,94.7867,Y4_med_hrv,Yoga,Meditation
2345.523,85.3485,Y4_med_hrv,Yoga,Meditation
2346.484,62.435,Y4_med_hrv,Yoga,Meditation
2347.516,58.1959,Y4_med_hrv,Yoga,Meditation
2348.477,62.435,Y4_med_hrv,Yoga,Meditation
2349.438,62.435,Y4_med_hrv,Yoga,Meditation
2350.336,66.8151,Y4_med_hrv,Yoga,Meditation
2351.18,71.09,Y4_med_hrv,Yoga,Meditation
2351.727,109.689,Y4_med_hrv,Yoga,Meditation
2352.656,64.5161,Y4_med_hrv,Yoga,Meditation
2353.328,89.2857,Y4_med_hrv,Yoga,Meditation
2353.953,96.0,Y4_med_hrv,Yoga,Meditation
2354.547,101.01,Y4_med_hrv,Yoga,Meditation
2355.141,101.01,Y4_med_hrv,Yoga,Meditation
2355.734,101.01,Y4_med_hrv,Yoga,Meditation
2356.367,94.7867,Y4_med_hrv,Yoga,Meditation
2357.289,65.0759,Y4_med_hrv,Yoga,Meditation
2358.094,74.5342,Y4_med_hrv,Yoga,Meditation
2359.609,56.872,Y4_med_hrv,Yoga,Meditation
2360.273,90.3614,Y4_med_hrv,Yoga,Meditation
2360.938,90.3614,Y4_med_hrv,Yoga,Meditation
2361.656,83.4492,Y4_med_hrv,Yoga,Meditation
2362.602,63.4921,Y4_med_hrv,Yoga,Meditation
2363.617,59.0551,Y4_med_hrv,Yoga,Meditation
2364.641,58.651,Y4_med_hrv,Yoga,Meditation
2365.672,58.1959,Y4_med_hrv,Yoga,Meditation
2366.602,64.5161,Y4_med_hrv,Yoga,Meditation
2368.172,54.1028,Y4_med_hrv,Yoga,Meditation
2368.945,77.6197,Y4_med_hrv,Yoga,Meditation
2369.586,93.6037,Y4_med_hrv,Yoga,Meditation
2370.18,101.01,Y4_med_hrv,Yoga,Meditation
2370.836,91.4634,Y4_med_hrv,Yoga,Meditation
2371.43,101.01,Y4_med_hrv,Yoga,Meditation
2372.031,99.6678,Y4_med_hrv,Yoga,Meditation
2372.672,93.6037,Y4_med_hrv,Yoga,Meditation
2373.617,63.4921,Y4_med_hrv,Yoga,Meditation
2374.5,67.9502,Y4_med_hrv,Yoga,Meditation
2375.398,66.8151,Y4_med_hrv,Yoga,Meditation
2376.32,65.0759,Y4_med_hrv,Yoga,Meditation
2377.258,63.9659,Y4_med_hrv,Yoga,Meditation
2378.219,62.435,Y4_med_hrv,Yoga,Meditation
2379.117,66.8151,Y4_med_hrv,Yoga,Meditation
2380.0,67.9502,Y4_med_hrv,Yoga,Meditation
2380.859,69.8487,Y4_med_hrv,Yoga,Meditation
2381.695,71.7703,Y4_med_hrv,Yoga,Meditation
2382.508,73.8916,Y4_med_hrv,Yoga,Meditation
2383.273,78.329,Y4_med_hrv,Yoga,Meditation
2384.008,81.7439,Y4_med_hrv,Yoga,Meditation
2384.695,87.2093,Y4_med_hrv,Yoga,Meditation
2385.352,91.4634,Y4_med_hrv,Yoga,Meditation
2385.992,93.6037,Y4_med_hrv,Yoga,Meditation
2386.609,97.2447,Y4_med_hrv,Yoga,Meditation
2387.234,96.0,Y4_med_hrv,Yoga,Meditation
2387.883,92.5926,Y4_med_hrv,Yoga,Meditation
2388.547,90.3614,Y4_med_hrv,Yoga,Meditation
2389.242,86.3309,Y4_med_hrv,Yoga,Meditation
2390.008,78.329,Y4_med_hrv,Yoga,Meditation
2390.875,69.2042,Y4_med_hrv,Yoga,Meditation
2391.773,66.8151,Y4_med_hrv,Yoga,Meditation
2392.859,55.2486,Y4_med_hrv,Yoga,Meditation
2393.844,60.9756,Y4_med_hrv,Yoga,Meditation
2394.781,63.9659,Y4_med_hrv,Yoga,Meditation
2395.648,69.2042,Y4_med_hrv,Yoga,Meditation
2396.438,76.0456,Y4_med_hrv,Yoga,Meditation
2397.156,83.4492,Y4_med_hrv,Yoga,Meditation
2397.836,88.2353,Y4_med_hrv,Yoga,Meditation
2398.492,91.4634,Y4_med_hrv,Yoga,Meditation
2399.125,94.7867,Y4_med_hrv,Yoga,Meditation
2399.758,94.7867,Y4_med_hrv,Yoga,Meditation
2400.383,96.0,Y4_med_hrv,Yoga,Meditation
2401.031,92.5926,Y4_med_hrv,Yoga,Meditation
2401.688,91.4634,Y4_med_hrv,Yoga,Meditation
2402.367,88.2353,Y4_med_hrv,Yoga,Meditation
2403.086,83.4492,Y4_med_hrv,Yoga,Meditation
2403.812,82.5309,Y4_med_hrv,Yoga,Meditation
2404.547,81.7439,Y4_med_hrv,Yoga,Meditation
2405.492,63.4921,Y4_med_hrv,Yoga,Meditation
2406.359,69.2042,Y4_med_hrv,Yoga,Meditation
2407.188,72.4638,Y4_med_hrv,Yoga,Meditation
2407.992,74.5342,Y4_med_hrv,Yoga,Meditation
2409.5,58.651,Y4_med_hrv,Yoga,Meditation
2410.188,87.2093,Y4_med_hrv,Yoga,Meditation
2410.836,92.5926,Y4_med_hrv,Yoga,Meditation
2411.461,96.0,Y4_med_hrv,Yoga,Meditation
2412.055,101.01,Y4_med_hrv,Yoga,Meditation
2412.641,102.389,Y4_med_hrv,Yoga,Meditation
2413.227,102.389,Y4_med_hrv,Yoga,Meditation
2413.836,98.5222,Y4_med_hrv,Yoga,Meditation
2414.477,93.6037,Y4_med_hrv,Yoga,Meditation
2415.359,67.9502,Y4_med_hrv,Yoga,Meditation
2416.227,69.2042,Y4_med_hrv,Yoga,Meditation
2417.109,67.9502,Y4_med_hrv,Yoga,Meditation
2418.023,65.6455,Y4_med_hrv,Yoga,Meditation
2418.984,62.435,Y4_med_hrv,Yoga,Meditation
2419.883,66.8151,Y4_med_hrv,Yoga,Meditation
2420.711,72.4638,Y4_med_hrv,Yoga,Meditation
2421.484,77.6197,Y4_med_hrv,Yoga,Meditation
2422.203,83.4492,Y4_med_hrv,Yoga,Meditation
2422.883,88.2353,Y4_med_hrv,Yoga,Meditation
2423.539,91.4634,Y4_med_hrv,Yoga,Meditation
2424.188,92.5926,Y4_med_hrv,Yoga,Meditation
2424.844,91.4634,Y4_med_hrv,Yoga,Meditation
2425.492,92.5926,Y4_med_hrv,Yoga,Meditation
2426.133,93.6037,Y4_med_hrv,Yoga,Meditation
2426.734,99.6678,Y4_med_hrv,Yoga,Meditation
2427.344,98.5222,Y4_med_hrv,Yoga,Meditation
2427.938,101.01,Y4_med_hrv,Yoga,Meditation
2428.555,97.2447,Y4_med_hrv,Yoga,Meditation
2429.164,98.5222,Y4_med_hrv,Yoga,Meditation
2429.805,93.6037,Y4_med_hrv,Yoga,Meditation
2430.438,94.7867,Y4_med_hrv,Yoga,Meditation
2431.086,92.5926,Y4_med_hrv,Yoga,Meditation
2432.031,63.4921,Y4_med_hrv,Yoga,Meditation
2432.992,62.435,Y4_med_hrv,Yoga,Meditation
2433.914,65.0759,Y4_med_hrv,Yoga,Meditation
2434.734,73.1707,Y4_med_hrv,Yoga,Meditation
2435.523,76.0456,Y4_med_hrv,Yoga,Meditation
2436.266,80.8625,Y4_med_hrv,Yoga,Meditation
2436.977,84.3882,Y4_med_hrv,Yoga,Meditation
2437.641,90.3614,Y4_med_hrv,Yoga,Meditation
2438.273,94.7867,Y4_med_hrv,Yoga,Meditation
2438.898,96.0,Y4_med_hrv,Yoga,Meditation
2439.5,99.6678,Y4_med_hrv,Yoga,Meditation
2440.109,98.5222,Y4_med_hrv,Yoga,Meditation
2440.711,99.6678,Y4_med_hrv,Yoga,Meditation
2441.32,98.5222,Y4_med_hrv,Yoga,Meditation
2441.945,96.0,Y4_med_hrv,Yoga,Meditation
2442.594,92.5926,Y4_med_hrv,Yoga,Meditation
2443.328,81.7439,Y4_med_hrv,Yoga,Meditation
2444.289,62.435,Y4_med_hrv,Yoga,Meditation
2444.773,123.967,Y4_med_hrv,Yoga,Meditation
2445.984,49.5458,Y4_med_hrv,Yoga,Meditation
2446.867,67.9502,Y4_med_hrv,Yoga,Meditation
2447.758,67.3401,Y4_med_hrv,Yoga,Meditation
2448.594,71.7703,Y4_med_hrv,Yoga,Meditation
2449.414,73.1707,Y4_med_hrv,Yoga,Meditation
2450.219,74.5342,Y4_med_hrv,Yoga,Meditation
2450.992,77.6197,Y4_med_hrv,Yoga,Meditation
2451.719,82.5309,Y4_med_hrv,Yoga,Meditation
2452.414,86.3309,Y4_med_hrv,Yoga,Meditation
2453.086,89.2857,Y4_med_hrv,Yoga,Meditation
2453.75,90.3614,Y4_med_hrv,Yoga,Meditation
2454.398,92.5926,Y4_med_hrv,Yoga,Meditation
2455.039,93.6037,Y4_med_hrv,Yoga,Meditation
2455.688,92.5926,Y4_med_hrv,Yoga,Meditation
2456.359,89.2857,Y4_med_hrv,Yoga,Meditation
2457.25,67.3401,Y4_med_hrv,Yoga,Meditation
2458.18,64.5161,Y4_med_hrv,Yoga,Meditation
2459.141,62.435,Y4_med_hrv,Yoga,Meditation
2460.102,62.435,Y4_med_hrv,Yoga,Meditation
2461.039,63.9659,Y4_med_hrv,Yoga,Meditation
2461.938,66.8151,Y4_med_hrv,Yoga,Meditation
2462.797,69.8487,Y4_med_hrv,Yoga,Meditation
2463.617,73.1707,Y4_med_hrv,Yoga,Meditation
2464.375,79.1557,Y4_med_hrv,Yoga,Meditation
2465.078,85.3485,Y4_med_hrv,Yoga,Meditation
2465.75,89.2857,Y4_med_hrv,Yoga,Meditation
2466.406,91.4634,Y4_med_hrv,Yoga,Meditation
2467.039,94.7867,Y4_med_hrv,Yoga,Meditation
2467.664,96.0,Y4_med_hrv,Yoga,Meditation
2468.289,96.0,Y4_med_hrv,Yoga,Meditation
2468.773,123.967,Y4_med_hrv,Yoga,Meditation
2469.797,58.651,Y4_med_hrv,Yoga,Meditation
2470.508,84.3882,Y4_med_hrv,Yoga,Meditation
2471.227,83.4492,Y4_med_hrv,Yoga,Meditation
2471.906,88.2353,Y4_med_hrv,Yoga,Meditation
2472.789,67.9502,Y4_med_hrv,Yoga,Meditation
2473.664,68.5714,Y4_med_hrv,Yoga,Meditation
2474.5,71.7703,Y4_med_hrv,Yoga,Meditation
2475.312,73.8916,Y4_med_hrv,Yoga,Meditation
2476.094,76.8246,Y4_med_hrv,Yoga,Meditation
2476.82,82.5309,Y4_med_hrv,Yoga,Meditation
2477.523,85.3485,Y4_med_hrv,Yoga,Meditation
2478.203,88.2353,Y4_med_hrv,Yoga,Meditation
2478.859,91.4634,Y4_med_hrv,Yoga,Meditation
2479.5,93.6037,Y4_med_hrv,Yoga,Meditation
2480.117,97.2447,Y4_med_hrv,Yoga,Meditation
2480.727,98.5222,Y4_med_hrv,Yoga,Meditation
2481.336,98.5222,Y4_med_hrv,Yoga,Meditation
2481.945,98.5222,Y4_med_hrv,Yoga,Meditation
2482.57,96.0,Y4_med_hrv,Yoga,Meditation
2483.188,97.2447,Y4_med_hrv,Yoga,Meditation
2483.836,92.5926,Y4_med_hrv,Yoga,Meditation
2484.508,89.2857,Y4_med_hrv,Yoga,Meditation
2485.461,62.9591,Y4_med_hrv,Yoga,Meditation
2486.344,67.9502,Y4_med_hrv,Yoga,Meditation
2487.164,73.1707,Y4_med_hrv,Yoga,Meditation
2487.953,76.0456,Y4_med_hrv,Yoga,Meditation
2488.711,79.1557,Y4_med_hrv,Yoga,Meditation
2490.148,62.435,Y4_med_hrv,Yoga,Meditation
2490.789,93.6037,Y4_med_hrv,Yoga,Meditation
2491.398,98.5222,Y4_med_hrv,Yoga,Meditation
2491.992,101.01,Y4_med_hrv,Yoga,Meditation
2492.57,103.806,Y4_med_hrv,Yoga,Meditation
2493.141,105.263,Y4_med_hrv,Yoga,Meditation
2493.734,101.01,Y4_med_hrv,Yoga,Meditation
2495.203,59.5238,Y4_med_hrv,Yoga,Meditation
2495.867,90.3614,Y4_med_hrv,Yoga,Meditation
2496.539,89.2857,Y4_med_hrv,Yoga,Meditation
2497.25,84.3882,Y4_med_hrv,Yoga,Meditation
2498.031,76.8246,Y4_med_hrv,Yoga,Meditation
2498.953,65.0759,Y4_med_hrv,Yoga,Meditation
2499.945,60.4839,Y4_med_hrv,Yoga,Meditation
2501.648,48.8998,Y4_med_hrv,Yoga,Meditation
2502.492,71.09,Y4_med_hrv,Yoga,Meditation
2503.211,83.4492,Y4_med_hrv,Yoga,Meditation
2503.883,89.2857,Y4_med_hrv,Yoga,Meditation
2504.539,91.4634,Y4_med_hrv,Yoga,Meditation
2505.18,93.6037,Y4_med_hrv,Yoga,Meditation
2505.805,96.0,Y4_med_hrv,Yoga,Meditation
2506.477,89.2857,Y4_med_hrv,Yoga,Meditation
2507.352,68.5714,Y4_med_hrv,Yoga,Meditation
2508.234,67.9502,Y4_med_hrv,Yoga,Meditation
2509.133,66.8151,Y4_med_hrv,Yoga,Meditation
2510.031,66.8151,Y4_med_hrv,Yoga,Meditation
2510.984,62.9591,Y4_med_hrv,Yoga,Meditation
2512.0,59.0551,Y4_med_hrv,Yoga,Meditation
2512.977,61.4125,Y4_med_hrv,Yoga,Meditation
2513.945,61.9195,Y4_med_hrv,Yoga,Meditation
2514.844,66.8151,Y4_med_hrv,Yoga,Meditation
2515.641,75.2823,Y4_med_hrv,Yoga,Meditation
2516.367,82.5309,Y4_med_hrv,Yoga,Meditation
2517.07,85.3485,Y4_med_hrv,Yoga,Meditation
2517.742,89.2857,Y4_med_hrv,Yoga,Meditation
2518.375,94.7867,Y4_med_hrv,Yoga,Meditation
2519.719,69.2042,Y4_med_hrv,Yoga,Meditation
2520.352,94.7867,Y4_med_hrv,Yoga,Meditation
2520.977,96.0,Y4_med_hrv,Yoga,Meditation
2521.594,97.2447,Y4_med_hrv,Yoga,Meditation
2523.266,48.8998,Y4_med_hrv,Yoga,Meditation
2523.797,112.994,Y4_med_hrv,Yoga,Meditation
2524.867,56.0748,Y4_med_hrv,Yoga,Meditation
2525.664,75.2823,Y4_med_hrv,Yoga,Meditation
2526.398,81.7439,Y4_med_hrv,Yoga,Meditation
2527.094,86.3309,Y4_med_hrv,Yoga,Meditation
2527.758,90.3614,Y4_med_hrv,Yoga,Meditation
2528.43,89.2857,Y4_med_hrv,Yoga,Meditation
2529.055,96.0,Y4_med_hrv,Yoga,Meditation
2529.766,84.3882,Y4_med_hrv,Yoga,Meditation
2530.469,85.3485,Y4_med_hrv,Yoga,Meditation
2531.164,86.3309,Y4_med_hrv,Yoga,Meditation
2531.875,84.3882,Y4_med_hrv,Yoga,Meditation
2532.602,82.5309,Y4_med_hrv,Yoga,Meditation
2533.383,76.8246,Y4_med_hrv,Yoga,Meditation
2534.031,92.5926,Y4_med_hrv,Yoga,Meditation
2535.062,58.1959,Y4_med_hrv,Yoga,Meditation
2535.969,66.2252,Y4_med_hrv,Yoga,Meditation
2536.883,65.6455,Y4_med_hrv,Yoga,Meditation
2537.773,67.3401,Y4_med_hrv,Yoga,Meditation
